point_id,year,month,day,hour,水温(℃),pH(无量纲),溶解氧(mg/L),电导率(μS/cm),浊度(NTU),高锰酸盐指数(mg/L),氨氮(mg/L),总磷(mg/L),总氮(mg/L)
13,2021,6,17,12,23.8,8.6,11.74,417.6,5.0,2.01,0.025,0.005,0.9
13,2021,6,17,12,23.8,8.6,11.74,417.6,5.0,2.01,0.025,0.005,0.9
13,2021,6,17,16,24.2,8.6,10.9,417.6,4.1,2.23,0.025,0.005,0.88
13,2021,6,17,16,24.2,8.6,10.9,417.6,4.1,2.38,0.025,0.005,0.88
13,2021,6,17,20,24.0,8.6,10.99,416.6,4.4,2.13,0.025,0.005,0.89
13,2021,6,18,0,23.4,8.56,10.83,417.5,5.7,2.13,0.025,0.005,0.89
13,2021,6,18,4,23.5,8.56,10.44,417.6,3.6,2.14,0.025,0.005,0.89
13,2021,6,18,4,23.5,8.56,10.44,417.6,3.6,2.1,0.025,0.005,0.9
13,2021,6,18,8,23.5,8.56,10.37,417.8,4.0,2.03,0.025,0.005,0.88
13,2021,6,18,12,24.3,8.58,10.79,418.1,4.2,2.05,0.025,0.005,0.86
13,2021,6,18,16,24.2,8.61,11.42,414.6,7.0,2.05,0.025,0.005,0.86
13,2021,6,18,16,24.2,8.61,11.42,414.6,7.0,2.21,0.025,0.005,0.89
13,2021,6,18,20,24.1,8.59,10.89,417.5,4.0,2.04,0.025,0.005,0.88
13,2021,6,19,0,23.6,8.56,10.44,418.1,6.5,2.04,0.025,0.005,0.88
13,2021,6,19,4,23.4,8.55,10.44,417.1,4.2,2.08,0.025,0.005,0.86
13,2021,6,19,4,23.4,8.55,10.44,417.1,4.2,2.01,0.025,0.005,0.85
13,2021,6,19,8,23.7,8.56,10.54,417.6,4.1,2.1,0.025,0.005,0.87
13,2021,6,19,12,24.1,8.58,11.28,416.7,5.3,2.16,0.025,0.005,0.87
13,2021,6,19,16,24.2,8.6,11.48,416.3,4.9,2.2,0.025,0.005,0.87
13,2021,6,19,20,24.1,8.59,10.75,416.4,4.7,2.08,0.025,0.005,0.85
13,2021,6,20,0,23.7,8.56,10.58,417.5,5.2,2.08,0.025,0.005,0.85
13,2021,6,20,0,23.7,8.56,10.58,417.5,5.2,2.08,0.025,0.005,0.85
13,2021,6,20,8,23.5,8.55,10.59,416.7,5.1,2.11,0.025,0.005,0.87
13,2021,6,20,12,24.3,8.58,11.58,415.7,5.2,2.16,0.025,0.005,0.86
13,2021,6,20,16,24.7,8.59,10.86,416.3,6.3,2.16,0.025,0.005,0.86
13,2021,7,2,12,25.6,8.54,11.25,402.1,4.2,2.38,0.025,0.005,0.86
13,2021,7,2,16,25.2,8.58,12.42,397.5,6.8,2.28,0.025,0.005,0.83
13,2021,7,2,16,25.2,8.58,12.42,397.5,6.8,2.56,0.025,0.005,0.86
13,2021,7,2,20,25.0,8.56,12.07,398.0,5.5,2.54,0.025,0.005,0.85
13,2021,7,3,0,25.4,8.55,11.6,400.3,4.2,2.54,0.025,0.005,0.85
13,2021,7,3,4,25.3,8.54,10.92,397.5,2.6,2.54,0.025,0.005,0.85
13,2021,7,3,4,25.3,8.54,10.92,397.5,2.6,2.38,0.025,0.005,0.85
13,2021,7,3,8,25.0,8.54,10.6,395.8,3.3,2.41,0.025,0.005,0.82
13,2021,7,3,12,25.6,8.56,11.11,397.5,6.1,2.41,0.025,0.005,0.82
13,2021,7,3,16,26.0,8.59,11.66,393.6,4.9,2.41,0.025,0.005,0.79
13,2021,7,3,16,26.0,8.59,11.66,393.6,4.9,2.48,0.025,0.005,0.82
13,2021,7,3,20,25.5,8.56,11.66,393.6,4.7,2.67,0.025,0.005,0.82
13,2021,7,4,0,25.4,8.54,10.83,393.9,4.6,2.67,0.025,0.005,0.82
13,2021,7,4,4,25.2,8.42,9.52,396.3,4.8,2.67,0.025,0.005,0.82
13,2021,7,4,4,25.2,8.42,9.52,396.3,4.8,2.53,0.025,0.005,0.85
13,2021,7,4,8,25.3,8.49,10.24,395.3,4.2,2.46,0.025,0.005,0.83
13,2021,7,4,12,25.8,8.58,11.55,393.2,4.4,2.46,0.025,0.005,0.83
13,2021,7,4,16,25.7,8.63,12.78,390.8,4.8,2.5,0.025,0.005,0.82
13,2021,7,4,16,25.7,8.63,12.78,390.8,4.8,2.44,0.025,0.005,0.83
13,2021,7,4,20,25.8,8.59,11.87,392.5,4.2,2.57,0.025,0.005,0.81
13,2021,7,5,0,26.6,8.53,10.66,395.4,3.5,2.57,0.025,0.005,0.81
13,2021,7,5,4,26.2,8.52,10.2,394.5,5.0,2.57,0.025,0.005,0.81
13,2021,7,5,8,26.1,8.53,10.84,393.8,4.8,2.72,0.025,0.005,0.82
13,2021,7,5,8,26.1,8.53,10.84,393.8,4.8,2.49,0.025,0.005,0.83
13,2021,7,5,12,26.6,8.57,11.64,391.2,4.4,2.58,0.025,0.005,0.84
13,2021,7,5,16,26.2,8.57,10.89,392.0,4.7,2.58,0.025,0.005,0.84
13,2021,7,5,20,26.1,8.52,10.84,392.6,4.8,2.38,0.025,0.005,0.8
13,2021,7,5,20,26.1,8.52,10.84,392.6,4.8,2.47,0.025,0.005,0.83
13,2021,7,6,0,25.9,8.52,10.12,387.0,3.8,2.47,0.025,0.005,0.83
13,2021,7,6,4,25.6,8.44,9.39,389.2,4.2,2.47,0.025,0.005,0.83
13,2021,7,6,8,25.6,8.48,9.85,390.2,5.6,2.39,0.025,0.005,0.83
13,2021,7,6,8,25.6,8.48,9.85,390.2,5.6,2.42,0.025,0.005,0.82
13,2021,7,6,12,25.9,8.53,10.82,390.0,6.1,2.55,0.025,0.005,0.82
13,2021,7,6,16,26.1,8.6,11.92,388.0,4.8,2.41,0.025,0.005,0.81
13,2021,7,7,8,26.0,8.56,10.91,389.9,2.7,2.49,0.025,0.005,0.8
13,2021,7,7,12,27.0,8.59,12.24,387.5,4.7,2.39,0.025,0.005,0.79
13,2021,7,7,12,27.0,8.59,12.24,387.5,4.7,2.58,0.025,0.005,0.8
13,2021,9,23,12,23.3,8.44,9.14,422.3,8.0,3.4,0.025,0.005,2.39
13,2021,9,23,16,23.9,8.52,10.1,418.1,2.9,3.46,0.025,0.005,2.32
13,2021,9,23,20,23.5,8.43,9.32,417.2,3.4,3.48,0.025,0.005,2.23
13,2021,9,24,0,23.2,8.36,8.68,419.3,4.4,3.48,0.025,0.005,2.23
13,2021,9,24,4,22.8,8.22,7.59,420.6,5.5,3.31,0.025,0.005,2.34
13,2021,10,28,12,16.4,8.06,8.56,398.4,2.3,3.08,0.025,0.005,2.58
13,2021,10,28,16,16.8,8.09,8.73,397.2,2.8,3.14,0.025,0.005,2.58
13,2021,10,28,20,16.5,8.11,8.84,397.9,2.2,3.12,0.025,0.005,2.52
13,2021,10,29,0,16.3,8.02,8.36,398.7,2.2,3.12,0.025,0.005,2.52
13,2021,10,29,4,16.2,8.02,8.32,398.8,5.3,3.11,0.025,0.005,2.57
13,2021,10,29,8,16.2,8.01,8.26,399.2,2.5,3.08,0.025,0.005,2.57
13,2021,10,29,12,16.7,8.06,8.47,397.4,1.6,2.81,0.025,0.005,2.6
13,2021,11,5,8,15.5,8.0,8.46,436.0,3.0,2.74,0.025,0.005,2.58
13,2021,11,5,12,15.7,8.02,8.34,436.9,4.9,2.75,0.025,0.005,2.6
13,2021,11,5,16,15.9,8.07,8.69,433.5,5.5,2.8,0.025,0.005,2.63
13,2021,11,5,20,15.8,8.07,8.61,433.1,4.1,2.79,0.025,0.005,2.62
13,2021,11,6,0,15.7,8.06,8.56,433.1,4.6,2.79,0.025,0.005,2.62
13,2021,11,6,4,15.7,8.04,8.48,433.7,2.2,2.76,0.025,0.005,2.61
13,2021,11,6,8,15.6,8.04,8.4,433.6,2.4,2.76,0.025,0.005,2.62
13,2021,11,6,12,15.6,8.04,8.44,434.0,9.3,2.74,0.025,0.005,2.62
13,2021,11,6,16,15.3,8.04,8.46,433.0,2.3,2.78,0.025,0.005,2.6
13,2021,11,6,20,15.0,8.04,8.52,433.3,3.1,2.81,0.025,0.005,2.6
13,2021,11,7,0,14.8,8.05,8.62,433.9,2.6,2.81,0.025,0.005,2.6
13,2021,11,7,4,14.6,8.06,8.7,434.5,9.1,2.81,0.025,0.005,2.61
13,2021,11,7,4,14.6,8.06,8.7,434.5,9.1,2.78,0.025,0.005,2.6
13,2021,11,7,12,14.3,8.07,8.84,434.8,14.6,2.78,0.025,0.005,2.6
13,2021,11,7,16,14.3,8.06,8.87,435.4,10.6,2.7,0.025,0.005,2.62
13,2021,11,7,20,14.2,8.06,8.86,441.8,6.8,2.81,0.025,0.005,2.62
13,2021,11,8,0,14.1,8.06,8.77,441.8,9.6,2.69,0.025,0.005,2.68
13,2021,11,8,4,14.0,8.06,8.77,440.5,5.0,2.69,0.025,0.005,2.68
13,2021,11,8,8,13.8,8.06,8.87,440.8,4.2,2.72,0.025,0.005,2.68
13,2021,11,8,12,14.0,8.08,8.92,439.9,6.4,2.72,0.025,0.005,2.66
13,2021,11,8,16,14.1,8.08,8.93,439.8,2.8,2.78,0.025,0.005,2.66
13,2021,11,8,20,14.0,8.08,8.92,443.2,13.3,2.65,0.025,0.005,2.68
13,2021,11,9,0,13.8,8.07,8.89,443.6,8.4,2.65,0.025,0.005,2.68
13,2021,11,9,4,13.7,8.07,8.87,444.0,5.3,2.69,0.025,0.005,2.68
13,2021,11,9,8,13.6,8.08,8.94,445.2,2.8,2.68,0.025,0.005,2.68
13,2021,11,9,12,14.0,8.09,8.96,443.6,2.3,2.7,0.025,0.005,2.68
13,2021,11,9,16,13.9,8.09,9.05,442.9,7.6,2.68,0.025,0.005,2.65
13,2021,11,9,20,13.8,8.08,8.98,444.2,3.2,2.72,0.025,0.005,2.66
13,2021,11,10,0,13.8,8.07,8.96,443.6,5.4,2.72,0.025,0.005,2.66
13,2021,11,10,4,13.7,8.07,8.86,442.9,9.4,2.7,0.025,0.005,2.67
13,2021,11,10,8,13.6,8.08,8.91,443.9,5.4,2.67,0.025,0.005,2.66
13,2021,11,10,12,14.0,7.98,9.78,441.7,2.2,2.74,0.025,0.005,2.66
13,2021,11,10,16,14.0,8.0,9.24,440.8,3.0,2.73,0.025,0.005,2.66
13,2021,11,10,20,13.6,8.0,9.32,443.2,2.7,2.93,0.025,0.005,2.66
13,2021,11,11,0,13.5,8.0,9.79,443.8,3.5,2.93,0.025,0.005,2.66
13,2021,11,11,4,13.4,8.0,9.19,442.5,2.6,2.93,0.025,0.005,2.66
13,2021,11,11,8,13.3,8.0,9.2,444.0,7.6,2.8,0.025,0.005,2.66
13,2021,11,11,12,13.6,8.02,9.41,444.2,2.4,2.67,0.025,0.005,2.67
13,2021,11,11,16,13.6,8.02,9.32,443.0,5.1,2.73,0.025,0.005,2.66
13,2021,11,11,20,13.3,8.01,10.2,444.4,2.3,2.71,0.025,0.005,2.67
13,2021,11,12,0,13.2,8.0,9.44,443.8,3.1,2.71,0.025,0.005,2.64
13,2021,11,12,4,13.0,8.0,9.25,445.1,2.4,2.75,0.025,0.005,2.66
13,2021,12,27,20,5.5,8.11,11.47,470.0,1.4,2.59,0.025,0.005,2.47
13,2021,12,28,0,5.2,8.11,11.19,472.1,1.6,2.51,0.025,0.005,2.52
13,2021,12,28,4,5.1,8.12,12.0,473.3,1.7,2.51,0.025,0.005,2.52
13,2021,12,28,8,4.9,8.12,11.06,473.5,1.8,2.4,0.025,0.005,2.54
13,2021,12,28,12,5.2,8.12,11.07,472.4,1.6,2.57,0.025,0.005,2.51
13,2021,12,28,16,5.3,8.15,11.18,471.4,1.6,2.57,0.025,0.005,2.51
13,2021,12,30,12,5.1,8.13,11.73,471.3,1.5,2.48,0.025,0.005,2.52
13,2022,1,11,8,3.0,8.26,11.55,487.4,1.9,2.46,0.025,0.005,2.57
13,2022,1,11,12,3.1,8.27,11.62,486.1,2.0,2.52,0.025,0.005,2.57
13,2022,1,11,16,3.2,8.28,11.63,485.1,2.0,2.52,0.025,0.005,2.59
13,2022,1,12,8,2.7,8.28,11.57,489.2,1.2,2.62,0.025,0.005,2.58
13,2022,1,12,12,2.8,8.28,11.58,488.3,1.3,2.58,0.025,0.005,2.6
13,2022,1,12,16,2.8,8.29,11.71,488.0,1.4,2.5,0.025,0.005,2.61
13,2022,1,14,16,2.8,8.19,11.82,489.5,1.6,2.62,0.025,0.005,2.55
13,2022,1,19,8,2.3,8.22,11.98,496.1,1.0,2.5,0.025,0.005,2.59
13,2022,1,19,12,2.6,8.22,11.93,493.1,1.3,2.59,0.025,0.005,2.55
13,2022,1,19,16,2.7,8.22,11.93,492.2,1.3,2.64,0.025,0.005,2.59
13,2022,1,19,20,2.6,8.23,11.96,493.7,1.1,2.57,0.025,0.005,2.56
13,2022,1,20,0,2.5,8.23,12.03,494.2,1.2,2.57,0.025,0.005,2.56
13,2022,1,20,4,2.5,8.23,11.98,494.9,1.0,2.58,0.025,0.005,2.59
13,2022,1,20,8,2.6,8.23,11.98,494.0,1.0,2.53,0.025,0.005,2.59
13,2022,1,20,12,2.8,8.2,11.94,457.9,1.1,2.64,0.025,0.005,2.59
13,2022,1,20,16,2.7,8.21,11.99,460.8,1.0,2.6,0.025,0.005,2.6
13,2022,1,20,20,2.7,8.21,11.98,460.4,1.0,2.57,0.025,0.005,2.58
13,2022,1,21,0,2.6,8.21,11.9,460.7,1.1,2.57,0.025,0.005,2.58
13,2022,1,21,4,2.4,8.21,11.95,463.7,1.0,2.53,0.025,0.005,2.58
13,2022,1,21,8,2.4,8.21,11.88,463.0,0.9,2.59,0.025,0.005,2.59
13,2022,1,21,12,2.6,8.22,11.96,460.2,1.0,2.64,0.025,0.005,2.57
13,2022,1,24,8,2.3,8.22,11.88,460.2,1.1,2.71,0.025,0.005,2.59
13,2022,1,24,12,2.4,8.23,11.89,460.5,1.0,2.72,0.025,0.005,2.59
13,2022,1,24,16,2.4,8.23,11.94,459.0,1.2,2.73,0.025,0.005,2.58
13,2022,2,10,8,1.5,8.23,12.24,456.9,1.1,2.46,0.025,0.005,2.69
13,2022,2,10,12,1.8,8.24,12.22,456.4,0.8,2.51,0.025,0.005,2.71
13,2022,2,11,8,2.8,8.23,11.94,434.8,0.6,2.45,0.025,0.005,2.69
13,2022,2,11,12,1.9,8.23,12.2,452.6,0.5,2.44,0.025,0.005,2.69
13,2022,2,11,16,2.0,8.24,12.17,450.2,1.0,2.45,0.025,0.005,2.68
13,2022,2,11,20,1.8,8.24,12.08,450.2,0.8,2.44,0.025,0.005,2.64
13,2022,2,12,0,1.7,8.24,12.15,449.8,0.7,2.44,0.025,0.005,2.64
13,2022,2,12,4,1.7,8.24,12.15,450.2,0.7,2.46,0.025,0.005,2.67
13,2022,2,12,8,1.7,8.23,12.22,453.4,0.8,2.46,0.025,0.005,2.7
13,2022,2,12,16,1.8,8.24,12.19,453.6,0.6,2.49,0.025,0.005,2.65
13,2022,2,12,20,1.7,8.24,12.21,453.2,0.6,2.44,0.025,0.005,2.69
13,2022,2,13,0,1.7,8.24,12.28,454.3,0.8,2.44,0.025,0.005,2.69
13,2022,2,13,4,1.6,8.23,12.28,457.4,0.5,2.54,0.025,0.005,2.69
13,2022,2,13,8,1.5,8.23,12.37,460.0,0.6,2.47,0.025,0.005,2.7
13,2022,2,13,12,1.6,8.24,12.4,463.1,0.8,2.41,0.025,0.005,2.75
13,2022,2,13,16,1.6,8.24,12.42,463.7,0.9,2.53,0.025,0.005,2.77
13,2022,2,13,20,1.5,8.24,12.4,463.7,0.7,2.36,0.025,0.005,2.76
13,2022,2,14,0,1.4,8.24,12.44,463.7,0.7,2.36,0.025,0.005,2.76
13,2022,2,14,4,1.2,8.23,12.45,468.9,0.6,2.49,0.025,0.005,2.76
13,2022,2,18,8,1.0,8.23,12.4,465.3,0.7,3.02,0.025,0.005,2.75
13,2022,2,18,12,1.1,8.24,12.48,463.8,0.8,2.58,0.025,0.005,2.76
13,2022,2,18,16,1.2,8.25,12.43,462.3,0.6,2.7,0.025,0.005,2.8
13,2022,2,18,20,1.0,8.25,12.55,465.6,0.5,2.53,0.025,0.005,2.74
13,2022,2,19,0,1.0,8.25,12.53,464.2,0.7,2.53,0.025,0.005,2.74
13,2022,2,19,4,1.2,8.25,12.58,460.9,0.7,2.56,0.025,0.005,2.71
13,2022,2,19,8,1.2,8.24,12.39,459.6,0.6,2.5,0.025,0.005,2.72
13,2022,2,22,12,1.4,8.23,12.52,466.1,0.7,2.55,0.025,0.005,2.77
13,2022,2,22,12,1.4,8.23,12.52,466.1,0.7,2.55,0.025,0.005,2.77
13,2022,2,22,16,1.5,8.23,12.48,465.0,0.7,2.53,0.025,0.005,2.79
13,2022,2,22,16,1.5,8.23,12.48,465.0,0.7,2.53,0.025,0.005,2.79
13,2022,2,22,20,1.4,8.23,12.48,466.2,0.8,2.53,0.025,0.005,2.8
13,2022,2,23,0,1.3,8.23,12.55,468.6,0.9,2.56,0.025,0.005,2.8
13,2022,2,23,4,1.2,8.22,12.59,472.2,0.7,2.56,0.025,0.005,2.8
13,2022,2,23,8,1.2,8.23,12.57,471.0,0.7,2.52,0.025,0.005,2.82
13,2022,2,23,12,1.6,8.23,12.6,468.1,0.6,2.63,0.025,0.005,2.78
13,2022,2,23,16,1.4,8.24,12.54,467.0,0.6,2.56,0.025,0.005,2.8
13,2022,3,1,8,1.1,8.2,11.82,436.9,0.7,2.31,0.025,0.005,2.64
13,2022,3,1,12,1.5,8.19,11.71,421.8,0.7,2.32,0.025,0.005,2.56
13,2022,3,1,16,1.6,8.2,11.61,421.1,0.8,2.3,0.025,0.005,2.54
13,2022,3,2,8,1.0,8.19,11.56,403.6,0.6,2.22,0.025,0.005,2.48
13,2022,3,2,12,1.4,8.18,11.37,381.9,0.6,2.35,0.025,0.005,2.39
13,2022,3,7,8,1.4,8.15,10.66,379.1,0.4,2.1,0.025,0.005,2.25
13,2022,3,7,12,1.8,8.15,10.87,386.6,0.4,2.08,0.025,0.005,2.3
13,2022,3,8,8,1.5,8.15,10.31,356.3,0.5,2.05,0.025,0.005,2.14
13,2022,3,8,12,1.9,8.15,10.05,340.7,0.6,1.95,0.025,0.005,2.16
13,2022,3,8,16,2.0,8.15,9.84,320.4,0.4,1.87,0.025,0.005,2.07
13,2022,3,8,20,1.7,8.14,9.81,318.7,0.6,1.74,0.025,0.005,1.93
13,2022,3,9,0,1.6,8.14,10.06,332.6,0.6,1.79,0.025,0.005,1.95
13,2022,3,9,4,1.6,8.14,9.98,327.3,0.6,1.79,0.025,0.005,1.95
13,2022,3,9,8,1.6,8.14,9.87,327.9,0.6,1.87,0.025,0.005,1.98
13,2022,3,9,12,2.0,8.14,9.79,318.9,0.6,1.82,0.025,0.005,1.96
13,2022,3,9,16,2.0,8.14,9.33,284.8,0.6,1.95,0.025,0.005,1.96
13,2022,3,10,8,1.7,8.12,9.66,295.6,0.6,1.91,0.025,0.005,1.74
13,2022,3,10,12,2.0,8.13,9.55,290.2,0.6,1.83,0.025,0.005,1.82
13,2022,3,10,16,2.1,8.14,9.42,273.6,0.7,1.84,0.025,0.005,1.78
13,2022,3,11,8,1.8,8.11,9.29,267.0,0.6,1.68,0.025,0.005,1.66
13,2022,3,11,12,2.2,8.1,9.3,262.8,0.7,1.67,0.025,0.005,1.7
13,2022,3,11,16,2.0,8.13,9.51,263.9,0.8,1.56,0.025,0.005,1.68
13,2022,3,11,20,1.9,8.14,9.56,261.2,0.7,1.56,0.025,0.005,1.68
13,2022,3,12,16,2.3,8.14,9.29,239.0,0.7,1.46,0.025,0.005,1.51
13,2022,3,12,20,2.0,8.14,9.24,240.6,0.7,1.5,0.025,0.005,1.53
13,2022,3,13,0,1.9,8.14,9.42,242.1,0.7,1.5,0.025,0.005,1.53
13,2022,3,13,4,1.9,8.12,9.52,244.5,0.9,1.76,0.025,0.005,1.6
13,2022,3,13,8,2.0,8.12,9.09,237.4,0.8,1.64,0.025,0.005,1.54
13,2022,3,13,12,2.5,8.13,9.03,227.8,1.0,1.58,0.025,0.005,1.52
13,2022,3,13,16,2.4,8.14,9.24,223.2,1.0,1.46,0.096,0.005,1.5
13,2022,3,13,20,2.2,8.14,9.14,222.0,1.0,1.4,0.122,0.005,1.51
13,2022,3,14,0,2.2,8.12,9.03,223.4,1.2,1.4,0.122,0.005,1.51
13,2022,3,14,4,2.0,8.12,9.2,224.0,1.3,1.8,0.142,0.005,1.56
13,2022,3,14,8,2.2,8.11,9.28,219.5,1.1,1.51,0.165,0.005,1.54
13,2022,3,14,12,2.8,8.12,9.28,228.2,1.3,1.46,0.146,0.005,1.59
13,2022,3,14,16,2.8,8.14,9.13,216.2,1.4,1.34,0.178,0.005,1.56
13,2022,3,15,8,2.3,8.08,9.49,250.8,1.3,1.94,0.143,0.005,1.72
13,2022,3,15,16,2.8,8.11,9.04,209.2,1.5,1.5,0.172,0.005,1.54
13,2022,3,16,0,2.4,8.07,8.94,217.0,1.4,1.42,0.175,0.005,1.5
13,2022,3,16,4,2.4,8.05,9.31,221.8,1.4,1.42,0.175,0.005,1.5
13,2022,3,16,8,2.4,8.08,9.3,220.0,1.3,1.55,0.151,0.005,1.56
13,2022,3,16,12,3.0,8.08,9.31,226.2,1.2,1.37,0.147,0.005,1.5
13,2022,3,16,16,3.1,8.07,9.4,224.3,1.4,1.41,0.148,0.005,1.51
13,2022,3,16,20,2.7,8.01,9.7,229.5,1.4,1.36,0.148,0.005,1.46
13,2022,3,17,0,3.1,8.11,11.47,371.3,1.6,1.61,0.148,0.005,1.49
13,2022,3,17,4,3.4,8.13,12.02,415.8,1.6,1.61,0.148,0.005,1.49
13,2022,3,17,8,3.4,8.1,11.76,401.8,1.2,2.28,0.025,0.005,2.41
13,2022,3,17,12,3.6,8.17,12.23,460.4,1.6,2.28,0.025,0.005,2.35
13,2022,3,17,16,2.8,8.17,11.96,437.1,1.7,2.48,0.025,0.005,2.64
13,2022,3,17,20,3.5,8.18,12.25,458.5,1.5,2.26,0.025,0.005,2.54
13,2022,3,18,8,3.3,8.16,12.07,456.0,1.0,2.42,0.025,0.005,2.6
13,2022,3,18,12,3.3,8.16,12.08,456.1,1.3,2.6,0.025,0.005,2.64
13,2022,3,18,16,3.4,8.16,12.08,450.7,2.0,2.77,0.025,0.005,2.6
13,2022,3,23,12,4.7,8.17,11.88,436.1,1.8,2.44,0.025,0.005,2.63
13,2022,3,24,16,4.8,8.19,12.04,431.9,1.2,2.46,0.025,0.005,2.61
13,2022,3,24,20,4.8,8.18,12.08,434.2,1.4,2.64,0.025,0.005,2.58
13,2022,3,25,0,5.0,8.19,12.1,430.2,1.3,2.64,0.025,0.005,2.58
13,2022,3,25,4,4.8,8.18,11.99,436.6,1.3,2.41,0.025,0.005,2.63
13,2022,3,25,8,4.9,8.18,12.2,433.0,1.8,2.44,0.025,0.005,2.56
13,2022,3,25,12,4.8,8.18,12.07,440.1,1.6,2.43,0.025,0.005,2.64
13,2022,3,25,16,4.9,8.19,12.07,439.9,1.8,2.44,0.025,0.005,2.62
13,2022,3,25,20,4.8,8.18,12.0,439.2,1.7,2.62,0.025,0.005,2.59
13,2022,3,26,0,4.5,8.17,11.93,439.2,1.3,2.62,0.025,0.005,2.59
13,2022,3,26,4,4.4,8.17,11.95,437.3,1.6,2.42,0.025,0.005,2.57
13,2022,3,26,8,4.4,8.18,12.03,430.0,1.6,2.75,0.025,0.005,2.54
13,2022,3,26,12,5.4,8.18,12.1,436.3,1.3,2.49,0.025,0.005,2.55
13,2022,3,26,16,5.6,8.18,11.95,430.5,1.8,2.72,0.025,0.005,2.58
13,2022,3,26,20,5.2,8.18,12.08,437.0,1.8,2.44,0.025,0.005,2.59
13,2022,3,27,0,5.0,8.17,12.05,437.7,1.8,2.44,0.025,0.005,2.59
13,2022,3,27,4,4.9,8.17,12.0,437.8,1.4,2.67,0.025,0.005,2.57
13,2022,3,27,8,4.9,8.17,12.04,437.9,1.8,2.39,0.025,0.005,2.57
13,2022,3,27,12,5.9,8.18,12.14,438.3,1.4,3.07,0.025,0.005,2.6
13,2022,3,27,16,6.8,8.15,11.94,431.5,1.8,2.47,0.025,0.005,2.57
13,2022,3,27,20,6.5,8.14,11.95,432.7,1.9,2.4,0.025,0.005,2.57
13,2022,3,28,0,5.6,8.17,12.14,431.0,1.4,2.4,0.025,0.005,2.57
13,2022,3,28,4,5.7,8.16,12.06,432.9,1.6,2.59,0.025,0.005,2.56
13,2022,3,28,8,5.7,8.17,12.07,434.2,1.5,2.69,0.025,0.005,2.56
13,2022,3,28,12,6.2,8.18,12.11,433.7,2.0,2.5,0.025,0.005,2.59
13,2022,3,28,16,5.9,8.18,12.01,434.6,2.3,2.49,0.025,0.005,2.59
13,2022,3,28,20,6.0,8.17,12.01,438.3,2.0,2.69,0.025,0.005,2.59
13,2022,3,29,0,5.7,8.15,11.92,437.7,2.4,2.69,0.025,0.005,2.59
13,2022,3,29,4,5.6,8.13,11.82,436.4,2.4,2.32,0.025,0.005,2.58
13,2022,3,29,8,5.7,8.13,11.83,437.7,2.1,2.44,0.025,0.005,2.58
13,2022,3,29,12,5.8,8.14,11.82,436.1,2.3,2.41,0.025,0.005,2.6
13,2022,3,29,16,6.1,8.17,12.0,436.3,2.3,2.57,0.025,0.005,2.56
13,2022,3,29,20,5.9,8.16,12.02,436.8,2.8,2.4,0.025,0.005,2.58
13,2022,3,30,0,5.9,8.16,11.95,437.7,1.9,2.4,0.025,0.005,2.58
13,2022,3,30,4,5.8,8.16,11.97,437.2,2.2,2.8,0.025,0.005,2.58
13,2022,3,30,8,5.6,8.15,11.9,438.2,2.1,2.5,0.025,0.005,2.6
13,2022,3,30,12,5.6,8.16,11.92,437.6,2.4,2.71,0.025,0.005,2.62
13,2022,3,30,16,5.5,8.17,11.95,437.8,1.8,2.4,0.025,0.005,2.61
13,2022,3,30,20,5.4,8.17,11.95,436.9,1.7,2.38,0.025,0.005,2.6
13,2022,3,31,0,5.3,8.16,11.89,437.3,1.9,2.38,0.025,0.005,2.6
13,2022,3,31,4,5.3,8.16,11.9,436.0,2.0,2.45,0.025,0.005,2.57
13,2022,3,31,8,5.3,8.17,11.97,437.9,2.0,2.67,0.025,0.005,2.59
13,2022,3,31,12,5.9,8.18,12.02,435.3,1.7,2.48,0.025,0.005,2.61
13,2022,3,31,16,6.2,8.18,12.03,433.8,2.0,2.8,0.025,0.005,2.58
13,2022,3,31,20,5.8,8.17,11.99,435.2,1.6,2.52,0.025,0.005,2.58
13,2022,4,1,0,5.5,8.16,11.94,435.8,1.7,2.52,0.025,0.005,2.58
13,2022,4,1,4,5.8,8.16,11.98,436.4,1.8,2.54,0.025,0.005,2.57
13,2022,4,1,12,6.9,8.16,12.06,434.8,1.6,2.38,0.025,0.005,2.57
13,2022,4,1,16,7.2,8.17,12.1,434.9,2.3,2.57,0.025,0.005,2.59
13,2022,4,1,20,6.5,8.17,12.02,433.8,1.8,2.61,0.025,0.005,2.6
13,2022,4,2,0,6.2,8.17,11.96,435.7,2.1,2.61,0.025,0.005,2.6
13,2022,4,2,4,6.1,8.16,11.97,436.9,2.1,2.46,0.025,0.005,2.59
13,2022,4,2,8,6.2,8.17,12.01,436.4,2.3,2.36,0.025,0.005,2.59
13,2022,4,2,16,7.8,8.16,12.04,431.0,1.9,2.41,0.025,0.005,2.57
13,2022,4,2,20,7.5,8.17,12.14,431.7,3.6,2.48,0.025,0.005,2.58
13,2022,4,3,0,7.1,8.16,11.92,434.8,2.1,2.48,0.025,0.005,2.58
13,2022,4,3,4,6.8,8.16,11.87,434.3,1.9,2.5,0.025,0.005,2.59
13,2022,4,3,8,6.9,8.17,11.91,434.8,2.1,2.45,0.025,0.005,2.57
13,2022,4,3,12,8.2,8.17,11.98,435.4,2.2,2.73,0.025,0.005,2.58
13,2022,4,3,16,8.1,8.17,12.09,432.4,2.4,2.44,0.025,0.005,2.57
13,2022,4,3,20,7.6,8.17,11.95,430.6,2.4,2.4,0.025,0.005,2.58
13,2022,4,4,0,7.6,8.16,11.93,435.6,1.7,2.4,0.025,0.005,2.58
13,2022,4,4,4,7.1,8.15,11.87,435.4,2.0,2.62,0.025,0.005,2.6
13,2022,4,4,8,7.1,8.17,11.99,435.2,2.2,2.46,0.025,0.005,2.55
13,2022,4,4,12,9.4,8.16,12.2,437.0,2.4,2.68,0.025,0.005,2.57
13,2022,4,4,16,9.3,8.17,11.98,431.3,3.1,2.44,0.025,0.005,2.58
13,2022,4,4,20,7.8,8.16,11.89,433.0,2.9,2.41,0.025,0.005,2.58
13,2022,4,5,0,7.6,8.16,11.93,434.7,2.2,2.41,0.025,0.005,2.58
13,2022,4,5,4,7.5,8.15,11.87,436.1,2.2,2.55,0.025,0.005,2.58
13,2022,4,5,8,7.3,8.19,12.01,434.5,1.8,2.39,0.025,0.005,2.6
13,2022,4,5,12,7.7,8.21,12.08,433.9,1.9,2.43,0.025,0.005,2.6
13,2022,4,5,16,8.5,8.2,12.15,430.9,2.4,2.71,0.025,0.005,2.63
13,2022,4,5,20,8.3,8.18,12.0,435.3,9.2,2.61,0.025,0.005,2.69
13,2022,4,6,0,7.9,8.17,12.0,435.4,6.1,2.61,0.025,0.005,2.69
13,2022,4,6,4,7.9,8.16,11.87,433.9,5.4,2.75,0.025,0.005,2.64
13,2022,4,6,8,7.7,8.17,11.96,434.1,2.5,2.5,0.025,0.005,2.61
13,2022,4,6,12,8.4,8.17,11.86,448.0,3.6,2.69,0.025,0.005,2.62
13,2022,4,6,16,7.5,8.18,12.04,434.5,4.1,2.84,0.025,0.005,2.63
13,2022,4,6,20,6.5,8.17,11.94,435.9,3.0,2.54,0.025,0.005,2.6
13,2022,4,7,8,6.5,8.18,11.91,438.4,1.7,2.67,0.025,0.005,2.6
13,2022,4,7,12,7.9,8.17,12.03,439.6,1.6,2.54,0.025,0.005,2.59
13,2022,4,7,16,8.8,8.17,12.14,436.4,3.1,2.53,0.025,0.005,2.62
13,2022,4,7,20,7.4,8.18,12.02,437.3,2.8,2.68,0.025,0.005,2.59
13,2022,4,8,0,7.1,8.17,11.94,438.0,1.9,2.58,0.025,0.005,2.66
13,2022,4,8,4,6.8,8.18,11.99,438.2,2.1,2.58,0.025,0.005,2.66
13,2022,4,8,8,6.8,8.2,12.05,440.2,2.4,2.48,0.025,0.005,2.64
13,2022,4,8,12,8.8,8.2,12.24,439.3,2.4,2.72,0.025,0.005,2.64
13,2022,4,8,16,9.4,8.2,12.15,433.6,3.8,2.55,0.025,0.005,2.62
13,2022,4,8,20,8.0,8.2,12.17,436.4,2.8,2.9,0.025,0.005,2.66
13,2022,4,9,0,7.9,8.19,11.97,436.0,2.2,2.84,0.025,0.005,2.64
13,2022,4,9,4,7.4,8.19,12.03,437.6,1.8,2.84,0.025,0.005,2.64
13,2022,4,9,8,7.6,8.21,12.08,439.1,2.0,2.69,0.025,0.005,2.64
13,2022,4,9,12,10.0,8.21,12.2,438.1,2.0,2.64,0.025,0.005,2.62
13,2022,4,9,20,8.6,8.22,12.29,435.4,3.4,2.69,0.025,0.005,2.62
13,2022,4,10,0,7.9,8.21,12.24,436.4,1.8,2.6,0.025,0.005,2.65
13,2022,4,10,4,7.9,8.17,11.87,435.9,2.0,2.6,0.025,0.005,2.65
13,2022,4,10,8,7.6,8.24,12.18,435.7,1.6,2.6,0.025,0.005,2.65
13,2022,4,10,12,9.4,8.25,12.47,434.8,2.4,2.77,0.025,0.005,2.6
13,2022,4,10,16,10.4,8.25,12.3,425.4,4.0,2.73,0.025,0.005,2.57
13,2022,4,10,20,9.3,8.26,12.43,432.2,2.8,2.88,0.025,0.005,2.59
13,2022,4,11,0,9.6,8.23,12.32,436.2,2.3,2.71,0.025,0.005,2.6
13,2022,4,11,4,10.0,8.22,12.06,427.1,3.5,2.71,0.025,0.005,2.6
13,2022,4,11,8,10.1,8.26,12.28,427.9,4.0,3.05,0.025,0.005,2.53
13,2022,4,11,12,12.0,8.32,12.5,430.3,4.3,3.12,0.025,0.005,2.51
13,2022,4,11,16,10.4,8.34,12.77,430.2,4.0,3.05,0.025,0.03,2.56
13,2022,4,11,20,9.3,8.3,12.81,430.5,3.1,3.32,0.025,0.041,2.64
13,2022,4,12,0,9.1,8.28,12.59,430.9,3.8,2.98,0.025,0.005,2.6
13,2022,4,12,4,8.6,8.25,12.29,431.5,3.3,2.98,0.025,0.005,2.6
13,2022,4,12,8,8.6,8.28,12.4,433.0,3.5,2.81,0.025,0.005,2.57
13,2022,4,12,12,10.1,8.29,12.04,430.1,2.1,2.98,0.025,0.005,2.6
13,2022,4,12,16,11.5,8.31,12.42,426.6,3.6,2.9,0.025,0.005,2.55
13,2022,4,12,20,11.0,8.33,12.73,433.6,3.7,2.73,0.025,0.005,2.61
13,2022,4,13,0,10.2,8.32,12.71,430.3,4.7,3.09,0.025,0.034,2.63
13,2022,4,13,4,9.7,8.3,12.64,433.0,4.0,3.09,0.025,0.034,2.63
13,2022,4,13,8,9.4,8.3,12.54,434.1,4.2,2.63,0.025,0.005,2.59
13,2022,4,13,12,9.3,8.33,12.81,433.8,3.4,3.07,0.025,0.005,2.56
13,2022,4,13,16,9.4,8.35,12.9,433.2,4.4,2.85,0.025,0.005,2.54
13,2022,4,13,20,9.0,8.31,12.62,434.4,3.9,3.12,0.025,0.005,2.56
13,2022,4,14,0,8.8,8.27,12.38,435.5,3.1,2.76,0.025,0.005,2.56
13,2022,4,14,4,8.3,8.27,12.36,435.8,2.8,2.76,0.025,0.005,2.56
13,2022,4,14,8,8.2,8.29,12.51,437.0,2.2,2.78,0.025,0.005,2.58
13,2022,4,14,12,9.7,8.15,12.54,434.1,3.1,2.82,0.025,0.005,2.59
13,2022,4,14,16,10.2,8.31,12.48,431.2,3.2,2.82,0.025,0.005,2.67
13,2022,4,14,20,9.5,8.31,12.36,432.5,3.6,2.74,0.025,0.005,2.66
13,2022,4,15,8,8.8,8.31,12.35,436.2,3.5,2.66,0.025,0.005,2.61
13,2022,4,15,12,10.0,8.33,12.65,435.7,2.6,2.5,0.025,0.005,2.64
13,2022,4,15,16,11.7,8.33,12.46,430.8,4.3,3.08,0.025,0.005,2.56
13,2022,4,15,20,10.6,8.34,12.8,431.9,3.6,2.86,0.025,0.005,2.58
13,2022,4,16,0,9.8,8.31,12.59,434.2,3.3,2.86,0.025,0.005,2.58
13,2022,4,16,4,9.6,8.31,12.46,433.9,3.2,2.86,0.025,0.005,2.6
13,2022,4,16,8,9.6,8.33,12.47,435.2,2.7,2.73,0.025,0.005,2.64
13,2022,4,16,12,10.7,8.36,12.54,434.4,3.2,2.84,0.025,0.005,2.63
13,2022,4,16,16,12.3,8.39,12.67,431.1,4.4,2.96,0.025,0.005,2.67
13,2022,4,16,20,10.9,8.41,12.84,432.4,4.2,2.93,0.025,0.005,2.64
13,2022,4,17,0,10.1,8.39,12.86,434.3,3.8,2.93,0.025,0.005,2.64
13,2022,4,17,0,10.1,8.39,12.86,434.3,3.8,2.93,0.025,0.005,2.64
13,2022,4,17,12,10.9,8.42,12.73,435.8,4.2,2.78,0.025,0.005,2.63
13,2022,4,17,16,11.4,8.46,12.85,432.8,4.9,2.78,0.025,0.005,2.63
13,2022,4,17,20,10.2,8.47,13.11,434.6,3.7,3.09,0.025,0.005,2.64
13,2022,4,18,0,10.0,8.44,12.98,435.1,3.7,3.09,0.025,0.005,2.64
13,2022,4,18,4,9.2,8.35,12.39,437.5,3.0,2.84,0.025,0.005,2.67
13,2022,4,18,8,9.4,8.37,12.51,437.9,2.1,3.04,0.025,0.005,2.65
13,2022,4,18,12,10.8,8.38,12.49,438.4,3.0,2.6,0.025,0.005,2.66
13,2022,4,18,16,12.7,8.41,12.64,435.2,4.6,2.76,0.025,0.005,2.62
13,2022,4,18,20,10.7,8.45,13.0,435.4,3.6,2.8,0.025,0.005,2.66
13,2022,4,19,0,9.9,8.42,12.9,435.6,3.6,2.8,0.025,0.005,2.66
13,2022,4,19,4,9.5,8.39,12.6,435.6,2.4,2.9,0.025,0.005,2.61
13,2022,4,19,8,9.6,8.4,12.58,438.1,3.3,2.8,0.025,0.005,2.63
13,2022,4,19,12,13.2,8.47,12.6,468.5,3.2,2.29,0.025,0.005,2.68
13,2022,4,19,16,13.6,8.51,12.3,461.0,4.4,2.53,0.025,0.005,2.62
13,2022,4,19,20,12.1,8.53,12.25,457.4,2.9,2.68,0.025,0.005,2.67
13,2022,4,20,0,12.0,8.51,12.39,460.6,3.6,2.68,0.025,0.005,2.67
13,2022,4,20,4,11.1,8.48,12.42,460.6,3.2,2.58,0.025,0.005,2.64
13,2022,4,20,8,11.2,8.47,12.21,468.3,2.4,2.57,0.025,0.005,2.74
13,2022,4,20,12,13.5,8.49,12.15,459.2,3.5,2.3,0.025,0.005,2.56
13,2022,4,20,16,13.2,8.51,12.5,459.5,4.8,2.62,0.025,0.005,2.62
13,2022,4,20,20,12.2,8.52,12.49,463.4,4.9,2.69,0.025,0.005,2.69
13,2022,4,21,0,11.5,8.49,12.59,465.9,4.5,2.69,0.025,0.005,2.69
13,2022,4,21,4,11.3,8.47,12.22,465.5,4.1,2.7,0.025,0.005,2.67
13,2022,4,21,8,12.0,8.49,12.38,465.0,3.4,2.74,0.025,0.005,2.7
13,2022,4,21,12,12.3,8.51,12.44,460.9,3.8,2.44,0.025,0.005,2.66
13,2022,4,21,16,13.5,8.5,12.21,459.8,4.7,2.59,0.025,0.005,2.67
13,2022,4,21,20,12.5,8.51,12.5,461.0,4.3,2.75,0.025,0.005,2.64
13,2022,4,21,20,12.5,8.51,12.5,461.0,4.3,2.75,0.025,0.005,2.64
13,2022,4,22,4,10.8,8.46,12.1,465.4,4.8,2.55,0.025,0.005,2.65
13,2022,4,22,8,11.1,8.5,12.38,465.5,3.4,2.48,0.025,0.005,2.63
13,2022,4,22,12,12.6,8.5,12.14,466.4,4.9,2.49,0.025,0.005,2.64
13,2022,4,22,16,13.8,8.51,12.28,460.7,4.9,2.6,0.025,0.005,2.64
13,2022,4,22,20,13.1,8.5,11.96,462.9,4.6,2.57,0.025,0.005,2.64
13,2022,4,23,0,12.2,8.49,12.23,464.6,3.6,2.57,0.025,0.005,2.64
13,2022,4,23,4,11.5,8.45,11.79,465.7,4.5,2.59,0.025,0.005,2.6
13,2022,4,23,8,11.5,8.53,12.55,466.5,3.3,2.62,0.025,0.005,2.62
13,2022,4,23,12,12.4,8.51,12.33,465.0,3.9,2.62,0.025,0.005,2.62
13,2022,4,23,16,12.4,8.49,12.03,462.4,3.8,2.53,0.025,0.005,2.58
13,2022,4,23,20,12.1,8.49,12.07,468.5,2.9,2.51,0.025,0.005,2.63
13,2022,4,24,0,12.0,8.49,12.01,462.2,2.8,2.49,0.025,0.005,2.61
13,2022,4,24,4,12.0,8.48,11.93,463.7,2.9,2.46,0.025,0.005,2.56
13,2022,4,24,8,12.4,8.51,12.1,464.1,2.7,2.53,0.025,0.005,2.6
13,2022,4,24,12,14.7,8.5,11.85,464.0,3.0,2.44,0.025,0.005,2.54
13,2022,4,24,16,15.0,8.53,12.08,460.9,3.4,2.56,0.025,0.005,2.57
13,2022,4,24,20,13.5,8.53,12.44,460.9,3.3,2.6,0.025,0.005,2.6
13,2022,4,25,8,14.0,8.5,11.99,468.7,3.1,2.6,0.025,0.005,2.6
13,2022,4,25,12,15.6,8.52,11.64,465.7,4.0,2.53,0.025,0.005,2.62
13,2022,4,25,16,15.6,8.56,12.28,461.2,3.5,2.59,0.025,0.005,2.64
13,2022,4,25,20,14.4,8.56,12.38,463.9,3.7,2.62,0.025,0.005,2.6
13,2022,4,26,0,13.6,8.52,12.19,465.9,3.2,2.64,0.025,0.005,2.61
13,2022,4,26,4,14.7,8.51,11.68,462.8,3.3,2.59,0.025,0.005,2.61
13,2022,4,26,8,13.4,8.53,11.79,464.2,3.3,2.7,0.025,0.005,2.62
13,2022,4,26,12,14.0,8.55,12.04,463.2,3.4,2.56,0.025,0.005,2.61
13,2022,4,26,16,14.4,8.55,11.93,462.1,2.9,2.55,0.025,0.005,2.6
13,2022,4,26,20,13.7,8.54,11.98,464.0,3.7,2.58,0.025,0.005,2.61
13,2022,4,27,0,13.9,8.55,11.81,464.0,2.9,2.6,0.025,0.005,2.6
13,2022,4,27,4,13.7,8.52,11.78,464.1,2.8,2.64,0.025,0.005,2.61
13,2022,4,27,8,13.6,8.54,11.67,465.7,3.5,2.67,0.025,0.005,2.63
13,2022,4,27,12,13.4,8.54,4.86,447.4,3.6,2.57,0.025,0.005,2.62
13,2022,4,27,16,13.2,8.55,11.75,444.9,4.2,2.75,0.025,0.005,2.63
13,2022,4,27,20,13.0,8.51,10.79,445.2,4.4,2.67,0.025,0.005,2.64
13,2022,4,28,0,12.8,8.52,10.75,443.6,3.3,2.75,0.025,0.005,2.64
13,2022,4,28,4,12.7,8.49,10.81,444.5,3.5,2.75,0.025,0.005,2.64
13,2022,4,28,8,12.8,8.51,10.99,444.7,3.3,2.68,0.025,0.005,2.66
13,2022,4,28,12,13.8,8.55,10.69,445.1,4.1,2.67,0.025,0.005,2.66
13,2022,4,28,16,14.7,8.57,12.05,442.9,3.9,2.6,0.025,0.005,2.65
13,2022,4,28,20,14.1,8.55,11.7,441.8,5.4,2.68,0.025,0.005,2.61
13,2022,4,29,0,13.4,8.56,12.06,442.9,3.6,2.68,0.025,0.005,2.62
13,2022,4,29,4,12.9,8.52,11.6,443.9,2.7,2.68,0.025,0.005,2.62
13,2022,4,29,8,12.7,8.51,11.25,444.8,3.9,2.67,0.025,0.005,2.64
13,2022,4,29,12,13.8,8.54,11.78,445.2,2.9,2.55,0.025,0.005,2.63
13,2022,4,29,16,14.4,8.54,11.85,442.7,3.1,2.55,0.025,0.005,2.58
13,2022,4,29,20,13.9,8.54,11.8,441.8,3.5,2.65,0.025,0.005,2.63
13,2022,4,30,0,13.3,8.53,11.73,442.9,4.5,2.68,0.025,0.005,2.63
13,2022,4,30,4,12.9,8.49,11.26,443.9,3.1,2.68,0.025,0.005,2.63
13,2022,4,30,8,12.8,8.52,11.22,445.1,2.5,2.57,0.025,0.005,2.64
13,2022,4,30,12,13.9,8.51,11.28,443.2,2.5,2.53,0.025,0.005,2.63
13,2022,4,30,16,15.1,8.51,11.25,443.1,2.6,2.52,0.025,0.005,2.61
13,2022,4,30,20,14.5,8.49,11.18,443.4,2.2,2.56,0.025,0.005,2.61
13,2022,5,1,0,13.7,8.49,11.42,443.0,2.5,2.59,0.025,0.005,2.6
13,2022,5,1,4,13.4,8.52,11.6,443.8,2.8,2.59,0.025,0.005,2.6
13,2022,5,1,8,13.4,8.52,11.36,444.4,2.3,2.53,0.025,0.005,2.61
13,2022,5,1,12,14.9,8.48,11.19,448.8,2.0,2.54,0.025,0.005,2.68
13,2022,5,1,16,16.0,8.5,11.69,444.5,3.1,2.78,0.025,0.005,2.7
13,2022,5,1,20,15.2,8.51,11.52,441.6,3.0,2.57,0.025,0.005,2.62
13,2022,5,2,0,13.9,8.47,11.01,448.9,2.3,2.6,0.025,0.005,2.62
13,2022,5,2,4,14.0,8.48,10.99,447.1,2.6,2.6,0.025,0.005,2.62
13,2022,5,2,8,14.1,8.51,11.33,447.4,2.2,2.54,0.025,0.005,2.69
13,2022,5,2,12,16.0,8.51,11.42,449.2,2.8,2.57,0.025,0.005,2.65
13,2022,5,2,16,16.4,8.53,11.59,442.2,2.7,2.51,0.025,0.005,2.64
13,2022,5,2,20,15.1,8.52,11.98,443.5,3.1,2.56,0.025,0.005,2.62
13,2022,5,3,0,14.6,8.51,11.71,444.5,2.7,2.58,0.025,0.005,2.61
13,2022,5,3,4,13.9,8.51,11.54,446.1,2.0,2.58,0.025,0.005,2.61
13,2022,5,3,8,14.2,8.52,11.51,448.0,2.6,2.55,0.025,0.005,2.66
13,2022,5,3,12,16.6,8.5,11.32,450.1,2.2,2.5,0.025,0.005,2.66
13,2022,5,3,16,17.4,8.5,11.33,438.9,3.4,2.46,0.025,0.005,2.66
13,2022,5,5,8,15.8,8.51,11.23,446.2,2.7,2.56,0.025,0.005,2.63
13,2022,5,5,12,16.9,8.52,11.69,445.0,2.7,2.53,0.025,0.005,2.66
13,2022,5,5,16,17.0,8.52,10.65,444.4,2.3,2.65,0.025,0.005,2.68
13,2022,5,5,20,17.3,8.49,11.09,444.3,2.5,2.56,0.025,0.005,2.66
13,2022,5,6,0,16.5,8.48,10.95,445.1,2.9,2.66,0.025,0.005,2.65
13,2022,5,6,4,15.9,8.49,11.32,445.6,2.1,2.66,0.025,0.005,2.65
13,2022,5,6,8,15.5,8.48,11.26,446.9,3.9,2.55,0.025,0.005,2.7
13,2022,5,6,12,16.1,8.53,11.93,447.3,2.8,2.66,0.025,0.005,2.64
13,2022,5,6,16,16.6,8.52,11.66,444.4,2.8,2.59,0.025,0.005,2.61
13,2022,5,6,20,15.9,8.5,11.36,447.3,3.0,2.64,0.025,0.005,2.64
13,2022,5,7,0,15.2,8.49,11.3,446.4,2.9,2.61,0.025,0.005,2.63
13,2022,5,7,4,14.5,8.47,11.01,448.2,2.0,2.61,0.025,0.005,2.63
13,2022,5,7,8,14.7,8.5,11.24,449.0,2.6,2.55,0.025,0.005,2.66
13,2022,5,7,12,15.9,8.5,11.27,451.3,2.2,2.58,0.025,0.005,2.68
13,2022,5,7,16,16.7,8.49,11.48,447.2,3.4,2.89,0.025,0.005,2.66
13,2022,5,7,20,15.3,8.49,11.49,446.2,3.1,3.1,0.025,0.005,2.65
13,2022,5,8,0,14.6,8.46,10.82,448.0,3.2,3.02,0.025,0.005,2.64
13,2022,5,8,4,14.3,8.47,11.05,447.6,2.4,3.02,0.025,0.005,2.64
13,2022,5,8,8,14.1,8.46,10.9,449.5,2.6,2.95,0.025,0.005,2.6
13,2022,5,8,12,14.5,8.46,10.83,450.0,2.6,2.74,0.025,0.005,2.66
13,2022,5,8,16,15.2,8.47,11.07,449.4,2.0,2.81,0.025,0.005,2.65
13,2022,5,8,20,14.6,8.47,11.03,447.9,2.2,2.81,0.025,0.005,2.66
13,2022,5,9,0,14.1,8.48,11.07,448.1,2.5,2.89,0.025,0.005,2.65
13,2022,5,9,4,13.9,8.46,10.78,449.5,1.8,2.89,0.025,0.005,2.65
13,2022,5,9,8,14.0,8.48,10.9,450.3,2.2,2.84,0.025,0.005,2.67
13,2022,5,9,12,16.2,8.47,11.18,452.2,1.6,2.65,0.025,0.005,2.65
13,2022,5,9,16,17.2,8.48,11.52,447.0,2.1,2.64,0.025,0.005,2.66
13,2022,5,9,20,15.1,8.49,11.56,446.6,2.4,2.86,0.025,0.005,2.64
13,2022,5,10,0,14.2,8.47,11.26,449.0,2.6,2.88,0.025,0.005,2.63
13,2022,5,10,4,14.1,8.47,11.05,449.0,2.5,2.88,0.025,0.005,2.63
13,2022,5,10,8,14.0,8.48,10.92,450.4,2.2,2.82,0.025,0.005,2.63
13,2022,5,10,12,14.1,8.49,10.99,450.2,1.7,2.65,0.025,0.005,2.61
13,2022,5,10,12,14.1,8.49,10.99,450.2,1.7,2.74,0.025,0.005,2.67
13,2022,5,11,8,14.2,8.49,10.73,449.6,1.9,2.69,0.025,0.005,2.64
13,2022,5,11,12,15.0,8.49,10.96,449.7,1.8,2.57,0.025,0.005,2.64
13,2022,5,11,16,16.0,8.5,11.22,450.3,2.1,2.63,0.025,0.005,2.64
13,2022,5,11,20,15.4,8.48,11.15,448.8,2.4,2.63,0.025,0.005,2.65
13,2022,5,12,0,15.1,8.47,10.82,449.5,2.2,2.63,0.025,0.005,2.65
13,2022,5,12,4,14.9,8.47,10.81,449.0,1.8,2.63,0.025,0.005,2.65
13,2022,5,12,8,14.6,8.49,10.88,450.8,1.8,2.66,0.025,0.005,2.63
13,2022,5,12,12,16.1,8.5,11.04,451.5,12.3,2.56,0.025,0.005,2.67
13,2022,5,12,16,16.4,8.51,11.55,447.5,4.2,2.52,0.025,0.005,2.7
13,2022,5,16,8,15.9,8.54,11.22,450.9,1.6,2.6,0.025,0.005,2.67
13,2022,5,16,16,19.2,8.53,12.08,446.9,2.9,2.68,0.025,0.005,2.63
13,2022,5,16,20,18.4,8.52,11.89,449.8,3.1,2.71,0.025,0.005,2.64
13,2022,5,17,8,16.6,8.57,11.57,449.2,2.4,2.55,0.025,0.005,2.65
13,2022,5,17,12,20.1,8.53,11.79,454.2,20.2,2.55,0.025,0.005,2.63
13,2022,5,17,16,19.8,8.54,11.35,465.3,2.1,2.43,0.025,0.005,2.69
13,2022,5,17,20,18.4,8.56,11.29,464.5,2.6,2.51,0.025,0.005,2.66
13,2022,5,18,0,17.8,8.55,11.22,465.0,1.9,2.57,0.025,0.005,2.62
13,2022,5,18,4,17.3,8.55,11.39,467.2,2.3,2.57,0.025,0.005,2.62
13,2022,5,18,8,17.6,8.59,11.6,467.1,2.0,2.93,0.025,0.005,2.62
13,2022,5,18,12,19.5,8.58,11.82,467.1,2.5,2.37,0.025,0.005,2.67
13,2022,5,18,16,20.9,8.55,12.23,465.4,2.9,2.52,0.025,0.005,2.62
13,2022,5,18,20,20.0,8.57,12.34,463.2,3.8,2.48,0.025,0.005,2.62
13,2022,5,19,0,18.6,8.57,12.35,464.7,2.6,2.74,0.025,0.005,2.65
13,2022,5,19,4,18.2,8.56,11.8,465.5,1.9,2.74,0.025,0.005,2.65
13,2022,5,19,8,18.4,8.61,12.08,463.4,2.9,2.81,0.025,0.005,2.61
13,2022,5,19,12,20.9,8.61,12.64,461.5,2.7,2.51,0.025,0.005,2.54
13,2022,5,19,16,20.5,8.61,12.91,460.2,4.8,2.53,0.025,0.005,2.41
13,2022,5,19,20,20.2,8.6,12.9,463.9,2.9,2.69,0.025,0.005,2.5
13,2022,5,20,0,19.0,8.59,12.21,463.1,2.7,2.68,0.025,0.005,2.55
13,2022,5,20,4,18.9,8.59,12.24,464.3,2.6,2.68,0.025,0.005,2.55
13,2022,5,20,8,19.1,8.62,12.46,464.0,2.5,2.77,0.025,0.005,2.55
13,2022,5,20,12,21.1,8.61,13.01,464.9,2.8,2.46,0.025,0.005,2.57
13,2022,5,20,16,22.8,8.59,13.45,463.2,4.2,2.4,0.025,0.005,2.55
13,2022,5,20,20,21.4,8.59,12.84,463.4,3.6,2.62,0.025,0.005,2.55
13,2022,5,21,0,19.9,8.57,12.46,462.7,3.9,2.65,0.025,0.005,2.57
13,2022,5,21,4,19.6,8.6,12.1,463.6,2.6,3.08,0.025,0.005,2.56
13,2022,5,21,8,19.9,8.63,12.47,463.1,2.6,2.73,0.025,0.005,2.55
13,2022,5,21,12,22.7,8.6,12.68,466.3,2.6,2.46,0.025,0.005,2.54
13,2022,5,21,16,23.2,8.59,12.9,463.0,4.2,2.71,0.025,0.005,2.54
13,2022,5,21,20,21.3,8.61,12.82,460.1,4.5,2.46,0.025,0.005,2.57
13,2022,5,22,0,20.5,8.59,12.34,461.0,3.9,2.84,0.025,0.005,2.55
13,2022,5,22,4,20.7,8.59,11.64,463.6,2.2,2.95,0.025,0.005,2.57
13,2022,5,22,8,20.9,8.62,12.43,466.0,2.7,2.47,0.025,0.005,2.58
13,2022,5,22,12,23.2,8.6,12.94,465.5,3.6,2.46,0.025,0.005,2.6
13,2022,5,22,16,23.3,8.59,13.49,462.3,3.0,2.49,0.025,0.005,2.58
13,2022,5,22,20,22.7,8.58,12.05,460.9,3.1,2.58,0.025,0.005,2.57
13,2022,5,23,0,21.7,8.58,12.09,464.5,3.6,2.64,0.025,0.005,2.56
13,2022,5,23,4,21.5,8.58,11.94,462.6,2.7,2.91,0.025,0.005,2.58
13,2022,5,23,8,21.8,8.6,12.35,462.9,3.0,2.4,0.025,0.005,2.57
13,2022,5,23,12,23.9,8.58,12.79,465.4,2.2,2.43,0.025,0.005,2.57
13,2022,5,23,16,23.8,8.58,12.75,462.7,4.0,2.42,0.025,0.005,2.56
13,2022,5,24,8,21.9,8.58,12.08,466.8,2.8,2.62,0.025,0.005,2.55
13,2022,5,24,12,22.9,8.54,12.96,468.9,5.5,2.5,0.025,0.005,2.61
13,2022,5,24,16,22.9,8.54,11.92,463.6,24.4,2.55,0.025,0.005,2.55
13,2022,5,24,20,22.2,8.52,12.01,464.9,9.4,2.63,0.025,0.005,2.49
13,2022,5,25,0,21.6,8.54,11.5,465.9,5.2,2.77,0.025,0.005,2.49
13,2022,5,25,4,21.0,8.51,11.39,467.2,5.8,2.77,0.025,0.005,2.49
13,2022,5,25,8,21.1,8.52,11.45,467.8,6.4,2.7,0.025,0.005,2.53
13,2022,5,25,12,21.8,8.53,11.58,466.7,3.8,2.64,0.025,0.005,2.49
13,2022,5,25,16,22.4,8.51,11.62,467.3,5.9,2.67,0.025,0.005,2.52
13,2022,5,25,20,21.7,8.51,11.4,466.6,4.9,2.82,0.025,0.005,2.52
13,2022,5,26,0,20.9,8.47,10.89,467.4,6.7,2.96,0.025,0.005,2.5
13,2022,5,26,4,20.2,8.5,11.01,466.5,4.4,2.96,0.025,0.005,2.5
13,2022,5,26,8,20.2,8.51,10.94,467.2,4.1,3.01,0.025,0.005,2.52
13,2022,5,26,12,21.6,8.49,11.15,467.2,6.0,2.6,0.025,0.005,2.51
13,2022,5,26,16,21.8,8.51,11.27,467.6,4.9,2.73,0.025,0.005,2.49
13,2022,5,26,20,20.9,8.51,11.16,467.4,4.0,3.25,0.025,0.005,2.53
13,2022,5,27,0,20.3,8.52,10.94,466.7,3.9,2.68,0.025,0.005,2.52
13,2022,5,27,4,20.1,8.5,10.9,467.9,3.2,2.55,0.025,0.005,2.54
13,2022,5,27,8,20.4,8.51,10.85,468.4,4.0,2.75,0.025,0.005,2.55
13,2022,5,27,16,22.9,8.5,11.44,467.0,3.9,2.6,0.025,0.005,2.5
13,2022,5,27,20,21.6,8.5,11.11,469.3,3.7,2.67,0.025,0.005,2.5
13,2022,5,28,0,20.6,8.5,10.97,467.8,3.7,2.67,0.025,0.005,2.5
13,2022,5,28,4,20.3,8.52,10.82,466.8,6.2,2.73,0.025,0.005,2.53
13,2022,5,28,8,20.7,8.55,11.14,467.5,4.1,2.7,0.025,0.005,2.51
13,2022,5,28,12,23.6,8.53,11.74,466.3,2.8,2.57,0.025,0.005,2.48
13,2022,5,28,16,23.1,8.54,11.85,463.3,3.0,2.49,0.025,0.005,2.45
13,2022,5,28,16,23.1,8.54,11.85,463.3,3.0,2.62,0.025,0.005,2.46
13,2022,5,28,20,22.1,8.53,11.64,465.3,3.2,2.62,0.025,0.005,2.46
13,2022,5,29,0,21.5,8.51,11.04,465.7,3.9,2.65,0.025,0.005,2.48
13,2022,5,29,4,21.6,8.49,10.63,468.0,3.5,2.65,0.025,0.005,2.48
13,2022,5,29,8,21.7,8.51,10.95,467.8,3.6,2.65,0.025,0.005,2.5
13,2022,5,29,12,20.7,8.54,11.08,466.0,2.9,2.6,0.025,0.005,2.49
13,2022,5,29,16,21.5,8.53,10.88,466.4,10.6,2.61,0.025,0.005,2.51
13,2022,5,29,20,20.9,8.52,10.79,466.6,6.4,2.74,0.025,0.005,2.58
13,2022,5,30,0,20.6,8.5,10.64,467.5,5.0,2.87,0.025,0.005,2.56
13,2022,5,30,4,20.1,8.48,10.16,467.0,5.8,2.87,0.025,0.005,2.56
13,2022,5,30,8,20.2,8.51,10.5,467.8,4.3,2.7,0.025,0.005,2.54
13,2022,5,30,12,21.8,8.53,11.21,469.1,2.8,2.65,0.025,0.005,2.5
13,2022,5,30,16,22.8,8.52,10.99,467.9,2.7,2.6,0.025,0.005,2.53
13,2022,5,30,16,22.8,8.52,10.99,467.9,2.7,2.7,0.025,0.005,2.5
13,2022,5,30,20,22.1,8.51,11.13,468.2,3.6,2.63,0.025,0.005,2.49
13,2022,5,31,0,21.4,8.51,10.94,467.2,3.3,2.63,0.025,0.005,2.49
13,2022,5,31,8,21.0,8.54,10.81,468.2,3.6,2.84,0.025,0.005,2.53
13,2022,5,31,12,22.5,8.53,11.2,467.9,2.4,2.67,0.025,0.005,2.5
13,2022,5,31,16,22.9,8.54,11.7,467.6,3.4,2.58,0.025,0.005,2.45
13,2022,5,31,16,22.9,8.54,11.7,467.6,3.4,2.86,0.025,0.005,2.46
13,2022,6,1,0,21.7,8.51,11.04,468.2,4.5,2.89,0.025,0.005,2.48
13,2022,6,1,0,21.7,8.51,11.04,468.2,4.5,2.89,0.025,0.005,2.48
13,2022,6,1,8,21.5,8.52,10.86,469.1,4.6,2.89,0.025,0.005,2.51
13,2022,6,1,12,23.0,8.54,11.5,469.6,3.4,2.68,0.025,0.005,2.5
13,2022,6,1,16,24.4,8.54,9.43,469.2,5.1,2.64,0.025,0.005,2.5
13,2022,6,1,20,23.5,8.54,9.69,466.2,6.7,2.71,0.025,0.005,2.51
13,2022,6,2,0,22.4,8.54,9.29,467.2,3.4,2.7,0.025,0.005,2.49
13,2022,6,2,0,22.4,8.54,9.29,467.2,3.4,2.7,0.025,0.005,2.49
13,2022,6,2,8,21.7,8.57,9.45,468.9,2.6,3.13,0.025,0.005,2.53
13,2022,6,2,12,23.8,8.57,9.76,461.7,2.7,2.6,0.025,0.005,2.52
13,2022,6,2,16,24.6,8.56,9.97,465.4,3.2,2.86,0.025,0.005,2.4
13,2022,6,2,20,23.2,8.56,10.48,465.1,5.4,3.21,0.025,0.005,2.47
13,2022,6,3,0,22.0,8.58,11.18,464.0,5.1,3.03,0.025,0.005,2.5
13,2022,6,3,4,21.9,8.55,11.16,466.1,3.7,3.03,0.025,0.005,2.5
13,2022,6,3,8,22.2,8.57,11.81,462.8,5.2,3.11,0.025,0.005,2.54
13,2022,6,3,12,24.0,8.56,12.08,467.9,2.7,2.7,0.025,0.005,2.47
13,2022,6,3,16,24.0,8.58,12.72,462.5,3.0,2.71,0.025,0.005,2.44
13,2022,6,3,20,23.4,8.6,13.33,461.4,5.0,2.94,0.025,0.005,2.49
13,2022,6,4,0,22.8,8.57,12.56,461.8,4.5,3.05,0.025,0.005,2.44
13,2022,6,4,4,22.6,8.56,12.1,463.9,4.0,3.05,0.025,0.005,2.44
13,2022,6,4,8,22.5,8.55,11.67,463.0,3.4,2.72,0.025,0.005,2.53
13,2022,6,4,12,23.7,8.56,12.08,466.7,6.1,2.66,0.025,0.005,2.48
13,2022,6,4,16,25.1,8.54,12.13,464.8,2.6,2.68,0.025,0.005,2.48
13,2022,6,4,20,24.9,8.54,12.15,463.3,3.6,2.58,0.025,0.005,2.46
13,2022,6,5,0,23.8,8.55,11.91,463.4,3.3,2.58,0.025,0.005,2.49
13,2022,6,5,4,23.6,8.53,11.38,462.8,3.9,2.58,0.025,0.005,2.49
13,2022,6,5,8,23.6,8.56,12.22,462.6,3.2,2.9,0.025,0.005,2.5
13,2022,6,5,12,25.0,8.57,12.7,462.6,3.1,2.78,0.025,0.005,2.46
13,2022,6,5,16,24.6,8.58,13.23,460.8,3.7,2.64,0.025,0.005,2.47
13,2022,6,5,20,23.4,8.57,12.43,460.3,3.7,2.69,0.025,0.005,2.45
13,2022,6,6,0,22.7,8.54,11.91,461.8,3.4,2.93,0.025,0.005,2.48
13,2022,6,6,4,22.4,8.54,11.61,462.1,3.5,2.93,0.025,0.005,2.48
13,2022,6,6,8,22.6,8.53,11.6,462.6,4.0,2.74,0.025,0.005,2.47
13,2022,6,6,8,22.6,8.53,11.6,462.6,4.0,2.74,0.025,0.005,2.47
13,2022,6,6,12,22.9,8.55,11.91,461.9,4.0,2.71,0.025,0.005,2.48
13,2022,6,6,16,23.4,8.58,12.58,460.2,3.6,2.81,0.025,0.005,2.45
13,2022,6,6,20,22.9,8.57,11.84,460.0,3.5,2.73,0.025,0.005,2.47
13,2022,6,7,0,22.4,8.53,11.08,461.3,4.3,2.88,0.025,0.005,2.46
13,2022,6,7,4,22.3,8.51,10.7,462.0,4.4,2.88,0.025,0.005,2.46
13,2022,6,7,8,22.3,8.55,11.28,461.7,3.7,2.69,0.025,0.005,2.46
13,2022,6,7,12,23.6,8.55,11.44,464.1,2.5,2.79,0.025,0.005,2.46
13,2022,6,7,16,24.2,8.54,12.05,460.5,3.8,3.48,0.025,0.005,2.45
13,2022,6,7,20,23.1,8.54,11.54,458.9,4.3,2.6,0.025,0.005,2.41
13,2022,6,8,0,22.2,8.54,11.17,460.5,3.2,2.78,0.025,0.005,2.45
13,2022,6,8,4,22.0,8.53,11.01,461.2,3.7,2.72,0.025,0.005,2.45
13,2022,6,8,8,22.2,8.56,11.24,457.1,2.3,2.8,0.025,0.005,2.45
13,2022,6,8,12,22.4,8.57,11.29,456.2,3.1,2.69,0.025,0.005,2.4
13,2022,6,8,16,22.8,8.57,11.38,457.0,3.1,2.75,0.025,0.005,2.42
13,2022,6,8,20,22.5,8.54,11.01,456.7,4.4,2.73,0.025,0.005,2.39
13,2022,6,9,0,22.3,8.54,11.07,457.5,3.8,2.79,0.025,0.005,2.42
13,2022,6,9,4,22.0,8.52,10.5,458.8,3.7,2.79,0.025,0.005,2.42
13,2022,6,9,8,21.9,8.52,10.42,458.9,3.8,2.81,0.025,0.005,2.43
13,2022,6,9,12,21.9,8.52,10.41,460.4,4.1,2.73,0.025,0.005,2.43
13,2022,6,9,12,21.9,8.52,10.41,460.4,4.1,2.88,0.025,0.005,2.43
13,2022,6,9,16,22.4,8.56,10.14,460.5,6.5,2.7,0.025,0.005,2.42
13,2022,6,9,20,22.1,8.55,10.76,458.7,4.5,2.75,0.025,0.005,2.43
13,2022,6,10,0,21.9,8.53,9.79,460.7,5.5,2.75,0.025,0.005,2.43
13,2022,6,10,4,21.7,8.51,10.27,462.0,3.4,2.66,0.025,0.005,2.46
13,2022,6,10,8,21.8,8.54,10.4,461.5,14.4,2.72,0.025,0.005,2.44
13,2022,6,10,12,23.8,8.54,10.58,462.9,2.2,2.7,0.025,0.005,2.43
13,2022,6,10,16,23.9,8.54,10.12,457.2,2.7,2.79,0.025,0.005,2.42
13,2022,6,10,20,23.3,8.53,11.31,459.1,5.7,2.75,0.025,0.005,2.43
13,2022,6,11,0,22.4,8.52,10.93,459.7,5.6,2.75,0.025,0.005,2.43
13,2022,6,11,12,22.7,8.55,11.45,460.8,7.4,2.8,0.025,0.005,2.45
13,2022,6,11,16,22.7,8.56,11.31,459.0,9.2,2.73,0.025,0.005,2.43
13,2022,6,11,20,22.4,8.54,10.77,456.4,7.3,2.76,0.025,0.005,2.44
13,2022,6,12,0,22.1,8.53,10.6,459.5,5.7,2.76,0.025,0.005,2.44
13,2022,6,12,4,22.0,8.52,10.53,459.9,3.7,2.69,0.025,0.005,2.44
13,2022,6,12,8,22.0,8.52,10.46,459.9,3.6,2.73,0.025,0.005,2.42
13,2022,6,12,12,22.2,8.51,10.29,460.5,8.9,2.77,0.025,0.005,2.42
13,2022,6,12,16,22.6,8.54,10.91,459.4,5.3,2.88,0.025,0.005,2.43
13,2022,6,12,20,21.9,8.53,10.33,450.7,3.8,2.8,0.025,0.005,2.43
13,2022,6,13,0,21.8,8.5,10.11,457.2,3.2,2.8,0.025,0.005,2.43
13,2022,6,13,4,21.7,8.51,9.95,458.4,3.5,2.67,0.025,0.005,2.45
13,2022,6,13,8,21.6,8.46,9.44,458.4,5.4,2.8,0.025,0.005,2.46
13,2022,6,13,12,22.0,8.52,10.13,458.1,5.4,2.75,0.025,0.005,2.45
13,2022,6,13,16,22.0,8.54,10.6,456.3,4.3,2.73,0.025,0.005,2.43
13,2022,6,13,20,21.9,8.53,10.53,456.5,4.3,2.8,0.025,0.005,2.43
13,2022,6,14,0,21.8,8.52,10.19,457.7,3.5,2.8,0.025,0.005,2.43
13,2022,6,14,4,21.6,8.5,9.78,458.2,3.4,2.65,0.025,0.005,2.45
13,2022,6,14,8,21.7,8.52,9.96,458.3,2.7,2.68,0.025,0.005,2.44
13,2022,6,14,12,23.1,8.52,10.38,458.3,3.2,2.66,0.025,0.005,2.43
13,2022,6,14,16,23.7,8.51,10.28,457.0,2.5,2.7,0.025,0.005,2.43
13,2022,6,14,20,23.0,8.52,10.11,454.9,3.4,2.68,0.025,0.005,2.43
13,2022,6,15,0,22.8,8.51,9.9,457.0,3.3,2.68,0.025,0.005,2.43
13,2022,6,15,4,22.6,8.49,9.76,457.1,3.6,2.61,0.025,0.005,2.42
13,2022,6,15,8,22.7,8.49,9.65,457.5,8.6,2.61,0.025,0.005,2.42
13,2022,6,15,12,23.6,8.5,10.3,457.4,4.0,2.7,0.025,0.005,2.43
13,2022,6,15,16,24.2,8.51,10.72,456.4,3.9,2.73,0.025,0.005,2.4
13,2022,6,15,20,23.2,8.52,10.4,455.3,3.3,2.67,0.025,0.005,2.4
13,2022,6,16,0,23.0,8.52,10.4,456.0,3.4,3.07,0.025,0.005,2.4
13,2022,6,16,4,22.9,8.51,9.89,454.6,2.6,3.07,0.025,0.005,2.4
13,2022,6,16,8,23.2,8.53,10.17,453.0,2.4,2.7,0.025,0.005,2.39
13,2022,6,16,12,24.7,8.52,10.53,453.0,2.9,2.62,0.025,0.005,2.38
13,2022,6,16,16,24.9,8.53,10.85,449.6,2.4,2.62,0.025,0.005,2.35
13,2022,6,16,20,24.8,8.52,10.55,449.6,3.0,2.65,0.025,0.005,2.36
13,2022,6,17,0,24.5,8.51,10.13,450.9,3.3,2.63,0.025,0.005,2.37
13,2022,6,17,4,24.0,8.5,9.99,452.3,3.1,2.63,0.025,0.005,2.37
13,2022,6,17,8,24.4,8.52,10.32,451.7,2.9,2.65,0.025,0.005,2.37
13,2022,6,17,12,25.6,8.51,10.38,452.1,2.9,2.64,0.025,0.005,2.36
13,2022,6,17,16,25.8,8.53,11.03,449.1,3.7,2.6,0.025,0.005,2.37
13,2022,6,17,20,25.0,8.53,11.04,449.2,3.8,2.67,0.025,0.005,2.34
13,2022,6,18,0,24.4,8.48,10.48,450.0,4.6,2.65,0.025,0.005,2.34
13,2022,6,18,4,24.4,8.49,9.94,451.4,3.7,2.65,0.025,0.005,2.34
13,2022,6,18,8,24.8,8.5,10.07,452.8,3.6,2.66,0.025,0.005,2.35
13,2022,6,18,12,26.1,8.5,9.93,453.6,2.4,2.61,0.025,0.005,2.37
13,2022,6,18,16,26.8,8.48,10.32,455.8,2.4,2.75,0.025,0.005,2.39
13,2022,6,18,20,25.7,8.49,10.63,452.6,2.5,2.72,0.025,0.005,2.4
13,2022,6,19,0,25.2,8.49,10.94,451.4,2.6,2.75,0.025,0.005,2.45
13,2022,6,19,4,24.7,8.48,10.56,451.8,2.2,2.75,0.025,0.005,2.45
13,2022,6,19,8,25.8,8.5,10.44,449.0,2.0,3.09,0.025,0.005,2.4
13,2022,6,19,12,27.0,8.5,11.28,448.6,2.6,2.71,0.025,0.005,2.31
13,2022,6,19,16,26.7,8.5,11.55,449.2,2.6,2.88,0.025,0.005,2.3
13,2022,6,19,20,26.2,8.49,11.55,450.2,2.6,3.12,0.025,0.005,2.37
13,2022,6,20,0,25.8,8.48,10.89,450.0,3.7,3.12,0.025,0.005,2.33
13,2022,6,20,4,25.4,8.46,10.37,450.5,2.4,3.12,0.025,0.005,2.33
13,2022,6,20,8,24.6,8.43,10.58,452.7,3.1,2.73,0.025,0.005,2.33
13,2022,6,20,12,26.6,8.48,10.59,451.6,1.9,2.79,0.025,0.005,2.38
13,2022,6,20,16,26.8,8.47,10.57,450.8,2.5,2.69,0.025,0.005,2.36
13,2022,6,20,20,26.7,8.47,10.77,450.8,2.7,3.0,0.025,0.005,2.35
13,2022,6,21,0,26.6,8.46,10.56,451.6,2.5,2.85,0.025,0.005,2.38
13,2022,6,21,4,26.6,8.43,9.7,454.2,2.4,2.85,0.025,0.005,2.38
13,2022,6,21,8,26.9,8.44,9.95,456.4,2.2,3.07,0.025,0.005,2.34
13,2022,6,21,12,28.1,8.45,10.52,455.6,2.5,2.65,0.025,0.005,2.41
13,2022,6,22,8,25.9,8.41,9.53,452.7,4.3,2.97,0.025,0.005,2.39
13,2022,6,22,12,25.9,8.42,9.81,452.0,3.7,2.82,0.025,0.005,2.4
13,2022,6,22,16,25.9,8.41,9.79,451.2,4.1,2.85,0.025,0.005,2.4
13,2022,6,22,20,25.8,8.42,9.6,450.4,3.9,2.98,0.025,0.005,2.39
13,2022,6,23,0,25.6,8.42,9.59,452.4,2.9,2.85,0.025,0.005,2.44
13,2022,6,23,4,25.4,8.4,9.34,454.4,3.8,2.85,0.025,0.005,2.44
13,2022,6,23,8,25.4,8.4,9.45,454.3,3.6,2.9,0.025,0.005,2.38
13,2022,6,23,12,26.7,8.42,9.76,454.5,3.7,2.92,0.025,0.005,2.38
13,2022,6,23,16,27.5,8.41,9.91,453.0,4.0,2.75,0.025,0.005,2.4
13,2022,7,4,12,26.8,8.5,11.01,440.4,3.7,2.61,0.025,0.005,2.31
13,2022,7,4,16,27.0,8.5,11.07,440.6,3.7,2.61,0.025,0.005,2.31
13,2022,7,11,8,27.3,8.39,9.87,440.4,3.1,2.59,0.025,0.005,2.31
13,2022,7,11,12,28.5,8.4,10.12,440.4,2.4,2.61,0.025,0.005,2.3
13,2022,7,11,16,27.9,8.42,10.6,438.9,3.1,2.53,0.025,0.005,2.31
13,2022,7,13,8,27.2,8.37,8.6,450.1,3.4,2.68,0.025,0.005,2.3
13,2022,7,13,12,28.7,8.37,8.43,452.7,3.5,2.68,0.025,0.005,2.29
13,2022,7,13,16,29.2,8.4,8.39,449.0,5.7,2.8,0.025,0.005,2.35
13,2022,7,18,12,29.9,8.38,8.76,452.5,4.0,2.64,0.025,0.005,2.3
13,2022,7,18,16,30.1,8.43,9.63,447.2,4.6,2.58,0.025,0.005,2.32
13,2022,7,19,20,28.8,8.45,8.12,444.8,5.8,2.76,0.025,0.005,2.24
13,2022,7,20,8,28.4,8.4,8.81,446.2,3.8,2.7,0.025,0.005,2.39
13,2022,7,20,12,29.6,8.42,8.91,446.0,7.6,2.68,0.025,0.005,2.29
13,2022,7,20,16,29.6,8.46,9.1,444.0,5.4,2.74,0.025,0.005,2.28
13,2022,7,21,8,28.2,8.39,8.98,446.2,4.9,2.9,0.025,0.005,2.28
13,2022,7,21,12,29.8,8.4,8.77,448.6,3.5,2.67,0.025,0.005,2.3
13,2022,7,22,8,28.6,8.4,9.14,444.0,4.8,2.86,0.025,0.005,2.24
13,2022,7,22,12,29.9,8.41,9.18,444.0,4.3,2.74,0.025,0.005,2.24
13,2022,7,22,16,29.2,8.46,9.97,440.6,5.2,2.79,0.025,0.005,2.26
13,2022,7,22,20,28.7,8.45,9.86,438.7,4.8,2.84,0.025,0.005,2.25
13,2022,7,23,0,28.2,8.42,9.5,440.6,5.5,2.77,0.025,0.005,2.24
13,2022,7,23,4,28.1,8.37,9.15,442.1,5.1,2.77,0.025,0.005,2.24
13,2022,7,23,8,28.0,8.35,8.97,442.7,5.0,2.72,0.025,0.005,2.25
13,2022,7,23,12,29.1,8.41,9.05,445.3,4.2,2.81,0.025,0.005,2.26
13,2022,7,23,16,29.7,8.43,9.54,441.2,5.2,2.81,0.025,0.005,2.24
13,2022,7,23,20,29.1,8.42,9.36,440.6,4.8,2.84,0.025,0.005,2.22
13,2022,7,24,0,28.4,8.4,9.52,441.0,5.4,2.88,0.025,0.005,2.21
13,2022,7,24,4,28.2,8.39,9.22,441.6,5.2,2.86,0.025,0.005,2.25
13,2022,7,24,8,28.4,8.41,9.24,440.9,5.1,2.83,0.025,0.005,2.28
13,2022,7,24,12,29.5,8.43,9.48,440.6,4.8,2.77,0.025,0.005,2.23
13,2022,7,24,16,29.8,8.46,10.01,438.3,5.2,2.81,0.025,0.005,2.25
13,2022,7,24,20,28.3,8.45,9.71,438.3,5.1,2.87,0.025,0.005,2.18
13,2022,7,25,0,28.3,8.42,9.37,439.8,5.3,2.86,0.025,0.005,2.21
13,2022,7,25,4,28.2,8.4,9.15,439.5,5.1,2.94,0.025,0.005,2.24
13,2022,7,25,12,29.4,8.42,9.23,440.5,5.0,2.84,0.025,0.005,2.2
13,2022,7,25,16,29.5,8.45,9.53,438.3,4.9,2.81,0.025,0.005,2.24
13,2022,7,25,20,29.2,8.45,9.58,438.9,4.6,2.84,0.025,0.005,2.24
13,2022,7,26,0,28.6,8.42,9.29,438.5,5.2,2.84,0.025,0.005,2.21
13,2022,7,26,4,28.4,8.39,9.26,438.9,5.7,2.86,0.025,0.005,2.21
13,2022,7,26,8,28.6,8.43,9.56,438.9,5.0,2.85,0.025,0.005,2.24
13,2022,7,26,12,29.6,8.47,10.09,438.2,5.1,2.9,0.025,0.005,2.2
13,2022,7,26,16,29.6,8.49,9.39,437.4,5.4,2.92,0.025,0.005,2.21
13,2022,7,26,20,29.0,8.46,9.0,439.0,7.5,3.04,0.025,0.005,2.19
13,2022,7,27,0,28.7,8.43,8.38,437.0,8.3,3.2,0.025,0.005,2.25
13,2022,7,27,4,28.4,8.43,8.32,436.8,5.6,3.04,0.025,0.005,2.22
13,2022,7,27,8,28.4,8.4,9.25,438.2,7.3,2.99,0.025,0.005,2.22
13,2022,7,27,12,28.7,8.48,9.8,436.7,5.1,3.0,0.025,0.005,2.21
13,2022,7,27,16,28.5,8.52,10.17,435.5,6.0,3.03,0.025,0.005,2.22
13,2022,7,27,20,28.1,8.46,9.7,437.1,5.5,3.28,0.025,0.005,2.23
13,2022,7,27,20,28.1,8.46,9.7,437.1,5.5,3.21,0.025,0.005,2.22
13,2022,7,28,0,27.8,8.41,9.29,438.5,5.7,3.03,0.025,0.005,2.26
13,2022,7,28,8,27.6,8.38,9.05,437.3,6.3,3.15,0.025,0.005,2.22
13,2022,11,1,12,14.2,8.31,9.24,421.5,9.0,2.61,0.025,0.005,1.77
13,2022,11,1,16,14.0,8.34,9.55,415.6,3.5,2.62,0.025,0.005,1.81
13,2022,11,2,12,13.9,8.29,9.09,419.2,11.5,2.59,0.025,0.005,1.84
13,2022,11,2,20,13.8,8.29,9.22,418.1,6.9,2.46,0.025,0.005,1.86
13,2022,11,3,0,13.6,8.28,9.14,418.2,16.4,2.4,0.025,0.005,1.78
13,2022,11,3,4,13.5,8.27,9.0,418.4,5.7,2.4,0.025,0.005,1.78
13,2022,11,3,8,13.4,8.28,9.1,418.8,12.7,2.61,0.025,0.005,1.81
13,2022,11,3,12,13.9,8.32,9.36,417.1,4.8,2.51,0.025,0.005,1.81
13,2022,11,3,16,13.8,8.33,9.48,417.6,5.7,2.5,0.025,0.005,1.84
13,2022,11,3,20,13.4,8.31,9.42,418.4,6.6,2.62,0.025,0.005,1.81
13,2022,11,4,0,13.2,8.3,9.33,418.8,3.4,2.61,0.025,0.005,1.84
13,2022,11,4,4,13.1,8.27,9.19,419.1,20.7,2.61,0.025,0.005,1.84
13,2022,11,4,8,13.1,8.28,9.21,419.7,18.7,2.42,0.025,0.005,1.82
13,2022,11,4,12,13.5,8.32,9.42,419.3,13.8,2.63,0.025,0.005,1.82
13,2022,11,4,16,13.6,8.33,9.48,417.0,3.4,2.59,0.025,0.005,1.81
13,2022,11,4,20,13.2,8.3,9.34,418.4,5.6,2.64,0.025,0.005,1.82
13,2022,11,5,0,13.0,8.29,9.37,418.8,9.5,2.62,0.025,0.005,1.81
13,2022,11,5,4,12.9,8.29,9.32,419.3,14.4,2.62,0.025,0.005,1.81
13,2022,11,5,8,12.7,8.28,9.24,419.9,4.2,2.44,0.025,0.005,1.82
13,2022,11,5,12,13.4,8.28,9.32,421.1,3.1,2.68,0.025,0.005,1.81
13,2022,11,5,16,13.5,8.26,9.19,419.7,2.5,2.51,0.025,0.005,1.83
13,2022,11,5,20,13.2,8.27,9.32,419.4,2.9,2.76,0.025,0.005,1.82
13,2022,11,6,0,13.0,8.27,9.28,420.4,2.6,2.57,0.025,0.005,1.82
13,2022,11,6,4,12.9,8.26,9.25,419.8,6.8,2.57,0.025,0.005,1.82
13,2022,11,6,8,12.9,8.26,9.2,420.2,4.6,2.66,0.025,0.005,1.81
13,2022,11,6,12,13.3,8.3,9.35,421.0,4.8,2.43,0.025,0.005,1.79
13,2022,11,6,16,13.4,8.32,9.52,419.4,6.6,2.5,0.025,0.005,1.79
13,2022,11,6,20,13.1,8.3,9.46,419.5,5.2,2.61,0.025,0.005,1.81
13,2022,11,7,0,12.8,8.27,9.24,419.9,3.7,2.63,0.025,0.005,1.81
13,2022,11,7,4,12.7,8.25,9.18,420.0,4.1,2.63,0.025,0.005,1.81
13,2022,11,7,8,12.7,8.25,9.24,421.0,2.8,2.43,0.025,0.005,1.81
13,2022,11,7,12,12.9,8.27,9.31,421.3,13.9,2.53,0.025,0.005,1.81
13,2022,11,7,16,13.0,8.26,9.23,419.7,3.2,2.43,0.025,0.005,1.81
13,2022,11,7,20,12.8,8.24,9.23,421.0,3.2,2.43,0.025,0.005,1.82
13,2022,11,8,0,12.7,8.24,9.22,420.8,3.4,2.47,0.025,0.005,1.82
13,2022,11,8,4,12.6,8.23,9.2,421.6,7.1,2.47,0.025,0.005,1.82
13,2022,11,8,8,12.5,8.23,9.14,421.2,5.1,2.59,0.025,0.005,1.82
13,2022,11,8,12,13.0,8.26,9.35,421.7,4.6,2.43,0.025,0.005,1.81
13,2022,11,8,16,13.0,8.29,9.56,420.0,5.0,2.44,0.025,0.005,1.79
13,2022,11,8,20,12.6,8.25,9.27,421.3,3.9,2.51,0.025,0.005,1.8
13,2022,11,9,0,12.5,8.21,9.07,421.8,4.9,2.42,0.025,0.005,1.8
13,2022,11,9,4,12.4,8.21,9.06,421.6,4.8,2.42,0.025,0.005,1.8
13,2022,11,9,8,12.4,8.21,9.06,421.7,3.4,2.44,0.025,0.005,1.8
13,2022,11,9,12,12.8,8.23,9.09,422.7,3.9,2.45,0.025,0.005,1.81
13,2022,11,9,16,12.9,8.23,9.18,421.5,4.6,2.49,0.025,0.005,1.81
13,2022,11,9,20,12.6,8.23,9.23,421.1,4.0,2.43,0.025,0.005,1.8
13,2022,11,10,0,12.5,8.21,9.11,422.3,5.9,2.43,0.025,0.005,1.84
13,2022,11,10,4,12.4,8.2,9.07,421.9,3.0,2.43,0.025,0.005,1.84
13,2022,11,10,8,12.4,8.2,9.02,422.1,3.3,2.44,0.025,0.005,1.83
13,2022,11,10,12,12.7,8.24,9.21,422.2,6.3,2.45,0.025,0.005,1.84
13,2022,11,10,16,13.2,8.24,9.29,420.7,4.4,2.54,0.025,0.005,1.82
13,2022,11,10,20,12.8,8.23,9.34,422.1,4.1,2.55,0.025,0.005,1.78
13,2022,11,11,0,12.7,8.22,9.24,421.2,6.0,2.51,0.025,0.005,1.8
13,2022,11,11,4,12.6,8.21,9.15,421.9,6.2,2.51,0.025,0.005,1.8
13,2022,11,11,8,12.6,8.21,9.14,417.1,3.3,2.43,0.025,0.005,1.84
13,2022,11,11,12,12.6,8.22,9.4,421.4,2.2,2.45,0.025,0.005,1.84
13,2022,11,11,16,12.6,8.22,9.36,420.7,2.6,2.53,0.025,0.005,1.81
13,2022,11,11,20,12.6,8.18,9.26,415.6,2.4,2.43,0.025,0.005,1.87
13,2022,11,12,0,12.6,8.18,9.19,417.9,3.4,2.43,0.025,0.005,1.84
13,2022,11,12,4,12.5,8.2,9.28,417.0,3.2,2.43,0.025,0.005,1.84
13,2022,11,12,8,12.3,8.2,9.23,419.6,3.2,2.65,0.025,0.005,1.83
13,2022,11,12,12,12.2,8.2,9.31,421.5,4.1,2.65,0.025,0.005,1.83
13,2022,11,12,16,12.1,8.2,9.3,421.6,4.6,2.65,0.025,0.005,1.84
13,2022,11,12,20,12.0,8.2,9.4,421.9,4.0,2.72,0.025,0.005,1.85
13,2022,11,13,0,11.8,8.21,9.52,422.3,4.0,2.66,0.025,0.005,1.84
13,2022,11,13,4,11.7,8.2,9.49,422.2,4.6,2.66,0.025,0.005,1.84
13,2022,11,13,8,11.6,8.21,9.54,422.5,4.5,2.65,0.025,0.005,1.84
13,2022,11,13,12,12.0,8.23,9.6,422.5,8.2,2.46,0.025,0.005,1.84
13,2022,11,13,16,12.0,8.24,9.65,421.0,4.5,2.73,0.025,0.005,1.85
13,2022,11,13,20,11.7,8.2,9.52,421.6,6.4,2.66,0.025,0.005,1.84
13,2022,11,14,0,11.6,8.2,9.43,422.2,3.8,2.67,0.025,0.005,1.85
13,2022,11,14,4,11.4,8.2,9.48,423.5,3.9,2.67,0.025,0.005,1.85
13,2022,11,14,8,11.4,8.2,9.4,423.1,3.8,2.46,0.025,0.005,1.84
13,2022,11,14,12,11.8,8.2,9.36,424.5,3.2,2.45,0.025,0.005,1.84
13,2022,11,14,16,12.0,8.18,9.29,422.6,2.6,2.45,0.025,0.005,1.85
13,2022,11,14,16,12.0,8.18,9.29,422.6,2.6,2.45,0.025,0.005,1.85
13,2022,11,14,20,11.6,8.19,9.46,422.8,3.1,2.52,0.025,0.005,1.84
13,2022,11,15,0,11.4,8.18,9.35,423.7,3.8,2.52,0.025,0.005,1.84
13,2022,11,15,4,11.3,8.18,9.3,424.6,5.2,2.62,0.025,0.005,1.83
13,2022,11,15,8,11.2,8.18,9.3,424.5,3.4,2.47,0.025,0.005,1.84
13,2022,11,15,12,11.8,8.19,9.36,424.5,4.1,2.44,0.025,0.005,1.84
13,2022,11,15,16,11.9,8.17,9.24,423.0,2.5,2.46,0.025,0.005,1.83
13,2022,11,16,12,11.6,8.18,9.26,424.3,2.8,2.46,0.025,0.005,1.84
13,2022,11,16,16,11.6,8.17,9.36,423.6,3.5,2.46,0.025,0.005,1.83
13,2022,11,16,20,11.4,8.17,9.24,424.2,2.8,2.5,0.025,0.005,1.84
13,2022,11,17,0,11.2,8.15,9.19,425.0,2.8,2.47,0.025,0.005,1.84
13,2022,11,17,4,11.1,8.16,9.21,423.8,3.4,2.59,0.025,0.005,1.83
13,2022,11,17,8,11.0,8.15,9.14,426.2,3.3,2.46,0.025,0.005,1.81
13,2022,11,17,12,11.5,8.15,9.22,426.5,3.0,2.47,0.025,0.005,1.83
13,2022,11,17,16,11.6,8.12,9.06,425.9,2.5,2.66,0.025,0.005,1.83
13,2022,11,17,20,11.4,8.13,9.08,425.8,2.8,2.42,0.025,0.005,1.85
13,2022,11,18,0,11.2,8.12,9.04,426.7,2.4,2.47,0.025,0.005,1.85
13,2022,11,18,4,11.0,8.13,9.07,426.5,2.8,2.52,0.025,0.005,1.84
13,2022,11,18,8,11.0,8.14,9.14,426.4,2.9,2.5,0.025,0.005,1.84
13,2022,11,18,12,11.2,8.14,9.21,426.4,3.0,2.47,0.025,0.005,1.85
13,2022,11,18,16,11.3,8.12,9.03,426.5,3.0,2.46,0.025,0.005,1.86
13,2022,11,18,20,11.2,8.13,9.08,427.0,3.2,2.46,0.025,0.005,1.84
13,2022,11,19,0,11.2,8.13,9.16,425.9,2.5,2.47,0.025,0.005,1.86
13,2022,11,19,4,11.1,8.13,9.08,425.5,2.6,2.44,0.025,0.005,1.84
13,2022,11,19,8,11.1,8.12,8.96,426.1,2.8,2.36,0.025,0.005,1.83
13,2022,11,19,12,11.4,8.18,9.53,424.4,3.0,2.47,0.025,0.005,1.81
13,2022,11,19,16,11.7,8.19,9.5,423.2,13.6,2.61,0.025,0.005,1.8
13,2022,11,19,20,11.4,8.17,9.54,423.9,9.7,2.41,0.025,0.005,1.83
13,2022,11,20,0,11.3,8.17,9.63,423.8,5.2,2.53,0.025,0.005,1.86
13,2022,11,20,4,11.2,8.16,9.24,424.8,2.3,2.46,0.025,0.005,1.85
13,2022,11,20,8,11.1,8.16,9.31,424.6,4.2,2.46,0.025,0.005,1.86
13,2022,11,20,12,11.1,8.15,9.29,424.8,4.7,2.46,0.025,0.005,1.84
13,2022,11,20,16,11.1,8.15,9.23,424.8,3.1,2.46,0.025,0.005,1.85
13,2022,11,20,20,11.1,8.14,9.13,425.3,2.6,2.45,0.025,0.005,1.84
13,2022,11,21,0,11.0,8.14,9.16,425.2,2.1,2.4,0.025,0.005,1.81
13,2022,11,21,4,11.0,8.13,9.07,425.4,2.3,2.4,0.025,0.005,1.81
13,2022,11,21,12,11.2,8.14,9.16,426.4,3.2,2.43,0.025,0.005,1.85
13,2022,11,21,16,11.2,8.14,9.21,424.3,5.5,2.46,0.025,0.005,1.84
13,2022,11,21,20,11.0,8.13,9.08,425.9,2.8,2.47,0.025,0.005,1.85
13,2022,11,22,0,11.0,8.13,9.09,425.8,2.6,2.47,0.025,0.005,1.85
13,2022,11,22,4,10.9,8.13,9.01,426.6,2.5,2.41,0.025,0.005,1.83
13,2022,11,22,8,10.9,8.12,8.98,425.9,3.9,2.25,0.025,0.005,1.84
13,2022,11,22,12,11.0,8.12,9.03,426.1,3.3,2.15,0.099,0.005,1.81
13,2022,11,22,16,11.0,8.14,9.02,426.1,3.3,2.18,0.025,0.005,1.82
13,2022,11,22,20,10.9,8.1,8.82,426.7,3.1,1.96,0.025,0.005,1.82
13,2022,11,23,0,10.9,8.1,8.78,426.1,4.8,1.96,0.025,0.005,1.82
13,2022,11,23,4,10.7,8.1,8.85,426.8,4.4,2.09,0.025,0.005,1.8
13,2022,11,23,8,10.7,8.1,8.85,427.3,4.4,2.19,0.025,0.005,1.81
13,2022,11,23,12,11.0,8.11,8.94,427.1,2.9,2.19,0.025,0.005,1.83
13,2022,11,23,16,11.1,8.11,8.94,426.2,3.2,2.12,0.025,0.005,1.83
13,2022,11,23,20,10.8,8.11,8.94,426.1,2.6,2.09,0.025,0.005,1.81
13,2022,11,24,0,10.7,8.08,8.79,426.7,4.1,2.09,0.025,0.005,1.81
13,2022,11,24,4,10.7,8.08,8.8,427.4,3.0,2.12,0.025,0.005,1.85
13,2022,11,24,8,10.6,8.08,8.74,427.4,4.1,2.15,0.025,0.005,1.84
13,2022,11,24,12,10.7,8.09,8.85,427.7,7.5,2.06,0.025,0.005,1.83
13,2022,11,24,16,10.7,8.09,8.78,427.4,2.4,2.06,0.025,0.005,1.82
13,2022,11,24,20,10.7,8.08,8.81,427.8,2.5,2.08,0.025,0.005,1.82
13,2022,11,25,0,10.7,8.07,8.71,427.8,6.5,2.08,0.025,0.005,1.82
13,2022,11,25,4,10.6,8.07,8.7,427.2,3.4,2.2,0.025,0.005,1.8
13,2022,11,25,8,10.6,8.07,8.72,427.1,2.7,2.11,0.025,0.005,1.8
13,2022,11,25,12,10.7,8.1,8.99,427.1,3.5,2.01,0.025,0.005,1.82
13,2022,11,25,12,10.7,8.1,8.99,427.1,3.5,2.01,0.025,0.005,1.82
13,2022,11,25,16,10.5,8.11,9.07,434.0,2.2,2.34,0.025,0.005,1.82
13,2022,11,25,20,10.3,8.12,9.06,435.4,2.7,2.19,0.025,0.005,1.83
13,2022,11,26,0,10.1,8.11,8.99,435.8,3.0,2.19,0.025,0.005,1.83
13,2022,11,26,4,10.0,8.11,9.02,436.2,4.0,2.03,0.025,0.005,1.84
13,2022,11,26,8,10.0,8.1,8.99,436.6,3.6,2.14,0.025,0.005,1.85
13,2022,11,26,12,10.0,8.13,9.13,436.9,3.2,2.18,0.025,0.005,1.85
13,2022,11,26,16,10.0,8.14,9.21,435.9,3.4,2.18,0.025,0.005,1.85
13,2022,11,28,8,9.6,8.1,9.07,438.4,2.1,2.15,0.025,0.005,1.84
13,2022,11,28,12,9.7,8.11,9.18,438.1,2.0,2.14,0.025,0.005,1.84
13,2022,11,28,16,9.7,8.12,9.26,438.0,2.2,2.15,0.025,0.005,1.83
13,2022,11,29,8,8.8,8.11,9.4,440.6,2.2,2.05,0.025,0.005,1.86
13,2022,11,29,12,8.8,8.14,9.53,440.2,2.7,2.05,0.025,0.005,1.86
13,2022,11,29,16,8.6,8.15,9.55,440.1,2.8,2.13,0.025,0.005,1.87
13,2022,11,29,16,8.6,8.15,9.55,440.1,2.8,2.13,0.025,0.005,1.87
13,2022,11,29,16,8.6,8.15,9.55,440.1,2.8,2.13,0.025,0.005,1.87
13,2022,11,29,20,8.3,8.14,9.52,440.5,3.0,2.13,0.025,0.005,1.84
13,2022,11,30,0,8.2,8.13,9.47,441.6,4.3,2.15,0.025,0.005,1.86
13,2022,11,30,4,8.3,8.07,9.25,444.0,2.6,2.15,0.025,0.005,1.86
13,2022,11,30,8,8.1,8.08,9.21,444.1,2.6,2.05,0.025,0.005,1.86
13,2022,11,30,12,8.4,8.09,9.33,443.9,2.2,2.16,0.025,0.005,1.86
13,2022,11,30,16,8.6,8.09,9.25,442.3,2.2,2.16,0.025,0.005,1.89
13,2022,11,30,20,8.2,8.09,9.34,443.8,2.3,2.31,0.025,0.005,1.89
13,2022,12,1,0,8.1,8.09,9.38,443.2,2.3,2.05,0.025,0.005,1.91
13,2022,12,1,4,7.9,8.09,9.28,443.7,2.2,2.05,0.025,0.005,1.91
13,2022,12,1,8,7.9,8.1,9.3,444.1,2.3,2.19,0.025,0.005,1.9
13,2022,12,1,12,8.1,8.08,9.29,444.4,2.1,2.09,0.025,0.005,1.87
13,2022,12,1,16,8.2,8.09,9.35,444.0,2.1,2.05,0.025,0.005,1.86
13,2022,12,1,20,8.1,8.07,9.12,443.9,2.0,2.18,0.025,0.005,1.87
13,2022,12,2,0,8.0,8.06,9.04,444.2,2.1,2.11,0.025,0.005,1.9
13,2022,12,2,4,7.8,8.06,9.07,444.6,2.0,2.11,0.025,0.005,1.9
13,2022,12,2,8,7.8,8.07,9.04,444.6,2.0,1.98,0.025,0.005,1.9
13,2022,12,2,12,8.0,8.07,9.18,444.0,1.8,2.14,0.025,0.005,1.93
13,2022,12,2,16,7.9,8.08,9.11,444.2,1.8,2.08,0.025,0.005,1.93
13,2022,12,2,20,7.9,8.05,9.03,444.2,1.8,2.15,0.025,0.005,1.92
13,2022,12,3,0,7.7,8.05,8.94,445.0,2.5,2.15,0.025,0.005,1.92
13,2022,12,3,4,7.6,8.05,9.0,445.0,2.3,2.08,0.025,0.005,1.9
13,2022,12,3,8,7.4,8.06,9.19,445.5,2.3,1.99,0.025,0.005,1.91
13,2022,12,3,12,7.5,8.08,9.21,445.7,2.0,1.97,0.025,0.005,1.91
13,2022,12,3,16,7.6,8.08,9.4,444.9,2.6,2.1,0.025,0.005,1.95
13,2022,12,3,20,7.4,7.96,9.48,447.5,2.8,2.14,0.025,0.005,1.91
13,2022,12,4,0,7.2,7.96,9.56,448.1,2.5,2.14,0.025,0.005,1.91
13,2022,12,4,4,6.9,7.96,9.49,448.2,2.4,2.14,0.025,0.005,1.91
13,2022,12,4,8,6.9,7.96,9.51,448.4,2.3,2.09,0.025,0.005,1.9
13,2022,12,4,12,7.3,7.97,9.6,448.8,2.3,2.13,0.025,0.005,1.9
13,2022,12,4,16,7.5,7.97,9.66,447.5,2.1,2.15,0.025,0.005,1.9
13,2022,12,4,20,7.2,7.97,9.6,448.6,2.0,2.17,0.025,0.005,1.85
13,2022,12,5,0,7.0,7.97,9.58,448.9,2.1,2.17,0.025,0.005,1.85
13,2022,12,5,4,7.0,7.97,9.51,448.6,2.2,2.06,0.025,0.005,1.88
13,2022,12,5,8,6.7,7.98,9.66,449.2,2.4,2.07,0.025,0.005,1.88
13,2022,12,5,12,7.0,7.99,9.67,448.5,2.6,2.03,0.025,0.005,1.91
13,2022,12,5,16,7.1,7.99,9.71,448.4,2.0,2.21,0.025,0.005,1.88
13,2022,12,5,20,7.0,7.98,9.94,449.6,2.2,2.03,0.025,0.005,1.87
13,2022,12,6,0,6.9,7.97,9.48,448.7,2.2,2.03,0.025,0.005,1.87
13,2022,12,6,4,6.8,7.97,9.54,449.0,2.2,2.13,0.025,0.005,1.89
13,2022,12,6,8,6.7,7.97,9.5,449.3,2.2,1.99,0.025,0.005,1.91
13,2022,12,6,12,7.0,7.97,9.53,449.0,2.1,2.14,0.025,0.005,1.92
13,2022,12,6,16,7.2,7.97,9.51,446.8,2.2,2.13,0.025,0.005,1.9
13,2022,12,6,20,7.0,7.96,9.47,448.2,2.1,2.22,0.025,0.005,1.88
13,2022,12,7,0,6.9,7.96,9.42,448.2,1.9,2.22,0.025,0.005,1.88
13,2022,12,7,4,6.8,7.97,9.51,448.8,2.1,2.03,0.025,0.005,1.91
13,2022,12,7,8,6.7,7.97,9.47,449.3,2.6,2.09,0.025,0.005,1.9
13,2022,12,7,12,6.8,7.98,9.64,448.8,2.4,2.12,0.025,0.005,1.9
13,2022,12,7,16,6.7,7.99,9.68,448.9,2.2,2.12,0.025,0.005,1.91
13,2022,12,7,20,6.7,7.98,9.61,449.4,2.3,2.07,0.025,0.005,1.92
13,2022,12,8,0,6.6,7.99,9.69,449.6,2.2,2.07,0.025,0.005,1.92
13,2022,12,8,4,6.6,7.99,9.71,449.8,2.2,2.06,0.025,0.005,1.9
13,2022,12,8,8,6.5,7.99,9.7,450.0,2.2,2.18,0.025,0.005,1.87
13,2022,12,8,12,6.7,8.01,9.86,449.7,2.2,2.17,0.025,0.005,1.89
13,2022,12,8,16,6.7,8.01,9.89,448.8,2.1,2.06,0.025,0.005,1.88
13,2022,12,8,20,6.6,8.01,9.92,450.0,2.0,2.07,0.025,0.005,1.9
13,2022,12,9,0,6.5,8.01,9.9,450.3,2.2,2.07,0.025,0.005,1.9
13,2022,12,9,4,6.3,8.01,9.83,451.0,2.1,2.07,0.025,0.005,1.89
13,2022,12,9,8,6.2,8.01,9.89,450.8,2.1,2.12,0.025,0.005,1.88
13,2022,12,9,12,6.4,8.02,9.95,450.6,2.0,2.05,0.025,0.005,1.88
13,2022,12,9,16,6.6,8.02,9.94,450.1,1.9,2.08,0.025,0.005,1.88
13,2022,12,9,20,6.5,8.02,9.94,450.3,2.4,2.02,0.025,0.005,1.88
13,2022,12,10,0,6.4,8.01,9.86,450.2,2.0,2.02,0.025,0.005,1.88
13,2022,12,10,4,6.2,8.02,9.88,451.1,2.0,2.07,0.025,0.005,1.9
13,2022,12,10,8,6.1,8.02,9.91,451.6,2.1,2.16,0.025,0.005,1.9
13,2022,12,10,12,6.4,8.01,9.89,451.0,2.2,2.08,0.025,0.005,1.9
13,2022,12,10,16,6.5,7.99,9.7,448.9,1.9,2.05,0.025,0.005,1.92
13,2022,12,10,20,6.3,7.99,9.76,450.4,2.1,2.21,0.025,0.005,1.9
13,2022,12,11,0,6.1,8.0,9.8,450.9,1.9,2.21,0.025,0.005,1.9
13,2022,12,11,4,5.9,8.01,9.86,451.5,2.0,2.11,0.025,0.005,1.89
13,2022,12,11,8,5.8,8.02,9.91,451.6,2.2,2.13,0.025,0.005,1.91
13,2022,12,11,12,6.0,8.02,10.5,451.3,3.2,2.16,0.025,0.005,1.9
13,2022,12,11,16,6.1,8.05,10.49,451.7,2.4,2.18,0.025,0.005,1.9
13,2022,12,11,20,5.9,8.05,10.44,451.8,2.3,2.22,0.025,0.005,1.89
13,2022,12,12,0,5.9,8.04,10.32,452.0,2.2,2.22,0.025,0.005,1.89
13,2022,12,12,4,5.8,8.03,10.32,452.4,2.4,2.24,0.025,0.005,1.87
13,2022,12,12,8,5.7,8.04,10.34,452.2,2.1,2.27,0.025,0.005,1.9
13,2022,12,12,12,5.7,8.05,10.47,452.4,2.2,2.52,0.025,0.005,1.87
13,2022,12,12,16,5.7,8.05,10.43,452.3,2.1,2.16,0.025,0.005,1.92
13,2022,12,12,20,5.6,8.04,10.38,452.7,2.1,2.32,0.025,0.005,1.92
13,2022,12,13,0,5.6,8.04,10.38,452.6,2.2,2.32,0.025,0.005,1.92
13,2022,12,13,4,5.4,8.05,10.34,454.2,2.2,2.29,0.025,0.005,1.89
13,2022,12,13,8,5.2,8.06,10.56,454.2,2.2,2.42,0.025,0.005,1.88
13,2022,12,13,12,5.3,8.07,10.58,454.3,2.3,2.61,0.025,0.005,1.9
13,2022,12,13,16,5.1,8.08,10.61,453.5,2.6,2.45,0.025,0.005,1.9
13,2022,12,13,20,5.1,8.07,10.58,454.9,2.1,2.52,0.025,0.005,1.91
13,2022,12,14,0,5.2,8.07,10.52,454.9,2.0,2.52,0.025,0.005,1.91
13,2022,12,14,4,5.2,8.06,10.46,454.7,2.1,2.41,0.025,0.005,1.89
13,2022,12,14,8,5.1,8.07,10.49,454.8,2.0,2.27,0.025,0.005,1.89
13,2022,12,14,12,5.4,8.08,10.65,454.2,2.2,2.22,0.025,0.005,1.89
13,2022,12,14,16,5.2,8.09,10.77,454.5,1.9,2.44,0.025,0.005,1.9
13,2022,12,14,20,5.2,8.06,10.57,454.5,1.8,2.4,0.025,0.005,1.9
13,2022,12,15,0,5.1,8.07,10.52,454.9,2.0,2.4,0.025,0.005,1.9
13,2022,12,15,4,5.0,8.06,10.47,454.8,2.0,2.29,0.025,0.005,1.89
13,2022,12,15,8,4.9,8.06,10.48,455.2,2.0,2.3,0.025,0.005,1.92
13,2022,12,15,12,4.8,8.08,10.69,455.2,2.3,2.43,0.025,0.005,1.9
13,2022,12,15,16,4.7,8.07,10.62,456.4,2.3,2.46,0.025,0.005,1.93
13,2022,12,15,20,4.5,8.08,10.69,456.8,2.1,2.45,0.025,0.005,1.91
13,2022,12,16,0,4.3,8.09,10.71,457.7,2.1,2.45,0.025,0.005,1.91
13,2022,12,16,4,4.2,8.09,10.86,457.9,2.2,2.35,0.025,0.005,1.91
13,2022,12,16,8,4.3,8.1,10.8,457.2,2.2,2.23,0.025,0.005,1.86
13,2022,12,16,12,4.5,8.1,10.9,456.1,2.4,2.3,0.025,0.005,1.88
13,2022,12,16,16,4.6,8.1,10.87,456.9,2.1,2.3,0.025,0.005,1.9
13,2022,12,16,20,4.5,8.1,10.87,456.4,2.1,2.31,0.025,0.005,1.9
13,2022,12,17,0,3.9,8.11,10.99,458.6,2.3,2.31,0.025,0.005,1.9
13,2022,12,17,4,3.6,8.12,10.98,459.5,2.1,2.39,0.025,0.005,1.88
13,2022,12,17,8,3.4,8.12,10.97,459.8,2.1,4.55,0.025,0.005,1.9
13,2022,12,17,12,3.6,8.13,11.07,459.7,2.0,3.18,0.025,0.005,1.89
13,2022,12,17,16,3.3,8.15,11.22,459.9,1.9,2.84,0.025,0.005,1.9
13,2022,12,17,20,3.2,8.14,11.13,461.4,2.0,3.21,0.025,0.005,1.9
13,2022,12,18,0,3.2,8.14,11.04,461.4,1.9,3.21,0.025,0.005,1.9
13,2022,12,18,4,3.3,8.13,11.04,461.3,2.9,3.16,0.025,0.005,1.89
13,2022,12,18,8,3.2,8.13,10.99,461.5,1.8,3.64,0.025,0.005,1.89
13,2022,12,18,12,3.4,8.13,11.24,457.4,2.3,2.49,0.025,0.005,1.87
13,2022,12,18,16,2.8,8.17,11.61,464.8,5.3,2.03,0.025,0.005,1.88
13,2022,12,18,20,2.8,8.14,11.29,465.6,2.0,2.87,0.025,0.005,1.89
13,2022,12,19,0,2.3,8.16,11.63,469.5,1.7,2.87,0.025,0.005,1.89
13,2022,12,19,4,2.9,8.13,11.11,465.8,1.8,2.02,0.025,0.005,1.92
13,2022,12,19,8,2.8,8.13,11.41,464.4,3.2,2.13,0.025,0.005,1.89
13,2022,12,19,12,2.9,8.15,11.59,465.3,3.0,2.04,0.025,0.005,1.9
13,2022,12,19,16,3.0,8.16,11.66,463.1,2.6,2.03,0.025,0.005,1.9
13,2022,12,19,20,2.6,8.17,11.57,466.3,4.2,2.03,0.025,0.005,1.92
13,2022,12,20,0,2.3,8.16,11.76,464.4,2.5,2.03,0.025,0.005,1.92
13,2022,12,20,4,1.9,8.16,11.72,470.6,3.9,2.04,0.025,0.005,1.85
13,2022,12,20,8,1.6,8.17,11.66,471.1,1.6,2.01,0.025,0.005,1.94
13,2022,12,20,12,2.1,8.17,11.66,467.9,3.4,2.45,0.025,0.005,1.88
13,2022,12,20,16,2.3,8.17,11.6,467.1,1.4,2.28,0.025,0.005,1.88
13,2022,12,20,20,2.8,8.17,11.53,465.6,1.6,2.06,0.025,0.005,1.89
13,2022,12,21,0,2.6,8.15,11.48,465.4,2.4,2.06,0.025,0.005,1.89
13,2022,12,21,4,2.2,8.16,11.54,469.7,1.6,2.03,0.025,0.005,1.92
13,2022,12,21,8,2.3,8.16,11.4,469.5,1.9,2.04,0.025,0.005,1.92
13,2022,12,21,12,3.0,8.15,11.2,464.0,1.7,2.07,0.025,0.005,1.88
13,2022,12,21,16,2.9,8.15,11.38,464.0,1.8,2.04,0.025,0.005,1.92
13,2022,12,21,20,3.0,8.15,11.34,464.4,1.8,2.06,0.025,0.005,1.88
13,2022,12,22,0,2.7,8.15,11.26,465.3,2.2,2.06,0.025,0.005,1.88
13,2022,12,22,4,1.9,8.16,11.43,467.1,2.7,2.01,0.025,0.005,1.91
13,2022,12,22,8,2.3,8.16,11.26,467.4,1.8,2.0,0.025,0.005,1.9
13,2022,12,22,8,2.3,8.16,11.26,467.4,1.8,2.0,0.025,0.005,1.9
13,2022,12,22,12,2.6,8.16,11.36,465.9,2.1,2.06,0.025,0.005,1.92
13,2022,12,22,12,2.6,8.16,11.36,465.9,2.1,2.06,0.025,0.005,1.92
13,2022,12,22,16,2.7,8.16,11.37,464.7,2.0,2.08,0.025,0.005,1.89
13,2022,12,22,20,2.6,8.17,11.31,465.9,2.2,2.06,0.025,0.005,1.91
13,2022,12,23,0,2.4,8.17,11.35,467.2,1.8,2.06,0.025,0.005,1.91
13,2022,12,23,4,2.3,8.16,11.42,468.0,2.7,2.07,0.025,0.005,1.93
13,2022,12,23,8,2.3,8.17,11.4,467.8,2.1,1.99,0.025,0.005,1.91
13,2022,12,23,12,2.4,8.18,11.48,467.1,2.4,2.07,0.025,0.005,1.9
13,2022,12,23,16,2.4,8.19,11.55,466.4,2.7,2.15,0.025,0.005,1.89
13,2022,12,23,20,2.2,8.19,11.58,467.8,2.2,2.13,0.025,0.005,1.92
13,2022,12,24,0,2.2,8.18,11.55,468.2,1.8,2.13,0.025,0.005,1.92
13,2022,12,24,4,2.0,8.19,11.65,469.2,3.1,2.06,0.025,0.005,1.91
13,2022,12,24,8,1.8,8.2,11.7,471.0,3.0,2.0,0.025,0.005,1.92
13,2022,12,24,12,2.0,8.2,11.77,469.6,3.5,2.09,0.025,0.005,1.9
13,2022,12,24,16,2.2,8.21,11.77,468.3,2.8,2.11,0.025,0.005,1.92
13,2022,12,24,20,1.6,8.22,11.99,470.8,8.8,2.12,0.025,0.005,1.95
13,2022,12,25,0,2.0,8.2,11.64,469.5,2.7,2.12,0.025,0.005,1.95
13,2022,12,25,4,1.6,8.21,11.74,469.9,3.8,2.09,0.025,0.005,1.93
13,2022,12,25,8,2.0,8.19,11.57,469.6,2.1,2.06,0.025,0.005,1.89
13,2022,12,25,12,2.1,8.2,11.7,469.4,2.4,2.07,0.025,0.005,1.89
13,2022,12,25,16,1.9,8.22,11.84,469.7,3.9,2.08,0.025,0.005,1.91
13,2022,12,25,20,1.6,8.24,12.23,472.2,8.7,2.1,0.025,0.005,1.96
13,2022,12,26,0,1.3,8.22,11.85,473.9,2.5,2.1,0.025,0.005,1.96
13,2022,12,26,4,1.0,8.22,11.85,476.0,2.3,2.15,0.025,0.005,1.89
13,2022,12,26,8,1.1,8.22,11.85,474.9,1.9,2.1,0.025,0.005,1.88
13,2022,12,26,12,1.2,8.21,12.18,473.2,2.3,2.05,0.025,0.005,1.88
13,2022,12,26,16,1.3,8.23,12.18,473.5,1.8,2.03,0.025,0.005,1.9
13,2022,12,26,20,1.6,8.23,12.13,473.8,3.0,2.05,0.025,0.005,1.93
13,2022,12,27,0,1.4,8.23,12.32,476.2,1.9,2.05,0.025,0.005,1.93
13,2022,12,27,4,1.6,8.22,12.0,474.9,2.8,2.09,0.025,0.005,1.94
13,2022,12,27,8,1.5,8.22,12.27,480.6,2.2,2.11,0.025,0.005,1.95
13,2022,12,27,12,1.9,8.22,11.87,468.9,1.9,2.14,0.025,0.005,1.9
13,2022,12,27,16,1.1,8.23,11.88,467.7,2.0,2.11,0.025,0.005,1.89
13,2022,12,27,20,1.2,8.23,12.1,473.1,1.9,2.1,0.025,0.005,1.89
13,2022,12,28,0,0.8,8.23,12.17,472.5,1.9,2.1,0.025,0.005,1.89
13,2022,12,28,4,0.6,8.23,12.29,473.6,2.0,2.07,0.025,0.005,1.9
13,2022,12,28,8,0.6,8.23,12.34,473.7,4.5,2.09,0.025,0.005,1.89
13,2022,12,28,12,1.1,8.24,12.26,472.8,1.8,2.36,0.025,0.005,1.9
13,2022,12,28,16,1.1,8.24,12.14,468.7,2.0,2.07,0.025,0.005,1.89
13,2022,12,28,20,1.4,8.23,12.24,472.6,1.6,2.07,0.025,0.005,1.88
13,2022,12,29,0,0.9,8.24,12.46,484.6,1.4,2.07,0.025,0.005,1.88
13,2022,12,29,4,1.1,8.23,12.18,477.2,1.6,2.03,0.025,0.005,1.92
13,2022,12,29,8,1.2,8.23,12.12,480.0,1.8,1.99,0.025,0.005,1.92
13,2022,12,29,12,1.5,8.23,12.0,470.7,1.4,2.05,0.025,0.005,1.86
13,2022,12,29,16,1.2,8.24,12.06,469.9,1.8,2.07,0.025,0.005,1.84
13,2022,12,29,20,1.1,8.24,12.17,475.0,1.8,2.07,0.025,0.005,1.86
13,2022,12,30,0,1.1,8.24,12.17,477.5,1.3,2.07,0.025,0.005,1.86
13,2022,12,30,4,0.9,8.24,12.35,484.3,1.3,2.32,0.025,0.005,1.88
13,2022,12,30,8,0.8,8.24,12.51,491.0,2.1,2.21,0.025,0.005,1.92
13,2022,12,30,12,1.3,8.24,12.4,482.0,1.3,2.19,0.025,0.005,1.86
13,2022,12,30,16,1.5,8.24,12.24,472.8,1.8,2.23,0.025,0.005,1.83
13,2022,12,30,20,1.3,8.24,12.24,475.5,2.0,2.28,0.025,0.005,1.84
13,2022,12,31,0,1.2,8.24,12.26,481.2,1.1,2.28,0.025,0.005,1.84
13,2022,12,31,4,1.2,8.24,12.41,484.6,1.2,2.14,0.025,0.005,1.92
13,2022,12,31,8,1.1,8.24,12.46,486.7,1.5,2.2,0.025,0.005,1.89
13,2022,12,31,12,1.6,8.25,12.32,477.7,2.3,2.18,0.025,0.005,1.87
13,2022,12,31,16,1.6,8.25,12.21,474.1,1.3,2.18,0.025,0.005,1.84
13,2022,12,31,20,1.5,8.25,12.26,475.2,1.4,2.39,0.025,0.005,1.86
13,2023,1,1,0,1.4,8.25,12.28,480.1,1.1,2.39,0.025,0.005,1.86
13,2023,1,1,4,1.2,8.25,12.37,487.1,1.0,2.3,0.025,0.005,1.92
13,2023,1,1,8,1.3,8.24,12.33,483.5,1.1,2.19,0.025,0.005,1.9
13,2023,1,1,12,1.7,8.25,12.4,481.1,1.2,2.16,0.025,0.005,1.88
13,2023,1,1,16,1.8,8.24,12.14,472.2,1.2,2.13,0.025,0.005,1.84
13,2023,1,1,20,1.5,8.24,12.16,476.1,1.0,2.16,0.025,0.005,1.86
13,2023,1,2,0,1.5,8.24,12.15,476.4,1.2,2.16,0.025,0.005,1.86
13,2023,1,2,4,1.4,8.24,12.27,481.4,2.5,2.13,0.025,0.005,1.88
13,2023,1,2,8,1.6,8.24,12.19,475.2,1.6,2.09,0.025,0.005,1.86
13,2023,1,2,12,1.7,8.23,11.96,470.3,2.3,2.08,0.025,0.005,1.84
13,2023,1,2,16,1.7,8.24,12.03,470.0,1.4,2.25,0.025,0.005,1.84
13,2023,1,2,20,1.6,8.24,12.06,473.3,1.3,2.27,0.025,0.005,1.84
13,2023,1,3,0,1.3,8.24,12.22,479.8,1.0,2.27,0.025,0.005,1.84
13,2023,1,3,4,1.4,8.23,11.99,474.2,2.9,2.13,0.025,0.005,1.85
13,2023,1,3,8,1.2,8.23,12.02,474.5,2.8,2.13,0.025,0.005,1.85
13,2023,1,3,12,1.5,8.24,12.08,471.6,1.8,2.12,0.025,0.005,1.86
13,2023,1,3,16,1.6,8.24,12.01,469.1,1.8,2.15,0.025,0.005,1.85
13,2023,1,3,20,1.3,8.24,12.06,473.5,1.8,2.19,0.025,0.005,1.83
13,2023,1,4,0,1.2,8.24,12.22,479.1,3.4,2.19,0.025,0.005,1.83
13,2023,1,4,4,1.2,8.24,12.25,481.8,2.7,2.14,0.025,0.005,1.9
13,2023,1,4,8,1.0,8.24,12.48,490.3,1.2,2.2,0.025,0.005,1.9
13,2023,1,4,12,1.7,8.24,12.31,471.7,1.0,2.16,0.025,0.005,1.89
13,2023,1,4,16,1.6,8.25,12.15,471.0,1.2,2.13,0.025,0.005,1.86
13,2023,1,4,20,1.2,8.25,12.16,476.3,0.9,2.16,0.025,0.005,1.85
13,2023,1,5,0,1.2,8.25,12.28,482.6,1.2,2.16,0.025,0.005,1.85
13,2023,1,5,4,1.1,8.25,12.46,488.2,0.9,2.12,0.025,0.005,1.89
13,2023,1,5,8,0.8,8.25,12.63,499.9,1.0,2.23,0.025,0.005,1.93
13,2023,1,5,12,1.2,8.25,12.64,493.7,0.8,2.18,0.025,0.005,1.92
13,2023,1,5,16,1.5,8.26,12.44,484.8,1.4,2.18,0.025,0.005,1.89
13,2023,1,5,20,1.4,8.26,12.38,482.6,1.4,2.17,0.025,0.005,1.88
13,2023,1,6,0,1.3,8.26,12.44,484.2,1.0,2.14,0.025,0.005,1.92
13,2023,1,6,4,1.1,8.26,12.52,488.7,0.9,2.28,0.025,0.005,1.9
13,2023,1,6,8,1.1,8.26,12.5,489.3,1.2,2.21,0.025,0.005,1.89
13,2023,1,6,12,1.5,8.26,12.6,489.2,1.1,2.21,0.025,0.005,1.9
13,2023,1,6,16,1.5,8.26,12.52,485.6,1.2,2.25,0.025,0.005,1.89
13,2023,1,6,20,1.4,8.26,12.35,484.0,0.9,2.62,0.025,0.005,1.88
13,2023,1,7,0,1.2,8.26,12.41,485.8,1.3,2.2,0.025,0.005,1.89
13,2023,1,7,4,1.2,8.26,12.37,485.2,1.2,2.27,0.025,0.005,1.9
13,2023,1,7,8,1.0,8.26,12.47,490.7,1.3,2.22,0.025,0.005,1.92
13,2023,1,7,12,1.2,8.27,12.48,487.3,1.1,2.16,0.025,0.005,1.88
13,2023,1,7,16,1.3,8.27,12.19,474.2,1.1,2.18,0.025,0.005,1.85
13,2023,1,7,20,1.2,8.27,12.18,473.7,1.2,2.11,0.025,0.005,1.85
13,2023,1,8,0,1.2,8.27,12.22,475.2,1.1,2.17,0.025,0.005,1.86
13,2023,1,8,4,1.1,8.27,12.2,476.1,1.2,2.18,0.025,0.005,1.86
13,2023,1,8,8,1.0,8.27,12.33,480.0,1.2,2.25,0.025,0.005,1.87
13,2023,1,8,12,1.4,8.28,12.36,476.9,1.4,2.19,0.025,0.005,1.88
13,2023,1,8,16,1.5,8.29,12.3,472.9,1.4,2.23,0.025,0.005,1.84
13,2023,1,8,20,1.4,8.28,12.25,473.3,5.5,2.19,0.025,0.005,1.84
13,2023,1,9,0,1.4,8.28,12.32,475.1,1.8,2.17,0.025,0.005,1.84
13,2023,1,9,4,1.3,8.28,12.28,474.6,2.0,2.4,0.025,0.005,1.86
13,2023,1,9,8,1.1,8.28,12.32,479.1,1.4,2.21,0.025,0.005,1.86
13,2023,1,9,12,1.5,8.28,12.39,476.6,1.6,2.08,0.025,0.005,1.85
13,2023,1,9,16,1.4,8.29,12.34,474.1,1.2,2.13,0.025,0.005,1.85
13,2023,1,9,20,1.3,8.3,12.28,473.1,1.1,2.19,0.025,0.005,1.85
13,2023,1,10,4,1.1,8.29,12.43,480.8,1.7,2.16,0.025,0.005,1.84
13,2023,1,10,8,1.1,8.29,12.52,484.9,1.2,2.16,0.025,0.005,1.86
13,2023,1,10,12,1.4,8.3,12.57,482.4,0.9,2.19,0.025,0.005,1.89
13,2023,1,10,16,1.5,8.3,12.52,479.0,3.4,2.11,0.025,0.005,1.87
13,2023,1,10,16,1.5,8.3,12.52,479.0,3.4,2.11,0.025,0.005,1.87
13,2023,1,10,20,1.3,8.3,12.46,479.4,1.0,2.03,0.025,0.005,1.87
13,2023,1,11,0,1.2,8.3,12.48,482.3,1.2,2.15,0.025,0.005,1.85
13,2023,1,11,4,1.2,8.3,12.6,484.8,1.3,2.14,0.025,0.005,1.87
13,2023,1,11,8,1.2,8.3,12.64,487.6,1.2,2.27,0.025,0.005,1.9
13,2023,1,11,12,1.4,8.31,12.68,484.1,1.0,2.16,0.025,0.005,1.9
13,2023,1,11,16,1.4,8.31,12.62,483.6,1.5,2.17,0.025,0.005,1.89
13,2023,1,11,20,1.3,8.31,12.59,484.8,1.4,2.15,0.025,0.005,1.87
13,2023,1,12,0,1.2,8.31,12.58,486.0,1.1,2.12,0.025,0.005,1.87
13,2023,1,12,4,1.2,8.3,12.52,483.9,2.6,2.12,0.025,0.005,1.87
13,2023,1,12,8,1.2,8.3,12.48,484.1,1.3,2.09,0.025,0.005,1.88
13,2023,1,12,12,1.3,8.3,12.6,481.2,1.0,2.12,0.025,0.005,1.88
13,2023,1,12,16,1.1,8.31,12.57,482.4,0.9,2.25,0.025,0.005,1.89
13,2023,1,12,20,1.1,8.31,12.56,481.3,1.0,2.2,0.025,0.005,1.86
13,2023,1,13,0,1.0,8.31,12.44,481.6,0.9,2.2,0.025,0.005,1.87
13,2023,1,13,4,1.0,8.31,12.32,478.2,2.4,2.2,0.025,0.005,1.87
13,2023,1,13,8,0.9,8.3,12.28,476.6,0.9,2.16,0.025,0.005,1.86
13,2023,1,13,12,1.0,8.31,12.33,473.0,0.7,2.13,0.025,0.005,1.82
13,2023,1,13,16,0.9,8.31,12.44,475.3,2.1,2.14,0.025,0.005,1.83
13,2023,1,13,20,0.8,8.3,12.3,477.1,1.0,2.2,0.025,0.005,1.85
13,2023,1,14,0,0.8,8.3,12.47,475.4,1.1,2.19,0.025,0.005,1.85
13,2023,1,14,4,0.9,8.31,12.26,476.6,3.2,2.19,0.025,0.005,1.85
13,2023,1,14,8,0.9,8.3,12.43,475.7,1.0,2.21,0.025,0.005,1.85
13,2023,1,14,12,1.0,8.31,12.55,476.5,1.0,2.18,0.025,0.005,1.86
13,2023,1,14,16,1.0,8.32,12.6,478.1,0.8,2.2,0.025,0.005,1.86
13,2023,1,14,20,1.0,8.32,12.63,479.0,6.0,2.24,0.025,0.005,1.86
13,2023,1,15,0,1.0,8.32,12.48,478.1,1.1,2.2,0.025,0.005,1.87
13,2023,1,15,4,0.9,8.31,12.63,483.9,1.0,2.2,0.025,0.005,1.87
13,2023,1,15,8,0.9,8.32,12.62,483.1,1.6,2.15,0.025,0.005,1.87
13,2023,1,15,12,1.2,8.32,12.6,478.6,1.6,2.25,0.025,0.005,1.88
13,2023,1,15,16,1.0,8.31,12.57,480.4,0.9,2.26,0.025,0.005,1.87
13,2023,1,15,20,0.9,8.3,12.48,483.9,0.8,2.26,0.025,0.005,1.87
13,2023,1,16,0,0.9,8.3,12.6,485.9,1.1,2.26,0.025,0.005,1.88
13,2023,1,16,4,0.8,8.29,12.62,486.2,1.0,2.26,0.025,0.005,1.88
13,2023,1,16,8,0.8,8.29,12.65,489.8,2.8,2.28,0.025,0.005,1.9
13,2023,1,16,12,1.0,8.3,12.71,490.5,1.0,2.26,0.025,0.005,1.9
13,2023,1,16,16,0.9,8.31,12.64,489.8,1.0,2.25,0.025,0.005,1.89
13,2023,1,16,20,0.9,8.3,12.52,481.0,1.3,2.3,0.025,0.005,1.9
13,2023,1,17,0,0.8,8.3,12.51,484.4,2.0,2.28,0.025,0.005,1.87
13,2023,1,17,4,0.8,8.3,12.62,487.6,1.9,2.28,0.025,0.005,1.87
13,2023,1,17,8,0.8,8.3,12.69,490.0,1.1,2.3,0.025,0.005,1.89
13,2023,1,17,12,1.0,8.31,12.8,489.5,1.1,2.29,0.025,0.005,1.9
13,2023,1,17,16,1.0,8.32,12.76,486.6,0.9,2.37,0.025,0.005,1.9
13,2023,1,17,20,0.8,8.3,12.52,480.7,1.4,2.35,0.025,0.005,1.89
13,2023,1,18,0,0.9,8.3,12.49,479.6,1.6,2.19,0.025,0.005,1.87
13,2023,1,18,4,0.9,8.3,12.42,482.7,1.3,2.19,0.025,0.005,1.87
13,2023,1,18,8,0.8,8.3,12.55,486.5,2.4,2.21,0.025,0.005,1.86
13,2023,1,18,12,1.0,8.31,12.58,483.0,1.0,2.2,0.025,0.005,1.89
13,2023,1,18,16,1.0,8.31,12.55,482.7,1.1,2.22,0.025,0.005,1.87
13,2023,1,18,20,0.8,8.31,12.64,487.7,1.2,2.25,0.025,0.005,1.85
13,2023,1,19,0,0.8,8.31,12.63,489.0,1.1,2.27,0.025,0.005,1.89
13,2023,1,19,4,0.8,8.3,12.64,490.5,0.9,2.27,0.025,0.005,1.89
13,2023,1,19,8,0.8,8.31,12.68,492.3,1.0,2.19,0.025,0.005,1.91
13,2023,1,19,12,1.0,8.32,12.69,489.6,1.0,2.23,0.025,0.005,1.91
13,2023,1,28,8,1.0,8.36,13.0,498.7,1.2,2.39,0.025,0.005,1.95
13,2023,1,28,12,1.3,8.36,13.05,495.7,1.8,2.27,0.025,0.005,1.91
13,2023,1,28,16,1.4,8.36,12.92,491.9,1.1,2.3,0.025,0.005,1.91
13,2023,1,28,20,1.4,8.36,12.87,490.2,1.2,2.49,0.025,0.005,1.91
13,2023,1,29,0,1.2,8.36,12.86,492.6,1.4,2.49,0.025,0.005,1.91
13,2023,1,29,4,1.1,8.34,12.83,496.8,1.2,2.34,0.025,0.005,1.95
13,2023,1,29,8,1.1,8.33,12.84,500.3,1.1,2.35,0.025,0.005,1.94
13,2023,1,29,12,1.6,8.31,12.71,481.7,1.1,2.02,0.025,0.005,1.94
13,2023,1,29,16,1.4,8.32,12.82,496.3,1.0,1.98,0.025,0.005,1.97
13,2023,1,29,20,1.3,8.32,12.74,494.0,0.9,2.14,0.025,0.005,1.92
13,2023,1,30,4,1.1,8.32,12.68,493.8,1.2,2.22,0.025,0.005,1.97
13,2023,1,30,8,1.1,8.31,12.57,494.8,1.4,2.18,0.025,0.005,1.92
13,2023,1,30,12,1.4,8.32,12.6,490.6,0.8,2.1,0.025,0.005,1.9
13,2023,1,30,16,1.5,8.32,12.56,488.5,0.9,2.14,0.025,0.005,1.91
13,2023,1,30,20,1.4,8.32,12.54,486.9,0.8,2.06,0.025,0.005,1.91
13,2023,1,31,0,1.3,8.32,12.5,486.0,1.2,2.06,0.025,0.005,1.91
13,2023,1,31,4,1.2,8.32,12.48,486.7,0.8,2.06,0.025,0.005,1.92
13,2023,1,31,8,1.1,8.32,12.54,489.4,0.8,2.14,0.025,0.005,1.89
13,2023,1,31,12,1.4,8.32,12.58,490.8,0.8,2.08,0.025,0.005,1.91
13,2023,1,31,16,1.6,8.32,12.53,485.7,0.9,2.17,0.025,0.005,1.91
13,2023,1,31,20,1.4,8.32,12.56,488.8,0.9,1.98,0.025,0.005,1.93
13,2023,2,1,0,1.2,8.31,12.48,487.4,0.8,1.98,0.025,0.005,1.93
13,2023,2,1,4,1.1,8.31,12.56,487.9,0.8,2.07,0.025,0.005,1.89
13,2023,2,1,8,1.1,8.31,12.56,487.9,0.8,2.04,0.025,0.005,1.93
13,2023,2,1,12,1.4,8.31,12.58,489.2,0.6,1.99,0.025,0.005,1.88
13,2023,2,1,16,1.5,8.31,12.55,486.6,0.6,2.05,0.025,0.005,1.9
13,2023,2,1,20,1.2,8.31,12.45,489.1,0.7,2.11,0.025,0.005,1.92
13,2023,2,2,0,1.2,8.31,12.54,489.3,1.4,2.11,0.025,0.005,1.92
13,2023,2,2,4,1.1,8.31,12.62,492.5,0.8,2.03,0.025,0.005,1.92
13,2023,2,2,8,1.0,8.31,12.64,495.6,1.0,2.09,0.025,0.005,1.93
13,2023,2,2,12,1.2,8.32,12.61,493.1,0.6,2.08,0.025,0.005,1.96
13,2023,2,2,16,1.4,8.31,12.59,490.3,0.7,2.1,0.025,0.005,1.94
13,2023,2,2,20,1.1,8.31,12.6,492.5,2.0,2.06,0.025,0.005,1.94
13,2023,2,3,0,1.0,8.31,12.65,496.6,1.1,2.06,0.025,0.005,1.94
13,2023,2,3,4,1.0,8.31,12.63,497.9,1.2,2.15,0.025,0.005,1.92
13,2023,2,3,8,0.9,8.31,12.69,499.4,1.1,2.1,0.025,0.005,1.95
13,2023,2,3,12,1.4,8.31,12.58,495.2,0.9,2.05,0.025,0.005,1.94
13,2023,2,3,16,1.5,8.31,12.48,489.8,0.6,2.14,0.025,0.005,1.9
13,2023,2,3,20,1.4,8.31,12.4,486.7,1.0,2.1,0.025,0.005,1.92
13,2023,2,4,0,1.3,8.31,12.36,485.5,1.9,2.1,0.025,0.005,1.92
13,2023,2,4,4,1.2,8.31,12.37,486.6,0.8,2.08,0.025,0.005,1.89
13,2023,2,4,8,1.2,8.31,12.49,489.2,0.7,2.08,0.025,0.005,1.92
13,2023,2,4,12,1.6,8.31,12.43,486.3,0.7,2.02,0.025,0.005,1.89
13,2023,2,4,16,1.6,8.31,12.37,482.4,5.0,2.01,0.025,0.005,1.89
13,2023,2,4,20,1.4,8.3,12.37,485.5,0.6,2.07,0.025,0.005,1.9
13,2023,2,5,0,1.3,8.31,12.38,486.9,1.6,2.07,0.025,0.005,1.9
13,2023,2,5,4,1.2,8.31,12.36,484.2,0.9,2.06,0.025,0.005,1.86
13,2023,2,5,8,1.2,8.31,12.36,485.3,1.2,2.06,0.025,0.005,1.86
13,2023,2,5,12,1.7,8.3,12.3,479.9,1.2,2.08,0.025,0.005,1.91
13,2023,2,5,16,1.5,8.3,12.44,484.1,0.9,2.07,0.025,0.005,1.91
13,2023,2,5,20,1.6,8.3,12.3,481.5,0.8,2.08,0.025,0.005,1.89
13,2023,2,6,0,1.5,8.3,12.34,480.0,1.3,2.08,0.025,0.005,1.89
13,2023,2,6,4,1.4,8.31,12.35,483.0,0.9,2.08,0.025,0.005,1.86
13,2023,2,6,8,1.4,8.31,12.38,482.2,0.7,1.99,0.025,0.005,1.88
13,2023,2,6,12,1.6,8.31,12.38,483.6,1.0,2.24,0.025,0.005,1.89
13,2023,2,6,16,1.7,8.31,12.25,479.4,0.7,2.07,0.025,0.005,1.87
13,2023,2,6,20,1.5,8.31,12.34,480.1,0.6,2.11,0.025,0.005,1.88
13,2023,2,7,0,1.4,8.31,12.25,480.0,0.6,2.11,0.025,0.005,1.88
13,2023,2,7,4,1.3,8.31,12.18,480.1,1.0,2.1,0.025,0.005,1.86
13,2023,2,7,8,1.2,8.31,12.26,482.0,0.7,1.95,0.025,0.005,1.9
13,2023,2,7,12,1.4,8.31,12.15,479.1,0.6,2.04,0.025,0.005,1.88
13,2023,2,7,16,1.4,8.31,12.3,481.0,0.6,2.01,0.025,0.005,1.85
13,2023,2,7,20,1.3,8.31,12.32,481.6,0.6,2.01,0.025,0.005,1.85
13,2023,2,8,0,1.2,8.31,12.1,482.4,0.7,2.01,0.025,0.005,1.85
13,2023,2,8,4,1.1,8.31,12.32,481.8,0.9,2.08,0.025,0.005,1.92
13,2023,2,8,8,1.0,8.31,12.17,484.9,0.8,2.11,0.025,0.005,1.91
13,2023,2,8,12,1.4,8.31,12.28,485.5,0.4,1.99,0.025,0.005,1.92
13,2023,2,8,16,1.5,8.31,12.39,481.6,0.5,2.13,0.025,0.005,1.88
13,2023,2,8,20,1.3,8.31,12.37,483.5,0.5,2.05,0.025,0.064,1.88
13,2023,2,9,0,1.2,8.31,12.32,483.4,0.6,2.05,0.025,0.064,1.88
13,2023,2,9,4,1.1,8.31,12.3,484.4,0.7,2.08,0.025,0.005,1.88
13,2023,2,9,8,1.0,8.3,12.3,484.7,0.9,2.0,0.025,0.005,1.87
13,2023,2,9,12,1.1,8.31,12.17,484.3,0.9,1.9,0.025,0.005,1.85
13,2023,2,9,16,1.0,8.31,12.11,483.9,0.6,2.02,0.025,0.005,1.86
13,2023,2,9,20,0.9,8.31,12.2,484.2,0.7,1.89,0.025,0.049,1.85
13,2023,2,10,0,0.8,8.31,12.15,483.1,0.9,1.89,0.025,0.049,1.85
13,2023,2,10,4,0.8,8.3,12.15,483.0,1.0,2.11,0.025,0.005,1.92
13,2023,2,10,8,0.8,8.3,12.16,483.2,0.9,1.89,0.025,0.005,1.91
13,2023,2,10,12,0.9,8.3,11.99,479.5,0.8,2.1,0.025,0.005,1.91
13,2023,2,10,16,0.9,8.31,12.08,482.0,1.1,1.89,0.025,0.005,1.93
13,2023,2,10,20,0.8,8.31,12.01,483.0,1.0,1.89,0.025,0.044,1.92
13,2023,2,11,0,0.8,8.31,12.04,480.8,0.9,1.89,0.025,0.044,1.92
13,2023,2,11,4,0.7,8.31,11.98,480.4,3.0,2.0,0.025,0.005,1.94
13,2023,2,11,8,0.7,8.31,12.01,482.5,0.9,1.89,0.025,0.005,1.91
13,2023,2,11,12,0.9,8.26,12.1,476.5,1.3,2.23,0.025,0.005,1.93
13,2023,2,11,16,0.8,8.32,12.04,478.1,1.1,2.1,0.025,0.005,1.94
13,2023,2,11,20,0.8,8.33,12.07,478.5,1.0,2.05,0.025,0.005,1.87
13,2023,2,12,0,0.8,8.33,12.03,477.2,1.0,2.05,0.025,0.005,1.87
13,2023,2,12,4,0.8,8.32,11.99,476.2,2.1,2.06,0.025,0.005,1.85
13,2023,2,12,8,0.8,8.32,12.0,475.3,1.5,2.17,0.025,0.005,1.85
13,2023,2,12,12,0.9,8.32,11.94,475.8,2.1,2.4,0.025,0.005,1.96
13,2023,2,12,16,0.8,8.34,12.11,474.1,1.9,2.4,0.025,0.005,1.97
13,2023,2,12,20,0.8,8.33,12.06,476.1,1.2,2.14,0.025,0.005,1.86
13,2023,2,13,0,0.8,8.33,12.02,476.6,11.2,2.14,0.025,0.005,1.86
13,2023,2,13,4,0.7,8.33,12.02,476.4,2.3,2.05,0.025,0.005,1.87
13,2023,2,13,8,0.7,8.33,12.12,477.9,1.6,2.15,0.025,0.005,1.86
13,2023,2,13,12,0.9,8.34,12.14,477.4,1.0,2.14,0.025,0.005,1.87
13,2023,2,13,20,0.8,8.36,12.38,480.1,1.2,2.16,0.025,0.005,1.91
13,2023,2,14,0,0.8,8.36,12.4,481.5,1.2,2.16,0.025,0.005,1.91
13,2023,2,14,4,0.7,8.36,12.36,482.9,1.0,2.15,0.025,0.005,1.9
13,2023,2,14,8,0.7,8.35,12.52,485.3,1.1,2.1,0.025,0.005,1.92
13,2023,2,14,12,0.9,8.37,12.56,485.6,1.3,2.1,0.025,0.005,1.94
13,2023,2,14,16,0.8,8.38,12.69,485.2,1.1,2.28,0.025,0.005,1.96
13,2023,2,14,20,0.8,8.38,12.66,486.9,1.7,2.22,0.025,0.005,1.92
13,2023,2,15,0,0.7,8.38,12.68,488.3,1.0,2.22,0.025,0.005,1.92
13,2023,2,15,4,0.7,8.38,12.76,489.9,3.6,2.17,0.025,0.005,1.92
13,2023,2,15,8,0.7,8.38,12.72,490.4,1.2,2.12,0.025,0.005,1.93
13,2023,2,15,12,0.8,8.4,12.84,490.8,1.1,2.28,0.025,0.005,1.94
13,2023,2,15,16,0.8,8.41,12.84,490.5,1.1,2.26,0.025,0.005,1.98
13,2023,2,15,20,0.7,8.41,12.85,492.3,1.0,1.99,0.025,0.005,1.93
13,2023,2,16,0,0.7,8.4,12.86,493.0,1.8,1.99,0.025,0.005,1.93
13,2023,2,16,4,0.7,8.4,12.86,493.8,1.4,2.13,0.025,0.005,1.93
13,2023,2,16,8,0.7,8.39,12.86,494.2,1.1,2.05,0.025,0.005,1.93
13,2023,2,16,12,0.8,8.4,12.88,494.5,1.0,2.21,0.025,0.005,1.92
13,2023,2,16,16,0.9,8.4,12.84,493.0,1.1,2.31,0.025,0.005,1.97
13,2023,2,16,20,0.8,8.4,12.83,493.8,2.9,2.19,0.025,0.005,1.92
13,2023,2,17,0,0.8,8.4,12.83,493.1,1.0,2.19,0.025,0.005,1.92
13,2023,2,17,4,0.8,8.39,12.84,493.9,1.4,2.09,0.025,0.005,1.92
13,2023,2,17,8,0.8,8.39,12.84,494.4,0.6,2.22,0.025,0.005,1.9
13,2023,2,17,12,0.9,8.4,12.89,494.6,0.8,2.2,0.025,0.005,1.92
13,2023,2,17,16,0.9,8.41,12.91,494.0,1.0,2.23,0.025,0.005,1.96
13,2023,2,17,20,0.8,8.41,12.9,493.8,0.8,2.16,0.025,0.005,1.93
13,2023,2,18,0,0.8,8.41,12.92,494.2,3.3,2.16,0.025,0.005,1.93
13,2023,2,18,4,0.7,8.41,12.92,495.2,3.1,2.24,0.025,0.005,1.94
13,2023,2,18,8,0.8,8.41,12.95,496.6,2.0,2.08,0.025,0.005,1.94
13,2023,2,18,12,0.8,8.41,12.97,496.2,1.3,2.11,0.025,0.005,1.95
13,2023,2,18,16,1.0,8.49,12.92,484.8,1.1,2.24,0.025,0.005,1.94
13,2023,2,18,20,1.0,8.48,13.0,486.5,1.0,2.33,0.025,0.005,1.95
13,2023,2,19,0,1.0,8.48,12.98,487.5,1.2,2.33,0.025,0.005,1.95
13,2023,2,19,4,1.0,8.48,12.94,487.7,1.4,2.2,0.025,0.005,1.94
13,2023,2,19,8,1.0,8.48,12.96,488.4,1.0,2.25,0.025,0.005,1.95
13,2023,2,19,12,1.2,8.48,13.01,486.8,2.1,2.37,0.025,0.005,1.98
13,2023,2,19,16,1.2,8.5,13.02,484.4,1.5,2.36,0.025,0.005,1.97
13,2023,2,19,20,1.0,8.5,13.05,486.1,1.5,2.35,0.025,0.005,1.96
13,2023,2,20,0,1.0,8.49,12.98,485.7,1.3,2.35,0.025,0.005,1.96
13,2023,2,20,4,1.0,8.49,13.01,485.3,1.5,2.38,0.025,0.005,1.94
13,2023,2,20,8,1.0,8.49,13.01,485.7,1.3,2.27,0.025,0.005,1.93
13,2023,2,20,12,1.2,8.5,13.11,485.7,1.0,2.27,0.025,0.005,1.93
13,2023,2,20,16,1.2,8.5,13.09,484.7,3.1,2.18,0.025,0.005,1.93
13,2023,2,20,20,1.0,8.5,13.06,485.3,1.5,2.22,0.025,0.005,1.92
13,2023,2,21,0,1.0,8.5,13.1,485.8,1.4,2.28,0.025,0.005,1.93
13,2023,2,21,4,1.0,8.49,13.09,487.2,1.5,2.28,0.025,0.005,1.93
13,2023,2,21,8,1.0,8.49,13.13,487.7,0.9,2.12,0.025,0.005,1.96
13,2023,2,21,12,1.2,8.41,13.17,487.4,1.7,2.39,0.025,0.005,1.93
13,2023,2,21,16,1.3,8.41,13.14,487.0,0.8,2.39,0.025,0.005,1.93
13,2023,2,21,20,1.1,8.41,13.12,488.6,0.8,2.46,0.025,0.005,1.94
13,2023,2,22,0,1.0,8.41,13.09,488.4,1.0,2.5,0.025,0.005,1.94
13,2023,2,22,4,1.0,8.41,13.1,489.4,1.6,2.5,0.025,0.005,1.94
13,2023,2,22,8,1.0,8.41,13.11,489.4,1.0,2.46,0.025,0.005,1.94
13,2023,2,22,12,1.3,8.42,13.12,489.3,1.0,2.42,0.025,0.005,1.95
13,2023,2,22,16,1.3,8.42,13.02,484.1,0.9,2.41,0.139,0.005,1.94
13,2023,2,22,20,1.2,8.42,13.05,486.2,2.5,2.52,0.025,0.005,2.23
13,2023,2,23,0,1.2,8.42,13.02,486.2,2.4,2.48,0.025,0.005,2.08
13,2023,2,23,4,1.1,8.42,12.99,486.5,1.5,2.48,0.025,0.005,2.08
13,2023,2,23,8,1.1,8.42,13.0,486.8,1.1,2.47,0.025,0.005,1.95
13,2023,2,23,12,1.4,8.42,13.04,484.9,0.6,2.45,0.025,0.005,1.93
13,2023,2,23,16,1.5,8.42,12.9,478.9,1.3,2.44,0.187,0.005,1.97
13,2023,2,23,20,1.3,8.42,12.91,482.0,1.3,2.48,0.025,0.005,2.28
13,2023,2,24,0,1.3,8.42,12.89,481.4,1.0,2.5,0.025,0.005,2.08
13,2023,2,24,4,1.2,8.42,12.93,481.6,1.2,2.5,0.025,0.005,2.08
13,2023,2,24,8,1.3,8.43,12.87,480.1,1.0,2.44,0.025,0.005,2.06
13,2023,2,24,12,1.5,8.42,13.35,467.5,0.9,2.48,0.025,0.005,2.06
13,2023,2,24,16,1.5,8.43,13.28,464.9,0.6,2.44,0.025,0.005,2.02
13,2023,2,24,20,1.4,8.43,13.21,465.0,1.0,2.28,0.025,0.005,2.02
13,2023,2,25,0,1.3,8.43,13.16,463.3,1.1,2.82,0.025,0.005,2.04
13,2023,2,25,4,1.2,8.43,13.05,458.4,1.0,2.82,0.158,0.005,2.04
13,2023,2,25,8,1.2,8.43,13.01,455.2,0.8,2.47,0.163,0.005,2.2
13,2023,2,25,12,1.5,8.44,13.23,461.2,1.4,2.46,0.096,0.005,2.18
13,2023,2,25,16,1.6,8.44,13.13,457.8,0.7,2.29,0.101,0.005,2.08
13,2023,2,25,20,1.5,8.44,13.03,459.1,0.8,2.38,0.099,0.005,2.06
13,2023,2,26,0,1.3,8.44,13.05,457.8,0.7,2.42,0.099,0.005,2.05
13,2023,2,26,4,1.2,8.44,12.77,450.0,1.0,2.42,0.149,0.005,2.05
13,2023,2,26,8,1.3,8.44,12.81,444.4,0.7,2.48,0.167,0.005,2.15
13,2023,2,26,12,1.5,8.44,12.86,452.8,0.6,2.47,0.137,0.005,2.19
13,2023,2,26,16,1.5,8.44,12.8,448.8,0.6,2.33,0.16,0.005,2.13
13,2023,2,26,20,1.3,8.44,12.66,445.0,0.9,2.34,0.179,0.005,2.18
13,2023,2,27,0,1.3,8.43,12.55,442.7,1.0,2.37,0.179,0.005,2.21
13,2023,2,27,4,1.3,8.43,12.45,442.3,0.8,2.37,0.238,0.005,2.21
13,2023,2,27,8,1.3,8.43,12.47,444.8,1.1,2.29,0.196,0.005,2.35
13,2023,2,27,12,1.5,8.43,12.22,430.4,0.9,2.33,0.259,0.005,2.37
13,2023,2,27,16,1.5,8.41,11.7,402.6,0.7,2.42,0.338,0.005,2.45
13,2023,2,27,20,1.4,8.41,11.58,404.3,1.1,2.45,0.366,0.005,2.49
13,2023,2,28,0,1.3,8.4,11.57,392.2,1.1,2.45,0.366,0.005,2.49
13,2023,2,28,4,1.3,8.4,11.42,388.4,0.8,2.48,0.414,0.005,2.54
13,2023,2,28,8,1.3,8.4,11.48,386.7,0.8,2.35,0.414,0.005,2.55
13,2023,2,28,12,1.6,8.39,11.12,371.0,0.9,2.32,0.433,0.005,2.53
13,2023,2,28,16,1.6,8.37,10.47,331.6,0.8,2.29,0.449,0.005,2.44
13,2023,2,28,20,1.5,8.36,10.74,339.4,1.0,2.47,0.435,0.005,2.5
13,2023,3,1,0,1.5,8.34,10.42,323.9,1.0,2.47,0.435,0.005,2.5
13,2023,3,1,4,1.4,8.32,10.08,307.9,1.1,2.12,0.487,0.005,2.48
13,2023,3,1,8,1.5,8.34,10.41,324.8,0.8,2.36,0.469,0.005,2.47
13,2023,3,1,12,1.6,8.34,10.13,307.0,1.3,2.1,0.478,0.005,2.41
13,2023,3,1,16,1.6,8.34,10.16,314.2,1.4,2.08,0.466,0.005,2.38
13,2023,3,1,20,1.5,8.34,10.21,310.7,0.9,2.31,0.455,0.005,2.4
13,2023,3,2,0,1.4,8.31,9.72,279.7,1.0,2.31,0.455,0.005,2.4
13,2023,3,2,4,1.3,8.3,9.62,284.8,0.9,2.25,0.445,0.005,2.24
13,2023,3,2,8,1.4,8.32,9.72,288.8,0.8,1.92,0.435,0.005,2.2
13,2023,3,2,12,1.7,8.35,10.06,321.7,0.8,2.11,0.417,0.005,2.23
13,2023,3,2,16,1.6,8.33,9.37,278.3,0.8,2.04,0.417,0.005,2.12
13,2023,3,2,20,1.5,8.31,9.04,263.7,0.9,1.99,0.411,0.005,2.06
13,2023,3,3,0,1.3,8.32,9.47,276.1,1.0,1.99,0.411,0.005,2.06
13,2023,3,3,4,1.3,8.33,9.49,290.8,1.9,1.9,0.379,0.005,2.06
13,2023,3,3,8,1.3,8.32,9.18,279.9,1.3,1.92,0.376,0.005,2.04
13,2023,3,3,12,1.7,8.34,9.24,282.4,0.8,1.95,0.373,0.005,1.99
13,2023,3,3,16,1.6,8.32,8.56,238.1,3.6,1.7,0.368,0.005,1.86
13,2023,3,3,20,1.5,8.31,8.57,234.3,1.3,1.9,0.367,0.005,1.83
13,2023,3,4,0,1.4,8.31,8.42,237.9,2.4,1.9,0.367,0.005,1.83
13,2023,3,4,4,1.4,8.32,9.08,265.5,1.1,2.04,0.353,0.005,1.92
13,2023,3,4,8,1.5,8.29,8.26,220.9,0.7,1.72,0.343,0.005,1.75
13,2023,3,4,12,1.7,8.31,8.5,234.1,0.7,1.7,0.349,0.005,1.77
13,2023,3,4,16,1.7,8.29,7.98,195.6,0.9,1.6,0.32,0.005,1.6
13,2023,3,4,20,1.5,8.29,8.1,201.4,1.0,1.5,0.326,0.005,1.62
13,2023,3,5,0,1.5,8.28,7.99,207.1,1.0,1.5,0.326,0.005,1.62
13,2023,3,5,4,1.3,8.28,7.99,207.8,1.0,1.72,0.301,0.005,1.57
13,2023,3,5,8,1.3,8.27,8.08,197.6,1.4,1.3,0.313,0.005,1.58
13,2023,3,5,12,1.8,8.13,8.13,192.3,0.9,1.31,0.326,0.005,1.53
13,2023,3,5,16,2.0,8.14,7.1,115.2,1.4,0.95,0.224,0.005,1.12
13,2023,3,5,20,1.6,8.14,7.08,116.2,1.3,0.96,0.222,0.005,1.11
13,2023,3,6,0,1.5,8.14,7.3,115.0,1.5,0.96,0.222,0.005,1.11
13,2023,3,6,4,1.5,8.15,7.47,118.3,1.5,1.07,0.22,0.005,1.1
13,2023,3,6,8,1.6,8.16,7.86,123.6,1.1,0.98,0.216,0.005,1.09
13,2023,3,6,12,2.1,8.2,7.85,125.9,1.0,0.99,0.215,0.005,1.07
13,2023,3,6,16,2.1,8.24,7.62,108.8,1.3,0.97,0.203,0.005,0.98
13,2023,3,6,20,1.7,8.21,7.83,104.6,1.2,0.95,0.193,0.005,0.94
13,2023,3,7,0,1.6,8.19,7.05,103.6,1.0,0.95,0.193,0.005,0.94
13,2023,3,7,4,1.5,8.2,7.7,111.8,1.7,0.99,0.183,0.005,0.94
13,2023,3,7,8,1.6,8.19,7.35,112.1,1.1,0.95,0.174,0.005,0.92
13,2023,3,7,12,2.1,8.24,6.98,100.8,1.2,0.87,0.171,0.005,0.88
13,2023,3,7,16,2.1,8.24,6.38,86.6,0.8,0.86,0.158,0.005,0.76
13,2023,3,7,20,1.8,8.2,7.17,87.0,1.0,0.83,0.146,0.005,0.75
13,2023,3,8,0,1.8,8.18,6.89,87.1,1.0,0.83,0.146,0.005,0.75
13,2023,3,8,4,1.8,8.17,7.08,86.6,3.5,0.75,0.135,0.005,0.72
13,2023,3,8,8,1.8,8.2,6.92,91.0,1.2,0.78,0.133,0.005,0.72
13,2023,3,8,12,2.2,8.25,6.98,90.8,0.8,0.7,0.136,0.005,0.73
13,2023,3,8,16,2.1,8.22,6.69,83.5,1.4,0.8,0.125,0.005,0.72
13,2023,3,8,20,1.8,8.14,6.51,70.1,1.4,0.86,0.112,0.005,0.6
13,2023,3,9,0,1.8,8.1,6.63,65.0,1.2,0.86,0.112,0.005,0.6
13,2023,3,9,4,1.6,8.08,6.54,73.1,2.1,0.77,0.108,0.005,0.59
13,2023,3,9,8,1.7,8.09,6.45,71.9,0.9,0.93,0.098,0.005,0.55
13,2023,3,9,12,2.1,8.15,6.46,73.4,1.1,1.18,0.098,0.005,0.53
13,2023,3,9,16,2.1,8.16,6.32,69.4,1.1,0.77,0.095,0.005,0.53
13,2023,3,9,20,1.8,8.14,6.49,72.1,1.6,0.8,0.093,0.005,0.54
13,2023,3,10,0,1.8,8.12,6.29,74.1,1.6,0.8,0.093,0.005,0.54
13,2023,3,10,4,1.8,8.1,6.59,78.3,3.7,1.02,0.087,0.005,0.59
13,2023,3,10,8,1.8,8.11,6.17,78.0,1.5,1.19,0.083,0.005,0.55
13,2023,3,10,12,2.4,8.18,6.28,80.6,1.3,1.15,0.081,0.005,0.55
13,2023,3,10,16,2.5,8.18,6.04,68.7,1.6,1.1,0.025,0.005,0.5
13,2023,3,10,20,2.2,8.12,6.3,66.7,2.1,1.09,0.025,0.005,0.51
13,2023,3,11,0,2.2,8.01,7.21,66.9,6.9,1.09,0.025,0.005,0.51
13,2023,3,11,4,2.1,7.98,7.32,62.2,1.8,0.94,0.025,0.005,0.43
13,2023,3,11,8,2.1,7.93,7.0,57.5,1.1,1.16,0.025,0.005,0.36
13,2023,3,11,12,2.2,8.05,7.01,61.1,1.5,1.05,0.025,0.005,0.34
13,2023,3,11,16,2.3,7.95,7.64,59.7,1.8,0.76,0.025,0.005,0.38
13,2023,3,11,20,2.0,7.99,7.64,62.9,2.6,1.05,0.025,0.005,0.49
13,2023,3,12,0,1.9,8.06,8.81,78.1,3.2,1.05,0.025,0.005,0.49
13,2023,3,12,4,1.6,8.02,8.47,51.2,1.5,1.19,0.025,0.005,0.39
13,2023,3,12,8,1.8,8.02,8.02,74.5,2.3,0.77,0.025,0.005,0.44
13,2023,3,12,12,2.2,8.14,7.89,79.3,1.6,0.99,0.025,0.005,0.44
13,2023,3,12,16,2.1,8.08,7.4,64.4,1.6,0.95,0.025,0.005,0.4
13,2023,3,12,20,1.8,8.07,7.3,70.5,3.3,1.09,0.025,0.005,0.44
13,2023,3,13,0,1.7,8.09,7.71,73.6,2.1,1.09,0.025,0.005,0.44
13,2023,3,13,4,1.8,8.07,7.2,71.4,1.8,0.97,0.025,0.005,0.45
13,2023,3,13,8,1.8,8.09,7.75,74.0,2.2,0.74,0.025,0.005,0.45
13,2023,3,13,12,1.9,8.16,8.53,92.2,6.4,0.84,0.025,0.005,0.52
13,2023,3,13,16,2.0,8.2,7.38,75.0,3.6,1.06,0.025,0.005,0.49
13,2023,3,13,20,1.8,8.16,8.12,90.0,5.9,1.06,0.025,0.005,0.59
13,2023,3,14,0,1.8,8.15,7.64,111.8,4.8,1.06,0.025,0.005,0.59
13,2023,3,14,4,1.8,8.13,7.53,116.0,3.6,1.01,0.025,0.005,0.68
13,2023,3,14,8,2.0,8.17,7.81,138.8,2.8,0.99,0.025,0.005,0.7
13,2023,3,14,12,2.7,8.24,8.11,146.4,2.6,0.99,0.025,0.005,0.7
13,2023,3,14,16,2.7,8.22,8.13,131.8,3.1,1.04,0.025,0.005,0.69
13,2023,3,14,20,2.2,8.2,8.9,134.9,4.3,1.23,0.025,0.005,0.75
13,2023,3,15,0,2.1,8.1,8.06,114.2,4.0,1.23,0.025,0.005,0.75
13,2023,3,15,4,2.0,8.1,7.98,111.0,3.1,0.9,0.025,0.005,0.64
13,2023,3,15,8,2.1,8.13,8.8,131.9,3.6,0.94,0.025,0.005,0.66
13,2023,3,15,12,2.9,8.21,8.85,152.6,3.4,0.96,0.025,0.005,0.74
13,2023,3,15,16,3.7,8.23,10.18,254.7,8.7,1.41,0.025,0.005,1.14
13,2023,3,15,20,2.2,8.22,9.88,197.5,3.1,1.22,0.025,0.005,0.94
13,2023,3,16,0,2.1,8.21,9.58,197.0,4.8,1.22,0.025,0.005,0.94
13,2023,3,16,4,2.0,8.14,8.08,133.6,4.1,0.91,0.025,0.005,0.7
13,2023,3,16,8,2.2,8.18,8.75,178.6,7.4,1.03,0.025,0.005,0.8
13,2023,3,16,12,3.4,8.23,9.36,206.6,7.0,1.14,0.025,0.005,0.9
13,2023,3,16,20,2.5,8.22,9.0,198.0,7.4,1.57,0.025,0.005,0.98
13,2023,3,17,0,2.2,8.22,9.15,213.5,5.1,1.57,0.025,0.005,0.98
13,2023,3,17,4,2.2,8.19,8.62,188.3,4.4,1.3,0.025,0.005,0.9
13,2023,3,17,8,2.3,8.19,9.03,224.5,5.5,1.38,0.025,0.005,0.97
13,2023,3,17,12,3.0,8.25,9.8,238.6,8.2,1.35,0.025,0.005,1.04
13,2023,3,17,16,3.2,8.25,9.2,205.2,5.6,1.39,0.025,0.005,0.98
13,2023,3,17,20,2.6,8.21,8.78,177.3,5.2,1.3,0.025,0.005,0.86
13,2023,3,18,0,2.6,8.2,9.14,210.8,3.6,1.3,0.025,0.005,0.86
13,2023,3,18,4,2.5,8.19,9.13,217.3,5.1,1.29,0.025,0.005,0.97
13,2023,3,18,8,2.6,8.22,9.74,246.2,4.0,1.37,0.025,0.005,1.04
13,2023,3,18,12,3.8,8.21,9.14,182.8,5.0,1.02,0.025,0.005,0.82
13,2023,3,18,16,4.0,8.22,9.35,172.6,12.3,1.17,0.025,0.005,0.92
13,2023,3,18,20,3.1,8.18,8.6,141.3,4.3,1.12,0.025,0.005,0.75
13,2023,3,19,0,2.8,8.15,9.14,159.4,16.4,1.12,0.025,0.005,0.75
13,2023,3,19,4,2.6,8.18,9.8,195.4,4.8,1.22,0.025,0.005,0.85
13,2023,3,19,8,2.8,8.2,9.5,204.2,6.7,1.15,0.025,0.005,0.86
13,2023,3,19,12,4.1,8.22,9.93,227.2,2.5,1.29,0.025,0.005,0.96
13,2023,3,19,16,5.3,8.2,9.86,215.8,3.4,1.32,0.025,0.005,0.93
13,2023,3,19,20,5.0,8.19,10.58,291.3,3.8,1.71,0.025,0.005,1.24
13,2023,3,20,0,4.1,8.19,10.57,280.4,4.8,1.71,0.025,0.005,1.24
13,2023,3,20,4,4.1,8.2,10.49,303.9,4.1,1.71,0.025,0.005,1.32
13,2023,3,20,8,4.1,8.2,10.71,312.2,2.2,1.73,0.025,0.005,1.32
13,2023,3,20,12,5.2,8.21,11.07,337.4,4.1,1.77,0.025,0.005,1.44
13,2023,3,20,16,6.0,8.2,11.21,351.8,2.9,1.79,0.025,0.005,1.48
13,2023,3,20,20,5.7,8.21,11.44,373.5,7.5,1.86,0.025,0.005,1.55
13,2023,3,21,0,5.3,8.21,11.5,383.7,4.1,1.86,0.025,0.005,1.55
13,2023,3,21,4,5.2,8.22,11.58,392.7,2.9,2.03,0.025,0.005,1.69
13,2023,3,21,8,5.0,8.22,11.5,382.7,5.1,1.95,0.025,0.005,1.58
13,2023,3,21,12,5.6,8.23,11.66,398.3,3.8,2.01,0.025,0.005,1.68
13,2023,3,21,16,5.3,8.22,11.6,382.1,12.4,1.89,0.025,0.005,1.57
13,2023,3,21,20,5.6,8.21,11.59,394.9,3.4,2.02,0.025,0.005,1.65
13,2023,3,22,0,5.5,8.21,11.55,400.2,7.3,2.02,0.025,0.005,1.65
13,2023,3,22,4,4.9,8.22,11.76,413.5,11.2,2.1,0.025,0.005,1.77
13,2023,3,22,8,4.5,8.21,11.69,414.8,2.8,2.13,0.025,0.03,1.78
13,2023,3,22,12,5.2,8.21,11.77,417.5,2.8,2.04,0.025,0.005,1.79
13,2023,3,22,16,5.3,8.2,11.69,418.6,8.4,2.1,0.025,0.005,1.78
13,2023,3,22,20,5.0,8.2,11.69,419.3,3.4,2.08,0.025,0.005,1.79
13,2023,3,23,0,4.7,8.2,11.65,422.1,6.6,2.08,0.025,0.005,1.79
13,2023,3,23,4,4.6,8.19,11.6,423.4,7.2,2.06,0.025,0.005,1.82
13,2023,3,23,8,4.6,8.19,11.62,424.7,3.3,2.09,0.025,0.005,1.8
13,2023,3,23,12,5.1,8.2,11.7,424.4,3.4,2.13,0.025,0.005,1.81
13,2023,3,23,16,5.2,8.21,11.72,418.1,2.4,2.16,0.025,0.005,1.81
13,2023,3,23,20,5.0,8.21,11.75,418.6,4.5,2.04,0.025,0.005,1.78
13,2023,3,24,0,4.9,8.19,11.69,422.2,8.9,2.04,0.025,0.005,1.78
13,2023,3,24,4,4.6,8.19,11.62,423.8,4.7,2.32,0.025,0.005,1.81
13,2023,3,24,8,4.6,8.2,11.65,424.2,9.4,2.11,0.025,0.005,1.84
13,2023,3,24,12,5.2,8.21,11.74,422.2,7.4,2.08,0.025,0.005,1.82
13,2023,3,24,16,5.4,8.22,11.8,420.4,5.3,2.08,0.025,0.005,1.82
13,2023,3,24,20,5.2,8.2,11.74,421.6,4.5,2.11,0.025,0.005,1.82
13,2023,3,25,0,5.0,8.2,11.72,420.4,3.3,2.11,0.025,0.005,1.82
13,2023,3,25,4,5.0,8.2,11.72,417.7,3.8,2.11,0.025,0.005,1.79
13,2023,3,25,8,5.0,8.2,11.74,421.9,10.3,2.04,0.025,0.005,1.79
13,2023,3,25,12,5.8,8.22,11.86,421.8,22.1,2.13,0.025,0.005,1.82
13,2023,3,25,16,6.2,8.2,11.78,417.2,2.5,2.01,0.025,0.005,1.76
13,2023,3,25,20,5.9,8.21,11.81,420.0,7.3,2.11,0.025,0.005,1.77
13,2023,3,26,0,5.7,8.19,11.77,424.7,3.6,2.11,0.025,0.005,1.77
13,2023,3,26,4,5.4,8.2,11.74,423.2,3.6,2.01,0.025,0.005,1.76
13,2023,3,26,8,5.6,8.2,11.76,423.8,4.2,2.05,0.025,0.005,1.77
13,2023,3,26,12,6.5,8.21,11.79,424.7,2.3,2.02,0.025,0.005,1.79
13,2023,3,26,16,6.9,8.22,11.89,420.0,3.8,2.0,0.025,0.005,1.77
13,2023,3,26,20,6.2,8.21,11.79,422.1,3.2,2.02,0.025,0.005,1.78
13,2023,3,27,0,5.9,8.2,11.73,423.0,2.4,2.02,0.025,0.005,1.78
13,2023,3,27,4,5.6,8.2,11.72,423.2,1.9,2.04,0.025,0.005,1.77
13,2023,3,27,8,5.8,8.22,11.85,422.2,6.0,2.06,0.025,0.005,1.74
13,2023,3,27,12,7.2,8.23,11.87,421.2,3.6,2.02,0.025,0.005,1.74
13,2023,3,27,16,7.2,8.22,11.8,418.1,4.2,2.04,0.025,0.005,1.75
13,2023,3,27,20,6.8,8.22,11.8,419.6,3.2,2.04,0.025,0.005,1.76
13,2023,3,28,0,6.8,8.2,11.78,422.5,7.5,2.04,0.025,0.005,1.76
13,2023,3,28,4,6.4,8.2,11.81,422.0,6.9,2.13,0.025,0.005,1.74
13,2023,3,28,8,6.3,8.22,11.84,423.8,5.0,2.01,0.025,0.005,1.74
13,2023,3,28,12,7.8,8.22,11.88,421.4,3.6,2.12,0.025,0.005,1.73
13,2023,3,28,16,8.5,8.22,11.87,417.3,8.7,2.03,0.025,0.005,1.75
13,2023,3,28,20,7.3,8.21,11.8,419.6,2.6,2.05,0.025,0.005,1.76
13,2023,3,29,0,7.1,8.21,11.8,422.1,6.4,2.05,0.025,0.005,1.76
13,2023,3,29,8,6.8,8.2,11.76,423.4,2.2,2.04,0.025,0.005,1.72
13,2023,3,29,8,6.8,8.2,11.76,423.4,2.2,2.04,0.025,0.005,1.76
13,2023,3,29,16,9.6,8.21,11.73,415.7,2.8,2.04,0.025,0.005,1.74
13,2023,3,29,20,8.1,8.2,11.73,421.8,3.7,2.05,0.025,0.005,1.77
13,2023,3,29,20,8.1,8.2,11.73,421.8,3.7,2.06,0.025,0.005,1.78
13,2023,3,30,4,7.6,8.19,11.7,424.0,6.0,2.06,0.025,0.005,1.78
13,2023,3,30,8,7.8,8.21,11.74,424.3,5.8,2.04,0.025,0.005,1.77
13,2023,3,30,12,10.1,8.21,12.01,428.1,2.6,2.04,0.025,0.005,1.78
13,2023,3,30,16,10.0,8.21,11.7,417.7,3.4,2.05,0.025,0.005,1.78
13,2023,3,30,20,8.7,8.21,11.81,420.0,4.7,2.09,0.025,0.005,1.78
13,2023,3,31,0,8.8,8.2,11.77,423.0,6.7,2.25,0.025,0.005,1.8
13,2023,3,31,4,7.8,8.21,11.76,424.3,2.8,2.25,0.025,0.005,1.8
13,2023,3,31,8,8.1,8.22,11.84,424.1,3.1,2.04,0.025,0.005,1.79
13,2023,3,31,12,9.2,8.23,11.99,423.2,6.8,2.05,0.025,0.005,1.77
13,2023,3,31,16,9.1,8.23,11.99,421.2,2.6,2.06,0.025,0.005,1.79
13,2023,3,31,20,8.4,8.22,11.85,424.5,6.1,2.06,0.025,0.005,1.8
13,2023,4,1,0,8.0,8.22,11.88,423.7,31.6,2.06,0.025,0.005,1.81
13,2023,4,1,4,8.6,8.21,11.77,422.7,5.1,2.06,0.025,0.005,1.81
13,2023,4,1,8,8.0,8.22,11.87,420.8,5.7,2.02,0.025,0.005,1.76
13,2023,4,1,12,8.8,8.32,12.0,413.7,3.3,2.04,0.025,0.005,1.78
13,2023,4,1,16,8.5,8.34,11.94,421.3,3.2,2.09,0.025,0.005,1.8
13,2023,4,1,20,8.3,8.32,11.87,423.6,5.8,2.05,0.025,0.005,1.76
13,2023,4,2,0,8.2,8.32,11.79,432.8,13.3,2.17,0.025,0.005,1.78
13,2023,4,2,4,8.1,8.3,11.81,434.1,4.5,2.17,0.025,0.005,1.78
13,2023,4,2,8,8.4,8.32,11.85,434.0,9.9,2.06,0.025,0.005,1.75
13,2023,4,2,12,8.7,8.33,11.85,434.6,3.1,2.06,0.025,0.005,1.77
13,2023,4,2,16,8.8,8.33,11.88,435.2,5.5,2.06,0.025,0.005,1.79
13,2023,4,2,20,8.7,8.32,11.91,434.2,4.7,2.05,0.025,0.005,1.76
13,2023,4,3,0,8.7,8.3,11.79,434.1,5.4,2.06,0.025,0.005,1.78
13,2023,4,3,4,8.4,8.31,11.8,434.5,8.7,2.06,0.025,0.005,1.78
13,2023,4,3,8,8.4,8.32,11.86,434.0,2.6,2.06,0.025,0.005,1.79
13,2023,4,3,12,8.7,8.35,12.07,435.7,4.0,2.05,0.025,0.005,1.79
13,2023,4,3,16,9.3,8.34,11.97,433.7,1.8,2.05,0.025,0.005,1.77
13,2023,4,3,20,8.8,8.33,12.0,433.3,2.6,2.04,0.025,0.005,1.79
13,2023,4,4,0,8.5,8.33,11.98,433.1,3.8,2.06,0.025,0.005,1.79
13,2023,4,4,4,8.1,8.33,11.88,434.5,5.8,2.06,0.025,0.005,1.79
13,2023,4,4,8,8.2,8.33,11.82,435.2,4.3,2.07,0.025,0.005,1.8
13,2023,4,4,12,8.1,8.36,11.94,435.5,3.2,2.32,0.025,0.005,1.82
13,2023,4,4,16,8.1,8.35,11.87,435.6,2.5,2.06,0.025,0.005,1.81
13,2023,4,4,20,8.1,8.35,11.85,435.8,3.8,2.06,0.025,0.005,1.85
13,2023,4,5,0,8.1,8.34,11.75,433.7,9.0,2.25,0.025,0.005,1.81
13,2023,4,5,4,8.1,8.34,11.72,434.1,4.7,2.25,0.025,0.005,1.81
13,2023,4,5,8,8.3,8.36,11.76,433.5,3.7,2.06,0.025,0.005,1.83
13,2023,4,5,12,8.7,8.38,11.86,434.1,8.3,2.09,0.025,0.005,1.83
13,2023,4,5,16,9.6,8.37,11.78,430.3,7.3,2.26,0.025,0.005,1.82
13,2023,4,5,20,9.3,8.36,11.92,431.3,3.6,2.08,0.025,0.005,1.8
13,2023,4,6,0,9.0,8.33,11.82,433.1,26.4,2.07,0.025,0.005,1.8
13,2023,4,6,4,8.8,8.32,11.68,432.8,9.8,2.07,0.025,0.005,1.8
13,2023,4,6,8,8.6,8.34,11.65,433.5,4.8,2.27,0.025,0.005,1.86
13,2023,4,6,12,9.7,8.37,11.95,434.2,2.8,2.26,0.025,0.005,1.84
13,2023,4,6,16,9.9,8.36,11.94,431.9,3.3,2.26,0.025,0.005,1.84
13,2023,4,6,20,9.3,8.35,11.88,430.6,3.5,2.31,0.025,0.005,1.89
13,2023,4,7,0,8.8,8.35,11.8,432.6,6.9,2.26,0.025,0.005,1.86
13,2023,4,7,4,8.7,8.35,11.72,433.2,3.3,2.26,0.025,0.005,1.86
13,2023,4,7,8,8.8,8.37,11.77,433.1,3.0,2.23,0.025,0.005,1.84
13,2023,4,7,12,9.7,8.39,11.98,432.6,3.3,2.07,0.025,0.005,1.85
13,2023,4,7,16,10.2,8.41,12.02,426.2,5.0,2.17,0.025,0.005,1.85
13,2023,4,7,20,8.7,8.36,11.77,432.2,2.5,2.32,0.025,0.005,1.86
13,2023,4,8,0,8.4,8.35,11.66,433.0,3.0,2.06,0.025,0.005,1.84
13,2023,4,8,4,7.8,8.31,11.52,432.7,2.1,2.06,0.025,0.005,1.84
13,2023,4,8,8,8.1,8.37,11.72,434.2,2.7,2.09,0.025,0.005,1.81
13,2023,4,8,12,10.0,8.39,11.83,432.7,3.4,2.18,0.025,0.005,1.84
13,2023,4,8,16,9.8,8.4,11.9,427.2,3.1,2.27,0.025,0.005,1.86
13,2023,4,8,20,8.8,8.37,11.83,431.7,2.7,2.51,0.025,0.005,1.82
13,2023,4,9,0,8.2,8.35,11.71,432.4,3.2,2.27,0.025,0.005,1.82
13,2023,4,9,4,8.3,8.33,11.58,434.3,2.9,2.27,0.025,0.005,1.82
13,2023,4,9,8,8.2,8.35,11.68,434.2,2.4,2.27,0.025,0.005,1.89
13,2023,4,9,12,9.6,8.37,11.8,433.3,2.1,2.3,0.025,0.005,1.86
13,2023,4,9,16,9.7,8.38,11.9,427.7,2.8,2.27,0.025,0.005,1.82
13,2023,4,9,20,9.1,8.36,11.81,430.8,3.0,2.28,0.025,0.005,1.84
13,2023,4,10,0,8.8,8.34,11.62,432.9,3.9,2.28,0.025,0.005,1.83
13,2023,4,10,4,8.7,8.32,11.57,433.1,8.8,2.28,0.025,0.005,1.83
13,2023,4,10,8,8.9,8.35,11.7,432.8,3.2,2.29,0.025,0.035,1.92
13,2023,4,10,12,10.8,8.38,11.95,434.5,5.5,2.28,0.025,0.005,1.86
13,2023,4,10,16,10.0,8.41,12.13,430.2,12.3,2.23,0.025,0.005,1.85
13,2023,4,10,20,9.3,8.39,12.0,429.8,3.7,2.29,0.025,0.005,1.85
13,2023,4,11,0,8.8,8.36,11.83,432.8,4.4,2.29,0.025,0.005,1.84
13,2023,4,11,4,8.4,8.35,11.64,431.9,4.5,2.29,0.025,0.005,1.84
13,2023,4,11,8,8.1,8.35,11.64,433.4,4.6,2.3,0.025,0.005,1.84
13,2023,4,11,12,8.7,8.38,11.82,432.7,5.5,2.3,0.025,0.005,1.83
13,2023,4,11,16,9.0,8.4,11.97,430.2,3.2,2.28,0.025,0.005,1.82
13,2023,4,11,20,8.2,8.38,11.85,432.3,2.3,2.28,0.025,0.005,1.83
13,2023,4,12,0,8.1,8.34,11.58,432.9,2.9,2.29,0.025,0.005,1.84
13,2023,4,12,4,7.7,8.33,11.47,434.1,3.9,2.23,0.025,0.005,1.83
13,2023,4,12,8,8.0,8.36,11.61,434.1,2.7,2.28,0.025,0.005,1.85
13,2023,4,12,12,9.6,8.4,11.9,432.6,3.0,2.28,0.025,0.005,1.81
13,2023,4,12,16,9.6,8.41,11.96,428.7,3.0,2.07,0.025,0.005,1.81
13,2023,4,12,20,9.0,8.37,11.79,431.7,3.6,2.3,0.025,0.005,1.82
13,2023,4,13,0,8.5,8.31,11.54,433.1,2.5,2.3,0.025,0.005,1.82
13,2023,4,13,4,8.2,8.32,11.5,432.6,2.5,2.3,0.025,0.005,1.86
13,2023,4,13,8,8.5,8.35,11.64,433.4,1.9,2.3,0.025,0.005,1.85
13,2023,4,13,12,9.3,8.36,11.76,431.8,2.8,2.28,0.025,0.005,1.79
13,2023,4,13,16,9.9,8.42,12.35,427.8,3.9,2.28,0.025,0.005,1.8
13,2023,4,13,20,9.3,8.37,11.95,430.8,4.5,2.29,0.025,0.005,1.85
13,2023,4,14,0,9.0,8.33,11.67,431.4,3.0,2.29,0.025,0.005,1.85
13,2023,4,14,4,8.8,8.33,11.65,430.8,3.1,2.26,0.025,0.005,1.84
13,2023,4,14,8,9.1,8.37,11.81,432.2,2.8,2.31,0.025,0.005,1.86
13,2023,4,14,12,9.6,8.4,12.07,430.8,2.6,2.4,0.025,0.005,1.83
13,2023,4,14,16,10.0,8.37,11.86,427.8,2.0,2.32,0.025,0.005,1.8
13,2023,4,14,20,9.4,8.38,12.04,429.7,2.2,2.31,0.025,0.005,1.88
13,2023,4,15,0,9.1,8.35,11.75,430.1,2.5,2.31,0.025,0.005,1.88
13,2023,4,15,4,8.8,8.35,11.64,431.7,2.9,2.32,0.025,0.005,1.82
13,2023,4,15,8,8.8,8.38,11.75,431.5,2.5,2.31,0.025,0.005,1.84
13,2023,4,15,12,9.6,8.4,11.87,430.8,2.5,2.1,0.025,0.005,1.83
13,2023,4,15,16,10.8,8.43,12.18,429.8,3.5,2.3,0.025,0.005,1.86
13,2023,4,15,20,10.0,8.38,11.87,427.7,3.4,2.31,0.025,0.005,1.84
13,2023,4,16,0,9.6,8.39,11.88,433.2,2.6,2.31,0.025,0.005,1.84
13,2023,4,16,4,9.1,8.37,11.7,432.6,2.6,2.17,0.025,0.005,1.81
13,2023,4,16,8,9.2,8.41,11.89,434.1,2.5,2.3,0.025,0.005,1.83
13,2023,4,16,12,11.0,8.45,12.19,434.0,2.6,2.3,0.025,0.005,1.81
13,2023,4,16,16,11.3,8.46,12.24,428.3,3.0,2.3,0.025,0.005,1.82
13,2023,4,16,20,10.5,8.46,12.41,429.4,3.3,2.3,0.025,0.005,1.81
13,2023,4,17,0,9.7,8.43,12.15,430.2,2.8,2.3,0.025,0.005,1.81
13,2023,4,17,4,9.1,8.38,11.81,432.9,2.7,2.29,0.025,0.005,1.8
13,2023,4,17,8,9.6,8.4,11.78,434.4,2.6,2.3,0.025,0.005,1.85
13,2023,4,17,12,10.9,8.43,12.1,434.6,2.8,2.22,0.025,0.005,1.81
13,2023,4,17,16,11.9,8.41,12.0,426.5,6.0,2.22,0.025,0.005,1.83
13,2023,4,17,20,10.6,8.42,12.1,430.2,2.9,2.24,0.025,0.005,1.81
13,2023,4,18,0,10.0,8.4,11.97,432.1,3.6,2.24,0.025,0.005,1.81
13,2023,4,18,4,10.1,8.38,11.64,432.5,5.0,2.29,0.025,0.005,1.87
13,2023,4,18,8,10.6,8.39,11.76,435.4,3.2,2.18,0.025,0.005,1.82
13,2023,4,18,12,12.8,8.39,11.68,434.8,2.6,2.22,0.025,0.005,1.82
13,2023,4,18,16,13.3,8.45,12.26,426.2,3.9,2.15,0.025,0.005,1.79
13,2023,4,18,20,12.3,8.42,11.91,430.4,5.7,2.32,0.025,0.005,1.81
13,2023,4,19,0,11.2,8.4,11.96,431.1,2.5,2.32,0.025,0.005,1.81
13,2023,4,19,4,10.6,8.4,11.92,432.5,3.7,2.09,0.025,0.005,1.83
13,2023,4,19,8,11.2,8.43,11.99,432.6,2.5,2.27,0.025,0.005,1.82
13,2023,4,19,12,12.8,8.48,12.42,432.0,5.1,2.23,0.025,0.005,1.81
13,2023,4,19,16,12.4,8.5,12.43,427.7,3.4,2.29,0.025,0.005,1.84
13,2023,4,19,20,11.4,8.52,12.91,429.1,3.7,2.47,0.025,0.005,1.81
13,2023,4,20,0,11.6,8.5,12.54,429.3,7.4,2.47,0.025,0.005,1.81
13,2023,4,20,4,11.0,8.41,11.83,433.0,3.4,2.25,0.025,0.005,1.82
13,2023,4,20,8,11.0,8.4,11.74,433.7,4.2,2.36,0.025,0.005,1.82
13,2023,4,20,12,10.9,8.44,11.86,433.8,3.7,2.32,0.025,0.005,1.82
13,2023,4,20,16,10.9,8.45,11.9,433.1,3.0,2.32,0.025,0.005,1.85
13,2023,4,20,20,11.0,8.46,11.98,432.8,7.8,2.42,0.025,0.005,1.85
13,2023,4,21,0,10.8,8.43,11.8,433.1,3.1,2.42,0.025,0.005,1.85
13,2023,4,21,4,10.8,8.43,11.8,432.3,3.2,2.33,0.025,0.005,1.82
13,2023,4,21,8,10.8,8.43,11.75,433.4,3.0,2.29,0.025,0.005,1.85
13,2023,4,21,12,11.8,8.47,11.94,433.6,3.0,2.28,0.025,0.005,1.79
13,2023,4,21,16,12.4,8.52,12.57,418.4,3.6,2.29,0.025,0.005,1.81
13,2023,4,21,20,10.8,8.44,11.89,430.2,3.1,2.24,0.025,0.005,1.79
13,2023,4,22,0,10.5,8.42,11.76,432.1,3.3,2.24,0.025,0.005,1.79
13,2023,4,22,4,10.3,8.39,11.59,432.6,3.0,2.26,0.025,0.005,1.77
13,2023,4,22,8,10.2,8.41,11.73,433.1,2.4,2.32,0.025,0.005,1.81
13,2023,4,22,12,10.4,8.46,12.0,433.0,2.7,2.28,0.025,0.005,1.79
13,2023,4,22,16,11.9,8.51,12.25,428.4,3.2,2.32,0.025,0.005,1.78
13,2023,4,22,20,11.0,8.49,12.26,429.8,2.9,2.39,0.025,0.005,1.78
13,2023,4,23,0,10.8,8.46,12.0,430.9,2.6,2.39,0.025,0.005,1.78
13,2023,4,23,4,10.6,8.42,11.66,433.0,2.3,2.24,0.025,0.005,1.8
13,2023,4,23,8,10.7,8.44,11.74,433.1,2.1,2.36,0.025,0.005,1.8
13,2023,4,23,12,11.3,8.47,11.95,432.6,2.2,2.2,0.025,0.005,1.76
13,2023,4,23,16,11.4,8.51,12.24,427.8,2.5,2.32,0.025,0.005,1.78
13,2023,4,23,20,10.8,8.52,12.54,429.4,2.1,2.36,0.025,0.005,1.76
13,2023,4,24,0,10.5,8.48,12.06,431.1,2.3,2.36,0.025,0.005,1.76
13,2023,4,24,4,10.5,8.48,12.03,432.0,2.6,2.23,0.025,0.005,1.78
13,2023,4,24,8,10.6,8.49,12.07,432.3,2.5,2.26,0.025,0.005,1.77
13,2023,4,24,12,11.4,8.52,12.48,429.4,2.5,2.29,0.025,0.005,1.77
13,2023,4,24,16,11.4,8.51,12.19,428.4,2.8,2.28,0.025,0.005,1.78
13,2023,4,24,20,10.5,8.44,11.83,429.3,2.9,2.19,0.025,0.005,1.78
13,2023,4,25,0,10.4,8.43,11.79,430.4,2.9,2.19,0.025,0.005,1.78
13,2023,4,25,4,10.8,8.46,11.84,430.8,2.8,2.24,0.025,0.005,1.75
13,2023,4,25,8,10.3,8.4,11.47,433.3,2.7,2.09,0.025,0.005,1.78
13,2023,4,25,12,11.3,8.46,11.66,439.1,2.1,2.32,0.025,0.005,1.78
13,2023,4,25,16,11.5,8.48,11.64,435.4,2.4,2.29,0.025,0.005,1.78
13,2023,4,25,20,11.0,8.45,11.72,437.8,2.7,2.31,0.025,0.005,1.77
13,2023,4,26,0,10.8,8.47,11.82,437.8,2.5,2.31,0.025,0.005,1.77
13,2023,4,26,4,10.6,8.45,11.74,438.6,2.4,2.39,0.025,0.005,1.78
13,2023,4,26,8,10.8,8.46,11.76,440.0,2.3,2.37,0.025,0.005,1.77
13,2023,4,26,12,11.6,8.51,12.02,436.9,2.6,2.25,0.025,0.005,1.75
13,2023,4,26,16,11.5,8.48,11.9,437.0,2.7,2.35,0.025,0.005,1.76
13,2023,4,26,20,11.2,8.5,12.14,437.2,3.0,2.32,0.025,0.005,1.77
13,2023,4,27,0,11.0,8.47,11.82,438.3,3.0,2.32,0.025,0.005,1.77
13,2023,4,27,4,11.3,8.45,11.71,438.4,2.2,2.29,0.025,0.005,1.76
13,2023,4,27,8,11.1,8.47,11.73,438.6,2.2,2.27,0.025,0.005,1.76
13,2023,4,27,12,11.8,8.48,11.92,438.2,2.0,2.24,0.025,0.005,1.75
13,2023,4,27,16,11.9,8.48,11.75,437.9,2.2,2.32,0.025,0.005,1.75
13,2023,4,27,20,12.0,8.46,11.8,436.8,2.7,2.26,0.025,0.005,1.76
13,2023,4,28,0,12.0,8.45,11.67,437.0,3.1,2.26,0.025,0.005,1.76
13,2023,4,28,4,11.7,8.42,11.51,438.8,3.0,2.29,0.025,0.005,1.78
13,2023,4,28,8,11.8,8.44,11.57,439.4,2.8,2.34,0.025,0.005,1.77
13,2023,4,28,12,12.2,8.49,11.98,437.7,2.8,2.3,0.025,0.005,1.76
13,2023,4,28,16,11.9,8.47,11.93,434.6,3.0,2.29,0.025,0.005,1.79
13,2023,4,28,20,11.0,8.45,11.77,435.0,3.4,2.36,0.025,0.005,1.76
13,2023,4,29,0,10.8,8.45,11.6,435.9,3.6,2.36,0.025,0.005,1.76
13,2023,4,29,4,10.6,8.43,11.5,438.5,3.6,2.28,0.025,0.005,1.8
13,2023,4,29,8,10.9,8.45,11.56,439.4,2.9,2.34,0.025,0.005,1.8
13,2023,4,29,12,12.0,8.48,11.65,437.6,3.7,2.25,0.025,0.005,1.79
13,2023,4,29,16,12.4,8.49,11.78,434.5,3.1,2.23,0.025,0.005,1.76
13,2023,4,29,20,11.4,8.48,11.88,436.2,2.6,2.31,0.025,0.005,1.78
13,2023,4,30,0,11.3,8.44,11.58,437.9,3.3,2.31,0.025,0.005,1.78
13,2023,4,30,4,11.0,8.4,11.32,440.0,2.8,2.21,0.025,0.053,1.78
13,2023,4,30,8,11.3,8.44,11.41,440.2,2.8,2.2,0.025,0.005,1.79
13,2023,4,30,12,12.4,8.46,11.51,439.2,2.6,2.41,0.025,0.005,1.78
13,2023,4,30,16,13.3,8.48,11.88,435.6,3.0,2.19,0.025,0.005,1.76
13,2023,4,30,20,12.8,8.45,11.44,436.8,2.3,2.12,0.025,0.005,1.78
13,2023,5,1,0,12.3,8.44,11.51,437.8,2.5,2.12,0.025,0.005,1.78
13,2023,5,1,4,11.8,8.43,11.44,438.3,2.4,2.12,0.025,0.005,1.8
13,2023,5,1,8,12.0,8.48,11.65,438.6,2.3,2.26,0.025,0.005,1.76
13,2023,5,1,12,13.8,8.51,11.9,435.0,2.6,2.29,0.025,0.005,1.74
13,2023,5,1,16,13.7,8.49,11.79,434.4,2.3,2.24,0.025,0.005,1.73
13,2023,5,1,20,13.0,8.48,11.85,436.4,2.3,2.24,0.025,0.005,1.76
13,2023,5,2,0,12.3,8.47,11.68,434.9,2.8,2.24,0.025,0.005,1.76
13,2023,5,2,4,12.2,8.45,11.53,436.9,2.7,2.26,0.025,0.005,1.76
13,2023,5,2,8,12.6,8.46,11.63,438.0,2.6,2.26,0.025,0.005,1.75
13,2023,5,2,12,13.6,8.5,11.85,437.7,2.8,2.26,0.025,0.005,1.75
13,2023,5,2,16,13.9,8.5,11.87,434.1,2.8,2.27,0.025,0.005,1.77
13,2023,5,2,20,13.8,8.51,11.93,435.5,2.6,2.24,0.025,0.005,1.76
13,2023,5,3,0,13.5,8.47,11.55,435.6,2.7,2.24,0.025,0.005,1.76
13,2023,5,3,4,13.3,8.44,11.26,437.4,2.7,2.28,0.025,0.005,1.76
13,2023,5,3,8,13.8,8.49,11.4,437.3,2.1,2.2,0.025,0.005,1.73
13,2023,5,3,12,16.7,8.48,11.36,439.0,2.5,2.2,0.025,0.005,1.73
13,2023,5,3,16,16.6,8.45,11.12,434.7,2.7,2.22,0.025,0.005,1.76
13,2023,5,3,20,15.8,8.46,11.34,435.5,2.5,2.21,0.025,0.005,1.75
13,2023,5,4,0,13.8,8.46,11.59,434.9,2.5,2.21,0.025,0.005,1.75
13,2023,5,4,4,13.7,8.44,11.28,434.8,3.0,2.34,0.025,0.005,1.76
13,2023,5,4,8,14.2,8.45,11.15,438.4,2.6,2.2,0.025,0.005,1.76
13,2023,5,4,12,15.9,8.47,10.99,439.2,2.8,2.17,0.025,0.005,1.73
13,2023,5,4,16,16.0,8.46,10.99,432.2,2.5,2.36,0.025,0.005,1.74
13,2023,5,4,20,15.0,8.48,11.27,432.8,3.3,2.33,0.025,0.005,1.73
13,2023,5,5,0,15.0,8.46,11.16,437.2,2.5,2.33,0.025,0.005,1.73
13,2023,5,5,4,14.8,8.44,11.06,432.7,5.0,2.31,0.025,0.005,1.73
13,2023,5,5,8,14.5,8.46,11.12,436.5,2.0,2.31,0.025,0.005,1.74
13,2023,5,5,12,14.4,8.49,11.0,436.6,4.2,2.16,0.025,0.005,1.76
13,2023,5,5,16,14.6,8.5,11.22,436.7,3.2,2.37,0.025,0.005,1.74
13,2023,5,5,20,14.5,8.49,11.28,436.5,2.6,2.34,0.025,0.005,1.76
13,2023,5,6,0,14.3,8.48,11.14,436.8,3.5,2.34,0.025,0.005,1.76
13,2023,5,6,4,14.2,8.46,10.99,437.6,3.0,2.3,0.025,0.005,1.75
13,2023,5,6,8,14.3,8.5,11.31,437.1,3.0,2.34,0.025,0.005,1.75
13,2023,5,6,12,14.9,8.53,11.35,438.2,3.7,2.49,0.025,0.005,1.73
13,2023,5,6,16,15.7,8.56,11.62,434.6,3.5,2.31,0.025,0.005,1.73
13,2023,5,6,20,14.8,8.56,12.02,434.2,3.3,2.38,0.025,0.005,1.72
13,2023,5,7,0,14.4,8.51,11.49,436.1,3.3,2.38,0.025,0.005,1.72
13,2023,5,7,4,13.9,8.5,11.39,436.4,3.0,2.4,0.025,0.005,1.74
13,2023,5,7,8,14.0,8.52,11.33,437.7,2.6,2.37,0.025,0.005,1.76
13,2023,5,7,12,14.8,8.53,11.3,438.4,2.6,2.16,0.025,0.005,1.74
13,2023,5,7,16,15.9,8.5,10.96,436.4,3.3,2.32,0.025,0.005,1.76
13,2023,5,7,20,15.7,8.53,11.68,436.4,3.2,2.17,0.025,0.005,1.73
13,2023,5,8,0,15.0,8.5,11.1,437.5,3.1,2.17,0.025,0.005,1.73
13,2023,5,8,4,14.6,8.51,11.39,436.7,3.1,2.14,0.025,0.005,1.74
13,2023,5,8,8,14.8,8.53,11.5,437.7,3.0,2.17,0.025,0.005,1.74
13,2023,5,8,12,16.3,8.54,11.48,437.8,2.9,2.28,0.025,0.005,1.73
13,2023,5,8,16,17.4,8.53,11.29,435.4,3.2,2.15,0.025,0.005,1.73
13,2023,5,8,20,16.7,8.56,11.7,433.6,3.2,2.39,0.025,0.005,1.72
13,2023,5,9,0,15.7,8.53,11.55,435.8,2.9,2.39,0.025,0.005,1.72
13,2023,5,9,4,15.0,8.52,11.37,436.2,3.8,2.35,0.025,0.005,1.73
13,2023,5,9,8,15.3,8.52,11.24,437.6,2.3,2.2,0.025,0.005,1.7
13,2023,5,9,12,17.4,8.55,11.37,435.6,4.1,2.0,0.025,0.005,1.7
13,2023,5,9,16,17.0,8.55,11.27,435.7,4.6,2.1,0.025,0.005,1.74
13,2023,5,10,16,17.7,8.58,11.67,431.6,2.5,2.39,0.025,0.005,1.7
13,2023,5,10,20,16.5,8.56,11.63,432.1,3.9,2.05,0.025,0.005,1.68
13,2023,5,11,0,16.5,8.53,11.21,436.8,2.5,2.09,0.025,0.005,1.69
13,2023,5,11,4,15.6,8.51,10.99,437.2,2.6,2.09,0.025,0.005,1.69
13,2023,5,11,8,16.1,8.53,11.04,438.5,2.2,1.94,0.025,0.005,1.74
13,2023,5,11,12,17.3,8.55,11.18,436.5,2.9,2.06,0.025,0.005,1.71
13,2023,5,11,16,16.8,8.55,11.12,432.4,2.7,1.99,0.025,0.005,1.73
13,2023,5,11,20,16.4,8.54,11.21,435.1,5.8,2.05,0.025,0.005,1.77
13,2023,5,12,0,16.4,8.53,10.93,436.5,2.7,2.14,0.025,0.005,1.76
13,2023,5,12,4,16.1,8.52,10.91,436.5,3.7,2.14,0.025,0.005,1.76
13,2023,5,12,8,16.4,8.54,11.07,437.0,3.0,2.06,0.025,0.005,1.74
13,2023,5,12,12,17.6,8.54,10.87,437.4,2.7,2.06,0.025,0.005,1.72
13,2023,5,12,16,17.8,8.5,10.62,436.8,2.9,1.96,0.025,0.005,1.72
13,2023,5,12,20,17.2,8.51,10.67,438.1,4.4,1.89,0.025,0.005,1.73
13,2023,5,13,0,17.1,8.51,10.83,437.7,3.4,2.03,0.025,0.005,1.74
13,2023,5,13,4,16.8,8.51,10.67,437.3,3.9,2.03,0.025,0.005,1.74
13,2023,5,13,8,17.0,8.53,10.8,437.6,3.1,2.01,0.025,0.005,1.72
13,2023,5,13,12,18.7,8.53,10.83,438.8,3.0,2.1,0.025,0.005,1.72
13,2023,5,13,16,19.7,8.53,10.88,435.4,3.5,2.09,0.025,0.005,1.71
13,2023,5,13,20,18.9,8.54,11.08,434.0,3.4,2.05,0.025,0.005,1.7
13,2023,5,14,0,18.1,8.52,10.84,435.6,3.7,2.04,0.025,0.005,1.7
13,2023,5,14,4,17.1,8.51,10.66,437.3,3.4,2.04,0.025,0.005,1.7
13,2023,5,14,8,17.4,8.54,10.79,437.2,3.9,2.08,0.025,0.005,1.71
13,2023,5,14,12,19.3,8.53,10.66,438.1,3.3,2.11,0.025,0.005,1.7
13,2023,5,14,16,20.1,8.55,11.04,433.0,4.1,2.0,0.025,0.005,1.72
13,2023,5,14,20,19.0,8.53,10.67,433.0,3.7,2.05,0.025,0.005,1.69
13,2023,5,15,0,18.7,8.51,10.38,434.8,4.2,2.15,0.025,0.005,1.69
13,2023,5,15,4,18.1,8.51,10.33,434.9,4.8,2.15,0.025,0.005,1.69
13,2023,5,15,8,18.5,8.54,10.53,435.7,2.8,2.08,0.025,0.005,1.7
13,2023,5,15,12,20.4,8.54,10.54,435.4,3.4,2.05,0.025,0.005,1.7
13,2023,5,15,16,20.1,8.57,11.01,429.4,4.6,1.97,0.025,0.005,1.7
13,2023,5,15,20,19.5,8.57,11.09,431.7,4.2,2.13,0.025,0.005,1.7
13,2023,5,16,0,18.7,8.53,10.67,431.1,4.5,2.11,0.025,0.005,1.69
13,2023,5,16,4,19.1,8.53,10.49,432.0,4.3,2.11,0.025,0.005,1.69
13,2023,5,16,8,19.3,8.53,10.35,432.9,3.9,2.02,0.025,0.005,1.7
13,2023,5,16,12,19.8,8.57,10.92,432.7,5.3,1.94,0.025,0.005,1.69
13,2023,5,17,12,19.2,8.55,10.36,431.3,6.8,2.2,0.025,0.005,1.69
13,2023,5,17,16,19.7,8.58,10.65,431.6,7.4,2.15,0.025,0.005,1.73
13,2023,5,17,20,19.1,8.56,10.4,431.9,7.2,2.15,0.025,0.005,1.71
13,2023,5,18,0,18.8,8.53,10.11,432.4,7.6,2.03,0.025,0.005,1.72
13,2023,5,18,4,18.6,8.54,10.24,432.4,6.4,2.03,0.025,0.005,1.72
13,2023,5,18,8,18.8,8.56,10.25,432.9,7.9,2.16,0.025,0.005,1.72
13,2023,5,18,8,18.8,8.56,10.25,432.9,7.9,2.16,0.025,0.005,1.72
13,2023,5,18,12,20.8,8.57,10.5,437.1,4.0,2.3,0.025,0.005,1.69
13,2023,5,18,16,20.4,8.59,10.76,431.8,3.7,2.37,0.025,0.005,1.69
13,2023,5,18,20,19.8,8.58,10.57,434.0,3.4,2.28,0.025,0.005,1.69
13,2023,5,19,0,18.8,8.55,10.19,433.0,4.4,2.28,0.025,0.005,1.69
13,2023,5,19,4,18.7,8.56,10.24,435.8,3.0,2.2,0.025,0.005,1.7
13,2023,5,19,8,18.7,8.57,10.23,435.8,4.6,2.18,0.025,0.005,1.7
13,2023,5,19,12,19.0,8.58,10.16,437.4,2.9,2.61,0.025,0.005,1.72
13,2023,5,19,16,18.8,8.58,10.29,436.1,3.0,2.31,0.025,0.005,1.73
13,2023,5,19,20,18.8,8.57,10.44,435.1,4.2,2.13,0.025,0.005,1.71
13,2023,5,20,0,18.7,8.57,10.21,436.4,3.8,2.13,0.025,0.005,1.71
13,2023,5,20,4,18.5,8.56,10.16,436.8,3.7,2.29,0.025,0.005,1.72
13,2023,5,20,8,18.5,8.56,10.16,437.2,4.1,2.34,0.025,0.005,1.73
13,2023,5,20,12,18.5,8.59,10.42,436.5,5.6,2.32,0.025,0.005,1.72
13,2023,5,20,16,18.4,8.6,10.36,435.3,5.2,2.23,0.025,0.005,1.7
13,2023,5,20,20,18.0,8.58,10.19,436.4,5.7,2.27,0.025,0.005,1.72
13,2023,5,21,0,17.7,8.56,10.14,436.6,3.5,2.27,0.025,0.005,1.72
13,2023,5,21,4,17.2,8.53,9.97,437.0,6.5,2.26,0.025,0.005,1.72
13,2023,5,21,8,17.3,8.57,10.23,437.1,3.5,2.3,0.025,0.005,1.71
13,2023,5,21,12,18.9,8.58,10.27,437.5,6.4,2.25,0.025,0.005,1.7
13,2023,5,21,16,19.6,8.58,10.32,435.9,3.9,2.25,0.025,0.005,1.7
13,2023,5,21,20,19.0,8.58,10.38,435.0,3.4,2.27,0.025,0.005,1.7
13,2023,5,22,0,18.5,8.57,10.16,435.6,3.5,2.27,0.025,0.005,1.7
13,2023,5,22,4,18.1,8.55,10.07,437.1,2.8,2.18,0.025,0.005,1.7
13,2023,5,22,8,17.7,8.6,10.3,437.1,3.3,2.22,0.025,0.005,1.72
13,2023,5,22,12,19.3,8.6,10.27,437.8,2.8,2.2,0.025,0.005,1.68
13,2023,5,22,16,19.6,8.61,10.51,433.2,2.8,2.25,0.025,0.005,1.7
13,2023,5,22,20,18.8,8.58,10.29,435.3,4.0,2.34,0.025,0.005,1.7
13,2023,5,23,0,18.7,8.58,10.24,436.0,3.1,2.34,0.025,0.005,1.7
13,2023,5,23,4,18.2,8.59,10.18,437.2,2.8,2.19,0.025,0.005,1.71
13,2023,5,23,8,18.3,8.62,10.26,437.2,2.6,2.25,0.025,0.005,1.71
13,2023,5,24,16,19.3,8.66,10.7,433.5,4.4,2.26,0.025,0.005,1.68
13,2023,5,25,12,19.2,8.65,10.54,434.5,3.4,2.33,0.025,0.005,1.68
13,2023,5,25,16,19.3,8.67,10.78,433.2,3.4,2.39,0.025,0.005,1.69
13,2023,5,25,20,19.3,8.64,10.4,433.9,3.9,2.36,0.025,0.005,1.68
13,2023,5,26,0,18.8,8.63,10.2,434.5,2.7,2.36,0.025,0.005,1.68
13,2023,5,26,4,18.7,8.62,10.08,435.5,2.6,2.47,0.025,0.005,1.7
13,2023,5,26,8,19.1,8.64,10.15,436.7,2.2,2.23,0.025,0.005,1.68
13,2023,5,26,12,21.0,8.62,10.14,438.4,3.8,2.26,0.025,0.005,1.7
13,2023,5,26,16,21.1,8.65,10.35,432.8,4.4,2.36,0.025,0.005,1.68
13,2023,5,26,20,20.2,8.66,10.49,433.3,2.9,2.48,0.025,0.005,1.67
13,2023,5,27,0,19.5,8.65,10.56,434.5,3.5,2.49,0.025,0.005,1.68
13,2023,5,27,4,19.4,8.63,10.24,434.2,5.2,2.27,0.025,0.005,1.68
13,2023,5,27,8,19.7,8.63,10.2,436.0,2.9,2.29,0.025,0.005,1.68
13,2023,5,27,12,19.8,8.66,10.44,434.5,2.6,2.29,0.025,0.005,1.68
13,2023,5,27,16,20.0,8.67,10.73,433.7,3.4,2.29,0.025,0.005,1.68
13,2023,5,27,20,19.4,8.68,10.66,433.7,3.3,2.49,0.025,0.005,1.68
13,2023,5,28,0,19.6,8.66,10.37,434.9,1.4,2.32,0.025,0.005,1.67
13,2023,5,28,4,19.5,8.66,10.27,434.7,2.8,2.23,0.025,0.005,1.68
13,2023,5,28,8,19.6,8.67,10.34,435.1,2.4,2.31,0.025,0.005,1.67
13,2023,5,28,12,21.8,8.66,10.43,438.6,2.6,2.3,0.025,0.005,1.66
13,2023,5,28,16,22.4,8.66,10.47,434.3,2.5,2.3,0.025,0.005,1.66
13,2023,5,28,20,20.9,8.67,10.75,431.7,3.5,2.67,0.025,0.005,1.66
13,2023,5,29,0,20.3,8.67,10.52,432.9,4.3,2.53,0.025,0.005,1.66
13,2023,5,29,4,20.3,8.67,10.4,433.4,2.0,2.31,0.025,0.005,1.66
13,2023,5,29,12,23.2,8.66,10.54,437.8,3.1,2.31,0.025,0.005,1.66
13,2023,5,29,16,23.6,8.68,10.83,431.8,6.6,2.3,0.025,0.005,1.66
13,2023,5,29,20,22.6,8.66,10.85,433.2,4.4,2.51,0.025,0.005,1.65
13,2023,5,30,0,21.7,8.67,10.42,432.8,2.2,2.3,0.025,0.005,1.65
13,2023,5,30,4,21.3,8.65,10.19,433.8,3.1,2.52,0.025,0.005,1.66
13,2023,5,30,8,21.1,8.68,10.31,433.9,3.0,2.53,0.025,0.005,1.67
13,2023,5,30,12,21.2,8.71,10.58,433.4,5.3,2.53,0.025,0.005,1.67
13,2023,5,30,12,21.2,8.71,10.58,433.4,5.3,2.32,0.025,0.005,1.67
13,2023,5,30,16,21.2,8.71,10.69,432.6,3.0,2.32,0.025,0.005,1.67
13,2023,5,30,16,21.2,8.71,10.69,432.6,3.0,2.36,0.025,0.005,1.66
13,2023,5,30,20,21.0,8.71,10.56,432.8,2.9,2.36,0.025,0.005,1.66
13,2023,5,30,20,21.0,8.71,10.56,432.8,2.9,2.47,0.025,0.005,1.66
13,2023,5,31,0,20.9,8.7,10.54,433.0,2.9,2.47,0.025,0.005,1.66
13,2023,5,31,0,20.9,8.7,10.54,433.0,2.9,2.47,0.025,0.005,1.66
13,2023,5,31,4,20.8,8.66,10.23,433.7,3.2,2.47,0.025,0.005,1.66
13,2023,5,31,4,20.8,8.66,10.23,433.7,3.2,2.48,0.025,0.005,1.68
13,2023,5,31,8,20.8,8.67,10.21,433.8,3.4,2.48,0.025,0.005,1.68
13,2023,5,31,8,20.8,8.67,10.21,433.8,3.4,2.31,0.025,0.005,1.65
13,2023,5,31,12,21.2,8.7,10.69,432.6,4.0,2.31,0.025,0.005,1.65
13,2023,5,31,12,21.2,8.7,10.69,432.6,4.0,2.61,0.025,0.005,1.64
13,2023,5,31,16,21.0,8.72,10.95,431.5,3.5,2.61,0.025,0.005,1.64
13,2023,5,31,16,21.0,8.72,10.95,431.5,3.5,2.41,0.025,0.005,1.66
13,2023,5,31,20,20.8,8.7,10.64,433.5,2.6,2.41,0.025,0.005,1.66
13,2023,5,31,20,20.8,8.7,10.64,433.5,2.6,2.47,0.025,0.005,1.66
13,2023,6,1,0,20.6,8.68,10.36,434.7,2.8,2.47,0.025,0.005,1.66
13,2023,6,1,0,20.6,8.68,10.36,434.7,2.8,2.47,0.025,0.005,1.66
13,2023,6,1,4,20.4,8.68,10.31,434.6,3.0,2.47,0.025,0.005,1.66
13,2023,6,1,4,20.4,8.68,10.31,434.6,3.0,2.46,0.025,0.005,1.64
13,2023,6,1,8,20.7,8.7,10.29,435.0,2.0,2.46,0.025,0.005,1.64
13,2023,6,1,8,20.7,8.7,10.29,435.0,2.0,2.28,0.025,0.005,1.65
13,2023,6,1,12,22.0,8.69,10.35,435.9,2.6,2.28,0.025,0.005,1.65
13,2023,6,1,12,22.0,8.69,10.35,435.9,2.6,2.41,0.025,0.005,1.65
13,2023,6,1,16,21.8,8.71,10.26,432.4,3.2,2.41,0.025,0.005,1.65
13,2023,6,1,16,21.8,8.71,10.26,432.4,3.2,2.27,0.025,0.005,1.65
13,2023,6,2,12,21.9,8.71,10.31,435.5,2.8,2.3,0.025,0.005,1.65
