point_id,year,month,day,hour,水温(℃),pH(无量纲),溶解氧(mg/L),电导率(μS/cm),浊度(NTU),高锰酸盐指数(mg/L),氨氮(mg/L),总磷(mg/L),总氮(mg/L)
11,2021,6,17,12,25.3,8.66,10.74,271.7,3.1,2.23,0.087,0.005,0.74
11,2021,6,17,12,25.3,8.66,10.74,271.7,3.1,2.23,0.087,0.005,0.74
11,2021,6,17,16,25.7,8.78,12.63,272.1,3.9,2.23,0.025,0.005,0.66
11,2021,6,17,20,25.8,8.71,11.1,275.8,2.8,2.01,0.025,0.005,0.59
11,2021,6,18,0,25.0,8.59,10.22,274.2,3.3,2.01,0.025,0.005,0.59
11,2021,6,18,4,24.9,8.45,9.46,263.7,3.5,2.18,0.098,0.005,0.64
11,2021,6,18,4,24.9,8.45,9.46,263.7,3.5,1.93,0.098,0.005,0.86
11,2021,6,18,8,24.6,8.56,10.1,271.7,3.6,1.93,0.025,0.005,0.71
11,2021,6,18,12,23.7,8.76,8.72,279.9,3.9,1.93,0.025,0.005,0.56
11,2021,6,18,16,25.3,8.84,12.82,265.0,5.0,2.68,0.025,0.005,0.56
11,2021,6,18,16,25.3,8.84,12.82,265.0,5.0,2.78,0.025,0.005,0.53
11,2021,6,18,20,24.9,8.88,9.37,264.5,3.9,2.86,0.025,0.005,0.46
11,2021,6,19,0,24.3,8.68,10.37,276.2,3.1,2.86,0.025,0.005,0.46
11,2021,6,19,4,24.0,8.63,10.39,273.4,3.0,2.67,0.025,0.005,0.52
11,2021,6,19,4,24.0,8.63,10.39,273.4,3.0,2.57,0.025,0.005,0.64
11,2021,6,19,8,24.0,8.67,10.39,277.2,2.9,2.75,0.025,0.005,0.57
11,2021,6,19,12,24.7,8.74,10.78,276.5,3.4,2.62,0.025,0.005,0.61
11,2021,6,19,16,25.2,8.91,12.28,266.0,4.3,2.95,0.025,0.005,0.48
11,2021,6,19,20,24.9,8.84,11.8,272.3,3.6,2.65,0.025,0.005,0.53
11,2021,6,20,0,24.2,8.66,10.02,277.5,3.8,2.65,0.025,0.005,0.53
11,2021,6,20,0,24.2,8.66,10.02,277.5,3.8,2.65,0.025,0.005,0.53
11,2021,6,20,8,24.0,8.61,10.09,275.4,4.1,2.6,0.025,0.005,0.64
11,2021,6,20,12,24.6,8.7,9.46,278.2,3.9,2.69,0.025,0.005,0.58
11,2021,6,20,16,24.5,8.73,11.06,279.5,3.6,2.69,0.025,0.005,0.58
11,2021,7,2,12,25.5,8.57,9.94,253.1,2.1,2.24,0.025,0.005,0.78
11,2021,7,2,16,25.9,8.69,11.48,250.5,2.3,2.41,0.025,0.005,0.73
11,2021,7,2,16,25.9,8.69,11.48,250.5,2.3,2.28,0.025,0.005,0.74
11,2021,7,2,20,25.6,8.69,8.78,258.6,2.5,2.43,0.025,0.005,0.64
11,2021,7,3,0,25.8,8.74,11.7,248.2,2.0,2.43,0.025,0.005,0.64
11,2021,7,3,4,25.8,8.65,9.83,255.5,2.0,2.43,0.025,0.005,0.64
11,2021,7,3,4,25.8,8.65,9.83,255.5,2.0,2.25,0.025,0.005,0.64
11,2021,7,3,8,25.8,8.47,9.28,253.5,2.2,2.13,0.09,0.005,0.78
11,2021,7,3,12,25.8,8.65,10.12,251.6,2.5,2.13,0.025,0.005,0.78
11,2021,7,3,16,25.8,8.69,10.24,258.1,4.0,2.34,0.025,0.005,0.68
11,2021,7,3,16,25.8,8.69,10.24,258.1,4.0,2.35,0.025,0.005,0.66
11,2021,7,3,20,25.8,8.7,9.18,262.3,2.4,2.27,0.025,0.005,0.66
11,2021,7,4,0,25.7,8.62,10.02,259.2,2.7,2.27,0.025,0.005,0.66
11,2021,7,4,4,25.9,8.62,9.75,255.5,2.2,2.27,0.025,0.005,0.66
11,2021,7,4,4,25.9,8.62,9.75,255.5,2.2,2.31,0.025,0.005,0.67
11,2021,7,4,8,26.0,8.58,9.79,253.9,1.6,2.34,0.025,0.005,0.71
11,2021,7,4,12,26.3,8.72,10.6,253.5,4.1,2.34,0.025,0.005,0.71
11,2021,7,4,16,26.6,8.79,11.9,251.2,2.1,2.28,0.025,0.005,0.62
11,2021,7,4,16,26.6,8.79,11.9,251.2,2.1,2.33,0.025,0.005,0.63
11,2021,7,4,20,27.7,8.69,10.91,252.3,2.0,2.28,0.025,0.005,0.65
11,2021,7,5,0,27.3,8.57,9.76,248.7,2.4,2.28,0.025,0.005,0.65
11,2021,7,5,4,27.0,8.55,9.43,249.4,2.0,2.28,0.025,0.005,0.65
11,2021,7,5,8,26.8,8.63,9.96,252.3,3.3,2.21,0.089,0.005,0.73
11,2021,7,5,8,26.8,8.63,9.96,252.3,3.3,2.21,0.025,0.005,0.73
11,2021,7,5,12,27.0,8.68,11.34,248.7,2.2,2.27,0.025,0.005,0.7
11,2021,7,5,16,28.1,8.61,10.49,245.4,2.7,2.27,0.085,0.005,0.7
11,2021,7,5,20,27.2,8.64,10.61,251.1,2.3,2.08,0.085,0.005,0.76
11,2021,7,5,20,27.2,8.64,10.61,251.1,2.3,2.16,0.025,0.005,0.66
11,2021,7,6,0,26.7,8.47,9.07,249.9,3.0,2.16,0.025,0.005,0.66
11,2021,7,6,4,26.8,8.39,8.71,250.3,2.1,2.16,0.105,0.005,0.66
11,2021,7,6,8,26.5,8.5,8.87,255.7,2.1,1.88,0.105,0.005,0.83
11,2021,7,6,8,26.5,8.5,8.87,255.7,2.1,2.26,0.083,0.005,0.7
11,2021,7,6,12,26.4,8.7,10.33,255.8,2.2,2.16,0.025,0.005,0.67
11,2021,7,6,16,26.7,8.75,11.2,254.2,2.8,2.02,0.025,0.005,0.66
11,2021,7,7,8,26.5,8.66,10.08,253.8,1.6,1.9,0.025,0.005,0.74
11,2021,7,7,12,27.0,8.71,10.84,252.3,2.1,2.14,0.025,0.005,0.63
11,2021,7,7,12,27.0,8.71,10.84,252.3,2.1,2.14,0.025,0.005,0.63
11,2021,7,26,12,25.0,8.29,10.18,384.3,5.8,4.33,0.025,0.03,4.34
11,2021,7,26,16,26.5,8.72,12.31,347.7,4.7,4.12,0.025,0.005,3.6
11,2021,7,26,20,26.6,8.7,12.0,349.3,6.1,4.12,0.025,0.005,3.6
11,2021,7,27,0,24.8,8.42,9.67,360.7,4.8,4.26,0.025,0.005,3.61
11,2021,7,27,0,24.8,8.42,9.67,360.7,4.8,4.26,0.025,0.005,3.61
11,2021,7,27,4,25.3,8.42,9.12,349.3,4.6,3.97,0.142,0.005,3.86
11,2021,7,27,8,25.2,8.34,8.33,341.8,5.2,3.97,0.187,0.005,3.86
11,2021,7,27,12,25.2,8.52,9.24,344.5,4.2,4.08,0.187,0.005,3.77
11,2021,7,27,12,25.2,8.52,9.24,344.5,4.2,4.08,0.187,0.005,3.77
11,2021,7,27,12,25.2,8.52,9.24,344.5,4.2,4.03,0.147,0.005,3.86
11,2021,7,27,16,25.3,8.61,8.66,350.7,5.1,4.07,0.113,0.005,3.99
11,2021,7,27,20,25.0,8.39,8.43,358.2,4.9,4.23,0.14,0.031,4.13
11,2021,7,28,0,25.0,8.33,8.2,358.9,5.0,4.23,0.14,0.031,4.13
11,2021,7,28,4,24.8,8.45,8.69,352.1,3.7,4.23,0.14,0.031,4.13
11,2021,7,28,4,24.8,8.45,8.69,352.1,3.7,5.24,0.123,0.005,4.04
11,2021,7,28,8,24.8,8.4,8.38,356.5,3.5,5.24,0.124,0.005,4.04
11,2021,7,28,12,25.3,8.49,9.06,354.5,3.9,4.19,0.117,0.005,4.06
11,2021,7,28,16,24.6,8.32,8.49,374.2,3.9,4.11,0.117,0.005,4.05
11,2021,7,28,16,24.6,8.32,8.49,374.2,3.9,4.0,0.161,0.005,4.28
11,2021,7,28,20,25.4,8.48,9.79,357.7,3.1,4.08,0.137,0.005,3.96
11,2021,7,29,0,25.3,8.48,9.08,362.6,2.8,4.08,0.137,0.005,3.96
11,2021,7,29,4,24.7,8.28,8.47,375.9,2.8,4.08,0.137,0.005,3.96
11,2021,7,29,4,24.7,8.28,8.47,375.9,2.8,4.04,0.11,0.005,4.17
11,2021,7,29,8,24.8,8.32,8.64,372.0,2.7,3.97,0.11,0.005,4.03
11,2021,7,29,12,25.2,8.47,9.51,364.1,2.4,4.34,0.11,0.005,4.01
11,2021,7,29,16,25.2,8.55,9.95,362.3,2.7,4.34,0.11,0.005,4.01
11,2021,7,29,16,25.2,8.55,9.95,362.3,2.7,4.34,0.08,0.005,4.06
11,2021,7,29,20,25.0,8.58,10.04,362.6,2.5,4.41,0.025,0.005,4.12
11,2021,7,30,0,24.8,8.51,9.28,363.0,2.3,4.41,0.025,0.005,4.12
11,2021,7,30,0,24.8,8.51,9.28,363.0,2.3,4.19,0.025,0.005,4.09
11,2021,7,30,4,24.6,8.41,8.5,367.1,2.2,4.33,0.08,0.005,4.13
11,2021,7,30,8,24.0,8.3,8.27,378.6,2.7,4.18,0.025,0.005,4.25
11,2021,7,30,12,24.3,8.42,9.34,375.7,3.5,4.18,0.025,0.005,4.25
11,2021,7,30,16,24.8,8.55,10.55,377.0,3.0,4.25,0.025,0.005,4.22
11,2021,8,6,8,25.6,8.57,10.58,418.6,3.4,3.86,0.025,0.005,4.54
11,2021,8,6,8,25.6,8.57,10.58,418.6,3.4,3.62,0.025,0.005,4.5
11,2021,9,23,12,18.8,8.06,8.66,427.4,2.4,3.17,0.025,0.005,2.69
11,2021,9,23,16,18.8,8.11,9.14,421.2,2.6,3.05,0.025,0.005,2.55
11,2021,9,23,20,18.4,8.32,10.85,420.0,2.9,3.28,0.025,0.005,2.56
11,2021,9,24,0,19.1,8.04,8.67,443.8,2.6,3.28,0.025,0.005,2.56
11,2021,9,24,4,18.4,8.08,9.15,423.1,2.9,2.87,0.025,0.005,2.64
11,2021,10,28,12,13.1,8.04,10.97,452.6,2.9,1.97,0.025,0.005,2.3
11,2021,10,28,16,13.2,8.06,10.97,453.1,2.7,2.14,0.025,0.005,2.02
11,2021,10,28,20,13.0,7.98,10.46,447.6,3.1,2.31,0.025,0.005,1.75
11,2021,10,29,0,12.9,7.97,10.43,448.7,2.7,2.31,0.025,0.005,1.75
11,2021,10,29,4,12.8,7.99,10.35,454.5,2.3,2.27,0.025,0.005,2.0
11,2021,10,29,8,12.7,8.02,10.5,456.5,2.7,2.08,0.025,0.005,2.12
11,2021,10,29,12,13.1,8.06,10.83,453.3,2.7,2.01,0.025,0.005,1.99
11,2021,11,5,8,13.0,7.96,9.53,461.9,2.9,2.17,0.025,0.005,2.26
11,2021,11,5,12,13.3,8.02,10.1,458.9,2.7,2.01,0.025,0.005,2.2
11,2021,11,5,16,13.4,7.98,9.82,467.2,3.2,1.91,0.025,0.005,2.56
11,2021,11,5,20,13.4,7.98,9.58,465.1,3.3,1.81,0.025,0.005,2.46
11,2021,11,6,0,13.3,7.97,9.63,466.6,3.1,1.81,0.025,0.005,2.46
11,2021,11,6,4,13.5,7.96,9.52,467.9,3.0,1.86,0.025,0.005,2.62
11,2021,11,6,8,13.5,7.96,9.44,467.8,3.3,1.94,0.025,0.005,2.63
11,2021,11,6,12,13.3,7.94,9.76,450.8,3.4,2.33,0.025,0.005,1.94
11,2021,11,6,16,13.2,7.97,9.65,459.8,3.0,2.33,0.025,0.005,1.94
11,2021,11,6,20,13.0,7.96,9.32,465.4,3.0,1.88,0.111,0.005,2.65
11,2021,11,7,0,12.5,7.97,9.34,473.3,3.7,1.88,0.111,0.005,2.65
11,2021,11,7,4,12.2,7.98,9.31,473.5,4.0,1.57,0.104,0.005,3.07
11,2021,11,7,4,12.2,7.98,9.31,473.5,4.0,1.54,0.104,0.005,3.17
11,2021,11,7,12,11.4,7.99,9.88,453.3,4.2,1.54,0.025,0.005,3.17
11,2021,11,7,16,12.1,8.0,10.17,446.1,3.9,2.37,0.025,0.005,2.06
11,2021,11,7,20,11.5,7.99,10.03,447.4,3.5,2.25,0.025,0.005,1.85
11,2021,11,8,0,10.7,7.99,9.79,452.4,3.5,2.33,0.025,0.005,1.9
11,2021,11,8,4,10.0,8.0,9.74,457.5,3.9,2.33,0.025,0.005,1.9
11,2021,11,8,8,10.3,8.01,9.92,450.4,4.3,2.18,0.025,0.005,2.2
11,2021,11,8,12,10.6,8.05,10.06,449.9,4.1,2.4,0.025,0.005,1.97
11,2021,11,8,16,10.0,8.09,10.44,454.8,3.3,2.16,0.025,0.005,2.17
11,2021,11,8,20,10.5,8.07,10.38,451.5,4.0,2.54,0.025,0.005,2.02
11,2021,11,9,0,10.6,8.07,10.24,446.7,3.8,2.54,0.025,0.005,2.02
11,2021,11,9,4,9.9,8.08,10.19,448.7,3.3,2.35,0.025,0.005,2.14
11,2021,11,9,8,9.4,8.08,10.22,452.5,3.4,2.23,0.025,0.005,2.21
11,2021,11,9,12,10.0,8.12,10.42,450.7,3.3,2.08,0.025,0.005,2.35
11,2021,11,9,16,10.0,8.14,10.59,451.2,3.5,2.24,0.025,0.005,2.24
11,2021,11,9,20,10.3,8.14,10.47,446.3,3.4,2.33,0.025,0.005,2.17
11,2021,11,10,0,10.8,8.1,10.17,442.7,3.7,2.33,0.025,0.005,2.17
11,2021,11,10,4,10.8,8.06,10.01,442.8,3.6,2.37,0.025,0.005,1.98
11,2021,11,10,8,10.8,8.05,10.01,445.3,4.1,2.37,0.025,0.005,1.98
11,2021,11,10,12,11.1,8.1,10.26,443.3,3.1,2.35,0.025,0.005,1.96
11,2021,11,10,16,10.8,8.14,10.46,443.7,3.3,2.23,0.025,0.005,2.06
11,2021,11,10,20,10.5,8.14,10.48,447.2,3.4,2.33,0.025,0.005,2.12
11,2021,11,11,0,10.8,8.11,10.14,443.5,3.6,2.33,0.025,0.005,2.12
11,2021,11,11,4,10.9,8.06,9.93,440.8,3.2,2.33,0.025,0.005,2.12
11,2021,11,11,8,10.8,8.06,9.9,440.0,3.0,2.38,0.025,0.005,1.94
11,2021,11,11,12,11.1,8.08,10.07,439.6,3.2,2.29,0.025,0.005,1.93
11,2021,11,11,16,11.5,8.1,10.22,438.2,3.0,2.44,0.025,0.005,1.9
11,2021,11,11,20,11.0,8.1,10.07,440.9,3.2,2.22,0.025,0.005,1.93
11,2021,11,12,0,10.5,8.12,10.28,444.4,3.2,2.38,0.025,0.005,2.03
11,2021,11,12,4,10.6,8.09,10.12,441.0,3.4,2.24,0.025,0.005,1.94
11,2021,11,26,12,9.0,8.1,10.57,443.1,2.1,2.22,0.025,0.005,2.08
11,2021,11,26,16,9.1,8.11,10.68,443.8,2.2,2.24,0.025,0.005,2.06
11,2021,11,26,20,9.2,8.11,10.58,440.9,2.0,2.31,0.025,0.005,2.1
11,2021,11,27,0,9.2,8.1,10.56,440.3,2.1,2.31,0.025,0.005,2.1
11,2021,11,27,4,9.0,8.09,10.47,440.8,1.8,2.33,0.025,0.005,2.05
11,2021,11,27,8,8.7,8.09,10.5,442.4,2.0,2.31,0.025,0.005,2.07
11,2021,11,27,12,8.9,8.1,10.56,442.6,1.9,2.33,0.025,0.005,2.07
11,2021,11,27,16,9.2,8.1,10.59,442.7,2.0,2.27,0.025,0.005,2.04
11,2021,11,27,20,9.0,8.09,10.42,444.0,1.9,2.29,0.025,0.005,2.07
11,2021,11,28,0,8.9,8.08,10.42,444.3,1.9,2.29,0.025,0.005,2.07
11,2021,11,28,4,8.6,8.08,10.34,445.2,2.3,2.27,0.025,0.005,2.15
11,2021,11,28,8,8.6,8.07,10.27,445.3,2.0,2.32,0.025,0.005,2.07
11,2021,11,28,12,8.6,8.08,10.36,447.3,2.0,2.32,0.025,0.005,2.05
11,2021,11,28,16,9.2,8.08,10.45,442.9,1.9,2.33,0.025,0.005,2.05
11,2021,11,28,20,8.8,8.08,10.34,443.9,2.3,2.22,0.025,0.005,2.05
11,2021,11,29,0,8.8,8.08,10.35,444.0,2.1,2.22,0.025,0.005,2.05
11,2021,11,29,4,8.7,8.07,10.22,444.3,1.8,2.3,0.025,0.005,2.1
11,2021,11,29,8,8.6,8.06,10.26,444.7,1.7,2.29,0.025,0.005,2.07
11,2021,11,29,12,8.5,8.09,10.52,445.8,1.7,2.28,0.025,0.005,2.07
11,2021,11,30,8,7.7,8.08,10.33,446.4,3.2,2.44,0.025,0.005,2.11
11,2021,11,30,12,7.3,8.08,10.57,451.1,2.9,2.25,0.025,0.005,2.09
11,2021,11,30,16,8.8,8.09,10.53,432.5,3.0,1.92,0.025,0.005,2.35
11,2021,11,30,20,9.0,8.1,10.55,428.7,2.7,2.14,0.025,0.005,2.28
11,2021,11,30,20,9.0,8.1,10.55,428.7,2.7,2.14,0.025,0.005,2.28
11,2021,12,1,4,9.6,8.08,10.07,423.0,2.7,2.35,0.025,0.005,2.14
11,2021,12,1,8,9.7,8.07,9.97,421.2,2.5,2.28,0.025,0.005,2.12
11,2021,12,1,12,7.6,8.09,10.58,412.3,2.1,2.34,0.025,0.005,2.17
11,2021,12,1,16,8.1,8.1,10.71,405.0,2.2,2.25,0.025,0.005,2.16
11,2021,12,1,20,9.4,8.1,10.54,387.1,2.2,2.32,0.025,0.005,2.14
11,2021,12,2,0,7.7,8.11,10.88,406.5,1.9,2.32,0.025,0.005,2.14
11,2021,12,2,4,9.1,8.1,10.17,387.1,1.9,2.13,0.025,0.005,2.17
11,2021,12,2,12,7.2,8.11,10.89,412.3,2.0,2.32,0.025,0.005,2.15
11,2021,12,3,12,7.7,8.1,10.47,405.9,2.5,2.32,0.025,0.005,2.14
11,2021,12,7,16,9.7,8.11,10.34,382.5,1.8,2.19,0.025,0.005,2.17
11,2021,12,7,20,9.6,8.1,10.27,381.3,1.7,2.29,0.025,0.005,2.16
11,2021,12,8,8,9.2,8.1,10.2,381.2,1.8,2.29,0.025,0.005,2.21
11,2021,12,8,12,9.6,8.11,10.27,381.3,1.5,2.18,0.025,0.005,2.18
11,2021,12,8,16,9.6,8.12,10.56,382.9,1.6,2.18,0.025,0.005,2.2
11,2021,12,8,20,9.3,8.11,10.26,383.8,1.7,2.3,0.025,0.005,2.22
11,2021,12,9,0,9.2,8.1,10.22,384.3,1.6,2.3,0.025,0.005,2.22
11,2021,12,9,4,9.2,8.1,10.24,384.7,1.7,2.31,0.025,0.005,2.22
11,2021,12,9,8,7.2,8.11,10.45,409.1,1.6,2.15,0.025,0.005,2.19
11,2021,12,9,16,7.6,8.12,10.81,406.1,1.5,2.3,0.025,0.005,2.22
11,2021,12,10,12,9.0,7.95,10.22,385.3,1.4,2.3,0.025,0.005,2.23
11,2021,12,10,16,10.2,7.95,10.41,372.0,1.4,2.27,0.025,0.005,2.25
11,2021,12,14,8,6.6,7.9,10.29,403.8,1.6,2.39,0.025,0.005,2.3
11,2021,12,14,12,6.6,7.9,10.3,405.2,1.7,2.46,0.025,0.005,2.29
11,2021,12,14,16,7.4,7.91,10.57,399.3,1.4,2.54,0.025,0.005,2.28
11,2021,12,14,20,5.9,7.91,10.64,417.3,1.6,2.54,0.025,0.005,2.28
11,2021,12,14,20,5.9,7.91,10.64,417.3,1.6,2.54,0.025,0.005,2.28
11,2021,12,14,20,5.9,7.91,10.64,417.3,1.6,2.54,0.025,0.005,2.28
11,2021,12,21,12,6.1,8.34,10.64,392.7,1.2,2.46,0.025,0.005,2.36
11,2021,12,21,16,4.5,8.35,11.17,417.3,1.5,2.21,0.025,0.005,2.36
11,2021,12,22,8,6.3,8.33,10.47,394.0,1.4,2.49,0.025,0.005,2.38
11,2021,12,22,12,4.9,8.34,10.79,414.8,1.4,2.36,0.025,0.005,2.37
11,2021,12,22,16,6.5,8.36,10.65,393.5,1.1,2.43,0.025,0.005,2.37
11,2021,12,22,20,6.4,8.31,10.68,392.4,1.5,2.31,0.025,0.005,2.35
11,2021,12,23,0,6.3,8.33,10.42,394.4,1.3,2.39,0.025,0.005,2.32
11,2021,12,23,4,6.3,8.33,10.52,393.9,1.4,2.29,0.025,0.005,2.35
11,2021,12,23,8,6.3,8.33,10.44,394.9,1.3,2.45,0.025,0.005,2.35
11,2021,12,23,12,4.7,8.33,10.78,416.5,1.5,2.45,0.025,0.005,2.38
11,2021,12,23,16,4.7,8.34,10.89,417.0,1.7,2.39,0.025,0.005,2.39
11,2021,12,23,20,4.5,8.35,10.96,418.4,1.1,2.24,0.025,0.005,2.39
11,2021,12,24,0,4.5,8.35,10.9,418.1,1.4,2.24,0.025,0.005,2.39
11,2021,12,24,4,4.1,8.36,11.08,419.1,2.4,2.24,0.025,0.005,2.39
11,2021,12,24,8,3.6,8.43,11.13,425.2,2.7,2.26,0.025,0.005,2.42
11,2021,12,24,12,3.7,8.41,11.25,422.6,2.9,2.49,0.025,0.005,2.45
11,2021,12,27,16,1.9,8.59,11.49,445.5,1.2,2.27,0.025,0.005,2.5
11,2021,12,27,20,2.1,8.57,11.34,441.9,1.2,2.26,0.025,0.005,2.5
11,2021,12,28,0,2.1,8.56,11.36,442.9,1.1,2.4,0.025,0.005,2.48
11,2021,12,28,4,1.9,8.56,11.31,442.7,1.1,2.4,0.025,0.005,2.48
11,2021,12,28,8,1.9,8.53,11.24,443.0,1.1,2.27,0.025,0.005,2.5
11,2021,12,28,12,2.1,8.53,11.31,440.5,1.1,2.14,0.025,0.005,2.35
11,2021,12,28,16,2.0,8.02,11.34,442.6,1.2,2.14,0.025,0.005,2.35
11,2021,12,30,12,2.4,7.92,11.31,443.2,1.2,2.24,0.025,0.005,2.37
11,2022,1,11,12,3.0,8.22,11.64,434.4,1.1,2.39,0.025,0.005,2.39
11,2022,1,11,16,3.3,8.22,11.67,433.3,1.0,2.39,0.025,0.005,2.39
11,2022,1,12,8,3.1,8.21,11.54,434.0,1.2,2.19,0.025,0.005,2.38
11,2022,1,12,12,3.0,8.23,11.67,434.8,1.0,2.38,0.025,0.005,2.4
11,2022,1,12,16,3.2,8.24,11.81,434.0,1.1,2.38,0.025,0.005,2.4
11,2022,1,14,12,2.8,8.24,11.67,436.3,1.0,2.36,0.025,0.005,2.39
11,2022,1,14,16,3.2,8.25,11.72,434.4,1.0,2.22,0.025,0.005,2.39
11,2022,1,19,8,2.9,8.25,11.7,436.8,0.9,2.19,0.025,0.005,2.37
11,2022,1,19,8,2.9,8.25,11.7,436.8,0.9,2.19,0.025,0.005,2.37
11,2022,1,19,16,3.4,8.26,11.84,434.6,1.2,2.24,0.025,0.005,2.37
11,2022,1,19,20,3.4,8.25,11.82,435.7,1.2,2.39,0.025,0.005,2.42
11,2022,1,20,0,3.3,8.25,11.86,435.1,1.2,2.39,0.025,0.005,2.42
11,2022,1,20,4,3.5,8.25,11.9,435.9,1.2,2.28,0.025,0.005,2.4
11,2022,1,20,8,3.2,8.24,11.75,436.3,1.1,2.06,0.025,0.005,2.38
11,2022,1,20,12,3.2,8.25,11.83,436.0,1.2,2.3,0.025,0.005,2.39
11,2022,1,20,16,3.0,8.25,11.81,436.8,1.1,2.41,0.025,0.005,2.43
11,2022,1,20,20,3.2,8.26,11.94,436.1,1.1,2.26,0.025,0.005,2.38
11,2022,1,21,0,2.9,8.26,11.91,438.1,1.2,2.26,0.025,0.005,2.38
11,2022,1,21,4,2.6,8.26,11.92,438.1,1.1,2.42,0.025,0.005,2.42
11,2022,1,21,8,2.5,8.25,11.83,438.8,0.9,2.43,0.025,0.005,2.39
11,2022,1,21,12,2.8,8.25,11.81,438.1,1.0,2.38,0.025,0.005,2.4
11,2022,1,24,8,2.7,8.27,11.84,437.3,1.0,2.41,0.025,0.005,2.41
11,2022,1,24,8,2.7,8.27,11.84,437.3,1.0,2.45,0.025,0.005,2.41
11,2022,1,24,16,3.5,8.23,11.65,435.3,1.1,2.43,0.025,0.005,2.38
11,2022,2,10,8,3.0,8.33,12.18,437.3,1.3,2.21,0.025,0.005,2.5
11,2022,2,10,12,3.0,8.33,12.26,438.3,1.2,2.21,0.025,0.005,2.5
11,2022,2,11,8,3.2,8.33,12.3,436.4,1.4,2.42,0.025,0.005,2.48
11,2022,2,11,12,3.3,8.34,12.37,436.1,1.4,2.31,0.025,0.005,2.48
11,2022,2,11,16,3.4,8.35,12.48,434.5,1.5,2.31,0.025,0.005,2.48
11,2022,2,11,20,3.4,8.35,12.34,434.7,1.5,2.18,0.025,0.005,2.48
11,2022,2,12,0,3.5,8.34,12.36,434.7,1.4,2.18,0.025,0.005,2.48
11,2022,2,12,4,3.6,8.33,12.28,434.8,1.4,2.18,0.025,0.005,2.48
11,2022,2,12,8,3.4,8.32,12.19,435.8,1.6,2.23,0.025,0.005,2.48
11,2022,2,12,12,3.3,8.33,12.23,435.9,1.4,2.23,0.025,0.005,2.45
11,2022,2,12,16,3.4,8.34,12.34,435.0,1.6,2.33,0.025,0.005,2.45
11,2022,2,12,20,3.8,8.31,12.33,435.6,1.6,2.33,0.025,0.005,2.45
11,2022,2,13,0,3.6,8.32,12.3,435.3,1.6,2.33,0.025,0.005,2.45
11,2022,2,13,4,3.2,8.33,12.3,437.1,1.3,2.19,0.025,0.005,2.49
11,2022,2,13,8,3.2,8.33,12.23,436.9,1.3,2.37,0.025,0.005,2.47
11,2022,2,13,12,3.0,8.33,12.25,437.7,1.3,2.39,0.025,0.005,2.5
11,2022,2,13,16,3.6,8.32,12.33,436.3,1.3,2.19,0.025,0.005,2.48
11,2022,2,13,20,3.6,8.32,12.23,436.1,1.5,2.32,0.025,0.005,2.49
11,2022,2,14,0,3.6,8.32,12.22,436.1,1.5,2.32,0.025,0.005,2.49
11,2022,2,14,4,2.8,8.33,12.22,438.3,1.6,2.16,0.025,0.005,2.51
11,2022,2,18,4,2.4,8.35,12.29,440.9,1.4,2.2,0.025,0.005,2.5
11,2022,2,18,8,2.4,8.35,12.28,440.5,1.3,2.0,0.025,0.005,2.47
11,2022,2,18,16,2.8,8.35,12.36,439.0,1.2,2.39,0.025,0.005,2.52
11,2022,2,18,20,2.9,8.36,12.35,438.3,1.4,2.38,0.025,0.005,2.48
11,2022,2,19,0,2.6,8.34,12.25,438.8,1.4,2.38,0.025,0.005,2.48
11,2022,2,19,4,2.6,8.31,12.09,440.8,1.3,2.21,0.025,0.005,2.48
11,2022,2,19,8,2.7,8.28,11.93,440.2,1.4,2.3,0.025,0.005,2.46
11,2022,2,22,8,2.4,8.3,12.05,442.4,1.3,2.18,0.025,0.005,2.5
11,2022,2,22,8,2.4,8.3,12.05,442.4,1.3,2.18,0.025,0.005,2.5
11,2022,2,22,16,3.2,8.31,12.1,438.1,1.7,2.22,0.025,0.005,2.49
11,2022,2,22,16,3.2,8.31,12.1,438.1,1.7,2.22,0.025,0.005,2.49
11,2022,2,22,20,3.1,8.31,12.11,439.5,1.6,2.22,0.025,0.005,2.46
11,2022,2,23,0,2.9,8.31,12.15,439.5,1.5,2.22,0.025,0.005,2.48
11,2022,2,23,4,2.6,8.32,12.16,441.2,1.4,2.22,0.025,0.005,2.48
11,2022,2,23,8,2.3,8.32,12.14,443.0,1.6,2.2,0.025,0.005,2.51
11,2022,2,23,8,2.3,8.32,12.14,443.0,1.6,2.2,0.025,0.005,2.51
11,2022,2,23,16,2.7,8.33,12.21,440.6,1.3,2.21,0.025,0.005,2.51
11,2022,3,1,12,3.8,8.35,12.22,434.4,1.7,2.24,0.025,0.005,2.47
11,2022,3,1,16,4.3,8.37,12.37,432.5,1.9,2.37,0.025,0.005,2.45
11,2022,3,2,8,4.0,8.35,12.07,432.5,1.6,2.42,0.025,0.005,2.46
11,2022,3,2,12,4.3,8.35,12.19,431.7,1.8,2.42,0.025,0.005,2.46
11,2022,3,7,8,4.0,8.37,12.14,430.9,1.6,2.3,0.025,0.005,2.44
11,2022,3,7,12,4.5,8.38,12.17,429.6,1.9,2.36,0.025,0.005,2.43
11,2022,3,8,12,5.6,8.35,12.05,422.8,1.9,2.38,0.025,0.005,2.41
11,2022,3,8,12,5.6,8.35,12.05,422.8,1.9,2.21,0.025,0.005,2.38
11,2022,3,8,20,5.5,8.36,12.2,423.2,1.9,2.16,0.025,0.005,2.4
11,2022,3,9,0,6.0,8.35,12.24,421.1,1.8,2.27,0.025,0.005,2.42
11,2022,3,9,4,5.7,8.35,12.13,421.7,1.9,2.27,0.025,0.005,2.42
11,2022,3,9,8,5.6,8.35,12.04,421.9,1.7,2.16,0.025,0.005,2.34
11,2022,3,9,12,5.9,8.35,12.19,420.5,1.9,2.21,0.025,0.005,2.35
11,2022,3,9,16,5.5,8.38,12.18,421.6,2.4,2.19,0.025,0.005,2.37
11,2022,3,10,8,5.3,8.37,12.17,423.5,1.9,2.26,0.025,0.005,2.4
11,2022,3,10,12,5.8,8.36,12.17,420.0,1.8,2.42,0.025,0.005,2.37
11,2022,3,10,16,5.7,8.37,12.18,420.5,2.2,2.42,0.025,0.005,2.37
11,2022,3,11,8,8.0,8.34,11.93,391.7,2.1,2.08,0.025,0.005,2.36
11,2022,3,11,12,6.9,8.36,12.0,404.2,2.1,2.08,0.025,0.005,2.36
11,2022,3,11,16,6.6,8.38,12.05,405.9,1.9,2.37,0.025,0.005,2.4
11,2022,3,11,20,6.6,8.37,11.95,407.1,2.1,2.37,0.025,0.005,2.44
11,2022,3,12,16,7.0,8.37,11.9,402.4,2.2,2.37,0.025,0.005,2.4
11,2022,3,12,20,6.8,8.37,11.81,404.7,2.0,2.42,0.025,0.005,2.41
11,2022,3,13,0,6.6,8.38,11.93,407.1,2.0,2.42,0.025,0.005,2.41
11,2022,3,13,0,6.6,8.38,11.93,407.1,2.0,2.4,0.025,0.005,2.44
11,2022,3,13,8,7.1,8.35,11.99,402.7,2.3,2.05,0.025,0.005,2.32
11,2022,3,13,12,7.3,8.35,11.89,401.0,2.7,2.37,0.025,0.005,2.36
11,2022,3,13,16,6.9,8.36,11.9,405.9,2.0,2.37,0.025,0.005,2.36
11,2022,3,13,16,6.9,8.36,11.9,405.9,2.0,2.37,0.025,0.005,2.36
11,2022,3,13,16,6.9,8.36,11.9,405.9,2.0,2.37,0.025,0.005,2.36
11,2022,3,14,4,6.9,8.36,11.97,407.3,2.0,2.33,0.025,0.005,2.47
11,2022,3,14,8,6.7,8.33,11.68,408.6,1.9,2.57,0.025,0.005,2.44
11,2022,3,14,12,7.2,8.37,12.03,407.0,1.8,2.13,0.025,0.005,2.42
11,2022,3,14,16,7.3,8.39,12.02,407.7,3.0,2.19,0.025,0.005,2.45
11,2022,3,15,8,6.6,8.35,11.82,410.8,2.5,1.99,0.025,0.005,2.47
11,2022,3,15,16,7.8,8.41,12.27,406.7,3.0,2.12,0.025,0.005,2.48
11,2022,3,16,0,7.5,8.35,11.82,407.7,2.3,2.11,0.025,0.005,2.44
11,2022,3,16,4,8.0,8.35,11.85,403.2,1.9,2.11,0.025,0.005,2.44
11,2022,3,16,4,8.0,8.35,11.85,403.2,1.9,2.07,0.025,0.005,2.4
11,2022,3,16,8,7.7,8.33,11.8,404.1,2.0,2.32,0.025,0.005,2.38
11,2022,3,16,16,7.0,8.35,11.98,410.2,2.2,2.22,0.025,0.005,2.45
11,2022,3,16,20,6.8,8.35,11.82,409.9,2.0,2.01,0.025,0.005,2.46
11,2022,3,17,0,6.8,8.37,12.0,410.1,2.0,2.22,0.025,0.005,2.51
11,2022,3,17,0,6.8,8.37,12.0,410.1,2.0,2.22,0.025,0.005,2.51
11,2022,3,17,8,7.1,8.37,11.86,408.8,1.8,2.19,0.025,0.005,2.48
11,2022,3,17,12,7.1,8.38,12.02,408.6,1.8,2.16,0.025,0.005,2.5
11,2022,3,17,16,7.1,8.39,11.93,406.6,1.8,2.27,0.025,0.005,2.48
11,2022,3,18,8,7.1,8.37,11.79,409.1,1.9,2.01,0.025,0.005,2.46
11,2022,3,18,12,7.1,8.38,11.9,408.6,2.4,2.31,0.025,0.005,2.5
11,2022,3,18,16,7.0,8.38,11.74,407.7,1.9,2.31,0.025,0.005,2.5
11,2022,3,23,12,7.4,8.35,11.47,403.6,2.5,2.16,0.025,0.005,2.36
11,2022,3,24,16,7.7,8.35,11.49,403.2,2.0,2.22,0.025,0.005,2.28
11,2022,3,24,20,7.6,8.35,11.34,404.9,2.3,2.23,0.025,0.005,2.34
11,2022,3,25,0,7.7,8.33,11.33,404.4,2.0,2.23,0.025,0.005,2.34
11,2022,3,25,4,7.8,8.35,11.49,403.4,1.9,2.24,0.025,0.005,2.37
11,2022,3,25,8,7.8,8.32,11.39,402.8,2.1,2.03,0.025,0.005,2.24
11,2022,3,25,12,8.0,8.34,11.54,401.9,2.0,2.13,0.025,0.005,2.3
11,2022,3,25,16,7.9,8.39,11.64,403.8,2.1,2.15,0.025,0.005,2.4
11,2022,3,25,20,7.7,8.39,11.68,405.5,1.9,2.43,0.025,0.005,2.42
11,2022,3,26,0,7.6,8.36,11.4,406.4,2.0,2.43,0.025,0.005,2.42
11,2022,3,26,4,7.8,8.38,11.64,403.2,2.0,2.06,0.025,0.005,2.35
11,2022,3,26,8,7.7,8.38,11.65,404.3,1.6,2.07,0.025,0.005,2.34
11,2022,3,26,12,7.8,8.4,11.81,404.6,2.0,2.4,0.025,0.005,2.39
11,2022,3,26,16,8.5,8.4,11.7,405.2,2.0,2.42,0.025,0.005,2.33
11,2022,3,26,20,8.6,8.36,11.46,403.5,3.1,2.13,0.025,0.005,2.36
11,2022,3,27,0,8.9,8.31,11.17,401.9,3.6,2.13,0.025,0.005,2.36
11,2022,3,27,4,8.4,8.34,11.18,401.9,3.2,2.19,0.025,0.005,2.38
11,2022,3,27,8,7.7,8.34,11.32,407.5,2.7,2.21,0.025,0.005,2.35
11,2022,3,27,12,8.2,8.35,11.4,406.5,2.9,2.24,0.025,0.005,2.36
11,2022,3,27,16,8.5,8.36,11.5,405.9,2.6,2.44,0.025,0.005,2.37
11,2022,3,27,20,8.2,8.36,11.51,406.5,2.2,2.22,0.025,0.005,2.44
11,2022,3,28,0,7.9,8.37,11.5,406.9,2.1,2.22,0.025,0.005,2.44
11,2022,3,28,4,7.8,8.35,11.48,407.8,2.1,2.06,0.025,0.005,2.45
11,2022,3,28,8,7.8,8.36,11.54,406.8,1.9,2.45,0.025,0.005,2.41
11,2022,3,28,12,8.4,8.36,11.62,407.3,2.2,2.16,0.025,0.005,2.36
11,2022,3,28,16,7.8,8.37,11.76,406.3,2.5,2.31,0.025,0.005,2.45
11,2022,3,28,20,7.6,8.32,11.36,407.5,2.0,2.2,0.025,0.005,2.48
11,2022,3,29,0,7.6,8.34,11.43,408.9,1.8,2.2,0.025,0.005,2.48
11,2022,3,29,4,7.8,8.35,11.47,407.9,1.7,2.44,0.025,0.005,2.46
11,2022,3,29,8,8.0,8.35,11.5,406.7,1.7,2.24,0.025,0.005,2.43
11,2022,3,29,12,7.9,8.36,11.55,408.0,1.8,2.43,0.025,0.005,2.45
11,2022,3,29,16,8.0,8.37,11.58,407.2,1.9,2.22,0.025,0.005,2.42
11,2022,3,29,20,8.0,8.37,11.56,406.4,1.7,2.18,0.025,0.005,2.45
11,2022,3,30,0,8.1,8.36,11.56,406.0,1.9,2.18,0.025,0.005,2.45
11,2022,3,30,4,8.2,8.36,11.61,409.0,2.1,2.25,0.025,0.005,2.37
11,2022,3,30,8,8.6,8.33,11.42,405.3,2.5,2.34,0.025,0.005,2.32
11,2022,3,30,12,8.6,8.34,11.51,405.2,2.5,2.25,0.025,0.005,2.38
11,2022,3,30,16,8.7,8.37,11.79,405.2,2.2,2.16,0.025,0.005,2.38
11,2022,3,30,20,8.7,8.36,11.63,404.7,2.3,2.25,0.025,0.005,2.4
11,2022,3,31,0,8.4,8.35,11.48,405.9,2.0,2.25,0.025,0.005,2.4
11,2022,3,31,4,8.5,8.35,11.53,404.9,2.0,2.16,0.025,0.005,2.34
11,2022,3,31,8,8.5,8.36,11.51,404.6,2.0,2.19,0.025,0.005,2.35
11,2022,3,31,12,9.0,8.35,11.62,406.1,2.2,2.11,0.025,0.005,2.32
11,2022,3,31,16,10.0,8.35,11.73,402.8,2.7,2.41,0.025,0.005,2.18
11,2022,3,31,20,9.5,8.33,11.29,403.8,2.6,2.22,0.025,0.005,2.33
11,2022,4,1,0,8.7,8.37,11.67,406.2,2.5,2.22,0.025,0.005,2.33
11,2022,4,1,4,8.9,8.36,11.55,403.8,2.3,2.24,0.025,0.005,2.37
11,2022,4,1,12,9.0,8.36,11.63,405.8,2.3,2.18,0.025,0.005,2.36
11,2022,4,1,16,8.4,8.38,11.73,407.5,2.1,2.24,0.025,0.005,2.42
11,2022,4,1,20,8.3,8.36,11.54,407.8,2.6,2.19,0.025,0.005,2.42
11,2022,4,2,0,9.3,8.37,11.76,405.7,2.3,2.19,0.025,0.005,2.42
11,2022,4,2,4,9.0,8.35,11.57,405.8,2.0,2.07,0.025,0.005,2.37
11,2022,4,2,8,9.1,8.36,11.59,404.7,1.9,2.22,0.025,0.005,2.32
11,2022,4,2,16,8.6,8.36,11.57,406.2,2.0,2.33,0.025,0.005,2.39
11,2022,4,2,20,8.5,8.37,11.65,407.8,1.8,2.23,0.025,0.005,2.4
11,2022,4,3,0,8.6,8.38,11.74,407.2,1.8,2.23,0.025,0.005,2.4
11,2022,4,3,4,9.2,8.36,11.61,408.1,1.8,2.25,0.025,0.005,2.35
11,2022,4,3,8,9.4,8.35,11.54,406.4,2.1,2.2,0.025,0.005,2.31
11,2022,4,3,12,9.6,8.35,11.57,404.1,3.8,2.14,0.025,0.005,2.37
11,2022,4,3,16,8.4,8.36,11.64,406.9,2.1,2.1,0.025,0.005,2.41
11,2022,4,3,20,8.3,8.38,11.66,408.1,2.6,2.24,0.025,0.005,2.44
11,2022,4,4,0,10.0,8.37,11.73,407.7,2.0,2.24,0.025,0.005,2.44
11,2022,4,4,4,9.1,8.35,11.47,403.5,2.0,2.15,0.025,0.005,2.38
11,2022,4,4,8,9.9,8.36,11.55,405.9,2.1,2.3,0.025,0.005,2.33
11,2022,4,4,12,10.4,8.36,11.65,403.8,2.6,2.24,0.025,0.005,2.37
11,2022,4,4,16,8.7,8.39,11.74,406.8,2.5,2.51,0.025,0.005,2.4
11,2022,4,4,20,8.6,8.38,11.63,407.4,2.2,2.24,0.025,0.005,2.41
11,2022,4,5,0,10.6,8.38,11.86,403.0,3.0,2.24,0.025,0.005,2.41
11,2022,4,5,4,9.4,8.36,11.6,406.7,2.0,2.21,0.025,0.005,2.36
11,2022,4,5,8,11.0,8.34,11.58,401.7,2.2,2.44,0.025,0.005,2.21
11,2022,4,5,12,10.2,8.36,11.71,404.0,2.1,2.34,0.025,0.005,2.32
11,2022,4,5,16,10.1,8.39,11.86,404.8,3.0,2.43,0.025,0.005,2.32
11,2022,4,5,20,10.5,8.4,11.93,405.7,2.5,2.2,0.025,0.005,2.34
11,2022,4,6,0,10.6,8.38,11.74,405.4,2.3,2.2,0.025,0.005,2.34
11,2022,4,6,4,10.5,8.37,11.66,406.7,2.4,2.45,0.025,0.005,2.32
11,2022,4,6,8,10.0,8.3,11.09,401.3,2.0,2.18,0.025,0.005,2.35
11,2022,4,6,12,8.8,8.38,11.32,410.2,2.0,2.23,0.025,0.005,2.44
11,2022,4,6,16,8.8,8.32,11.5,405.6,1.9,2.27,0.025,0.005,2.42
11,2022,4,6,20,8.5,8.31,11.54,408.1,1.8,2.24,0.025,0.005,2.39
11,2022,4,7,8,10.2,8.37,11.54,407.0,2.1,2.33,0.025,0.005,2.42
11,2022,4,7,12,10.7,8.38,11.34,403.2,2.1,2.24,0.025,0.005,2.31
11,2022,4,7,16,9.9,8.35,11.62,435.3,2.3,2.24,0.025,0.005,2.3
11,2022,4,7,20,10.1,8.41,11.67,440.4,2.1,2.37,0.025,0.005,2.38
11,2022,4,8,0,10.6,8.39,11.71,437.8,2.2,2.19,0.025,0.005,2.37
11,2022,4,8,4,10.9,8.35,11.51,445.5,2.5,2.19,0.025,0.005,2.37
11,2022,4,8,8,11.6,8.35,11.47,432.3,2.5,2.22,0.025,0.005,2.26
11,2022,4,8,12,11.0,8.39,11.52,435.2,2.4,2.35,0.025,0.005,2.24
11,2022,4,8,16,9.5,8.3,11.2,438.4,2.1,2.5,0.025,0.005,2.32
11,2022,4,8,20,10.7,8.41,11.67,436.4,2.3,2.16,0.025,0.005,2.32
11,2022,4,9,0,11.9,8.36,11.45,443.1,2.8,2.23,0.025,0.005,2.34
11,2022,4,9,4,10.9,8.29,11.01,426.4,2.3,2.23,0.025,0.005,2.34
11,2022,4,9,8,10.1,8.32,11.1,437.9,2.7,2.29,0.025,0.005,2.28
11,2022,4,9,12,10.5,8.36,11.48,436.5,2.3,2.22,0.025,0.005,2.33
11,2022,4,9,20,10.4,8.38,11.83,437.5,2.4,2.29,0.025,0.005,2.25
11,2022,4,10,0,11.1,8.4,11.49,439.2,3.2,2.33,0.025,0.005,2.33
11,2022,4,10,4,10.2,8.32,11.06,438.8,2.6,2.33,0.025,0.005,2.33
11,2022,4,10,8,11.3,8.39,11.59,436.0,2.4,2.27,0.025,0.005,2.31
11,2022,4,10,12,10.9,8.39,11.54,436.2,2.6,2.27,0.025,0.005,2.3
11,2022,4,10,16,10.0,8.3,11.03,438.3,2.8,2.38,0.025,0.005,2.31
11,2022,4,10,20,11.1,8.45,12.99,432.9,3.3,2.28,0.025,0.005,2.24
11,2022,4,11,0,10.4,8.4,11.55,435.1,2.6,2.38,0.025,0.005,2.25
11,2022,4,11,4,10.2,8.34,11.38,440.0,3.3,2.38,0.025,0.005,2.25
11,2022,4,11,8,10.5,8.33,11.37,437.7,2.8,2.26,0.025,0.005,2.26
11,2022,4,11,12,10.7,8.35,11.35,436.6,2.9,2.61,0.025,0.005,2.24
11,2022,4,11,16,14.2,8.34,11.14,434.8,3.4,2.34,0.025,0.005,2.24
11,2022,4,11,20,12.6,8.38,11.31,429.1,3.7,2.31,0.025,0.005,2.1
11,2022,4,12,0,11.7,8.36,11.24,441.9,4.1,2.4,0.025,0.005,2.29
11,2022,4,12,4,12.6,8.36,11.11,433.7,3.0,2.4,0.025,0.005,2.29
11,2022,4,12,8,12.9,8.39,11.19,434.8,2.1,2.42,0.025,0.005,2.24
11,2022,4,12,12,12.3,8.41,11.52,428.9,2.6,2.34,0.025,0.005,2.25
11,2022,4,12,16,11.4,8.44,11.8,435.3,2.5,2.35,0.025,0.005,2.32
11,2022,4,12,20,11.9,8.47,12.28,430.7,3.5,2.24,0.025,0.005,2.33
11,2022,4,13,0,11.5,8.42,11.7,435.8,2.5,2.44,0.025,0.005,2.31
11,2022,4,13,4,11.5,8.43,11.8,436.3,2.6,2.44,0.025,0.005,2.31
11,2022,4,13,8,11.9,8.4,11.41,437.5,2.8,2.57,0.025,0.005,2.34
11,2022,4,13,12,10.7,8.23,10.68,429.8,2.3,2.43,0.025,0.005,2.25
11,2022,4,13,16,8.5,8.26,11.08,439.8,3.0,2.28,0.025,0.005,2.3
11,2022,4,13,20,11.0,8.41,11.48,435.7,4.0,2.47,0.025,0.005,2.38
11,2022,4,14,0,10.8,8.42,11.53,439.2,2.3,2.41,0.025,0.005,2.33
11,2022,4,14,4,12.0,8.39,11.11,435.5,2.9,2.41,0.025,0.005,2.33
11,2022,4,14,8,11.9,8.38,11.02,436.9,3.1,2.47,0.025,0.005,2.22
11,2022,4,14,12,11.6,8.38,11.36,437.2,3.6,2.46,0.025,0.005,2.22
11,2022,4,14,16,12.2,8.38,11.15,435.2,3.8,2.3,0.025,0.005,2.25
11,2022,4,14,20,12.2,8.35,10.97,435.9,5.2,2.42,0.025,0.005,2.23
11,2022,4,15,8,11.1,8.34,11.08,437.0,4.3,2.56,0.025,0.005,2.2
11,2022,4,15,12,11.8,8.39,11.32,438.9,2.8,2.25,0.025,0.005,2.29
11,2022,4,15,16,11.0,8.37,11.48,432.1,3.4,2.39,0.025,0.005,2.27
11,2022,4,15,20,12.5,8.39,11.22,436.4,2.8,2.62,0.025,0.005,2.28
11,2022,4,16,0,12.4,8.4,11.05,434.6,2.7,2.62,0.025,0.005,2.28
11,2022,4,16,4,12.1,8.38,11.04,436.3,2.8,2.24,0.025,0.005,2.29
11,2022,4,16,8,11.9,8.38,11.02,436.9,2.7,2.53,0.025,0.005,2.26
11,2022,4,16,12,11.2,8.38,11.3,438.8,3.2,2.27,0.025,0.005,2.3
11,2022,4,16,16,11.6,8.42,11.84,433.4,3.1,2.3,0.025,0.005,2.26
11,2022,4,16,20,11.1,8.4,11.44,436.7,2.9,2.31,0.025,0.005,2.3
11,2022,4,17,0,12.1,8.42,11.83,438.3,2.7,2.31,0.025,0.005,2.3
11,2022,4,17,0,12.1,8.42,11.83,438.3,2.7,2.31,0.025,0.005,2.3
11,2022,4,17,12,12.5,8.41,11.38,435.0,2.8,2.46,0.025,0.005,2.24
11,2022,4,17,16,11.7,8.35,10.87,438.2,3.6,2.46,0.025,0.005,2.24
11,2022,4,17,20,11.6,8.37,11.41,436.1,3.6,2.44,0.025,0.005,2.23
11,2022,4,18,0,11.6,8.35,11.04,434.1,3.5,2.44,0.025,0.005,2.23
11,2022,4,18,4,12.6,8.41,11.42,435.2,2.6,2.47,0.025,0.005,2.24
11,2022,4,18,8,12.8,8.41,11.17,437.4,2.4,2.2,0.025,0.005,2.24
11,2022,4,18,12,13.1,8.43,11.64,434.6,2.6,2.57,0.025,0.005,2.22
11,2022,4,18,16,11.9,8.41,11.7,434.3,3.2,2.44,0.025,0.005,2.23
11,2022,4,18,20,12.7,8.39,11.42,436.4,4.1,2.44,0.025,0.005,2.18
11,2022,4,19,0,13.3,8.42,11.22,436.2,2.9,2.44,0.025,0.005,2.18
11,2022,4,19,4,13.3,8.41,11.08,436.1,2.5,2.23,0.025,0.005,2.24
11,2022,4,19,8,13.5,8.4,11.18,436.3,2.6,2.44,0.025,0.005,2.2
11,2022,4,19,12,13.2,8.37,11.07,430.4,3.0,2.26,0.025,0.005,2.15
11,2022,4,19,16,11.6,8.38,11.38,431.3,4.9,2.68,0.025,0.005,2.19
11,2022,4,19,20,12.6,8.42,11.62,442.9,3.6,2.44,0.025,0.005,2.25
11,2022,4,20,0,13.1,8.39,11.01,434.4,3.5,2.44,0.025,0.005,2.25
11,2022,4,20,4,13.9,8.41,10.99,435.5,3.0,2.52,0.025,0.005,2.18
11,2022,4,20,8,13.7,8.4,10.9,435.2,3.0,2.23,0.025,0.005,2.17
11,2022,4,20,12,14.2,8.41,11.07,435.9,3.9,2.35,0.025,0.005,2.18
11,2022,4,20,16,12.8,8.36,10.82,430.2,3.7,2.56,0.025,0.005,2.17
11,2022,4,20,20,13.1,8.39,10.93,435.1,4.6,2.35,0.025,0.005,2.17
11,2022,4,21,0,13.9,8.41,11.05,436.8,3.2,2.35,0.025,0.005,2.17
11,2022,4,21,4,13.6,8.37,10.84,434.4,3.4,2.45,0.025,0.005,2.17
11,2022,4,21,8,14.3,8.41,10.91,435.6,3.3,2.37,0.025,0.005,2.15
11,2022,4,21,12,14.9,8.41,10.99,433.9,3.4,2.5,0.025,0.005,2.05
11,2022,4,21,16,16.0,8.34,10.99,417.6,5.2,2.39,0.025,0.005,2.07
11,2022,4,21,20,15.9,8.31,10.93,419.2,4.5,2.4,0.025,0.005,2.03
11,2022,4,22,0,15.6,8.28,10.45,431.9,5.1,2.4,0.025,0.005,2.03
11,2022,4,22,4,14.3,8.32,10.72,435.3,4.2,2.35,0.025,0.005,2.17
11,2022,4,22,8,14.4,8.29,10.47,435.0,3.8,2.48,0.025,0.005,2.16
11,2022,4,22,12,14.9,8.36,11.55,431.0,4.5,2.43,0.025,0.005,2.13
11,2022,4,22,16,14.2,8.33,10.91,435.7,3.6,2.4,0.025,0.005,2.21
11,2022,4,22,20,14.0,8.33,10.9,435.0,5.0,2.52,0.025,0.005,2.22
11,2022,4,23,0,14.7,8.34,11.0,429.3,4.9,2.52,0.025,0.005,2.22
11,2022,4,23,4,14.8,8.33,10.65,436.1,3.5,2.63,0.025,0.005,2.19
11,2022,4,23,8,14.8,8.34,10.62,436.0,4.5,2.38,0.025,0.005,2.19
11,2022,4,23,12,15.1,8.38,11.44,432.0,4.7,2.38,0.025,0.005,2.19
11,2022,4,23,16,15.5,8.42,12.02,429.3,4.8,2.41,0.025,0.005,2.16
11,2022,4,23,20,15.5,8.39,11.27,433.2,4.4,2.37,0.025,0.005,2.12
11,2022,4,24,0,16.6,8.36,10.96,437.5,3.8,2.33,0.025,0.005,2.15
11,2022,4,24,4,15.9,8.27,10.0,433.9,4.7,2.62,0.025,0.005,2.11
11,2022,4,24,8,16.0,8.32,10.37,435.0,4.8,2.56,0.025,0.005,2.11
11,2022,4,24,12,15.2,8.28,10.74,432.4,5.8,2.63,0.025,0.005,0.39
11,2022,4,24,16,14.8,8.36,11.16,432.6,4.4,2.54,0.025,0.005,0.33
11,2022,4,24,20,15.3,8.35,10.87,434.8,4.9,2.55,0.025,0.005,0.6
11,2022,4,25,8,16.8,8.29,10.12,437.2,4.2,2.57,0.025,0.005,0.57
11,2022,4,25,12,16.1,8.3,10.56,431.5,5.2,2.63,0.025,0.005,0.3
11,2022,4,25,16,15.3,8.34,11.2,429.2,6.3,2.7,0.025,0.005,0.32
11,2022,4,25,20,15.4,8.32,10.9,432.8,6.2,2.8,0.025,0.005,0.48
11,2022,4,26,0,18.1,8.27,10.04,432.7,7.6,2.52,0.025,0.005,0.57
11,2022,4,26,4,18.6,8.28,9.68,434.3,5.7,2.87,0.025,0.005,0.59
11,2022,4,26,8,17.0,8.27,9.8,427.6,5.4,2.51,0.025,0.005,0.48
11,2022,4,26,12,16.2,8.29,10.05,431.8,4.5,2.71,0.025,0.005,0.48
11,2022,4,26,16,16.3,8.27,9.93,433.9,7.5,2.66,0.025,0.005,2.04
11,2022,4,26,20,17.0,8.32,10.03,434.0,4.9,2.75,0.025,0.005,2.02
11,2022,4,27,0,16.7,8.27,9.78,434.1,6.5,2.87,0.025,0.005,2.02
11,2022,4,27,4,16.4,8.27,9.73,434.6,5.1,2.76,0.025,0.005,1.95
11,2022,4,27,8,16.3,8.28,9.72,436.0,4.5,2.75,0.025,0.005,1.97
11,2022,4,27,12,14.6,8.22,10.04,439.9,4.6,2.97,0.025,0.005,1.99
11,2022,4,27,16,15.9,8.33,10.1,436.5,3.3,2.54,0.025,0.005,2.05
11,2022,4,27,20,15.6,8.32,9.98,435.6,3.5,2.65,0.025,0.005,2.05
11,2022,4,28,0,15.2,8.26,9.74,434.9,4.7,2.58,0.025,0.005,2.07
11,2022,4,28,4,15.3,8.31,9.92,436.7,3.2,2.58,0.025,0.005,2.07
11,2022,4,28,8,15.2,8.31,9.88,437.0,2.7,2.7,0.025,0.005,2.07
11,2022,4,28,12,15.0,8.26,9.88,435.4,5.8,2.47,0.025,0.005,2.07
11,2022,4,28,16,15.0,8.29,9.78,435.8,5.6,2.6,0.025,0.005,2.01
11,2022,4,28,20,14.9,8.26,9.74,436.3,5.8,2.65,0.025,0.005,2.0
11,2022,4,29,0,15.0,8.31,9.96,437.4,3.7,2.62,0.025,0.005,2.05
11,2022,4,29,4,15.2,8.29,9.98,436.2,4.7,2.62,0.025,0.005,2.05
11,2022,4,29,8,15.2,8.27,9.8,436.1,4.1,2.66,0.025,0.005,1.99
11,2022,4,29,12,15.4,8.31,10.2,434.3,4.4,2.71,0.025,0.005,1.99
11,2022,4,29,16,15.7,8.33,10.69,434.1,3.6,2.68,0.025,0.005,2.02
11,2022,4,29,20,15.6,8.34,10.66,430.4,3.5,2.55,0.025,0.005,1.99
11,2022,4,30,0,15.9,8.32,10.23,431.2,3.7,2.89,0.025,0.005,1.97
11,2022,4,30,4,15.9,8.3,9.98,431.9,3.7,2.89,0.025,0.005,1.97
11,2022,4,30,8,16.0,8.29,9.82,433.1,3.9,2.78,0.025,0.005,1.98
11,2022,4,30,12,16.2,8.36,10.98,428.0,3.5,2.74,0.025,0.005,1.98
11,2022,4,30,16,17.8,8.3,10.34,432.2,5.5,2.82,0.025,0.005,1.97
11,2022,4,30,20,16.3,8.3,9.95,431.2,6.1,2.68,0.025,0.005,1.93
11,2022,5,1,0,16.4,8.28,9.76,432.6,5.1,2.7,0.025,0.005,2.01
11,2022,5,1,4,16.0,8.27,9.72,432.9,5.8,2.87,0.025,0.005,1.95
11,2022,5,1,8,15.6,8.29,9.86,433.0,5.2,2.78,0.025,0.005,1.98
11,2022,5,1,12,15.5,8.31,10.0,431.9,4.5,2.84,0.025,0.005,2.0
11,2022,5,1,16,16.9,8.32,10.38,436.9,4.4,2.8,0.025,0.005,2.0
11,2022,5,1,20,16.9,8.3,10.08,428.2,5.7,2.87,0.025,0.005,1.97
11,2022,5,2,0,16.7,8.29,9.84,432.3,5.4,2.81,0.025,0.005,1.97
11,2022,5,2,4,16.5,8.29,9.73,431.1,5.2,2.81,0.025,0.005,1.97
11,2022,5,2,8,16.4,8.3,9.79,432.9,5.5,2.81,0.025,0.005,1.99
11,2022,5,2,12,16.2,8.33,10.01,433.2,4.5,2.82,0.025,0.005,1.97
11,2022,5,2,16,16.2,8.32,9.87,431.9,5.1,2.76,0.025,0.005,2.01
11,2022,5,2,20,16.2,8.33,10.09,432.6,4.3,2.87,0.025,0.005,2.01
11,2022,5,3,0,16.2,8.33,10.16,423.8,4.4,2.55,0.025,0.005,2.02
11,2022,5,3,4,16.2,8.32,10.03,432.4,4.2,2.55,0.025,0.005,2.02
11,2022,5,3,8,17.1,8.31,9.74,434.0,4.2,2.52,0.025,0.005,2.0
11,2022,5,3,12,17.1,8.32,10.01,430.8,4.3,2.6,0.025,0.005,1.96
11,2022,5,3,16,16.6,8.34,10.55,429.3,6.2,2.64,0.025,0.005,1.96
11,2022,5,5,8,19.0,8.28,9.39,434.2,6.0,2.63,0.025,0.005,1.95
11,2022,5,5,12,19.5,8.34,9.75,432.3,6.2,2.67,0.025,0.005,1.9
11,2022,5,5,16,18.3,8.34,10.52,428.1,7.5,2.57,0.025,0.005,1.94
11,2022,5,5,20,19.7,8.37,10.24,431.3,6.5,2.92,0.025,0.005,1.88
11,2022,5,6,0,18.9,8.28,9.62,422.3,7.9,2.95,0.025,0.005,1.9
11,2022,5,6,4,20.8,8.29,9.02,431.1,12.0,2.95,0.025,0.005,1.9
11,2022,5,6,8,20.0,8.32,9.15,431.5,7.7,2.69,0.025,0.005,1.9
11,2022,5,6,12,18.1,8.33,9.65,434.9,4.4,2.82,0.025,0.005,1.89
11,2022,5,6,16,17.2,8.31,9.74,435.7,7.4,2.63,0.025,0.005,1.99
11,2022,5,6,20,17.1,8.33,9.75,437.3,5.7,2.55,0.025,0.005,1.93
11,2022,5,7,0,17.6,8.37,9.95,437.3,5.1,2.82,0.025,0.005,1.96
11,2022,5,7,4,17.7,8.37,9.73,437.4,5.6,2.82,0.025,0.005,1.96
11,2022,5,7,8,17.7,8.37,9.62,437.4,3.7,2.6,0.025,0.005,1.98
11,2022,5,7,12,18.2,8.43,9.97,433.5,4.9,2.76,0.025,0.005,1.95
11,2022,5,7,16,17.9,8.37,10.4,434.4,4.7,2.74,0.025,0.005,1.97
11,2022,5,7,20,17.7,8.36,9.37,435.8,5.7,2.68,0.025,0.005,1.9
11,2022,5,8,0,17.5,8.35,9.76,435.1,5.2,2.67,0.025,0.005,1.9
11,2022,5,8,4,17.3,8.36,9.89,436.1,2.6,2.67,0.025,0.005,1.9
11,2022,5,8,8,17.2,8.36,9.64,436.0,3.6,2.6,0.025,0.005,1.94
11,2022,5,8,12,17.2,8.37,9.76,436.8,3.3,2.58,0.025,0.005,1.95
11,2022,5,8,16,17.7,8.37,9.82,434.5,4.1,2.82,0.025,0.005,1.96
11,2022,5,8,20,17.5,8.38,10.08,432.4,5.5,2.57,0.025,0.005,1.94
11,2022,5,9,0,17.4,8.36,9.79,435.8,5.8,2.88,0.025,0.005,1.89
11,2022,5,9,4,17.1,8.35,9.61,436.3,5.0,2.88,0.025,0.005,1.89
11,2022,5,9,8,17.0,8.33,9.5,435.6,5.6,2.59,0.025,0.005,1.91
11,2022,5,9,12,17.4,8.39,9.9,432.2,6.5,2.72,0.025,0.005,1.9
11,2022,5,9,16,17.4,8.4,10.62,433.0,6.2,2.88,0.025,0.005,1.85
11,2022,5,9,20,17.1,8.38,10.09,434.4,8.4,2.74,0.025,0.005,1.89
11,2022,5,10,0,17.1,8.39,10.18,432.6,5.3,3.06,0.025,0.005,1.93
11,2022,5,10,4,17.5,8.39,10.12,435.5,5.9,3.06,0.025,0.005,1.93
11,2022,5,10,8,17.5,8.38,9.68,434.6,6.4,2.79,0.025,0.005,1.92
11,2022,5,10,12,17.2,8.31,9.54,433.3,6.2,2.75,0.025,0.005,1.89
11,2022,5,10,12,17.2,8.31,9.54,433.3,6.2,2.73,0.025,0.005,1.9
11,2022,5,11,8,17.0,8.34,9.5,432.8,6.8,2.79,0.025,0.005,1.9
11,2022,5,11,12,17.3,8.38,10.15,430.8,8.1,2.95,0.025,0.005,1.84
11,2022,5,11,16,17.2,8.32,9.51,432.0,12.6,2.71,0.025,0.005,1.84
11,2022,5,11,20,17.4,8.39,9.81,432.1,10.6,2.81,0.025,0.005,1.77
11,2022,5,12,0,17.2,8.38,9.58,432.5,10.8,2.97,0.025,0.005,1.88
11,2022,5,12,4,17.2,8.36,9.4,431.8,11.0,2.97,0.025,0.005,1.88
11,2022,5,12,8,17.2,8.37,9.34,431.6,8.9,3.15,0.025,0.005,1.9
11,2022,5,12,12,17.5,8.43,10.93,431.8,2.9,2.95,0.025,0.005,1.89
11,2022,5,12,16,17.4,8.42,10.18,432.5,3.5,2.9,0.025,0.005,1.86
11,2022,5,16,8,17.8,8.36,9.75,436.8,3.6,2.8,0.025,0.005,1.86
11,2022,5,16,16,18.5,8.41,10.13,436.0,2.9,2.71,0.025,0.005,1.86
11,2022,5,16,20,18.5,8.41,9.95,436.5,3.0,2.71,0.025,0.005,1.86
11,2022,5,17,8,18.4,8.39,9.57,437.8,2.1,2.73,0.025,0.005,1.88
11,2022,5,17,12,19.3,8.41,10.66,433.4,4.1,2.68,0.025,0.005,1.85
11,2022,5,17,16,18.1,8.38,9.95,433.8,3.5,2.77,0.025,0.005,1.8
11,2022,5,17,20,18.5,8.4,10.14,437.0,3.2,2.69,0.025,0.005,1.84
11,2022,5,18,0,19.2,8.4,9.78,438.1,2.6,2.7,0.025,0.005,1.85
11,2022,5,18,4,19.2,8.38,9.53,436.8,2.3,2.7,0.025,0.005,1.85
11,2022,5,18,8,19.6,8.39,9.86,437.4,2.7,2.6,0.025,0.005,1.83
11,2022,5,18,12,19.2,8.42,10.78,433.2,3.0,2.69,0.025,0.005,1.82
11,2022,5,18,16,19.6,8.35,10.1,434.4,2.9,2.69,0.025,0.005,1.79
11,2022,5,18,20,19.5,8.45,11.69,430.6,3.9,2.82,0.025,0.005,1.77
11,2022,5,19,0,20.9,8.37,9.98,434.9,3.8,2.76,0.025,0.005,1.8
11,2022,5,19,4,20.8,8.39,9.68,435.8,3.3,2.76,0.025,0.005,1.8
11,2022,5,19,8,20.6,8.39,9.69,436.1,2.8,2.73,0.025,0.005,1.81
11,2022,5,19,12,20.2,8.38,9.96,434.3,3.0,2.69,0.025,0.005,1.78
11,2022,5,19,16,19.4,8.43,10.73,432.9,3.1,2.73,0.025,0.005,1.77
11,2022,5,19,20,20.0,8.42,10.77,429.0,3.8,2.81,0.025,0.005,1.79
11,2022,5,20,0,20.4,8.32,9.28,431.1,2.8,2.78,0.025,0.005,1.74
11,2022,5,20,4,20.6,8.4,9.11,435.3,2.6,2.78,0.025,0.005,1.74
11,2022,5,20,8,20.9,8.39,9.52,436.3,3.1,2.79,0.025,0.005,1.77
11,2022,5,20,12,20.9,8.41,9.84,432.3,3.5,2.71,0.025,0.005,1.71
11,2022,5,20,16,20.4,8.47,10.04,432.7,2.8,2.9,0.025,0.005,1.69
11,2022,5,20,20,21.2,8.49,10.56,433.3,3.3,2.68,0.025,0.005,1.76
11,2022,5,21,0,21.9,8.46,10.19,434.4,2.6,2.81,0.025,0.005,1.75
11,2022,5,21,4,21.8,8.43,9.24,434.3,2.9,2.72,0.025,0.005,1.75
11,2022,5,21,8,21.7,8.36,9.17,432.4,3.2,2.74,0.025,0.005,1.69
11,2022,5,21,12,21.0,8.42,10.36,433.6,3.5,2.73,0.025,0.005,1.63
11,2022,5,21,16,21.0,8.49,9.16,428.6,3.9,2.75,0.025,0.005,1.74
11,2022,5,21,20,21.6,8.51,11.53,430.8,4.9,2.74,0.025,0.005,1.75
11,2022,5,22,0,22.2,8.49,10.16,432.8,2.6,2.75,0.025,0.005,1.76
11,2022,5,22,4,22.8,8.44,9.26,435.8,3.4,2.64,0.025,0.005,1.72
11,2022,5,22,8,23.0,8.43,10.03,435.2,3.7,2.67,0.025,0.005,1.65
11,2022,5,22,12,22.3,8.52,10.26,419.8,6.6,2.56,0.025,0.005,1.62
11,2022,5,22,16,22.2,8.51,11.17,432.9,3.8,2.79,0.025,0.005,1.61
11,2022,5,22,20,23.5,8.52,10.67,436.3,3.8,2.82,0.025,0.005,1.72
11,2022,5,23,0,23.7,8.49,10.28,434.5,3.1,2.64,0.025,0.005,1.69
11,2022,5,23,4,23.6,8.48,9.99,436.1,3.7,2.66,0.025,0.005,1.67
11,2022,5,23,8,23.6,8.49,10.03,435.8,3.0,2.63,0.025,0.005,1.67
11,2022,5,23,12,23.8,8.52,10.67,432.4,4.4,2.61,0.025,0.005,1.67
11,2022,5,23,16,21.3,8.45,11.49,425.4,6.2,2.84,0.025,0.005,1.72
11,2022,5,24,8,23.5,8.51,10.09,435.2,3.3,2.61,0.025,0.005,1.68
11,2022,5,24,12,24.0,8.56,11.41,429.2,5.0,2.64,0.025,0.005,1.67
11,2022,5,24,16,22.1,8.5,11.62,427.1,8.1,2.71,0.025,0.005,1.62
11,2022,5,24,20,22.0,8.48,11.34,432.5,6.9,2.75,0.025,0.005,1.69
11,2022,5,25,0,23.2,8.42,9.29,434.6,8.5,2.75,0.025,0.005,1.7
11,2022,5,25,4,22.7,8.49,9.67,435.0,4.1,2.75,0.025,0.005,1.7
11,2022,5,25,8,22.6,8.51,9.9,435.1,3.5,2.67,0.025,0.005,1.7
11,2022,5,25,12,23.3,8.55,10.51,431.9,5.4,2.69,0.025,0.005,1.7
11,2022,5,25,16,23.0,8.54,10.19,433.8,3.7,2.78,0.025,0.005,1.7
11,2022,5,25,20,23.8,8.52,10.76,430.6,5.6,2.65,0.025,0.005,1.7
11,2022,5,26,0,23.2,8.44,9.67,433.2,6.2,2.8,0.025,0.005,1.64
11,2022,5,26,4,22.6,8.42,9.17,434.8,5.7,2.8,0.025,0.005,1.64
11,2022,5,26,8,22.4,8.48,9.62,433.7,4.7,2.81,0.025,0.005,1.62
11,2022,5,26,12,22.0,8.5,9.92,432.8,5.7,2.72,0.025,0.005,1.64
11,2022,5,26,16,24.0,8.52,10.32,432.7,6.4,2.73,0.025,0.005,1.72
11,2022,5,27,20,23.0,8.55,10.81,450.2,3.8,3.04,0.025,0.005,1.7
11,2022,5,28,0,22.9,8.51,10.06,450.3,3.4,3.04,0.025,0.005,1.64
11,2022,5,28,4,22.6,8.51,9.34,453.0,3.2,3.08,0.025,0.005,1.63
11,2022,5,28,8,22.5,8.49,9.47,453.0,2.9,2.94,0.025,0.005,1.68
11,2022,5,28,12,23.2,8.47,9.5,450.5,5.8,3.0,0.025,0.005,1.67
11,2022,5,28,16,22.7,8.48,9.2,453.6,4.6,3.17,0.025,0.005,1.53
11,2022,5,28,16,22.7,8.48,9.2,453.6,4.6,3.13,0.025,0.005,1.66
11,2022,5,28,20,23.2,8.55,9.5,452.6,3.7,3.13,0.025,0.005,1.66
11,2022,5,29,0,23.6,8.54,9.62,453.7,3.4,3.08,0.025,0.005,1.67
11,2022,5,29,4,23.9,8.53,9.55,453.3,3.4,3.0,0.025,0.005,1.67
11,2022,5,29,8,24.1,8.53,8.68,453.1,3.5,3.15,0.025,0.005,1.65
11,2022,5,29,12,23.7,8.45,9.12,450.0,3.3,3.15,0.025,0.005,1.62
11,2022,5,29,16,24.8,8.52,10.45,443.9,4.9,4.19,0.025,0.005,1.56
11,2022,5,29,20,24.0,8.38,9.52,441.3,11.4,3.22,0.025,0.005,1.48
11,2022,5,30,0,22.9,8.32,8.3,451.1,7.8,3.65,0.025,0.005,1.52
11,2022,5,30,4,22.2,8.31,8.08,451.0,6.1,3.4,0.025,0.005,1.5
11,2022,5,30,4,22.2,8.31,8.08,451.0,6.1,3.24,0.025,0.005,1.5
11,2022,5,30,12,22.6,8.54,9.65,449.9,4.6,3.08,0.025,0.005,1.57
11,2022,5,30,16,23.8,8.58,10.41,449.2,4.5,3.13,0.025,0.005,1.67
11,2022,5,30,16,23.8,8.58,10.41,449.2,4.5,3.06,0.025,0.005,1.71
11,2022,5,30,20,23.0,8.55,10.15,450.4,4.9,3.24,0.025,0.005,1.68
11,2022,5,31,0,23.0,8.53,10.0,447.8,5.4,3.24,0.025,0.005,1.68
11,2022,5,31,8,22.3,8.46,9.29,449.5,5.2,3.14,0.025,0.005,1.63
11,2022,5,31,12,23.2,8.61,11.4,445.8,5.3,3.16,0.025,0.005,1.62
11,2022,5,31,16,22.5,8.55,10.4,445.9,6.2,2.93,0.025,0.005,1.62
11,2022,5,31,16,22.5,8.55,10.4,445.9,6.2,3.4,0.025,0.005,1.61
11,2022,6,1,0,22.9,8.59,10.64,445.6,5.1,3.4,0.025,0.005,1.68
11,2022,6,1,0,22.9,8.59,10.64,445.6,5.1,3.4,0.025,0.005,1.68
11,2022,6,1,8,22.7,8.55,9.67,452.2,5.6,3.14,0.025,0.005,1.63
11,2022,6,1,12,23.2,8.62,12.1,436.7,6.7,3.09,0.025,0.005,1.61
11,2022,6,1,16,22.5,8.62,10.6,446.8,7.3,3.12,0.025,0.005,1.58
11,2022,6,1,20,22.8,8.61,11.07,441.7,7.3,3.27,0.025,0.005,1.66
11,2022,6,2,0,23.3,8.61,10.24,448.8,6.5,3.21,0.025,0.005,1.6
11,2022,6,2,0,23.3,8.61,10.24,448.8,6.5,3.21,0.025,0.005,1.6
11,2022,6,2,8,23.3,8.55,9.9,450.1,7.7,3.02,0.025,0.005,1.62
11,2022,6,2,12,24.0,8.64,12.77,433.2,10.1,3.11,0.025,0.005,1.54
11,2022,6,2,16,23.7,8.63,10.68,446.0,9.3,3.1,0.025,0.005,1.47
11,2022,6,2,20,23.6,8.66,11.38,445.6,9.1,3.27,0.025,0.005,1.6
11,2022,6,3,0,23.8,8.63,10.16,449.7,8.2,3.14,0.025,0.005,1.59
11,2022,6,3,4,23.9,8.6,9.84,450.3,7.5,3.14,0.025,0.005,1.59
11,2022,6,3,8,23.8,8.59,9.68,450.2,7.7,2.97,0.025,0.005,1.61
11,2022,6,3,12,25.0,8.6,11.08,443.6,8.3,2.96,0.025,0.005,1.59
11,2022,6,3,16,23.9,8.6,10.45,449.1,8.2,3.07,0.025,0.005,1.49
11,2022,6,3,20,24.7,8.61,10.62,447.1,6.5,3.11,0.025,0.005,1.57
11,2022,6,4,0,24.4,8.57,9.91,445.9,5.6,3.01,0.025,0.005,1.53
11,2022,6,4,4,24.2,8.56,9.96,445.8,6.3,3.01,0.025,0.005,1.53
11,2022,6,4,8,24.2,8.49,9.2,446.0,6.0,2.98,0.025,0.005,1.56
11,2022,6,4,12,24.5,8.54,10.66,441.8,5.7,3.08,0.025,0.005,1.5
11,2022,6,4,16,24.8,8.61,11.2,441.8,5.7,3.07,0.025,0.005,1.51
11,2022,6,4,20,23.6,8.59,10.88,442.8,8.3,3.1,0.025,0.005,1.54
11,2022,6,5,0,24.4,8.54,10.15,441.3,5.8,3.37,0.025,0.005,1.61
11,2022,6,5,4,24.9,8.51,8.79,443.9,5.8,3.37,0.025,0.005,1.61
11,2022,6,5,8,24.9,8.51,9.65,444.2,5.9,3.0,0.025,0.005,1.52
11,2022,6,5,12,25.7,8.55,11.03,436.4,8.4,3.03,0.025,0.005,1.48
11,2022,6,5,16,25.1,8.55,10.44,438.3,7.1,3.1,0.025,0.005,1.45
11,2022,6,5,20,25.1,8.35,9.37,433.3,9.2,3.12,0.025,0.005,1.55
11,2022,6,6,0,23.6,8.37,8.44,443.9,9.5,3.55,0.025,0.005,1.42
11,2022,6,6,4,23.5,8.5,9.08,444.3,6.0,3.55,0.025,0.005,1.42
11,2022,6,6,8,23.4,8.51,9.12,445.1,6.2,3.07,0.025,0.005,1.55
11,2022,6,6,8,23.4,8.51,9.12,445.1,6.2,3.07,0.025,0.005,1.55
11,2022,6,6,12,23.9,8.56,10.61,437.9,4.4,3.14,0.025,0.005,1.56
11,2022,6,6,16,24.4,8.63,11.69,428.4,5.3,3.3,0.025,0.005,1.5
11,2022,6,6,20,24.3,8.55,10.14,437.6,5.8,3.34,0.025,0.005,1.52
11,2022,6,7,0,23.8,8.51,8.59,441.3,6.1,3.38,0.025,0.005,1.5
11,2022,6,7,4,23.3,8.44,8.5,441.5,5.3,3.38,0.025,0.005,1.5
11,2022,6,7,8,23.2,8.49,8.9,442.5,5.3,3.28,0.025,0.005,1.5
11,2022,6,7,12,23.5,8.52,10.25,437.8,5.9,3.28,0.025,0.005,1.5
11,2022,6,7,16,23.2,8.56,8.84,440.6,6.7,3.21,0.025,0.005,1.52
11,2022,6,7,20,23.3,8.6,9.71,441.2,5.2,3.49,0.025,0.005,1.56
11,2022,6,8,0,22.8,8.56,9.74,443.0,4.7,3.5,0.025,0.005,1.55
11,2022,6,8,4,22.6,8.54,9.5,442.0,4.9,3.33,0.025,0.005,1.61
11,2022,6,8,8,22.6,8.57,9.88,442.2,4.6,3.34,0.025,0.005,1.6
11,2022,6,8,12,23.8,8.57,9.75,446.4,3.7,3.29,0.025,0.005,1.58
11,2022,6,8,16,23.3,8.64,11.58,432.3,4.4,3.22,0.025,0.005,1.52
11,2022,6,8,20,22.8,8.57,10.08,438.5,5.1,3.22,0.025,0.005,1.53
11,2022,6,9,0,22.9,8.58,10.36,437.1,4.3,3.39,0.025,0.005,1.48
11,2022,6,9,4,22.8,8.55,9.78,439.1,4.3,3.39,0.025,0.005,1.48
11,2022,6,9,8,22.7,8.52,9.52,439.5,4.2,3.3,0.025,0.005,1.54
11,2022,6,9,12,22.7,8.56,9.47,441.4,5.0,3.29,0.025,0.005,1.49
11,2022,6,9,12,22.7,8.56,9.47,441.4,5.0,3.38,0.025,0.005,1.51
11,2022,6,9,16,23.3,8.57,9.71,443.8,4.5,3.24,0.025,0.005,1.47
11,2022,6,9,20,23.1,8.55,9.8,438.6,4.5,3.4,0.025,0.005,1.44
11,2022,6,10,0,22.9,8.5,9.38,439.0,4.2,3.4,0.025,0.005,1.44
11,2022,6,10,4,22.8,8.49,9.07,439.7,4.4,3.16,0.025,0.005,1.46
11,2022,6,10,8,22.8,8.48,9.4,438.8,4.0,3.25,0.025,0.005,1.44
11,2022,6,10,12,23.4,8.55,11.27,428.6,4.9,3.25,0.025,0.005,1.36
11,2022,6,10,16,22.4,8.56,10.14,442.0,6.1,3.43,0.025,0.005,1.59
11,2022,6,10,20,22.4,8.58,10.16,439.7,4.6,3.4,0.025,0.005,1.56
11,2022,6,11,0,22.7,8.55,9.77,439.6,4.2,3.4,0.025,0.005,1.56
11,2022,6,11,4,22.9,8.51,9.27,439.6,4.8,3.18,0.025,0.005,1.48
11,2022,6,11,8,23.4,8.54,9.45,438.9,4.7,3.19,0.025,0.005,1.49
11,2022,6,11,12,23.1,8.53,9.44,438.4,4.8,3.33,0.025,0.005,1.51
11,2022,6,11,16,23.0,8.53,9.47,439.8,4.0,3.22,0.025,0.005,1.48
11,2022,6,11,20,22.9,8.54,9.4,434.7,4.6,3.18,0.025,0.005,1.52
11,2022,6,12,0,22.8,8.49,9.11,433.8,4.1,3.18,0.025,0.005,1.52
11,2022,6,12,4,22.7,8.49,9.07,435.0,4.3,3.15,0.025,0.005,1.52
11,2022,6,12,8,22.6,8.5,8.97,435.9,4.0,3.19,0.025,0.005,1.51
11,2022,6,12,12,22.6,8.5,9.16,435.6,3.7,3.22,0.025,0.005,1.48
11,2022,6,12,16,22.6,8.46,8.88,438.3,4.6,3.24,0.025,0.005,1.5
11,2022,6,12,20,22.4,8.52,9.38,430.6,7.0,3.27,0.093,0.005,1.56
11,2022,6,13,0,22.4,8.57,9.18,432.4,4.5,3.27,0.093,0.005,1.56
11,2022,6,13,4,22.2,8.56,8.97,433.2,4.2,3.08,0.025,0.005,1.55
11,2022,6,13,8,22.1,8.52,8.76,432.2,4.8,3.13,0.025,0.005,1.53
11,2022,6,13,12,20.1,8.43,8.83,440.1,3.9,3.19,0.025,0.005,1.51
11,2022,6,13,16,22.3,8.53,9.63,430.0,3.6,3.21,0.025,0.005,1.47
11,2022,6,13,20,22.2,8.6,9.82,434.4,3.5,3.13,0.025,0.005,1.52
11,2022,6,14,0,22.0,8.53,8.74,434.1,3.2,3.13,0.025,0.005,1.52
11,2022,6,14,4,21.7,8.57,8.95,434.7,4.1,3.14,0.025,0.005,1.54
11,2022,6,14,8,21.7,8.54,9.32,434.5,2.9,3.11,0.025,0.005,1.5
11,2022,6,14,12,22.1,8.53,9.92,427.8,3.7,3.15,0.025,0.005,1.42
11,2022,6,14,16,21.8,8.54,9.88,430.9,4.2,3.12,0.025,0.005,1.5
11,2022,6,14,20,21.2,8.53,9.73,436.8,4.1,3.12,0.025,0.005,1.64
11,2022,6,15,0,21.5,8.51,9.74,430.9,3.3,3.12,0.025,0.005,1.64
11,2022,6,15,4,22.0,8.43,9.16,432.2,4.1,2.91,0.025,0.005,1.35
11,2022,6,15,8,22.5,8.5,9.3,430.4,3.8,2.91,0.025,0.005,1.35
11,2022,6,15,12,22.1,8.48,9.33,432.6,3.7,3.03,0.025,0.005,1.33
11,2022,6,15,16,21.6,8.51,9.84,435.5,4.6,3.09,0.025,0.005,1.41
11,2022,6,15,20,22.0,8.59,10.3,434.9,4.8,3.27,0.025,0.005,1.52
11,2022,6,16,0,22.8,8.59,10.08,430.4,4.2,3.11,0.025,0.005,1.52
11,2022,6,16,4,22.9,8.55,9.53,430.9,3.0,3.11,0.025,0.005,1.52
11,2022,6,16,8,23.2,8.57,9.71,430.7,3.1,3.06,0.025,0.005,1.43
11,2022,6,16,12,23.9,8.62,10.4,427.8,3.6,2.89,0.025,0.005,1.35
11,2022,6,16,16,23.9,8.63,10.7,426.3,4.9,2.99,0.025,0.005,1.38
11,2022,6,16,20,23.8,8.59,10.32,427.4,3.5,3.02,0.025,0.005,1.38
11,2022,6,17,0,25.1,8.59,10.21,425.5,4.5,3.05,0.025,0.005,1.38
11,2022,6,17,4,25.0,8.52,9.4,428.9,3.2,3.05,0.025,0.005,1.38
11,2022,6,17,8,25.0,8.58,9.68,427.5,2.9,2.93,0.025,0.005,1.27
11,2022,6,17,12,24.0,8.62,10.38,426.6,3.5,2.97,0.025,0.005,1.31
11,2022,6,17,16,23.7,8.51,10.62,427.9,5.5,3.07,0.025,0.005,1.39
11,2022,6,17,20,24.0,8.68,10.6,428.9,4.3,3.2,0.025,0.005,1.33
11,2022,6,18,0,23.7,8.5,10.15,426.7,5.3,3.08,0.025,0.005,1.48
11,2022,6,18,4,23.6,8.51,9.97,427.4,3.9,3.08,0.025,0.005,1.48
11,2022,6,18,8,25.4,8.6,9.8,427.6,2.9,3.17,0.025,0.005,1.43
11,2022,6,18,12,24.3,8.43,11.85,413.0,6.5,2.98,0.025,0.005,1.25
11,2022,6,18,16,23.7,8.62,11.0,428.1,4.7,3.09,0.025,0.005,1.27
11,2022,6,18,20,24.0,8.58,11.38,425.8,7.7,3.14,0.025,0.005,1.44
11,2022,6,19,0,23.5,8.62,11.15,431.5,6.0,3.22,0.025,0.005,1.39
11,2022,6,19,4,24.6,8.41,9.92,428.0,4.2,3.22,0.025,0.005,1.39
11,2022,6,19,8,25.6,8.4,9.25,426.8,2.8,3.04,0.025,0.005,1.3
11,2022,6,19,12,21.3,8.37,10.43,434.0,5.6,3.08,0.025,0.005,1.22
11,2022,6,19,16,23.3,8.46,13.07,422.5,8.0,3.29,0.025,0.005,1.52
11,2022,6,19,20,22.4,8.54,11.85,433.2,10.7,3.52,0.025,0.005,1.27
11,2022,6,20,0,23.3,8.61,10.75,432.2,8.2,3.38,0.025,0.005,1.48
11,2022,6,20,4,23.9,8.6,10.61,430.3,4.8,3.38,0.025,0.005,1.48
11,2022,6,20,8,24.7,8.59,10.53,429.1,5.7,3.13,0.025,0.005,1.52
11,2022,6,20,12,25.2,8.64,12.14,419.1,8.3,3.18,0.025,0.005,1.43
11,2022,6,20,16,25.8,8.67,12.86,422.9,7.6,3.41,0.025,0.005,1.39
11,2022,6,20,20,26.4,8.71,11.48,408.2,9.5,3.44,0.025,0.005,1.38
11,2022,6,21,0,26.8,8.31,10.31,423.7,2.8,3.36,0.025,0.005,1.32
11,2022,6,21,4,27.8,8.5,8.76,426.1,2.5,3.36,0.025,0.005,1.32
11,2022,6,21,8,26.0,8.44,9.5,422.6,3.1,2.97,0.025,0.005,1.22
11,2022,6,21,12,22.2,8.6,11.48,436.4,9.8,3.08,0.025,0.005,1.27
11,2022,6,22,8,26.4,8.61,9.82,427.5,2.5,3.06,0.025,0.005,1.33
11,2022,6,22,12,25.6,8.64,9.62,442.2,2.4,3.01,0.025,0.005,1.37
11,2022,6,22,16,25.5,8.5,10.4,436.8,2.7,3.11,0.025,0.005,1.48
11,2022,6,22,20,25.8,8.49,9.67,436.9,2.2,3.04,0.025,0.005,1.46
11,2022,6,23,0,25.8,8.4,9.09,434.1,2.4,3.03,0.025,0.005,1.44
11,2022,6,23,4,25.4,8.45,8.8,435.3,2.7,3.03,0.025,0.005,1.44
11,2022,6,23,8,25.3,8.48,8.78,433.3,2.6,2.94,0.025,0.005,1.41
11,2022,6,23,12,25.0,8.47,9.76,441.3,3.1,2.98,0.025,0.005,1.42
11,2022,6,23,16,22.0,8.39,9.82,448.2,10.0,2.81,0.025,0.005,1.49
11,2022,7,4,12,18.5,8.28,10.2,458.3,4.5,2.82,0.025,0.005,1.6
11,2022,7,4,16,19.7,8.45,12.75,439.1,9.8,2.82,0.025,0.005,1.6
11,2022,7,11,8,24.6,8.43,10.49,431.6,2.4,2.33,0.025,0.005,1.52
11,2022,7,11,12,21.1,8.13,11.44,437.3,6.8,2.3,0.025,0.005,1.53
11,2022,7,11,16,22.7,8.21,11.5,442.0,4.3,2.51,0.025,0.005,1.62
11,2022,7,13,8,23.8,8.4,10.63,428.1,2.0,2.29,0.025,0.005,1.45
11,2022,7,13,12,22.6,8.33,11.38,448.6,4.8,2.29,0.025,0.005,1.49
11,2022,7,13,16,19.8,8.47,14.94,438.8,14.1,2.49,0.025,0.005,1.6
11,2022,7,18,12,22.6,8.34,11.81,440.1,8.7,2.34,0.025,0.005,1.72
11,2022,7,18,16,22.2,8.59,17.21,432.7,14.2,2.61,0.025,0.005,1.63
11,2022,7,19,16,23.8,8.49,12.56,445.3,12.2,2.46,0.025,0.005,1.8
11,2022,7,20,12,24.4,8.35,11.55,428.7,6.3,2.44,0.025,0.005,1.57
11,2022,7,20,16,21.1,8.61,16.19,438.5,18.7,2.72,0.025,0.005,1.84
11,2022,7,21,8,25.4,8.63,10.96,440.3,2.4,2.38,0.025,0.005,1.69
11,2022,7,21,12,25.4,8.61,11.11,437.8,2.7,2.33,0.025,0.005,1.73
11,2022,7,22,8,25.7,8.59,10.23,442.1,2.0,2.28,0.025,0.005,1.75
11,2022,7,22,12,25.7,8.57,11.98,431.1,3.2,2.31,0.025,0.005,1.68
11,2022,7,22,20,25.9,8.62,11.89,436.1,2.8,2.68,0.025,0.005,1.8
11,2022,7,23,0,25.2,8.55,10.81,440.2,2.9,2.39,0.025,0.005,1.69
11,2022,7,23,4,24.0,8.49,10.14,444.3,3.6,2.39,0.025,0.005,1.69
11,2022,7,23,8,24.1,8.4,10.36,438.8,2.0,2.41,0.025,0.005,1.76
11,2022,7,23,12,24.8,8.62,13.04,430.9,4.0,2.4,0.025,0.005,1.7
11,2022,7,23,16,22.2,8.5,11.56,450.9,7.2,2.42,0.025,0.005,1.66
11,2022,7,23,20,22.4,8.49,13.22,437.1,6.8,2.55,0.025,0.005,1.85
11,2022,7,24,0,24.9,8.61,11.3,435.4,2.7,2.46,0.025,0.005,1.75
11,2022,7,24,4,24.8,8.5,10.15,436.5,2.2,2.44,0.025,0.005,1.75
11,2022,7,24,8,24.8,8.55,11.06,434.0,2.2,2.34,0.025,0.005,1.74
11,2022,7,24,12,22.7,8.26,11.02,438.6,6.0,2.42,0.025,0.005,1.66
11,2022,7,24,16,23.3,8.65,12.74,445.3,4.6,2.55,0.025,0.005,1.71
11,2022,7,24,20,25.0,8.6,11.15,443.0,3.4,2.47,0.025,0.005,1.92
11,2022,7,25,0,25.4,8.59,10.32,441.2,2.6,2.36,0.025,0.005,1.82
11,2022,7,25,4,25.1,8.52,9.72,448.1,1.8,2.33,0.025,0.005,1.8
11,2022,7,25,12,24.8,8.72,11.05,429.9,4.5,2.38,0.025,0.005,1.72
11,2022,7,25,16,25.2,8.62,11.49,424.7,2.3,2.39,0.025,0.005,1.78
11,2022,7,25,20,25.4,8.57,11.74,433.7,2.7,2.47,0.025,0.005,1.76
11,2022,7,26,0,24.9,8.42,12.27,432.1,2.5,2.37,0.025,0.005,1.75
11,2022,7,26,4,25.9,8.22,8.15,445.4,1.6,2.41,0.025,0.005,1.74
11,2022,7,26,8,25.1,8.57,10.66,432.1,1.7,2.32,0.025,0.005,1.75
11,2022,7,26,12,25.3,8.59,12.21,425.2,3.2,2.45,0.025,0.005,1.62
11,2022,7,26,16,20.8,8.75,16.03,426.9,12.3,2.45,0.025,0.005,1.61
11,2022,7,26,20,24.4,8.59,11.7,445.3,3.5,2.54,0.025,0.005,1.94
11,2022,7,27,0,23.2,8.48,9.56,432.8,4.6,2.45,0.025,0.005,1.78
11,2022,7,27,4,24.1,8.37,9.19,412.6,4.6,2.45,0.102,0.005,1.89
11,2022,7,27,8,24.0,8.13,7.9,413.4,3.7,2.46,0.174,0.005,1.88
11,2022,7,27,12,23.8,8.24,9.34,417.8,2.1,2.52,0.139,0.005,1.8
11,2022,7,27,16,25.2,8.3,9.09,409.1,4.5,2.44,0.09,0.005,1.74
11,2022,7,27,20,24.6,8.25,8.31,401.7,2.6,2.4,0.132,0.005,1.57
11,2022,7,27,20,24.6,8.25,8.31,401.7,2.6,2.41,0.148,0.005,1.59
11,2022,7,28,0,24.0,8.41,9.09,405.4,3.9,2.4,0.13,0.005,1.71
11,2022,7,28,4,23.6,8.4,9.02,410.7,8.1,2.47,0.132,0.005,1.96
11,2022,11,1,12,13.7,8.32,9.28,329.4,4.0,1.7,0.025,0.005,0.74
11,2022,11,1,16,13.6,8.37,9.47,329.1,4.3,1.72,0.025,0.005,0.75
11,2022,11,2,12,13.5,8.38,9.68,334.7,3.2,1.71,0.025,0.005,0.72
11,2022,11,2,20,13.5,8.35,9.41,335.5,4.2,1.75,0.025,0.005,0.74
11,2022,11,3,0,13.8,8.34,9.45,335.1,3.1,1.75,0.025,0.005,0.73
11,2022,11,3,4,13.5,8.31,9.41,335.6,3.2,1.75,0.025,0.005,0.73
11,2022,11,3,8,13.4,8.31,9.27,333.1,3.9,1.72,0.025,0.005,0.69
11,2022,11,3,12,13.4,8.35,9.5,333.8,4.3,1.74,0.025,0.005,0.73
11,2022,11,3,16,13.4,8.35,9.44,335.0,4.3,1.74,0.025,0.005,0.74
11,2022,11,3,20,13.4,8.37,9.52,314.0,3.7,1.8,0.025,0.005,0.74
11,2022,11,4,0,13.0,8.35,9.46,309.0,2.7,1.63,0.025,0.005,0.79
11,2022,11,4,4,13.0,8.29,9.04,328.0,4.7,1.63,0.025,0.005,0.79
11,2022,11,4,8,12.9,8.32,9.2,319.6,4.0,1.7,0.025,0.005,0.77
11,2022,11,4,12,13.1,8.37,9.48,320.9,4.0,1.68,0.025,0.005,0.79
11,2022,11,4,16,13.3,8.41,9.75,315.9,3.0,1.66,0.025,0.005,0.79
11,2022,11,4,20,12.9,8.39,9.58,314.9,3.2,1.62,0.025,0.005,0.79
11,2022,11,5,0,12.9,8.34,9.37,320.3,3.7,1.57,0.025,0.005,0.79
11,2022,11,5,4,12.6,8.35,9.35,314.8,3.3,1.57,0.025,0.005,0.79
11,2022,11,5,8,12.4,8.35,9.31,311.5,3.3,1.6,0.025,0.005,0.81
11,2022,11,5,12,12.7,8.41,9.55,303.3,2.9,1.58,0.025,0.005,0.8
11,2022,11,5,16,12.7,8.44,9.92,312.1,3.2,1.53,0.025,0.005,0.84
11,2022,11,5,20,12.5,8.37,9.55,321.9,3.5,1.63,0.025,0.005,0.79
11,2022,11,6,0,12.3,8.39,9.63,311.3,3.1,1.72,0.025,0.005,0.78
11,2022,11,6,4,11.9,8.35,9.54,318.1,2.8,1.72,0.025,0.005,0.78
11,2022,11,6,8,12.3,8.34,9.46,330.7,3.7,1.63,0.025,0.005,0.76
11,2022,11,6,12,12.7,8.36,9.51,333.4,4.3,1.66,0.025,0.005,0.74
11,2022,11,6,16,12.8,8.44,10.12,331.3,3.6,1.73,0.025,0.005,0.74
11,2022,11,6,20,12.6,8.37,9.57,332.1,3.8,1.72,0.025,0.005,0.73
11,2022,11,7,0,12.4,8.32,9.31,333.3,3.7,1.72,0.025,0.005,0.74
11,2022,11,7,4,12.2,8.3,9.33,332.3,3.2,1.72,0.025,0.005,0.74
11,2022,11,7,8,12.2,8.36,9.58,319.4,3.6,1.71,0.025,0.005,0.72
11,2022,11,7,12,12.6,8.36,9.46,333.6,3.6,1.74,0.025,0.005,0.77
11,2022,11,7,16,12.8,8.39,9.76,334.8,3.4,1.74,0.025,0.005,0.73
11,2022,11,7,20,12.6,8.38,9.7,334.2,3.0,1.74,0.025,0.005,0.73
11,2022,11,8,0,12.3,8.35,9.54,335.0,3.1,1.74,0.025,0.005,0.73
11,2022,11,8,4,12.1,8.35,9.68,335.8,3.2,1.74,0.025,0.005,0.73
11,2022,11,8,8,11.6,8.32,9.55,336.4,2.6,1.74,0.025,0.005,0.75
11,2022,11,8,12,12.4,8.35,9.45,332.6,4.6,1.79,0.025,0.005,0.71
11,2022,11,8,16,12.4,8.38,9.57,330.8,4.6,1.7,0.025,0.005,0.79
11,2022,11,8,20,12.2,8.36,9.4,329.8,4.3,1.7,0.025,0.005,0.73
11,2022,11,9,0,12.0,8.34,9.36,330.2,3.7,1.81,0.025,0.005,0.76
11,2022,11,9,4,11.8,8.34,9.48,330.3,3.2,1.81,0.025,0.005,0.76
11,2022,11,9,8,11.4,8.33,9.49,331.3,3.0,1.71,0.025,0.005,0.74
11,2022,11,9,12,12.2,8.34,9.41,332.7,4.7,1.7,0.025,0.005,0.72
11,2022,11,9,16,12.3,8.38,9.71,330.6,4.3,1.68,0.025,0.005,0.77
11,2022,11,9,20,12.1,8.36,9.68,331.7,4.6,1.7,0.025,0.005,0.76
11,2022,11,10,0,12.1,8.33,9.49,329.8,3.6,1.74,0.025,0.005,0.76
11,2022,11,10,4,12.0,8.33,9.47,323.1,3.2,1.74,0.025,0.005,0.76
11,2022,11,10,8,11.8,8.31,9.4,331.5,3.8,1.63,0.025,0.005,0.77
11,2022,11,10,12,12.5,8.36,9.63,331.8,3.5,1.74,0.025,0.005,0.75
11,2022,11,10,16,12.3,8.44,10.13,329.2,3.4,1.64,0.025,0.005,0.76
11,2022,11,10,20,12.2,8.35,9.57,331.6,3.2,1.73,0.025,0.005,0.74
11,2022,11,11,0,12.1,8.31,9.38,331.3,3.1,1.67,0.025,0.005,0.73
11,2022,11,11,4,12.6,8.39,9.92,330.1,2.8,1.67,0.025,0.005,0.73
11,2022,11,11,8,12.5,8.37,9.85,330.0,2.6,1.66,0.025,0.005,0.69
11,2022,11,11,12,12.6,8.36,9.74,328.2,2.7,1.67,0.025,0.005,0.71
11,2022,11,11,16,12.6,8.37,9.85,329.7,2.7,1.64,0.025,0.005,0.76
11,2022,11,11,20,12.6,8.36,9.72,325.8,3.0,1.68,0.025,0.005,0.74
11,2022,11,12,0,12.6,8.33,9.54,325.7,2.8,1.69,0.025,0.005,0.8
11,2022,11,12,4,12.4,8.27,9.27,325.1,3.0,1.69,0.092,0.005,0.8
11,2022,11,12,8,12.3,8.21,8.97,327.6,2.7,1.69,0.105,0.005,0.83
11,2022,11,12,12,12.3,8.21,9.33,330.2,2.4,1.76,0.098,0.005,0.82
11,2022,11,12,16,12.2,8.34,9.89,330.2,2.7,1.76,0.085,0.005,0.76
11,2022,11,12,20,12.3,8.34,9.93,306.6,2.0,1.8,0.025,0.005,0.79
11,2022,11,13,0,11.9,8.3,9.81,312.4,2.2,1.57,0.025,0.005,0.89
11,2022,11,13,4,11.0,8.22,9.76,353.2,2.6,1.57,0.025,0.005,0.89
11,2022,11,13,8,10.7,8.21,9.58,343.2,2.7,1.71,0.025,0.005,0.86
11,2022,11,13,12,11.5,8.3,9.42,336.9,5.3,1.7,0.025,0.005,0.81
11,2022,11,13,16,11.5,8.34,9.84,332.2,4.3,1.65,0.025,0.005,0.78
11,2022,11,13,20,11.3,8.33,9.71,335.0,4.2,1.67,0.025,0.005,0.78
11,2022,11,14,0,11.2,8.33,9.63,321.1,3.3,1.66,0.025,0.005,0.78
11,2022,11,14,4,10.8,8.29,9.43,326.7,3.3,1.66,0.025,0.005,0.78
11,2022,11,14,8,10.3,8.28,9.35,333.9,2.9,1.69,0.025,0.005,0.78
11,2022,11,14,12,11.6,8.32,9.58,333.9,4.0,1.62,0.025,0.005,0.77
11,2022,11,14,16,11.5,8.37,9.75,329.8,4.0,1.63,0.025,0.005,0.75
11,2022,11,14,16,11.5,8.37,9.75,329.8,4.0,1.63,0.025,0.005,0.75
11,2022,11,14,20,11.2,8.36,9.68,331.5,3.5,1.65,0.025,0.005,0.78
11,2022,11,15,0,11.0,8.33,9.62,332.6,3.4,1.65,0.025,0.005,0.78
11,2022,11,15,4,10.8,8.35,9.87,331.8,3.1,1.6,0.025,0.005,0.75
11,2022,11,15,8,10.6,8.35,9.81,332.0,3.0,1.62,0.025,0.005,0.74
11,2022,11,15,12,11.3,8.36,9.71,332.4,3.7,1.63,0.025,0.005,0.77
11,2022,11,15,16,11.2,8.39,9.96,331.6,3.6,1.67,0.025,0.005,0.76
11,2022,11,16,12,11.0,8.32,10.15,292.1,2.8,1.57,0.025,0.005,0.82
11,2022,11,16,16,10.8,8.46,10.59,321.4,2.3,1.55,0.025,0.005,0.85
11,2022,11,16,20,10.8,8.35,9.85,330.6,2.9,1.53,0.025,0.005,0.8
11,2022,11,17,0,10.4,8.38,10.08,330.3,2.6,1.59,0.025,0.005,0.76
11,2022,11,17,4,10.2,8.37,10.12,330.0,2.7,1.58,0.025,0.005,0.77
11,2022,11,17,8,9.9,8.37,10.29,329.6,2.2,1.59,0.025,0.005,0.76
11,2022,11,17,12,11.0,8.32,9.58,336.1,3.3,1.59,0.025,0.005,0.72
11,2022,11,17,20,10.8,8.36,9.79,333.6,3.3,1.59,0.025,0.005,0.75
11,2022,11,18,0,10.6,8.34,9.69,334.3,3.0,1.58,0.025,0.005,0.76
11,2022,11,18,4,10.4,8.33,9.63,334.2,2.6,1.69,0.025,0.005,0.76
11,2022,11,18,8,10.1,8.34,9.83,333.6,2.4,1.62,0.025,0.005,0.76
11,2022,11,18,12,10.4,8.38,10.22,333.7,2.0,1.65,0.025,0.005,0.72
11,2022,11,18,16,10.8,8.45,10.68,331.9,2.4,1.59,0.025,0.005,0.72
11,2022,11,18,20,10.7,8.41,10.36,333.3,2.2,1.61,0.025,0.005,0.73
11,2022,11,19,0,10.7,8.37,10.11,334.3,2.2,1.59,0.025,0.005,0.74
11,2022,11,19,4,10.7,8.36,10.0,328.6,1.8,1.6,0.025,0.005,0.74
11,2022,11,19,8,10.7,8.29,9.55,333.3,2.2,1.57,0.025,0.005,0.74
11,2022,11,19,12,10.7,8.38,10.06,332.1,2.5,1.58,0.025,0.005,0.73
11,2022,11,19,16,10.8,8.44,10.46,331.4,2.3,1.6,0.025,0.005,0.74
11,2022,11,19,20,10.7,8.37,9.94,332.4,2.2,1.61,0.025,0.005,0.73
11,2022,11,20,0,10.4,8.37,9.93,331.9,2.3,1.56,0.025,0.005,0.73
11,2022,11,20,4,10.2,8.36,9.98,332.9,1.9,1.58,0.025,0.005,0.73
11,2022,11,20,8,10.6,8.4,10.22,315.1,1.7,1.61,0.025,0.005,0.72
11,2022,11,20,12,10.7,8.42,10.32,306.5,1.5,1.49,0.025,0.005,0.8
11,2022,11,20,16,10.5,8.36,10.08,323.7,1.8,1.49,0.025,0.005,0.84
11,2022,11,20,20,10.5,8.4,10.28,305.9,1.3,1.57,0.025,0.005,0.78
11,2022,11,21,0,10.4,8.25,9.43,316.8,1.3,1.46,0.025,0.005,0.9
11,2022,11,21,4,10.4,8.3,9.63,319.2,1.7,1.46,0.025,0.005,0.9
11,2022,11,21,12,10.4,8.39,10.22,308.1,1.6,1.43,0.025,0.005,0.88
11,2022,11,21,16,10.5,8.38,9.82,325.3,2.5,1.54,0.025,0.005,0.81
11,2022,11,21,20,10.3,8.37,9.79,323.3,2.1,1.54,0.025,0.005,0.8
11,2022,11,22,0,10.2,8.37,9.85,315.5,1.9,1.54,0.025,0.005,0.8
11,2022,11,22,4,10.1,8.36,9.69,319.2,2.0,1.49,0.025,0.005,0.8
11,2022,11,22,8,9.8,8.35,9.9,321.9,1.5,1.52,0.025,0.005,0.79
11,2022,11,22,12,10.3,8.36,9.8,333.1,2.2,1.53,0.025,0.005,0.78
11,2022,11,22,16,10.5,8.47,10.74,326.4,2.1,1.55,0.025,0.005,0.78
11,2022,11,22,20,10.6,8.38,9.97,328.6,2.2,1.53,0.025,0.005,0.78
11,2022,11,23,0,10.4,8.34,9.7,329.5,2.3,1.53,0.025,0.005,0.78
11,2022,11,23,4,10.2,8.33,9.7,328.6,2.0,1.6,0.025,0.005,0.78
11,2022,11,23,8,10.1,8.32,9.61,329.2,2.2,1.54,0.025,0.005,0.78
11,2022,11,23,12,10.3,8.36,9.92,326.5,1.9,1.55,0.025,0.005,0.8
11,2022,11,23,16,10.4,8.41,10.2,328.2,2.2,1.54,0.025,0.005,0.77
11,2022,11,23,20,10.2,8.38,9.94,327.8,2.2,1.55,0.025,0.005,0.76
11,2022,11,24,0,10.0,8.38,9.93,328.8,2.0,1.55,0.025,0.005,0.76
11,2022,11,24,4,9.8,8.34,9.82,330.1,1.9,1.52,0.025,0.005,0.74
11,2022,11,24,8,9.8,8.33,9.8,330.5,1.7,1.57,0.025,0.005,0.75
11,2022,11,24,12,9.9,8.33,9.73,330.9,2.5,1.53,0.025,0.005,0.79
11,2022,11,24,16,10.1,8.35,9.65,327.9,2.6,1.53,0.025,0.005,0.8
11,2022,11,24,20,10.1,8.34,9.55,328.2,2.1,1.55,0.025,0.005,0.81
11,2022,11,25,0,10.0,8.32,9.42,328.0,1.9,1.55,0.025,0.005,0.81
11,2022,11,25,4,9.9,8.3,9.32,328.5,1.9,1.52,0.025,0.005,0.78
11,2022,11,25,8,9.7,8.31,9.46,326.1,1.8,1.51,0.025,0.005,0.78
11,2022,11,25,12,10.0,8.32,9.45,329.9,2.1,1.59,0.025,0.005,0.8
11,2022,11,25,12,10.0,8.32,9.45,329.9,2.1,1.59,0.025,0.005,0.8
11,2022,11,25,16,9.9,8.41,10.24,329.4,2.8,1.63,0.025,0.005,0.8
11,2022,11,25,20,9.1,8.28,9.84,345.7,2.6,1.66,0.025,0.005,0.84
11,2022,11,26,0,8.6,8.28,10.02,353.9,2.6,1.66,0.025,0.005,0.84
11,2022,11,26,4,8.4,8.32,9.88,343.3,2.7,1.5,0.025,0.005,0.82
11,2022,11,26,8,8.8,8.34,9.73,327.0,3.0,1.49,0.025,0.005,0.8
11,2022,11,26,12,9.3,8.46,10.41,302.7,1.7,1.41,0.025,0.005,0.93
11,2022,11,26,16,9.3,8.44,10.65,314.6,2.4,1.41,0.025,0.005,0.93
11,2022,11,28,8,8.7,8.34,9.88,327.9,2.1,1.44,0.025,0.005,0.78
11,2022,11,28,12,9.0,8.38,10.13,329.2,2.2,1.47,0.025,0.005,0.75
11,2022,11,28,16,9.1,8.4,10.24,329.0,2.1,1.5,0.025,0.005,0.79
11,2022,11,29,8,5.7,8.33,10.41,344.7,3.4,1.64,0.025,0.005,0.79
11,2022,11,29,12,5.3,8.4,10.94,347.3,5.0,1.64,0.025,0.005,0.79
11,2022,11,29,16,4.8,8.43,11.17,345.6,4.5,1.73,0.025,0.005,0.8
11,2022,11,29,20,4.5,8.42,11.01,346.1,3.7,1.74,0.025,0.005,0.82
11,2022,11,30,0,4.3,8.42,11.02,345.7,3.0,1.63,0.025,0.005,0.82
11,2022,11,30,4,4.2,8.41,10.89,340.5,2.3,1.63,0.025,0.005,0.82
11,2022,11,30,8,6.0,8.4,10.5,332.2,2.5,1.53,0.025,0.005,0.8
11,2022,11,30,12,5.8,8.42,10.64,331.4,2.6,1.43,0.025,0.005,0.8
11,2022,11,30,16,5.9,8.45,10.87,332.6,2.1,1.46,0.025,0.005,0.8
11,2022,11,30,20,6.1,8.43,10.66,330.9,2.2,1.44,0.025,0.005,0.8
11,2022,12,1,0,5.9,8.42,10.57,329.9,2.3,1.42,0.025,0.005,0.79
11,2022,12,1,4,5.8,8.41,10.55,330.8,2.3,1.42,0.025,0.005,0.79
11,2022,12,1,12,5.6,8.43,10.59,329.9,2.1,1.43,0.025,0.005,0.8
11,2022,12,1,16,5.5,8.47,10.93,330.2,2.0,1.42,0.025,0.005,0.8
11,2022,12,2,0,4.9,8.46,10.92,332.8,1.8,1.44,0.025,0.005,0.79
11,2022,12,2,4,4.9,8.44,10.69,332.3,1.8,1.44,0.025,0.005,0.79
11,2022,12,2,8,4.8,8.43,10.7,333.2,1.8,1.44,0.025,0.005,0.8
11,2022,12,2,12,4.6,8.46,10.8,333.0,2.0,1.46,0.025,0.005,0.79
11,2022,12,2,16,4.2,8.47,10.97,336.1,1.7,1.47,0.025,0.005,0.79
11,2022,12,2,20,4.9,8.44,10.62,334.0,1.9,1.42,0.025,0.005,0.81
11,2022,12,3,0,4.5,8.44,10.7,334.3,1.8,1.42,0.025,0.005,0.81
11,2022,12,3,4,4.0,8.46,10.83,336.1,1.6,1.4,0.025,0.005,0.79
11,2022,12,3,8,4.4,8.45,10.65,335.7,1.7,1.46,0.025,0.005,0.78
11,2022,12,3,12,3.6,8.47,11.06,336.1,2.2,1.48,0.025,0.005,0.79
11,2022,12,3,16,3.7,8.48,11.08,337.3,1.6,1.45,0.025,0.005,0.8
11,2022,12,3,20,3.5,8.49,11.19,338.1,1.4,1.47,0.025,0.005,0.8
11,2022,12,4,0,3.4,8.48,11.2,338.4,1.4,1.47,0.025,0.005,0.8
11,2022,12,4,4,3.5,8.47,10.89,336.0,1.4,1.47,0.025,0.005,0.8
11,2022,12,4,8,2.6,8.47,11.09,347.4,1.5,1.44,0.025,0.005,0.8
11,2022,12,4,12,2.6,8.21,11.2,346.2,1.3,1.44,0.025,0.005,0.8
11,2022,12,4,16,3.7,8.21,11.07,352.9,1.5,1.42,0.025,0.005,0.82
11,2022,12,4,20,3.9,8.2,10.96,352.1,1.5,1.4,0.025,0.005,0.8
11,2022,12,5,0,3.5,8.2,10.94,352.1,1.4,1.4,0.025,0.005,0.8
11,2022,12,5,4,3.1,8.21,11.08,354.5,1.2,1.42,0.025,0.005,0.8
11,2022,12,5,8,2.8,8.21,11.06,355.6,1.2,1.44,0.025,0.005,0.8
11,2022,12,5,12,2.9,8.23,11.24,356.0,1.2,1.41,0.025,0.005,0.81
11,2022,12,5,16,3.0,8.24,11.44,355.1,1.4,1.45,0.025,0.005,0.81
11,2022,12,6,0,3.5,8.22,11.03,349.5,1.3,1.4,0.025,0.005,0.77
11,2022,12,6,4,3.2,8.22,10.99,351.0,1.3,1.38,0.025,0.005,0.78
11,2022,12,6,8,2.8,8.22,11.01,351.7,1.3,1.41,0.025,0.005,0.78
11,2022,12,6,12,2.9,8.23,11.13,353.5,1.3,1.45,0.025,0.005,0.78
11,2022,12,6,16,3.4,8.24,11.09,351.5,1.3,1.41,0.025,0.005,0.8
11,2022,12,6,20,3.8,8.22,10.86,349.3,1.4,1.42,0.025,0.005,0.76
11,2022,12,7,0,3.5,8.21,10.92,349.4,1.2,1.42,0.025,0.005,0.76
11,2022,12,7,4,3.2,8.21,10.91,351.5,1.2,1.41,0.025,0.005,0.78
11,2022,12,7,8,3.4,8.19,10.74,349.8,1.2,1.41,0.025,0.005,0.77
11,2022,12,7,12,2.6,8.23,11.11,355.2,1.1,1.42,0.025,0.005,0.8
11,2022,12,7,16,3.1,8.24,11.21,352.7,1.1,1.44,0.025,0.005,0.79
11,2022,12,7,20,3.2,8.23,11.11,353.4,1.2,1.42,0.025,0.005,0.8
11,2022,12,8,0,2.9,8.23,11.11,354.3,1.0,1.42,0.025,0.005,0.8
11,2022,12,8,4,2.7,8.23,11.18,354.2,1.2,1.42,0.025,0.005,0.8
11,2022,12,8,8,2.8,8.23,11.15,354.5,1.2,1.43,0.025,0.005,0.78
11,2022,12,8,12,3.0,8.25,11.29,352.8,1.1,1.44,0.025,0.005,0.8
11,2022,12,8,16,3.3,8.24,11.28,351.7,1.2,1.4,0.025,0.005,0.77
11,2022,12,8,20,3.5,8.23,11.2,351.8,1.1,1.42,0.025,0.005,0.78
11,2022,12,9,0,3.2,8.23,11.23,353.4,1.0,1.42,0.025,0.005,0.78
11,2022,12,9,4,3.2,8.23,11.13,353.2,1.2,1.41,0.025,0.005,0.77
11,2022,12,9,8,2.8,8.23,11.13,354.6,1.2,1.45,0.025,0.005,0.75
11,2022,12,9,12,2.9,8.25,11.32,355.9,1.0,1.43,0.025,0.005,0.79
11,2022,12,9,16,3.1,8.26,11.47,354.4,1.3,1.41,0.025,0.005,0.8
11,2022,12,9,20,3.3,8.23,11.15,355.2,1.2,1.43,0.025,0.005,0.82
11,2022,12,10,0,3.1,8.25,11.38,355.2,1.0,1.43,0.025,0.005,0.82
11,2022,12,10,4,3.0,8.23,11.43,355.5,1.1,1.46,0.025,0.005,0.77
11,2022,12,10,8,2.8,8.2,11.29,357.9,1.3,1.51,0.025,0.005,0.78
11,2022,12,10,12,3.0,8.18,11.49,366.9,1.0,1.48,0.025,0.005,0.85
11,2022,12,10,16,3.3,8.19,11.65,371.1,1.3,1.46,0.025,0.005,0.86
11,2022,12,10,20,3.1,8.18,11.77,381.7,1.2,1.41,0.025,0.005,0.88
11,2022,12,11,0,3.0,8.19,11.77,380.0,1.1,1.41,0.025,0.005,0.88
11,2022,12,11,4,2.8,8.2,11.28,366.1,1.2,1.42,0.025,0.005,0.82
11,2022,12,11,8,2.2,8.22,11.0,359.3,1.0,1.42,0.025,0.005,0.8
11,2022,12,11,12,2.4,8.23,11.14,359.0,1.0,1.45,0.025,0.005,0.8
11,2022,12,11,16,2.8,8.24,11.29,357.5,1.1,1.46,0.025,0.005,0.8
11,2022,12,11,20,2.9,8.22,11.02,354.7,1.2,1.46,0.025,0.005,0.78
11,2022,12,12,0,2.9,8.22,11.03,355.8,1.1,1.46,0.025,0.005,0.78
11,2022,12,12,4,2.8,8.21,10.92,355.4,1.0,1.39,0.025,0.005,0.78
11,2022,12,12,8,2.7,8.21,10.91,355.8,1.1,1.4,0.025,0.005,0.78
11,2022,12,12,12,2.6,8.21,11.17,359.7,2.1,1.52,0.025,0.005,0.79
11,2022,12,12,16,2.6,8.18,11.72,384.0,1.3,1.5,0.025,0.005,0.84
11,2022,12,12,20,2.6,8.19,11.59,378.3,1.3,1.49,0.025,0.005,0.85
11,2022,12,13,0,2.2,8.2,11.38,367.1,1.2,1.49,0.025,0.005,0.85
11,2022,12,13,4,2.0,8.15,11.29,378.8,1.4,1.44,0.025,0.005,0.85
11,2022,12,13,8,1.4,8.08,11.34,403.2,4.6,1.73,0.025,0.005,0.93
11,2022,12,13,12,1.4,8.07,11.94,423.3,14.3,2.42,0.025,0.005,1.19
11,2022,12,13,16,1.2,8.08,11.79,416.3,7.5,2.13,0.025,0.005,0.99
11,2022,12,13,20,1.0,8.13,11.8,389.3,3.4,1.78,0.025,0.005,0.85
11,2022,12,14,0,0.7,8.08,11.7,399.7,3.2,1.78,0.025,0.005,0.85
11,2022,12,14,4,1.6,8.19,11.52,367.4,1.1,1.48,0.025,0.005,0.8
11,2022,12,14,8,1.4,8.19,11.46,368.3,1.3,1.5,0.025,0.005,0.81
11,2022,12,14,12,1.0,8.17,11.78,382.2,1.4,1.56,0.025,0.005,0.84
11,2022,12,14,16,1.7,8.22,11.42,363.2,1.1,1.46,0.025,0.005,0.82
11,2022,12,14,20,1.9,8.22,11.39,361.6,1.1,1.45,0.025,0.005,0.8
11,2022,12,15,0,2.0,8.22,11.33,361.1,1.1,1.45,0.025,0.005,0.8
11,2022,12,15,4,1.5,8.21,11.58,367.7,1.2,1.48,0.025,0.005,0.82
11,2022,12,15,8,1.7,8.21,11.48,364.6,1.2,1.42,0.025,0.005,0.81
11,2022,12,15,12,1.4,8.22,11.56,368.5,1.2,1.46,0.025,0.005,0.85
11,2022,12,15,16,1.7,8.23,11.75,368.4,1.2,1.47,0.025,0.005,0.84
11,2022,12,15,20,1.6,8.22,11.81,373.2,1.1,1.47,0.025,0.005,0.83
11,2022,12,16,0,1.7,8.22,11.75,369.9,1.1,1.47,0.025,0.005,0.83
11,2022,12,16,4,1.5,8.22,11.64,369.6,1.1,1.43,0.025,0.005,0.84
11,2022,12,16,8,1.5,8.22,11.64,368.5,1.1,1.47,0.025,0.005,0.83
11,2022,12,16,12,1.6,8.22,11.53,366.0,1.2,1.45,0.025,0.005,0.82
11,2022,12,16,16,1.8,8.22,11.54,365.4,1.1,1.41,0.025,0.005,0.82
11,2022,12,16,20,1.9,8.21,11.45,364.4,1.2,1.42,0.025,0.005,0.81
11,2022,12,17,0,1.7,8.21,11.44,366.6,1.1,1.42,0.025,0.005,0.81
11,2022,12,17,4,1.6,8.21,11.46,369.2,1.0,1.42,0.025,0.005,0.81
11,2022,12,17,8,1.6,8.21,11.51,369.5,1.0,1.46,0.025,0.005,0.84
11,2022,12,17,12,1.7,8.21,11.57,369.5,1.0,1.44,0.025,0.005,0.83
11,2022,12,17,16,1.7,8.22,11.57,369.3,1.0,1.43,0.025,0.005,0.82
11,2022,12,17,20,1.6,8.21,11.56,369.2,1.1,1.45,0.025,0.005,0.84
11,2022,12,18,0,1.6,8.21,11.53,370.2,1.1,1.45,0.025,0.005,0.84
11,2022,12,18,4,1.6,8.21,11.6,373.1,1.0,1.45,0.025,0.005,0.84
11,2022,12,18,8,1.3,8.21,11.75,377.8,0.9,1.48,0.025,0.005,0.84
11,2022,12,18,12,1.4,8.21,11.8,381.2,1.0,1.46,0.025,0.005,0.85
11,2022,12,18,16,1.5,8.21,11.69,377.4,0.9,1.47,0.025,0.005,0.84
11,2022,12,18,20,1.6,8.21,11.73,377.4,1.0,1.43,0.025,0.005,0.84
11,2022,12,19,0,1.6,8.21,11.73,377.6,0.9,1.43,0.025,0.005,0.84
11,2022,12,19,4,1.7,8.2,11.66,376.4,1.0,1.43,0.025,0.005,0.84
11,2022,12,19,8,1.6,8.2,11.76,379.1,0.9,1.5,0.025,0.005,0.85
11,2022,12,19,12,1.8,8.21,11.75,378.8,0.9,1.47,0.025,0.005,0.84
11,2022,12,19,16,2.0,8.21,11.73,376.3,1.0,1.46,0.025,0.005,0.83
11,2022,12,19,20,2.0,8.21,11.73,375.8,1.0,1.53,0.025,0.005,0.83
11,2022,12,20,0,1.9,8.21,11.56,372.7,1.0,1.53,0.025,0.005,0.83
11,2022,12,20,4,1.9,8.2,11.53,372.0,1.0,1.44,0.025,0.005,0.83
11,2022,12,20,8,1.9,8.2,11.56,372.4,1.0,1.45,0.025,0.005,0.83
11,2022,12,20,12,2.1,8.21,11.56,371.8,1.0,1.43,0.025,0.005,0.82
11,2022,12,20,16,2.1,8.21,11.56,372.9,0.9,1.44,0.025,0.005,0.84
11,2022,12,20,20,2.1,8.21,11.54,372.4,1.0,1.43,0.025,0.005,0.82
11,2022,12,21,0,2.0,8.21,11.6,373.4,1.0,1.43,0.025,0.005,0.82
11,2022,12,21,4,2.0,8.21,11.57,373.6,1.0,1.43,0.025,0.005,0.83
11,2022,12,21,8,1.9,8.21,11.57,374.0,1.1,1.47,0.025,0.005,0.84
11,2022,12,21,12,2.1,8.21,11.56,373.4,1.0,1.46,0.025,0.005,0.83
11,2022,12,21,16,2.3,8.21,11.92,375.1,0.9,1.46,0.025,0.005,0.84
11,2022,12,21,20,2.2,8.19,11.54,375.4,1.1,1.46,0.025,0.005,0.84
11,2022,12,22,0,2.2,8.18,11.84,375.6,1.2,1.46,0.025,0.005,0.84
11,2022,12,22,4,2.2,8.18,11.39,376.3,0.9,1.45,0.025,0.005,0.84
11,2022,12,22,8,2.1,8.16,11.32,377.6,0.9,1.52,0.025,0.005,0.85
11,2022,12,22,8,2.1,8.16,11.32,377.6,0.9,1.52,0.025,0.005,0.85
11,2022,12,22,12,2.4,8.14,11.48,382.7,0.9,1.55,0.025,0.005,0.88
11,2022,12,22,12,2.4,8.14,11.48,382.7,0.9,1.55,0.025,0.005,0.88
11,2022,12,22,16,2.3,8.21,11.71,378.7,1.1,1.51,0.025,0.005,0.88
11,2022,12,22,20,2.3,8.19,11.58,381.0,0.9,1.53,0.025,0.005,0.87
11,2022,12,23,0,2.3,8.17,11.5,381.4,1.0,1.53,0.025,0.005,0.87
11,2022,12,23,4,2.2,8.15,11.39,382.9,0.9,1.49,0.025,0.005,0.89
11,2022,12,23,8,2.3,8.17,11.49,381.4,1.0,1.51,0.025,0.005,0.88
11,2022,12,23,12,2.3,8.23,11.85,380.3,0.9,1.47,0.025,0.005,0.86
11,2022,12,23,16,2.5,8.23,11.86,376.4,1.0,1.49,0.025,0.005,0.86
11,2022,12,23,20,2.5,8.22,11.76,377.1,0.8,1.48,0.025,0.005,0.86
11,2022,12,24,0,2.4,8.22,11.78,377.3,0.9,1.48,0.025,0.005,0.86
11,2022,12,24,4,2.4,8.22,11.78,378.1,0.8,1.46,0.025,0.005,0.86
11,2022,12,24,8,2.2,8.21,11.87,382.1,0.9,1.51,0.025,0.005,0.89
11,2022,12,24,12,2.5,8.22,11.82,379.6,1.1,1.49,0.025,0.005,0.86
11,2022,12,24,16,2.6,8.22,11.88,378.7,1.0,1.45,0.025,0.005,0.87
11,2022,12,24,20,2.5,8.21,11.82,379.0,0.9,1.47,0.025,0.005,0.86
11,2022,12,25,0,2.4,8.19,11.7,380.4,0.9,1.47,0.025,0.005,0.86
11,2022,12,25,4,2.4,8.17,11.55,383.0,0.9,1.48,0.025,0.005,0.89
11,2022,12,25,8,2.4,8.16,11.52,385.1,0.9,1.51,0.025,0.005,0.9
11,2022,12,25,12,2.3,8.15,11.65,390.0,0.8,1.51,0.025,0.005,0.9
11,2022,12,25,16,2.5,8.15,11.67,388.7,0.8,1.57,0.025,0.005,0.9
11,2022,12,25,20,2.4,8.12,11.42,387.3,0.9,1.58,0.025,0.005,0.92
11,2022,12,26,0,2.4,8.11,11.35,386.9,0.9,1.58,0.025,0.005,0.92
11,2022,12,26,4,2.3,8.09,11.12,390.1,1.0,1.59,0.087,0.005,0.94
11,2022,12,26,8,2.1,8.08,11.13,393.8,0.8,1.63,0.117,0.005,0.97
11,2022,12,26,12,2.2,8.1,11.35,396.3,0.8,1.61,0.095,0.005,0.96
11,2022,12,26,16,2.5,8.09,11.24,390.9,1.1,1.63,0.088,0.005,0.95
11,2022,12,26,20,2.2,8.06,11.01,391.7,0.7,1.64,0.098,0.005,0.95
11,2022,12,27,0,2.0,8.04,10.83,396.5,0.9,1.64,0.098,0.005,0.95
11,2022,12,27,4,2.0,8.01,10.68,400.3,0.9,1.68,0.165,0.005,1.03
11,2022,12,27,8,1.8,8.01,10.77,403.7,0.8,1.75,0.167,0.005,1.04
11,2022,12,27,12,2.1,8.03,11.71,402.8,1.1,1.74,0.145,0.005,1.01
11,2022,12,27,16,2.3,8.02,10.86,392.6,1.0,1.68,0.13,0.005,1.01
11,2022,12,27,20,2.3,7.99,10.72,392.8,1.2,1.73,0.143,0.005,1.03
11,2022,12,28,0,2.0,7.99,10.64,398.9,0.9,1.73,0.143,0.005,1.03
11,2022,12,28,4,1.8,8.03,10.92,401.4,0.8,1.74,0.109,0.005,1.02
11,2022,12,28,8,1.8,8.04,11.0,403.8,0.8,1.77,0.105,0.005,1.02
11,2022,12,28,12,2.0,8.04,11.13,405.3,1.1,1.75,0.119,0.005,1.05
11,2022,12,28,16,2.1,8.02,10.72,396.4,0.9,1.72,0.116,0.005,1.03
11,2022,12,28,20,2.0,8.01,10.62,396.4,0.9,1.74,0.119,0.005,1.01
11,2022,12,29,0,1.9,8.01,10.65,400.2,0.9,1.74,0.119,0.005,1.01
11,2022,12,29,4,1.9,8.01,10.62,401.5,0.9,1.73,0.12,0.005,1.04
11,2022,12,29,8,1.8,8.02,10.71,403.5,0.8,1.76,0.11,0.005,1.04
11,2022,12,29,12,2.2,8.0,10.5,400.3,1.0,1.79,0.129,0.005,1.06
11,2022,12,29,16,2.4,7.88,9.54,395.6,1.1,1.8,0.16,0.005,1.13
11,2022,12,29,20,2.4,7.85,9.39,395.9,0.9,1.8,0.154,0.005,1.14
11,2022,12,30,0,2.3,7.85,9.35,397.9,1.1,1.8,0.154,0.005,1.14
11,2022,12,30,12,2.6,7.97,10.27,398.7,1.0,1.81,0.121,0.005,1.05
11,2022,12,30,16,2.8,7.91,9.7,392.5,0.8,1.78,0.145,0.005,1.08
11,2022,12,30,20,2.6,7.87,9.43,395.0,0.7,1.8,0.161,0.005,1.11
11,2022,12,31,0,2.4,7.9,9.56,396.7,0.9,1.8,0.161,0.005,1.11
11,2022,12,31,4,2.3,7.89,9.55,397.8,1.2,1.81,0.147,0.005,1.11
11,2022,12,31,8,2.2,7.89,9.64,400.1,1.0,1.83,0.139,0.005,1.1
11,2022,12,31,12,2.7,7.89,9.58,395.1,3.2,1.81,0.151,0.005,1.12
11,2022,12,31,16,3.2,7.86,9.42,389.2,1.0,1.79,0.155,0.005,1.12
11,2022,12,31,20,3.1,7.85,9.43,389.8,0.8,1.81,0.165,0.005,1.11
11,2023,1,1,0,2.7,7.87,9.55,391.5,1.0,1.81,0.165,0.005,1.11
11,2023,1,1,4,2.8,7.86,9.39,392.3,1.5,1.83,0.148,0.005,1.07
11,2023,1,1,8,2.8,7.86,9.43,392.4,1.6,1.83,0.145,0.005,1.08
11,2023,1,1,12,3.3,7.81,9.45,388.1,1.2,1.81,0.172,0.005,1.11
11,2023,1,1,16,3.4,7.91,10.02,386.0,1.0,1.83,0.146,0.005,1.04
11,2023,1,1,20,3.0,7.83,9.35,389.9,0.8,1.83,0.169,0.005,1.04
11,2023,1,2,0,2.4,7.89,9.89,394.6,0.8,1.83,0.169,0.005,1.08
11,2023,1,2,4,2.4,7.89,9.78,395.5,1.0,1.83,0.133,0.005,1.04
11,2023,1,2,8,2.4,7.88,9.95,396.2,1.1,1.82,0.135,0.005,1.03
11,2023,1,2,12,3.2,7.95,10.54,391.5,1.0,1.8,0.126,0.005,1.0
11,2023,1,2,16,3.7,7.93,10.5,387.1,1.0,1.82,0.132,0.005,0.99
11,2023,1,2,20,3.6,7.93,10.38,388.6,0.7,1.81,0.133,0.005,0.99
11,2023,1,3,0,2.9,7.91,10.07,392.7,0.9,1.81,0.133,0.005,0.99
11,2023,1,3,4,2.7,7.87,9.73,396.0,1.0,1.73,0.173,0.005,1.03
11,2023,1,3,8,2.9,7.88,9.65,395.6,0.9,1.73,0.173,0.005,1.03
11,2023,1,3,12,3.8,8.23,12.53,390.4,1.1,1.57,0.025,0.005,0.92
11,2023,1,3,16,3.7,8.05,11.27,389.0,0.9,1.7,0.101,0.005,0.94
11,2023,1,3,20,3.3,7.98,10.71,391.3,0.8,1.74,0.113,0.005,0.95
11,2023,1,4,0,3.4,7.94,10.27,390.1,0.9,1.74,0.113,0.005,0.95
11,2023,1,4,4,3.4,7.98,10.51,392.1,0.9,1.73,0.13,0.005,0.95
11,2023,1,4,8,3.1,7.95,10.37,392.9,1.2,1.74,0.127,0.005,1.0
11,2023,1,4,12,3.6,8.22,12.41,392.0,1.1,1.55,0.025,0.005,0.93
11,2023,1,4,16,3.9,8.16,11.99,388.9,1.3,1.62,0.025,0.005,0.94
11,2023,1,4,20,3.8,8.09,11.6,389.7,0.9,1.65,0.081,0.005,0.93
11,2023,1,5,0,3.8,8.07,11.37,390.4,1.1,1.65,0.081,0.005,0.93
11,2023,1,5,4,3.7,8.05,11.11,391.1,1.1,1.62,0.08,0.005,0.96
11,2023,1,5,8,3.6,8.02,10.81,391.9,0.9,1.64,0.1,0.005,0.94
11,2023,1,5,12,4.0,8.2,12.12,391.3,1.0,1.57,0.025,0.005,0.94
11,2023,1,5,16,3.9,8.18,11.99,390.4,1.4,1.58,0.082,0.005,0.93
11,2023,1,5,20,3.9,8.16,11.94,390.3,1.1,1.6,0.025,0.005,0.92
11,2023,1,6,0,3.9,8.14,11.75,390.8,1.0,1.58,0.025,0.005,0.94
11,2023,1,6,4,3.8,8.1,11.46,391.6,1.1,1.78,0.025,0.005,0.94
11,2023,1,6,8,3.8,8.14,11.75,389.3,1.0,1.54,0.025,0.005,0.9
11,2023,1,6,12,4.0,8.13,11.75,387.5,1.1,1.54,0.025,0.005,0.91
11,2023,1,6,16,3.8,8.01,10.88,395.0,1.2,1.76,0.14,0.005,0.96
11,2023,1,6,20,3.8,8.07,11.26,390.7,1.1,1.64,0.108,0.005,0.93
11,2023,1,7,0,3.8,8.08,11.24,388.5,0.8,1.57,0.025,0.005,0.9
11,2023,1,7,4,3.9,8.07,11.23,390.1,1.1,1.6,0.083,0.005,0.92
11,2023,1,7,8,3.6,8.14,11.64,388.9,1.0,1.56,0.025,0.005,0.9
11,2023,1,7,12,4.1,8.16,12.07,389.1,1.1,1.59,0.025,0.005,0.91
11,2023,1,7,16,4.3,8.2,12.36,389.9,1.1,1.63,0.025,0.005,0.9
11,2023,1,7,20,4.3,8.19,12.24,391.4,1.2,1.64,0.025,0.005,0.92
11,2023,1,8,0,4.1,8.16,11.98,390.8,1.1,1.64,0.025,0.005,0.92
11,2023,1,8,4,4.2,8.15,11.91,390.5,1.1,1.64,0.025,0.005,0.9
11,2023,1,8,8,4.0,8.13,11.78,391.2,1.1,1.59,0.025,0.005,0.9
11,2023,1,8,12,4.2,8.18,12.32,389.0,1.1,1.65,0.025,0.005,0.89
11,2023,1,8,16,4.4,8.22,12.63,387.8,1.2,1.61,0.025,0.005,0.87
11,2023,1,8,20,4.4,8.18,12.19,391.2,1.1,1.59,0.025,0.005,0.89
11,2023,1,9,0,4.2,8.14,11.85,390.1,1.1,1.62,0.025,0.005,0.91
11,2023,1,9,4,4.2,8.15,11.84,391.0,1.1,1.58,0.025,0.005,0.89
11,2023,1,9,8,4.0,8.17,12.07,390.2,1.1,1.61,0.025,0.005,0.9
11,2023,1,9,12,4.2,8.23,12.64,388.0,1.1,1.64,0.025,0.005,0.86
11,2023,1,9,16,5.2,8.19,12.37,406.3,1.4,1.63,0.025,0.005,1.0
11,2023,1,9,20,4.9,8.18,12.21,400.0,1.4,1.61,0.025,0.005,0.94
11,2023,1,10,4,4.4,8.16,12.09,396.1,1.2,1.6,0.025,0.005,0.95
11,2023,1,10,8,4.3,8.23,12.68,393.3,1.2,1.63,0.025,0.005,0.91
11,2023,1,10,12,4.6,8.28,13.2,392.0,1.6,1.7,0.025,0.005,0.91
11,2023,1,10,16,4.8,8.28,13.28,393.2,1.4,1.67,0.025,0.005,0.92
11,2023,1,10,16,4.8,8.28,13.28,393.2,1.4,1.67,0.025,0.005,0.92
11,2023,1,10,20,5.0,8.21,12.59,401.2,1.5,1.64,0.025,0.005,0.91
11,2023,1,11,0,4.7,8.19,12.35,397.0,1.2,1.74,0.025,0.005,0.97
11,2023,1,11,4,4.5,8.21,12.52,394.7,1.4,1.66,0.025,0.005,0.94
11,2023,1,11,8,4.4,8.21,12.39,393.7,1.5,1.66,0.025,0.005,0.92
11,2023,1,11,12,4.2,8.24,12.65,390.7,1.2,1.69,0.025,0.005,0.93
11,2023,1,11,16,4.9,8.23,12.76,396.9,1.5,1.55,0.025,0.005,0.93
11,2023,1,11,20,4.4,8.24,12.6,389.8,1.2,1.62,0.025,0.005,0.95
11,2023,1,12,0,4.5,8.21,12.42,391.2,1.1,1.61,0.025,0.005,0.93
11,2023,1,12,4,4.5,8.2,12.34,392.3,1.2,1.61,0.025,0.005,0.93
11,2023,1,12,8,4.6,8.17,12.13,394.9,1.3,1.64,0.025,0.005,0.92
11,2023,1,12,12,4.6,8.18,12.26,395.2,1.3,1.72,0.025,0.005,0.94
11,2023,1,12,16,4.4,8.2,12.32,394.9,1.1,1.67,0.025,0.005,0.95
11,2023,1,12,20,4.4,8.18,12.18,395.9,1.4,1.63,0.025,0.005,0.95
11,2023,1,13,0,4.3,8.19,12.14,395.0,1.1,1.61,0.025,0.005,0.96
11,2023,1,13,4,4.2,8.21,12.14,394.2,1.6,1.61,0.025,0.005,0.96
11,2023,1,13,8,4.3,8.17,11.97,395.0,1.0,1.56,0.025,0.005,0.95
11,2023,1,13,12,4.4,8.21,12.26,396.5,1.1,1.57,0.025,0.005,0.94
11,2023,1,13,16,4.4,8.25,12.46,393.6,1.3,1.59,0.025,0.005,0.97
11,2023,1,13,20,4.4,8.2,12.07,395.3,1.1,1.59,0.025,0.005,0.94
11,2023,1,14,0,4.4,8.07,11.08,413.1,1.2,1.61,0.025,0.005,0.96
11,2023,1,14,4,4.2,8.02,10.79,417.7,1.5,1.61,0.025,0.005,0.96
11,2023,1,14,8,3.8,8.04,10.7,416.5,1.1,1.68,0.134,0.005,1.15
11,2023,1,14,12,4.0,8.18,12.21,419.9,1.0,1.72,0.025,0.005,1.16
11,2023,1,14,16,3.5,8.18,11.89,412.8,1.0,1.91,0.025,0.005,1.22
11,2023,1,14,20,3.9,8.24,12.56,418.7,1.1,1.66,0.025,0.005,1.16
11,2023,1,15,0,3.3,8.2,12.09,415.2,1.0,1.71,0.025,0.005,1.21
11,2023,1,15,4,3.7,8.21,12.32,417.7,1.4,1.71,0.025,0.005,1.21
11,2023,1,15,8,3.7,8.2,12.22,417.2,1.0,1.67,0.025,0.005,1.19
11,2023,1,15,12,3.9,8.26,12.78,413.3,1.2,1.65,0.025,0.005,1.16
11,2023,1,15,16,4.1,8.26,12.72,414.6,1.2,1.68,0.025,0.005,1.17
11,2023,1,15,20,4.0,8.23,12.45,417.4,1.2,1.68,0.025,0.005,1.17
11,2023,1,16,0,4.1,8.23,12.59,423.4,1.1,1.72,0.025,0.005,1.19
11,2023,1,16,4,3.8,8.23,12.46,416.2,1.2,1.72,0.025,0.005,1.19
11,2023,1,16,12,3.9,8.28,12.85,414.2,1.4,1.63,0.025,0.005,1.17
11,2023,1,16,16,4.2,8.29,13.04,415.6,1.3,1.73,0.025,0.005,1.18
11,2023,1,16,20,4.2,8.26,12.81,416.4,1.4,1.72,0.025,0.005,1.19
11,2023,1,17,0,4.1,8.24,12.61,417.6,1.2,1.7,0.025,0.005,1.18
11,2023,1,17,4,4.1,8.24,12.64,417.6,1.3,1.7,0.025,0.005,1.18
11,2023,1,17,8,3.9,8.24,12.6,417.7,1.1,1.69,0.025,0.005,1.18
11,2023,1,17,12,4.0,8.28,12.98,415.2,1.7,1.78,0.025,0.005,1.18
11,2023,1,17,16,4.2,8.3,13.15,414.9,1.4,1.87,0.025,0.005,1.16
11,2023,1,17,20,4.2,8.3,13.12,416.0,1.3,1.7,0.025,0.005,1.16
11,2023,1,18,0,4.1,8.25,12.74,415.7,1.4,1.71,0.025,0.005,1.14
11,2023,1,18,4,4.1,8.23,12.49,417.6,0.9,1.71,0.025,0.005,1.14
11,2023,1,18,8,4.1,8.25,12.71,416.7,1.2,1.69,0.025,0.005,1.15
11,2023,1,18,12,4.2,8.29,13.22,416.2,2.4,1.69,0.025,0.005,1.13
11,2023,1,18,16,4.4,8.3,13.3,417.2,1.5,1.73,0.025,0.005,1.14
11,2023,1,18,20,4.4,8.29,13.18,417.6,1.5,1.7,0.025,0.005,1.15
11,2023,1,19,0,4.3,8.28,13.14,416.9,1.5,1.75,0.025,0.005,1.12
11,2023,1,19,4,4.2,8.27,13.05,417.1,1.3,1.75,0.025,0.005,1.12
11,2023,1,19,8,4.2,8.25,12.83,416.6,1.5,1.74,0.025,0.005,1.14
11,2023,1,28,8,4.4,8.39,12.31,442.3,2.1,1.7,0.025,0.005,1.31
11,2023,1,28,12,4.4,8.43,12.54,441.8,2.6,1.66,0.025,0.005,1.31
11,2023,1,28,16,4.4,8.46,12.8,440.0,2.9,1.7,0.025,0.005,1.3
11,2023,1,28,20,4.5,8.45,12.63,440.5,2.1,1.68,0.025,0.005,1.3
11,2023,1,29,0,4.4,8.43,12.49,441.4,1.7,1.68,0.025,0.005,1.3
11,2023,1,29,4,4.4,8.39,12.25,442.1,3.1,1.81,0.025,0.005,1.29
11,2023,1,29,8,4.4,8.39,12.26,441.7,1.4,1.65,0.025,0.005,1.27
11,2023,1,29,12,4.5,8.44,12.22,439.7,2.5,1.67,0.025,0.005,1.28
11,2023,1,29,16,4.6,8.45,12.34,441.2,2.7,1.68,0.025,0.005,1.26
11,2023,1,29,20,4.5,8.48,12.46,441.1,2.1,1.69,0.025,0.005,1.31
11,2023,1,30,4,4.5,8.42,12.22,442.9,1.4,1.68,0.025,0.005,1.31
11,2023,1,30,8,4.5,8.39,12.25,443.0,1.6,1.72,0.025,0.005,1.3
11,2023,1,30,12,4.5,8.43,12.52,442.1,2.0,1.72,0.025,0.005,1.3
11,2023,1,30,16,4.7,8.48,12.74,443.5,2.6,1.76,0.025,0.005,1.32
11,2023,1,30,20,4.6,8.45,12.53,443.6,2.0,1.7,0.025,0.005,1.33
11,2023,1,31,0,4.7,8.41,12.32,447.1,3.3,1.7,0.025,0.005,1.33
11,2023,1,31,4,4.6,8.36,11.96,447.5,3.5,1.76,0.025,0.005,1.35
11,2023,1,31,8,4.4,8.4,12.37,444.5,2.3,1.74,0.025,0.005,1.32
11,2023,1,31,12,4.6,8.45,12.64,442.2,3.9,1.7,0.025,0.005,1.54
11,2023,1,31,16,4.4,8.49,12.72,442.9,2.9,1.84,0.025,0.005,1.6
11,2023,1,31,20,4.6,8.36,12.01,445.4,1.7,1.74,0.025,0.005,1.57
11,2023,2,1,0,4.6,8.27,11.53,447.5,1.3,1.74,0.025,0.005,1.57
11,2023,2,1,4,4.0,8.35,11.94,449.1,1.5,1.71,0.025,0.005,1.69
11,2023,2,1,8,4.0,8.31,11.77,450.4,1.4,1.71,0.025,0.005,1.71
11,2023,2,1,12,4.1,8.36,12.07,449.7,2.3,1.72,0.025,0.005,1.76
11,2023,2,1,16,4.3,8.43,12.54,447.7,2.6,1.77,0.025,0.005,1.75
11,2023,2,1,20,4.3,8.41,12.38,450.2,2.2,1.76,0.025,0.005,1.77
11,2023,2,2,0,4.4,8.38,12.38,447.6,1.8,1.76,0.025,0.005,1.77
11,2023,2,2,4,4.6,8.34,12.12,442.5,1.4,1.78,0.025,0.005,1.58
11,2023,2,2,8,4.6,8.33,12.02,443.0,1.4,1.73,0.025,0.005,1.59
11,2023,2,2,12,4.7,8.35,12.23,444.9,3.0,1.79,0.025,0.005,1.64
11,2023,2,2,16,4.9,8.48,12.93,444.5,2.0,1.77,0.025,0.005,1.65
11,2023,2,2,20,4.7,8.47,13.02,443.5,1.7,1.8,0.025,0.005,1.66
11,2023,2,3,0,4.7,8.42,12.53,445.2,2.8,1.8,0.025,0.005,1.66
11,2023,2,3,4,4.7,8.35,12.06,448.2,3.0,1.78,0.025,0.005,1.68
11,2023,2,3,8,4.6,8.3,11.76,450.2,1.6,1.8,0.025,0.005,1.68
11,2023,2,3,12,4.3,8.4,12.21,450.9,2.6,2.07,0.025,0.005,1.77
11,2023,2,3,16,4.4,8.44,12.48,450.3,3.0,1.72,0.025,0.005,1.74
11,2023,2,3,20,4.3,8.41,12.3,451.3,3.0,1.72,0.025,0.005,1.76
11,2023,2,4,0,4.2,8.38,12.07,452.8,3.3,1.72,0.025,0.005,1.76
11,2023,2,4,4,4.1,8.34,11.8,453.9,1.4,1.71,0.025,0.005,1.76
11,2023,2,4,8,4.1,8.35,11.84,454.3,1.5,1.73,0.025,0.005,1.79
11,2023,2,4,12,4.2,8.4,12.34,452.4,2.1,1.75,0.025,0.005,1.79
11,2023,2,4,16,4.5,8.46,12.83,446.9,2.6,1.76,0.025,0.005,1.72
11,2023,2,4,20,4.5,8.44,12.66,447.1,3.4,1.79,0.025,0.005,1.69
11,2023,2,5,0,4.5,8.42,12.6,445.4,2.8,1.79,0.025,0.005,1.69
11,2023,2,5,4,4.5,8.43,12.54,444.6,2.6,1.76,0.025,0.005,1.61
11,2023,2,5,8,4.5,8.44,12.6,444.2,3.0,1.76,0.025,0.005,1.61
11,2023,2,5,12,4.5,8.44,12.83,444.9,3.8,1.84,0.025,0.005,1.64
11,2023,2,5,16,4.6,8.5,12.13,442.1,2.8,1.92,0.025,0.005,1.61
11,2023,2,5,20,4.6,8.49,13.13,442.7,4.6,1.93,0.025,0.005,1.61
11,2023,2,6,0,4.7,8.42,12.34,444.6,2.4,1.93,0.025,0.005,1.61
11,2023,2,6,4,4.8,8.38,12.29,445.6,3.4,1.74,0.025,0.005,1.6
11,2023,2,6,8,4.8,8.35,12.16,447.4,2.2,1.74,0.025,0.005,1.62
11,2023,2,6,12,4.8,8.42,12.66,444.1,2.7,1.7,0.025,0.005,1.6
11,2023,2,6,16,4.8,8.48,13.09,442.7,2.9,1.73,0.025,0.005,1.57
11,2023,2,6,20,4.7,8.48,13.01,444.7,3.1,1.73,0.025,0.005,1.62
11,2023,2,7,0,4.6,8.45,12.83,447.5,1.7,1.73,0.025,0.005,1.62
11,2023,2,7,4,4.6,8.41,12.58,447.9,1.7,1.76,0.025,0.005,1.58
11,2023,2,7,8,4.6,8.38,12.4,447.9,1.6,1.75,0.025,0.005,1.6
11,2023,2,7,12,4.6,8.46,12.96,446.4,3.3,1.79,0.025,0.005,1.6
11,2023,2,7,16,4.7,8.51,13.35,444.9,1.6,1.78,0.025,0.005,1.6
11,2023,2,7,20,4.6,8.48,13.17,446.2,2.5,1.78,0.025,0.005,1.6
11,2023,2,8,0,4.5,8.45,12.97,446.5,1.8,1.78,0.025,0.005,1.6
11,2023,2,8,4,4.6,8.42,12.63,447.4,1.5,1.76,0.025,0.005,1.6
11,2023,2,8,8,4.6,8.39,12.43,448.7,3.0,1.75,0.025,0.005,1.62
11,2023,2,8,12,4.6,8.47,13.02,443.8,1.4,1.76,0.025,0.005,1.57
11,2023,2,8,16,4.7,8.51,13.37,444.9,1.5,1.77,0.025,0.005,1.58
11,2023,2,8,20,4.7,8.5,13.2,446.9,1.8,1.92,0.025,0.005,1.6
11,2023,2,9,0,4.7,8.45,12.89,446.3,1.5,1.92,0.025,0.005,1.6
11,2023,2,9,4,4.7,8.42,12.67,446.5,2.3,1.76,0.025,0.005,1.58
11,2023,2,9,12,4.6,8.46,12.88,446.4,1.6,1.74,0.025,0.005,1.58
11,2023,2,9,16,4.7,8.48,12.98,446.8,1.6,1.78,0.025,0.005,1.6
11,2023,2,9,20,4.6,8.46,12.88,448.4,2.1,1.78,0.025,0.005,1.6
11,2023,2,10,0,4.6,8.42,12.57,447.8,2.0,1.78,0.025,0.005,1.6
11,2023,2,10,4,4.6,8.4,12.3,449.3,1.8,1.82,0.025,0.005,1.61
11,2023,2,10,8,4.5,8.38,12.3,449.4,1.7,1.79,0.025,0.005,1.61
11,2023,2,10,12,4.6,8.42,12.53,448.8,1.8,1.74,0.025,0.005,1.6
11,2023,2,10,16,4.4,8.45,12.78,450.8,1.6,1.83,0.025,0.005,1.64
11,2023,2,10,20,4.4,8.43,12.58,452.3,2.0,1.86,0.025,0.005,1.62
11,2023,2,11,0,4.6,8.35,11.91,455.1,2.0,1.86,0.025,0.005,1.62
11,2023,2,11,4,4.9,8.26,10.87,463.0,1.7,1.76,0.025,0.005,1.73
11,2023,2,11,8,4.8,8.26,10.95,462.8,1.6,1.81,0.025,0.005,1.71
11,2023,2,11,12,4.6,8.27,11.27,458.4,1.6,1.83,0.025,0.005,1.68
11,2023,2,11,16,4.7,8.34,11.7,457.7,1.6,1.77,0.025,0.005,1.68
11,2023,2,11,20,4.6,8.3,11.32,452.8,1.8,1.82,0.025,0.005,1.69
11,2023,2,12,0,4.5,8.3,11.32,457.9,1.7,1.82,0.025,0.005,1.69
11,2023,2,12,4,4.2,8.3,11.29,453.8,1.5,1.79,0.025,0.005,1.66
11,2023,2,12,8,4.4,8.31,11.44,457.5,1.7,1.82,0.025,0.005,1.66
11,2023,2,12,12,4.4,8.32,11.49,457.1,1.7,1.87,0.025,0.005,1.69
11,2023,2,12,16,3.9,8.39,11.9,454.8,1.5,1.75,0.025,0.005,1.7
11,2023,2,12,20,4.3,8.41,12.23,458.9,1.3,1.73,0.025,0.005,1.78
11,2023,2,13,0,4.4,8.4,12.14,459.6,1.3,1.73,0.025,0.005,1.78
11,2023,2,13,4,4.2,8.38,12.0,462.2,1.1,1.74,0.025,0.005,1.82
11,2023,2,13,8,4.1,8.39,12.1,464.4,1.5,1.79,0.025,0.005,1.86
11,2023,2,13,12,4.2,8.49,12.86,461.1,2.6,1.89,0.025,0.005,1.85
11,2023,2,13,20,4.2,8.47,12.51,458.4,1.7,1.79,0.025,0.005,1.84
11,2023,2,14,0,4.2,8.41,12.22,466.1,1.5,1.79,0.025,0.005,1.84
11,2023,2,14,4,4.2,8.43,12.26,462.7,2.0,1.8,0.025,0.005,1.86
11,2023,2,14,8,4.2,8.39,12.07,464.7,1.4,1.81,0.025,0.005,1.88
11,2023,2,14,12,4.4,8.46,12.65,462.6,1.6,1.84,0.025,0.005,1.86
11,2023,2,14,16,4.4,8.49,12.8,461.2,1.7,1.85,0.025,0.005,1.85
11,2023,2,14,20,4.4,8.51,12.95,459.3,2.0,1.89,0.025,0.005,1.85
11,2023,2,15,0,4.3,8.44,12.41,455.3,1.8,1.89,0.025,0.005,1.85
11,2023,2,15,4,4.5,8.42,12.56,454.5,2.0,1.74,0.025,0.005,1.64
11,2023,2,15,8,4.6,8.39,12.32,454.5,1.8,1.75,0.025,0.005,1.62
11,2023,2,15,12,4.7,8.43,12.6,454.0,1.3,1.75,0.025,0.005,1.62
11,2023,2,15,16,4.4,8.51,13.06,451.4,2.0,1.8,0.025,0.005,1.61
11,2023,2,15,20,4.5,8.5,13.01,448.2,1.6,1.84,0.025,0.005,1.61
11,2023,2,16,0,4.6,8.46,12.69,454.1,1.6,1.84,0.025,0.005,1.61
11,2023,2,16,4,4.5,8.42,12.48,454.6,1.5,1.69,0.025,0.005,1.61
11,2023,2,16,8,4.6,8.42,12.58,455.0,1.6,1.72,0.025,0.005,1.57
11,2023,2,16,12,4.6,8.46,12.79,452.9,1.5,1.66,0.025,0.005,1.6
11,2023,2,16,16,4.8,8.51,12.87,436.6,4.5,1.77,0.025,0.005,1.57
11,2023,2,16,20,4.7,8.04,12.59,453.3,1.4,1.71,0.025,0.005,1.6
11,2023,2,17,0,4.6,8.02,12.49,453.2,1.6,1.71,0.025,0.005,1.6
11,2023,2,17,4,4.7,7.98,12.12,456.8,1.8,1.74,0.025,0.005,1.61
11,2023,2,17,8,4.6,8.02,12.68,453.8,1.6,1.74,0.025,0.005,1.56
11,2023,2,17,12,4.6,8.06,12.9,450.4,1.4,1.77,0.025,0.005,1.56
11,2023,2,17,16,4.6,8.08,12.37,449.8,1.9,1.77,0.025,0.005,1.55
11,2023,2,17,20,5.0,7.99,12.19,457.7,2.0,1.76,0.025,0.005,1.58
11,2023,2,18,0,5.0,7.95,11.79,461.5,2.0,1.76,0.025,0.005,1.58
11,2023,2,18,4,5.0,7.93,11.57,463.5,2.1,1.76,0.025,0.005,1.72
11,2023,2,18,8,4.5,7.98,12.06,457.9,1.7,1.75,0.025,0.005,1.6
11,2023,2,18,12,4.4,7.98,12.06,458.8,1.9,1.76,0.025,0.005,1.65
11,2023,2,18,16,4.4,8.02,12.2,460.1,2.2,1.85,0.025,0.005,1.76
11,2023,2,18,20,4.5,8.0,12.03,463.6,1.9,1.83,0.025,0.005,1.8
11,2023,2,19,0,4.4,7.99,11.95,465.1,1.5,1.83,0.025,0.005,1.8
11,2023,2,19,4,4.4,7.95,11.73,463.2,1.4,1.84,0.025,0.005,1.78
11,2023,2,19,8,4.3,7.98,11.97,462.4,1.5,1.84,0.025,0.005,1.75
11,2023,2,19,12,4.4,8.01,12.12,456.6,1.9,1.78,0.025,0.005,1.65
11,2023,2,19,16,5.0,8.02,12.4,455.7,2.2,1.82,0.025,0.005,1.67
11,2023,2,19,20,5.0,8.02,12.27,455.7,1.4,1.77,0.025,0.005,1.67
11,2023,2,20,0,4.8,8.01,12.19,453.1,1.4,1.77,0.025,0.005,1.67
11,2023,2,20,4,4.4,8.04,12.24,459.5,1.2,1.8,0.025,0.005,1.81
11,2023,2,20,8,4.4,8.04,12.12,458.4,2.1,1.86,0.025,0.005,1.83
11,2023,2,20,12,4.8,8.06,12.34,457.4,1.2,1.83,0.025,0.005,1.85
11,2023,2,20,16,5.0,8.07,12.27,457.2,1.2,1.85,0.025,0.005,1.89
11,2023,2,20,20,5.0,8.1,12.65,451.4,1.4,1.87,0.025,0.005,1.79
11,2023,2,21,0,4.8,8.06,12.44,452.4,1.4,1.87,0.025,0.005,1.79
11,2023,2,21,4,4.7,8.03,12.19,465.8,1.3,1.91,0.025,0.005,1.87
11,2023,2,21,8,4.7,8.03,12.33,461.5,1.3,1.85,0.025,0.005,1.86
11,2023,2,21,12,4.7,8.07,12.4,459.5,2.2,1.83,0.025,0.005,1.81
11,2023,2,21,16,4.8,8.07,12.31,454.4,2.5,1.83,0.025,0.005,1.81
11,2023,2,21,20,4.8,8.05,12.18,461.1,1.8,1.81,0.025,0.005,1.87
11,2023,2,22,0,4.8,8.03,12.15,463.0,1.4,1.85,0.025,0.005,1.89
11,2023,2,22,4,4.6,8.03,12.06,464.5,1.3,1.82,0.025,0.005,1.92
11,2023,2,22,8,4.8,8.04,12.14,460.7,1.3,1.82,0.025,0.005,1.92
11,2023,2,26,20,5.5,7.98,12.39,431.1,2.1,1.92,0.025,0.005,1.8
11,2023,2,26,20,5.5,7.98,12.39,431.1,2.1,1.92,0.025,0.005,1.8
11,2023,2,26,20,5.5,7.98,12.39,431.1,2.1,1.92,0.025,0.005,1.8
11,2023,2,27,8,5.2,7.98,12.89,428.6,1.7,2.0,0.025,0.005,1.74
11,2023,2,27,12,5.6,8.02,13.01,430.0,2.1,2.01,0.025,0.005,1.72
11,2023,2,27,20,5.1,7.9,11.95,459.8,2.6,1.88,0.025,0.005,1.63
11,2023,2,28,0,5.2,7.91,11.91,463.7,2.3,1.88,0.025,0.005,1.63
11,2023,2,28,4,5.0,7.99,12.74,454.1,1.9,1.89,0.025,0.005,1.6
11,2023,2,28,12,5.7,7.95,12.28,431.7,1.9,1.71,0.025,0.005,1.6
11,2023,2,28,16,5.3,7.99,12.44,440.8,2.1,1.91,0.025,0.005,1.84
11,2023,2,28,20,5.8,7.99,12.48,423.2,2.1,1.8,0.025,0.005,1.63
11,2023,3,1,0,5.5,7.98,12.43,423.0,2.1,1.8,0.025,0.005,1.63
11,2023,3,1,4,5.3,7.98,12.31,427.0,1.3,1.78,0.025,0.005,1.7
11,2023,3,1,8,5.1,7.94,12.06,432.5,1.6,1.78,0.025,0.005,1.7
11,2023,3,1,16,6.4,7.87,11.44,422.0,2.7,1.87,0.13,0.005,1.48
11,2023,3,1,20,5.6,7.96,12.13,433.1,1.9,1.77,0.025,0.005,1.65
11,2023,3,2,0,4.8,7.98,12.16,438.7,1.4,1.77,0.025,0.005,1.65
11,2023,3,2,4,4.5,7.98,12.15,442.6,1.6,1.86,0.025,0.005,1.87
11,2023,3,2,8,4.0,7.94,11.74,439.4,1.8,1.81,0.025,0.005,1.74
11,2023,3,2,12,4.6,7.93,11.76,437.7,1.9,1.88,0.025,0.005,1.69
11,2023,3,2,16,5.0,8.0,12.23,439.2,1.9,1.84,0.025,0.005,1.83
11,2023,3,2,20,4.9,8.0,12.35,443.5,2.3,1.87,0.025,0.005,1.89
11,2023,3,3,0,4.6,7.99,12.16,443.6,1.7,1.87,0.025,0.005,1.89
11,2023,3,3,4,4.3,7.98,12.01,440.7,1.9,1.87,0.025,0.005,1.83
11,2023,3,3,8,4.2,7.99,12.07,438.4,1.4,1.95,0.025,0.005,1.79
11,2023,3,3,12,5.1,8.0,12.3,441.6,1.8,1.87,0.025,0.005,1.78
11,2023,3,3,16,6.4,8.05,12.78,437.9,2.0,1.86,0.025,0.005,1.76
11,2023,3,3,20,6.0,8.04,12.59,435.0,1.6,1.86,0.025,0.005,1.76
11,2023,3,4,0,5.6,8.01,12.35,435.6,1.8,1.86,0.025,0.005,1.76
11,2023,3,4,4,5.4,8.01,12.21,434.2,1.6,1.72,0.025,0.005,1.72
11,2023,3,4,8,5.4,8.01,12.19,434.1,1.6,1.81,0.025,0.005,1.7
11,2023,3,4,12,6.1,7.99,12.17,437.6,1.6,1.74,0.025,0.005,1.66
11,2023,3,4,16,5.7,8.04,12.36,434.2,2.0,1.96,0.025,0.005,1.73
11,2023,3,4,20,5.2,8.01,12.32,439.8,1.6,1.85,0.025,0.005,1.82
11,2023,3,5,0,5.2,7.93,11.99,442.4,3.2,1.85,0.025,0.005,1.82
11,2023,3,5,4,4.9,7.96,12.02,442.3,2.6,1.86,0.025,0.005,1.88
11,2023,3,5,8,5.1,8.0,12.15,439.8,1.8,1.85,0.025,0.005,1.76
11,2023,3,5,12,6.2,8.01,12.25,442.7,1.7,1.77,0.025,0.005,1.72
11,2023,3,5,16,6.1,8.03,12.46,437.1,1.6,1.85,0.025,0.005,1.73
11,2023,3,5,20,5.3,8.02,12.23,440.2,1.9,1.83,0.025,0.005,1.81
11,2023,3,6,0,5.0,8.0,12.04,442.2,1.9,1.83,0.025,0.005,1.81
11,2023,3,6,4,4.9,7.98,11.98,443.5,2.0,2.0,0.025,0.005,1.87
11,2023,3,6,8,5.1,7.99,12.07,444.9,1.7,1.88,0.025,0.005,1.79
11,2023,3,6,12,6.4,8.0,12.26,440.6,2.1,1.86,0.025,0.005,1.74
11,2023,3,6,16,6.4,8.05,12.55,435.1,1.7,1.88,0.025,0.005,1.74
11,2023,3,6,20,5.7,8.03,12.31,438.8,1.9,1.87,0.025,0.005,1.8
11,2023,3,7,0,5.5,8.01,12.11,440.7,1.9,1.87,0.025,0.005,1.8
11,2023,3,7,4,5.3,8.0,11.95,437.9,1.8,1.86,0.025,0.005,1.8
11,2023,3,7,8,6.3,7.99,11.99,436.8,1.9,1.84,0.025,0.005,1.7
11,2023,3,7,12,7.2,8.02,12.28,437.4,1.9,1.82,0.025,0.005,1.65
11,2023,3,7,20,5.8,8.03,12.18,437.6,2.0,1.85,0.025,0.005,1.79
11,2023,3,8,0,6.0,8.03,12.15,437.7,2.0,1.85,0.025,0.005,1.79
11,2023,3,8,4,7.3,8.01,12.23,437.8,2.4,1.83,0.025,0.005,1.68
11,2023,3,8,8,7.0,8.01,12.21,437.7,2.1,1.86,0.025,0.005,1.66
11,2023,3,8,12,7.9,8.2,12.45,440.3,2.1,1.85,0.025,0.005,1.7
11,2023,3,8,16,6.0,8.24,12.39,441.7,1.9,1.91,0.025,0.005,1.84
11,2023,3,8,20,5.8,8.22,12.24,444.4,2.1,1.89,0.025,0.005,1.82
11,2023,3,9,0,5.6,8.2,12.11,445.5,1.5,1.89,0.025,0.005,1.82
11,2023,3,9,4,5.5,8.2,12.08,445.0,1.9,1.89,0.025,0.005,1.81
11,2023,3,9,8,5.4,8.19,11.96,444.5,2.0,1.87,0.025,0.005,1.8
11,2023,3,9,12,7.0,8.23,12.35,442.4,1.9,1.87,0.025,0.005,1.75
11,2023,3,9,16,7.2,8.26,12.61,438.6,1.8,1.94,0.025,0.005,1.76
11,2023,3,9,20,6.8,8.25,12.55,441.3,1.5,1.91,0.025,0.005,1.77
11,2023,3,10,0,7.1,8.26,12.62,440.0,1.8,1.91,0.025,0.005,1.77
11,2023,3,10,4,7.6,8.22,12.3,442.9,2.3,1.9,0.025,0.005,1.7
11,2023,3,10,8,7.6,8.22,12.19,442.0,2.3,1.92,0.025,0.005,1.66
11,2023,3,10,12,8.2,8.25,12.73,438.8,1.8,1.95,0.025,0.005,1.68
11,2023,3,10,16,9.3,8.32,13.44,435.9,3.7,2.08,0.025,0.005,1.71
11,2023,3,10,20,8.8,8.27,12.82,433.8,3.1,2.06,0.025,0.005,1.73
11,2023,3,11,0,9.3,8.16,11.63,440.8,5.1,2.06,0.025,0.005,1.73
11,2023,3,11,4,8.8,8.16,11.54,441.1,4.4,2.06,0.025,0.005,1.72
11,2023,3,11,8,9.4,8.13,11.15,442.4,4.2,2.11,0.025,0.005,1.66
11,2023,3,11,12,8.6,8.19,11.49,434.8,4.1,2.08,0.025,0.005,1.73
11,2023,3,11,16,8.4,8.25,12.09,436.3,2.9,2.02,0.025,0.005,1.73
11,2023,3,11,20,7.5,8.24,12.01,440.8,2.5,1.93,0.025,0.005,1.76
11,2023,3,12,0,7.3,8.18,11.39,436.6,22.5,1.93,0.025,0.005,1.76
11,2023,3,12,4,7.5,8.18,10.95,445.8,11.6,2.7,0.025,0.005,1.85
11,2023,3,12,8,6.5,8.14,10.61,444.5,9.6,2.57,0.025,0.005,1.81
11,2023,3,12,12,7.7,8.22,11.29,441.3,7.5,2.36,0.025,0.005,1.78
11,2023,3,12,20,7.1,8.26,11.97,440.8,2.4,1.94,0.025,0.005,1.8
11,2023,3,13,0,6.9,8.26,11.92,440.6,3.0,1.94,0.025,0.005,1.8
11,2023,3,13,4,6.6,8.25,11.83,440.7,2.2,1.96,0.025,0.005,1.82
11,2023,3,13,8,6.0,8.24,11.55,443.2,1.8,1.93,0.025,0.005,1.78
11,2023,3,13,12,6.6,8.26,11.77,443.0,2.4,1.88,0.025,0.005,1.76
11,2023,3,13,16,7.5,8.28,12.2,442.2,2.1,1.88,0.025,0.005,1.76
11,2023,3,13,20,7.4,8.3,12.23,440.7,2.1,1.91,0.025,0.005,1.76
11,2023,3,14,0,7.1,8.3,12.09,439.3,1.9,1.91,0.025,0.005,1.76
11,2023,3,14,4,6.9,8.28,11.87,439.0,2.0,1.99,0.025,0.005,1.76
11,2023,3,14,8,6.7,8.26,11.68,441.2,1.9,1.96,0.025,0.005,1.73
11,2023,3,14,12,8.0,8.25,11.85,446.5,2.0,1.96,0.025,0.005,1.73
11,2023,3,14,16,9.5,8.3,12.3,442.3,10.4,2.43,0.025,0.005,1.86
11,2023,3,14,20,8.8,8.23,11.21,444.1,13.1,2.64,0.025,0.005,1.85
11,2023,3,15,0,8.4,8.23,10.84,443.4,27.0,2.64,0.025,0.005,1.85
11,2023,3,15,4,7.5,8.23,10.62,443.5,9.6,2.42,0.025,0.005,1.73
11,2023,3,15,8,6.5,8.24,10.76,440.1,7.0,2.3,0.025,0.005,1.67
11,2023,3,15,12,7.1,8.28,11.28,442.9,8.6,2.42,0.025,0.005,1.69
11,2023,3,15,16,7.9,8.34,11.84,439.9,6.6,2.33,0.025,0.005,1.69
11,2023,3,15,20,7.5,8.31,11.56,438.7,6.9,2.22,0.025,0.005,1.7
11,2023,3,16,0,7.0,8.3,11.51,435.7,3.2,2.22,0.025,0.005,1.7
11,2023,3,16,4,6.9,8.29,11.58,439.5,2.3,1.95,0.025,0.005,1.74
11,2023,3,16,8,6.8,8.29,11.45,439.1,1.8,2.05,0.025,0.005,1.71
11,2023,3,16,12,7.3,8.3,11.69,439.6,1.7,1.92,0.025,0.005,1.71
11,2023,3,16,20,6.8,8.3,11.74,437.9,2.3,1.94,0.025,0.005,1.74
11,2023,3,17,0,6.6,8.29,11.67,438.5,2.2,1.94,0.025,0.005,1.74
11,2023,3,17,4,6.5,8.28,11.58,437.9,2.4,1.94,0.025,0.005,1.76
11,2023,3,17,8,6.3,8.27,11.46,439.9,2.4,1.91,0.025,0.005,1.73
11,2023,3,17,12,6.8,8.28,11.68,447.2,2.2,1.9,0.025,0.005,1.75
11,2023,3,17,16,7.2,8.31,11.88,441.0,2.2,1.91,0.025,0.005,1.75
11,2023,3,17,20,7.0,8.31,11.88,441.3,2.2,1.9,0.025,0.005,1.74
11,2023,3,18,0,6.8,8.3,11.73,442.2,1.9,1.9,0.025,0.005,1.74
11,2023,3,18,4,6.6,8.3,11.62,441.7,2.0,2.01,0.025,0.005,1.7
11,2023,3,18,8,6.6,8.29,11.6,440.5,2.2,1.9,0.025,0.005,1.72
11,2023,3,18,12,7.7,8.3,11.9,441.4,2.0,1.89,0.025,0.005,1.74
11,2023,3,18,16,7.7,8.31,11.9,440.7,2.0,1.95,0.025,0.005,1.75
11,2023,3,18,20,7.4,8.32,11.87,442.6,2.4,1.93,0.025,0.005,1.73
11,2023,3,19,0,7.0,8.3,11.67,439.3,3.5,1.93,0.025,0.005,1.73
11,2023,3,19,4,7.0,8.31,11.78,441.3,2.0,1.92,0.025,0.005,1.76
11,2023,3,19,8,6.8,8.28,11.52,441.7,2.0,1.9,0.025,0.005,1.69
11,2023,3,19,16,7.8,8.32,11.85,438.0,2.5,1.99,0.025,0.005,1.76
11,2023,3,19,20,7.5,8.3,11.55,439.9,2.6,1.93,0.025,0.005,1.76
11,2023,3,20,0,7.5,8.28,11.45,439.7,2.4,1.93,0.025,0.005,1.76
11,2023,3,20,4,8.4,8.3,11.77,439.3,1.7,1.99,0.025,0.005,1.71
11,2023,3,20,8,8.4,8.28,11.5,440.9,2.0,2.01,0.025,0.005,1.72
11,2023,3,20,12,9.2,8.3,11.64,442.4,1.8,2.0,0.025,0.005,1.77
11,2023,3,20,16,8.6,8.31,11.78,439.3,2.1,2.06,0.025,0.005,1.74
11,2023,3,20,20,8.1,8.31,11.81,441.0,2.3,1.94,0.025,0.005,1.74
11,2023,3,21,0,8.0,8.3,11.54,441.0,2.4,1.94,0.025,0.005,1.74
11,2023,3,21,4,9.5,8.31,11.89,440.3,2.3,2.0,0.025,0.005,1.63
11,2023,3,21,8,9.8,8.29,11.88,438.0,2.2,1.99,0.025,0.005,1.61
11,2023,3,21,12,9.7,8.3,11.83,438.7,1.9,1.97,0.025,0.005,1.64
11,2023,3,21,16,10.9,8.32,11.99,440.0,2.4,1.94,0.025,0.005,1.58
11,2023,3,21,20,11.0,8.33,12.23,438.9,2.8,2.0,0.025,0.005,1.56
11,2023,3,22,0,11.1,8.3,11.97,439.7,2.7,2.0,0.025,0.005,1.56
11,2023,3,22,4,10.8,8.2,11.43,440.6,6.7,2.19,0.025,0.005,1.58
11,2023,3,22,8,10.2,8.16,10.78,442.8,7.2,2.25,0.025,0.005,1.59
11,2023,3,22,12,11.0,8.23,11.18,443.0,9.0,2.38,0.025,0.005,1.55
11,2023,3,22,16,10.4,8.31,11.74,444.5,4.0,2.15,0.025,0.005,1.6
11,2023,3,22,20,9.1,8.33,11.78,437.9,2.2,1.94,0.025,0.005,1.73
11,2023,3,23,0,9.1,8.29,11.38,438.4,4.1,1.94,0.025,0.005,1.73
11,2023,3,23,4,8.4,8.23,10.93,439.2,3.6,2.09,0.025,0.005,1.66
11,2023,3,23,8,8.8,8.3,11.26,441.1,3.2,2.02,0.025,0.005,1.57
11,2023,3,23,12,9.1,8.33,11.65,439.0,2.9,2.07,0.025,0.005,1.63
11,2023,3,23,16,9.2,8.35,11.83,439.2,2.2,2.02,0.025,0.005,1.65
11,2023,3,23,20,8.8,8.34,11.8,438.2,2.4,1.99,0.025,0.005,1.71
11,2023,3,24,0,8.8,8.3,11.31,439.2,2.4,1.99,0.025,0.005,1.71
11,2023,3,24,4,8.7,8.31,11.34,437.9,2.4,1.96,0.025,0.005,1.67
11,2023,3,24,8,8.4,8.31,11.34,441.6,2.4,1.95,0.025,0.005,1.67
11,2023,3,24,12,9.2,8.32,11.57,441.4,2.2,1.9,0.025,0.005,1.69
11,2023,3,24,16,9.1,8.36,12.01,438.5,2.2,1.96,0.025,0.005,1.68
11,2023,3,24,20,9.0,8.34,11.77,437.8,2.3,1.94,0.025,0.005,1.67
11,2023,3,25,0,8.8,8.33,11.62,436.9,2.4,1.94,0.025,0.005,1.67
11,2023,3,25,4,8.7,8.32,11.51,437.1,2.2,1.97,0.025,0.005,1.7
11,2023,3,25,8,8.7,8.32,11.44,437.9,1.9,1.98,0.025,0.005,1.7
11,2023,3,25,12,9.1,8.35,11.96,437.4,2.3,2.02,0.025,0.005,1.7
11,2023,3,25,16,9.4,8.36,12.16,437.2,2.0,2.0,0.025,0.005,1.66
11,2023,3,25,20,10.4,8.38,12.43,436.3,2.8,1.96,0.025,0.005,1.65
11,2023,3,26,0,9.7,8.34,11.77,437.1,2.4,1.96,0.025,0.005,1.65
11,2023,3,26,4,9.6,8.35,11.84,434.6,2.1,1.96,0.025,0.005,1.64
11,2023,3,26,8,9.4,8.32,11.53,437.6,2.3,1.97,0.025,0.005,1.57
11,2023,3,26,12,9.7,8.33,11.84,438.6,2.1,1.99,0.025,0.005,1.63
11,2023,3,26,16,9.0,8.34,11.76,437.0,2.8,1.96,0.025,0.005,1.68
11,2023,3,26,20,8.8,8.34,11.65,437.4,2.5,1.97,0.025,0.005,1.68
11,2023,3,27,0,8.6,8.32,11.42,439.0,2.4,1.97,0.025,0.005,1.68
11,2023,3,27,4,8.6,8.32,11.38,438.2,2.1,1.95,0.025,0.005,1.68
11,2023,3,27,8,8.9,8.32,11.56,438.1,2.0,1.93,0.025,0.005,1.59
11,2023,3,27,12,10.0,8.35,12.1,435.7,2.1,1.8,0.025,0.005,1.37
11,2023,3,27,16,9.9,8.36,12.04,434.7,1.9,1.86,0.025,0.005,1.38
11,2023,3,27,20,9.6,8.34,11.94,436.8,2.6,1.93,0.025,0.005,1.42
11,2023,3,28,0,10.2,8.35,11.78,438.9,1.9,1.93,0.025,0.005,1.42
11,2023,3,28,4,10.2,8.34,10.94,436.4,2.0,1.82,0.025,0.005,1.38
11,2023,3,28,8,10.1,8.31,11.15,436.0,2.0,1.83,0.025,0.005,1.36
11,2023,3,28,12,11.6,8.32,11.25,439.9,2.0,1.79,0.025,0.005,1.37
11,2023,3,28,16,10.5,8.34,11.89,435.6,3.5,1.84,0.025,0.005,1.37
11,2023,3,28,20,9.4,8.29,11.36,438.6,2.6,1.91,0.025,0.005,1.37
11,2023,3,29,0,10.8,8.34,11.68,437.1,2.4,1.91,0.025,0.005,1.37
11,2023,3,29,16,9.8,8.31,11.54,430.3,2.6,1.95,0.025,0.005,1.29
11,2023,3,29,20,9.6,8.31,11.55,437.9,2.4,1.91,0.025,0.005,1.4
11,2023,3,29,20,9.6,8.31,11.55,437.9,2.4,1.91,0.025,0.005,1.42
11,2023,3,30,4,11.4,8.32,11.37,435.5,2.0,1.91,0.025,0.005,1.42
11,2023,3,30,8,11.6,8.3,11.49,436.4,2.2,1.82,0.025,0.005,1.39
11,2023,3,30,12,11.8,8.34,11.72,434.7,2.2,1.94,0.025,0.005,1.34
11,2023,3,30,16,10.9,8.34,11.76,433.5,2.3,1.87,0.025,0.005,1.34
11,2023,3,30,20,10.5,8.32,11.52,437.1,2.0,1.86,0.025,0.005,1.38
11,2023,3,31,0,12.1,8.36,11.89,434.1,2.5,1.89,0.025,0.005,1.38
11,2023,3,31,4,12.4,8.32,11.28,436.3,2.9,1.89,0.025,0.005,1.38
11,2023,3,31,8,12.3,8.33,11.09,435.7,2.3,1.95,0.025,0.005,1.41
11,2023,3,31,12,12.8,8.36,11.7,431.3,2.6,1.95,0.025,0.005,1.4
11,2023,3,31,16,10.4,8.31,11.6,438.2,2.4,1.82,0.025,0.005,1.36
11,2023,3,31,20,12.3,8.39,12.33,445.5,2.3,1.93,0.025,0.005,1.38
11,2023,4,1,0,12.2,8.35,11.58,435.5,2.3,2.0,0.025,0.005,1.32
11,2023,4,1,4,12.1,8.32,11.3,436.3,2.2,2.0,0.025,0.005,1.32
11,2023,4,1,8,12.0,8.34,11.29,437.0,2.0,1.9,0.025,0.005,1.37
11,2023,4,1,12,13.2,8.35,11.5,433.9,2.7,1.92,0.025,0.005,1.36
11,2023,4,1,16,11.3,8.33,11.74,433.5,2.3,1.86,0.025,0.005,1.33
11,2023,4,1,20,11.8,8.34,11.46,438.1,2.3,1.84,0.025,0.005,1.3
11,2023,4,2,0,12.3,8.35,11.34,436.2,2.3,1.89,0.025,0.005,1.34
11,2023,4,2,4,12.4,8.34,11.24,435.9,2.2,1.89,0.025,0.005,1.34
11,2023,4,2,8,12.4,8.34,11.06,435.8,1.9,1.88,0.025,0.005,1.34
11,2023,4,2,12,12.9,8.36,11.47,436.4,2.4,1.92,0.025,0.005,1.33
11,2023,4,2,16,13.4,8.39,11.49,435.0,2.6,1.91,0.025,0.005,1.35
11,2023,4,2,20,13.5,8.38,11.6,434.3,3.0,2.1,0.025,0.005,1.4
11,2023,4,3,0,13.4,8.33,11.27,434.4,3.4,2.0,0.025,0.005,1.29
11,2023,4,3,4,13.3,8.31,11.04,435.6,3.5,2.0,0.025,0.005,1.29
11,2023,4,3,8,13.2,8.31,11.03,434.8,3.4,2.02,0.025,0.005,1.31
11,2023,4,3,12,13.5,8.36,11.22,435.7,2.8,2.04,0.025,0.005,1.27
11,2023,4,3,16,13.4,8.38,11.48,434.5,2.8,2.09,0.025,0.005,1.32
11,2023,4,3,20,12.6,8.33,11.24,435.7,3.0,2.04,0.025,0.005,1.31
11,2023,4,4,0,12.9,8.37,11.42,436.6,2.4,1.92,0.025,0.005,1.37
11,2023,4,4,4,12.8,8.34,11.06,436.4,2.8,1.92,0.025,0.005,1.37
11,2023,4,4,8,12.7,8.34,11.03,437.3,3.3,1.98,0.025,0.005,1.35
11,2023,4,4,12,12.5,8.33,10.76,438.2,8.2,2.09,0.025,0.005,1.37
11,2023,4,4,16,12.4,8.35,10.88,440.3,6.8,2.32,0.025,0.005,1.44
11,2023,4,4,20,12.2,8.35,10.9,437.9,5.1,2.33,0.025,0.005,1.37
11,2023,4,5,0,12.0,8.34,10.95,439.1,3.6,2.1,0.025,0.005,1.39
11,2023,4,5,4,11.9,8.35,10.95,439.6,3.1,2.1,0.025,0.005,1.39
11,2023,4,5,8,11.9,8.35,11.0,440.9,3.0,2.01,0.025,0.005,1.4
11,2023,4,5,12,12.3,8.39,11.33,441.8,3.1,1.98,0.025,0.005,1.37
11,2023,4,5,16,12.5,8.43,11.73,437.7,3.1,2.01,0.025,0.005,1.38
11,2023,4,5,20,12.0,8.38,11.28,439.2,3.0,1.93,0.025,0.005,1.34
11,2023,4,6,0,12.0,8.38,11.32,440.2,3.0,1.96,0.025,0.005,1.38
11,2023,4,6,4,12.1,8.36,11.05,441.9,2.3,1.96,0.025,0.005,1.38
11,2023,4,6,8,12.1,8.35,10.91,431.8,2.9,1.97,0.025,0.005,1.41
11,2023,4,6,12,13.1,8.36,11.13,443.3,3.8,2.04,0.025,0.005,1.34
11,2023,4,6,16,13.8,8.36,11.21,440.3,4.8,2.11,0.025,0.005,1.3
11,2023,4,7,0,12.1,8.33,10.48,437.1,6.2,2.77,0.025,0.005,1.23
11,2023,4,7,4,11.5,8.32,10.57,444.4,4.7,2.77,0.025,0.005,1.23
11,2023,4,7,8,11.6,8.38,11.14,444.5,2.3,2.07,0.025,0.005,1.32
11,2023,4,7,12,12.4,8.33,10.89,445.8,3.4,1.98,0.025,0.005,1.36
11,2023,4,7,16,12.8,8.32,10.5,442.0,27.9,2.12,0.025,0.005,1.33
11,2023,4,7,20,12.4,8.29,10.06,443.1,21.7,2.98,0.025,0.033,1.61
11,2023,4,8,0,11.7,8.33,10.36,444.6,8.5,2.83,0.025,0.031,1.51
11,2023,4,8,4,11.2,8.34,10.55,445.7,4.9,2.83,0.025,0.031,1.51
11,2023,4,8,8,11.3,8.36,10.74,445.1,3.3,2.02,0.025,0.005,1.37
11,2023,4,8,12,12.5,8.33,10.57,446.2,4.5,2.04,0.025,0.005,1.35
11,2023,4,8,16,12.0,8.39,11.08,440.4,3.0,2.07,0.025,0.005,1.32
11,2023,4,8,20,11.8,8.38,10.93,440.9,3.2,1.99,0.025,0.005,1.32
11,2023,4,9,0,12.1,8.4,11.14,441.8,2.7,1.97,0.025,0.005,1.33
11,2023,4,9,4,11.8,8.37,10.78,443.1,3.0,1.97,0.025,0.005,1.33
11,2023,4,9,8,11.5,8.34,10.71,415.6,3.1,2.01,0.025,0.005,1.34
11,2023,4,9,12,13.2,8.38,10.9,442.3,2.5,2.06,0.025,0.005,1.32
11,2023,4,9,16,12.5,8.41,11.05,438.1,2.4,1.88,0.025,0.005,1.29
11,2023,4,9,20,12.4,8.38,10.91,439.9,3.2,1.94,0.025,0.005,1.28
11,2023,4,10,0,13.2,8.38,10.71,440.7,2.5,2.02,0.025,0.005,1.31
11,2023,4,10,4,13.0,8.37,10.79,422.3,2.6,2.02,0.025,0.005,1.31
11,2023,4,10,8,13.0,8.35,10.53,442.2,2.8,1.98,0.025,0.005,1.32
11,2023,4,10,12,13.5,8.38,10.92,434.8,3.2,2.03,0.025,0.005,1.29
11,2023,4,10,16,12.5,8.39,10.97,435.5,3.6,2.02,0.025,0.005,1.27
11,2023,4,10,20,12.9,8.38,10.95,439.0,18.0,1.99,0.025,0.005,1.23
11,2023,4,11,0,12.7,8.28,10.0,441.2,29.6,2.56,0.025,0.005,1.44
11,2023,4,11,4,13.2,8.27,9.6,442.8,12.3,2.56,0.025,0.005,1.44
11,2023,4,11,8,12.2,8.23,9.39,433.6,25.4,2.44,0.025,0.005,1.33
11,2023,4,11,12,12.9,8.26,9.82,448.7,48.8,2.9,0.025,0.038,1.48
11,2023,4,11,16,13.4,8.32,10.04,445.1,39.4,3.68,0.091,0.042,1.67
11,2023,4,11,20,13.1,8.34,9.93,442.7,14.6,3.4,0.084,0.042,1.65
11,2023,4,12,0,12.5,8.38,10.3,443.4,6.1,2.7,0.025,0.031,1.41
11,2023,4,12,4,12.0,8.36,10.21,428.0,5.2,2.11,0.025,0.005,1.35
11,2023,4,12,8,12.2,8.37,10.44,435.1,4.6,2.09,0.025,0.005,1.33
11,2023,4,12,12,13.0,8.4,10.64,424.6,4.1,2.05,0.025,0.005,1.34
11,2023,4,12,16,12.8,8.43,10.84,437.9,4.6,1.96,0.025,0.005,1.3
11,2023,4,12,20,12.5,8.39,10.46,440.7,5.3,2.04,0.025,0.005,1.3
11,2023,4,13,0,13.0,8.4,10.5,433.1,3.5,2.06,0.025,0.005,1.31
11,2023,4,13,4,13.1,8.39,10.34,441.8,3.4,2.06,0.025,0.005,1.32
11,2023,4,13,8,13.0,8.39,10.38,442.2,3.2,2.14,0.025,0.005,1.34
11,2023,4,13,20,13.0,8.42,10.67,439.1,4.1,2.05,0.025,0.005,1.28
11,2023,4,14,0,14.4,8.43,10.63,442.1,3.0,2.05,0.025,0.005,1.28
11,2023,4,14,4,14.4,8.4,10.35,440.0,3.0,2.06,0.025,0.005,1.31
11,2023,4,14,8,14.4,8.38,10.31,441.1,5.1,2.13,0.025,0.005,1.24
11,2023,4,14,12,15.2,8.4,10.65,439.9,6.9,2.24,0.025,0.005,1.19
11,2023,4,14,16,13.7,8.42,10.54,437.2,4.8,2.11,0.025,0.005,1.24
11,2023,4,14,20,14.1,8.46,10.97,435.6,6.3,2.32,0.025,0.005,1.28
11,2023,4,15,0,13.5,8.4,10.34,439.5,6.5,2.32,0.025,0.005,1.28
11,2023,4,15,4,13.3,8.38,10.12,441.8,6.1,2.24,0.025,0.005,1.29
11,2023,4,15,8,13.2,8.38,10.15,443.9,5.9,2.3,0.025,0.005,1.31
11,2023,4,15,12,14.0,8.46,10.83,439.3,4.0,2.07,0.025,0.005,1.29
11,2023,4,15,16,14.0,8.49,11.01,435.1,4.7,2.14,0.025,0.005,1.23
11,2023,4,15,20,14.8,8.48,10.83,436.1,6.3,2.26,0.025,0.005,1.27
11,2023,4,16,0,13.8,8.43,10.23,441.3,5.6,2.26,0.025,0.005,1.27
11,2023,4,16,4,13.5,8.41,10.11,441.7,6.5,2.27,0.025,0.005,1.26
11,2023,4,16,8,13.5,8.43,10.38,442.6,5.9,2.24,0.025,0.005,1.26
11,2023,4,16,12,13.6,8.46,10.72,439.3,6.8,2.34,0.025,0.005,1.28
11,2023,4,16,16,13.6,8.48,10.77,414.5,5.8,2.18,0.025,0.005,1.24
11,2023,4,16,20,13.4,8.47,10.63,438.7,5.8,2.2,0.025,0.005,1.29
11,2023,4,17,0,13.3,8.47,10.66,414.4,4.4,2.2,0.025,0.005,1.29
11,2023,4,17,8,14.0,8.44,10.44,435.4,4.6,2.09,0.025,0.005,1.24
11,2023,4,17,12,14.6,8.47,11.05,439.3,5.2,2.16,0.025,0.005,1.26
11,2023,4,17,20,14.3,8.55,11.16,421.3,2.6,2.26,0.025,0.005,1.28
11,2023,4,18,0,15.0,8.53,11.42,437.2,3.3,2.26,0.025,0.005,1.28
11,2023,4,18,4,15.0,8.49,10.79,439.0,2.8,2.28,0.025,0.005,1.25
11,2023,4,18,8,15.2,8.48,10.68,410.5,2.8,2.24,0.025,0.005,1.25
11,2023,4,18,12,15.6,8.51,11.25,435.3,3.2,2.18,0.025,0.005,1.22
11,2023,4,18,16,15.3,8.52,11.45,432.2,4.1,2.28,0.025,0.005,1.19
11,2023,4,18,20,14.5,8.55,11.42,436.1,3.5,2.22,0.025,0.005,1.23
11,2023,4,19,0,14.7,8.52,11.34,435.9,3.9,2.22,0.025,0.005,1.23
11,2023,4,19,4,15.3,8.52,11.17,439.5,3.8,2.28,0.025,0.005,1.24
11,2023,4,19,8,15.9,8.5,10.77,440.5,3.4,2.28,0.025,0.005,1.23
11,2023,4,19,12,17.5,8.52,10.93,439.9,3.5,2.1,0.025,0.005,1.21
11,2023,4,19,16,16.6,8.55,10.69,433.7,4.8,2.28,0.025,0.005,1.2
11,2023,4,19,20,15.8,8.58,11.39,437.4,3.6,2.32,0.025,0.005,1.21
11,2023,4,20,0,16.3,8.55,11.16,435.3,3.2,2.32,0.025,0.005,1.21
11,2023,4,20,4,17.0,8.47,10.15,439.0,4.2,2.31,0.025,0.005,1.23
11,2023,4,20,8,17.2,8.39,9.65,441.0,5.2,2.37,0.025,0.005,1.18
11,2023,4,20,12,17.1,8.38,9.48,439.9,11.0,2.54,0.025,0.005,1.19
11,2023,4,20,16,16.0,8.48,10.08,435.2,5.5,2.25,0.025,0.005,1.23
11,2023,4,20,20,15.7,8.49,10.36,440.5,4.1,2.24,0.025,0.005,1.21
11,2023,4,21,0,15.4,8.47,10.13,433.3,4.3,2.24,0.025,0.005,1.21
11,2023,4,21,4,15.2,8.35,9.37,443.7,5.3,2.31,0.025,0.005,1.2
11,2023,4,21,8,15.1,8.45,10.09,442.5,5.5,2.36,0.025,0.005,1.22
11,2023,4,21,12,15.7,8.5,10.49,440.8,5.2,2.24,0.025,0.005,1.23
11,2023,4,21,16,15.2,8.49,10.45,439.5,5.4,2.29,0.025,0.005,1.24
11,2023,4,21,20,14.9,8.52,10.56,436.9,4.6,2.18,0.025,0.005,1.22
11,2023,4,22,0,14.6,8.48,10.27,443.0,4.2,2.18,0.025,0.005,1.22
11,2023,4,22,4,14.7,8.51,10.3,444.2,3.5,2.26,0.025,0.005,1.23
11,2023,4,22,8,14.6,8.49,10.24,445.0,3.5,2.15,0.025,0.005,1.25
11,2023,4,22,12,15.0,8.54,10.58,445.5,2.9,2.26,0.025,0.005,1.23
11,2023,4,22,16,15.6,8.55,10.69,442.7,2.9,2.06,0.025,0.005,1.23
11,2023,4,22,20,15.0,8.57,11.09,441.1,3.2,2.15,0.025,0.005,1.22
11,2023,4,23,0,14.7,8.53,10.55,442.9,3.8,2.15,0.025,0.005,1.22
11,2023,4,23,4,14.1,8.49,10.28,442.3,4.1,2.16,0.025,0.005,1.21
11,2023,4,23,8,14.2,8.5,10.37,444.4,3.6,2.15,0.025,0.005,1.18
11,2023,4,23,12,15.0,8.52,10.68,440.7,4.6,2.15,0.025,0.005,1.2
11,2023,4,23,16,15.0,8.54,10.8,440.1,5.1,2.23,0.025,0.005,1.19
11,2023,4,23,20,14.7,8.5,10.42,441.8,5.5,2.29,0.025,0.005,1.2
11,2023,4,24,0,14.4,8.49,10.39,442.5,5.3,2.29,0.025,0.005,1.2
11,2023,4,24,4,14.0,8.48,10.28,443.9,5.0,2.21,0.025,0.005,1.22
11,2023,4,24,8,14.4,8.53,10.34,445.0,4.6,2.14,0.025,0.005,1.2
11,2023,4,24,12,15.3,8.54,10.54,450.1,4.3,2.28,0.025,0.005,1.24
11,2023,4,24,16,14.8,8.54,10.75,438.4,5.8,2.27,0.025,0.005,1.21
11,2023,4,24,20,14.4,8.53,10.49,442.4,3.9,2.21,0.025,0.005,1.23
11,2023,4,25,0,14.6,8.54,10.37,443.0,3.3,2.21,0.025,0.005,1.23
11,2023,4,25,4,14.4,8.5,10.17,442.5,3.5,2.18,0.025,0.005,1.23
11,2023,4,25,8,14.7,8.49,10.22,435.3,3.6,2.22,0.025,0.005,1.17
11,2023,4,25,12,15.7,8.52,10.75,442.6,6.8,2.32,0.025,0.005,1.25
11,2023,4,25,16,16.8,8.44,9.88,437.7,16.3,2.56,0.025,0.03,1.31
11,2023,4,25,20,16.1,8.45,9.74,430.4,9.7,2.35,0.025,0.005,1.16
11,2023,4,26,0,14.9,8.51,10.05,441.9,6.2,2.35,0.025,0.005,1.16
11,2023,4,26,4,14.3,8.48,9.96,443.9,5.5,2.09,0.025,0.005,1.23
11,2023,4,26,8,14.6,8.48,9.93,446.8,5.0,2.14,0.025,0.005,1.19
11,2023,4,26,12,15.6,8.52,10.28,425.8,6.2,2.14,0.025,0.005,1.21
11,2023,4,26,16,15.3,8.54,10.18,440.6,5.2,2.21,0.025,0.005,1.19
11,2023,4,26,20,14.7,8.46,9.93,441.5,7.2,2.19,0.025,0.005,1.23
11,2023,4,27,0,14.7,8.48,9.85,443.1,4.5,2.19,0.025,0.005,1.23
11,2023,4,27,4,14.8,8.49,9.89,442.0,4.0,2.19,0.025,0.005,1.22
11,2023,4,27,8,15.1,8.49,9.9,416.1,3.8,2.17,0.025,0.005,1.19
11,2023,4,27,12,15.9,8.51,10.17,441.3,3.6,2.11,0.025,0.005,1.17
11,2023,4,27,16,16.0,8.54,10.55,437.7,3.6,2.13,0.025,0.005,1.15
11,2023,4,27,20,15.6,8.54,10.6,434.7,3.4,2.16,0.025,0.005,1.17
11,2023,4,28,0,15.5,8.5,10.19,439.7,4.3,2.16,0.025,0.005,1.17
11,2023,4,28,4,15.8,8.5,10.1,440.2,4.0,2.2,0.025,0.005,1.16
11,2023,4,28,8,15.9,8.49,10.07,440.9,3.5,2.2,0.025,0.005,1.14
11,2023,4,28,12,15.7,8.47,10.15,422.1,5.7,2.3,0.025,0.005,1.17
11,2023,4,28,16,15.4,8.5,10.3,436.7,5.8,2.22,0.025,0.005,1.19
11,2023,4,28,20,15.2,8.48,10.02,436.6,6.0,2.26,0.025,0.005,1.23
11,2023,4,29,0,14.4,8.37,9.23,437.4,22.7,2.26,0.025,0.005,1.23
11,2023,4,29,4,15.1,8.4,9.34,439.1,8.0,2.25,0.025,0.005,1.17
11,2023,4,29,8,14.9,8.43,9.49,442.8,7.4,2.33,0.025,0.005,1.21
11,2023,4,29,12,15.5,8.45,9.75,439.0,7.5,2.37,0.025,0.005,1.19
11,2023,4,29,16,17.3,8.52,10.32,435.3,11.4,2.31,0.025,0.005,1.2
11,2023,4,29,20,16.2,8.46,9.58,436.3,8.5,2.29,0.025,0.005,1.2
11,2023,4,30,0,15.6,8.46,9.59,437.7,7.5,2.29,0.025,0.005,1.2
11,2023,4,30,4,15.2,8.4,9.17,442.4,7.3,2.21,0.025,0.005,1.17
11,2023,4,30,8,15.3,8.4,9.25,444.1,7.0,2.22,0.025,0.005,1.16
11,2023,4,30,12,16.4,8.52,10.4,436.6,5.9,2.16,0.025,0.005,1.16
11,2023,4,30,16,16.2,8.54,10.34,424.2,7.1,2.26,0.025,0.005,1.14
11,2023,4,30,20,16.0,8.55,10.21,436.9,6.2,2.26,0.025,0.005,1.16
11,2023,5,1,0,17.0,8.5,9.72,440.2,6.4,2.26,0.025,0.005,1.16
11,2023,5,1,4,16.6,8.48,9.56,439.8,6.4,2.11,0.025,0.005,1.14
11,2023,5,1,8,16.7,8.48,9.59,441.4,6.6,2.12,0.025,0.005,1.13
11,2023,5,1,12,17.2,8.49,9.86,435.1,13.2,2.3,0.025,0.005,1.23
11,2023,5,1,16,16.2,8.56,10.64,432.1,7.9,2.24,0.025,0.005,1.12
11,2023,5,1,20,16.2,8.54,10.08,429.2,7.0,2.17,0.025,0.005,1.15
11,2023,5,2,0,17.5,8.5,9.74,442.1,6.3,2.17,0.025,0.005,1.15
11,2023,5,2,4,17.8,8.48,9.53,438.1,6.8,2.11,0.025,0.005,1.12
11,2023,5,2,8,17.8,8.48,9.58,427.6,6.9,2.21,0.025,0.005,1.12
11,2023,5,2,12,18.9,8.51,9.97,409.0,7.1,2.22,0.025,0.005,1.1
11,2023,5,2,16,17.2,8.54,10.24,424.8,7.8,2.31,0.025,0.005,1.12
11,2023,5,2,20,17.7,8.55,10.13,437.6,7.3,2.26,0.025,0.005,1.12
11,2023,5,3,0,18.3,8.53,9.79,437.3,6.9,2.26,0.025,0.005,1.12
11,2023,5,3,4,18.1,8.51,9.62,437.1,6.7,2.13,0.025,0.005,1.12
11,2023,5,3,8,18.8,8.46,9.39,438.2,7.9,2.28,0.025,0.005,1.05
11,2023,5,3,12,19.3,8.49,9.86,434.8,7.9,2.38,0.025,0.005,1.06
11,2023,5,3,16,18.3,8.58,10.1,435.1,9.8,2.39,0.025,0.005,1.1
11,2023,5,3,20,18.2,8.58,10.23,427.6,7.4,2.34,0.025,0.005,1.1
11,2023,5,4,0,18.7,8.56,10.02,434.1,7.7,2.34,0.025,0.005,1.1
11,2023,5,4,4,19.4,8.52,9.59,415.9,7.4,2.25,0.025,0.005,1.09
11,2023,5,4,8,19.4,8.5,9.33,412.9,7.8,2.29,0.025,0.005,1.08
11,2023,5,4,12,19.9,8.55,9.83,433.5,3.8,2.46,0.025,0.005,1.11
11,2023,5,4,16,18.8,8.58,10.38,427.7,4.0,2.44,0.025,0.005,1.12
11,2023,5,4,20,18.0,8.6,10.64,415.0,5.8,2.44,0.025,0.005,1.13
11,2023,5,5,0,18.9,8.59,10.02,404.2,4.1,2.44,0.025,0.005,1.13
11,2023,5,5,4,18.9,8.56,9.84,429.2,4.3,2.38,0.025,0.005,1.11
11,2023,5,5,8,19.6,8.5,9.66,435.4,4.4,2.51,0.025,0.005,1.05
11,2023,5,5,12,19.5,8.53,9.45,435.7,15.3,2.58,0.025,0.005,1.16
11,2023,5,5,16,19.7,8.49,9.3,436.0,9.0,2.76,0.025,0.005,1.11
11,2023,5,5,20,19.1,8.54,9.55,420.3,5.5,2.42,0.025,0.005,1.06
11,2023,5,6,0,18.3,8.56,9.44,429.3,8.9,2.42,0.025,0.005,1.06
11,2023,5,6,4,18.2,8.55,9.43,437.5,5.0,2.45,0.025,0.005,1.12
11,2023,5,6,8,18.2,8.3,8.43,432.4,7.3,2.75,0.025,0.005,1.0
11,2023,5,6,12,18.8,8.44,9.63,436.8,7.1,2.68,0.025,0.005,0.99
11,2023,5,6,16,18.8,8.51,9.95,434.4,7.6,2.64,0.025,0.005,1.05
11,2023,5,6,20,18.4,8.56,9.75,436.0,6.7,2.52,0.025,0.005,1.12
11,2023,5,7,0,18.2,8.58,10.23,413.0,6.2,2.52,0.025,0.005,1.12
11,2023,5,7,4,17.8,8.54,9.76,436.6,7.4,2.45,0.025,0.005,1.1
11,2023,5,7,8,18.2,8.55,9.92,433.2,6.1,2.43,0.025,0.005,1.06
11,2023,5,7,12,19.0,9.11,10.48,411.8,30.0,2.64,0.025,0.005,1.1
11,2023,5,7,16,19.6,8.81,10.71,420.5,15.2,2.64,0.025,0.005,1.13
11,2023,5,7,20,18.9,8.77,10.19,420.5,16.6,2.77,0.025,0.005,1.16
11,2023,5,8,0,18.6,8.74,9.87,434.4,15.0,2.77,0.025,0.005,1.16
11,2023,5,8,4,18.2,8.73,9.7,416.0,12.3,2.7,0.025,0.005,1.12
11,2023,5,8,8,18.5,8.74,9.76,416.1,11.6,2.64,0.025,0.005,1.12
11,2023,5,8,12,19.4,8.76,10.87,428.1,15.8,2.06,0.025,0.005,1.05
11,2023,5,8,16,19.3,8.77,10.89,427.0,5.1,2.64,0.025,0.005,1.03
11,2023,5,8,20,18.8,8.78,10.8,426.6,4.5,2.61,0.025,0.005,1.08
11,2023,5,9,0,18.8,8.75,10.17,433.0,4.8,2.61,0.025,0.005,1.08
11,2023,5,9,4,19.2,8.7,9.89,435.2,3.4,2.54,0.025,0.005,1.09
11,2023,5,9,8,19.5,8.67,10.06,417.7,3.5,2.58,0.025,0.005,1.0
11,2023,5,9,12,19.8,8.74,10.52,424.6,4.5,2.64,0.025,0.005,1.06
11,2023,5,9,16,19.0,8.75,10.86,414.7,4.5,2.64,0.025,0.005,1.09
11,2023,5,10,16,20.3,8.76,11.27,421.9,3.9,2.56,0.025,0.005,1.04
11,2023,5,10,20,19.6,8.77,10.36,423.9,5.0,2.69,0.025,0.005,1.04
11,2023,5,11,0,19.6,8.72,10.89,428.4,2.9,2.69,0.025,0.005,1.06
11,2023,5,11,4,19.8,8.73,10.03,431.4,3.1,2.69,0.025,0.005,1.06
11,2023,5,11,8,20.0,8.71,10.23,404.4,6.5,2.61,0.025,0.005,1.07
11,2023,5,11,12,20.5,8.73,10.95,423.9,3.4,2.6,0.025,0.005,1.02
11,2023,5,11,16,19.9,8.71,10.75,405.6,3.9,2.61,0.025,0.005,1.01
11,2023,5,11,20,20.7,8.7,10.79,407.9,3.4,2.77,0.025,0.005,1.04
11,2023,5,12,0,20.2,8.69,10.49,427.4,3.2,2.76,0.025,0.005,0.99
11,2023,5,12,4,19.9,8.68,10.0,424.9,4.0,2.76,0.025,0.005,0.99
11,2023,5,12,8,20.0,8.66,10.01,430.9,3.4,2.71,0.025,0.005,1.0
11,2023,5,12,12,20.3,8.7,10.45,427.1,4.2,2.7,0.025,0.005,1.01
11,2023,5,12,16,20.2,8.65,10.11,418.9,3.8,2.75,0.025,0.005,1.01
11,2023,5,12,20,19.9,8.68,9.74,421.0,4.3,2.72,0.025,0.005,1.0
11,2023,5,13,0,19.6,8.67,9.89,420.4,4.0,2.79,0.025,0.005,1.02
11,2023,5,13,4,19.3,8.65,9.68,433.8,4.7,2.79,0.025,0.005,1.02
11,2023,5,13,8,19.7,8.69,10.04,411.7,3.8,2.71,0.025,0.005,1.02
11,2023,5,13,12,20.5,8.73,10.89,404.8,4.0,2.7,0.025,0.005,1.01
11,2023,5,13,16,20.6,8.76,11.83,420.5,5.3,2.68,0.025,0.005,1.01
11,2023,5,13,20,20.3,8.75,10.51,412.7,3.5,2.79,0.025,0.005,1.0
11,2023,5,14,0,20.6,8.71,10.02,401.2,2.9,2.81,0.025,0.005,1.01
11,2023,5,14,4,20.4,8.66,9.6,425.1,3.6,2.81,0.025,0.005,1.01
11,2023,5,14,8,20.8,8.68,10.0,431.0,3.5,2.78,0.025,0.005,1.0
11,2023,5,14,12,21.5,8.72,10.81,411.8,3.9,2.71,0.025,0.005,1.0
11,2023,5,14,16,21.5,8.76,11.67,416.2,3.8,2.73,0.025,0.005,0.99
11,2023,5,14,20,20.9,8.68,10.15,425.0,4.7,2.72,0.025,0.005,0.95
11,2023,5,15,0,20.9,8.66,9.71,425.0,5.2,2.86,0.025,0.005,1.0
11,2023,5,15,4,21.0,8.64,9.67,427.3,4.5,2.86,0.025,0.005,1.0
11,2023,5,15,8,21.4,8.66,9.58,429.5,4.6,2.85,0.025,0.005,0.98
11,2023,5,15,12,22.0,8.7,10.54,411.9,4.9,2.83,0.025,0.005,0.95
11,2023,5,15,16,21.2,8.73,10.89,419.2,5.4,2.85,0.025,0.005,0.98
11,2023,5,15,20,21.6,8.76,10.53,422.5,4.7,2.88,0.025,0.005,0.96
11,2023,5,16,0,22.4,8.73,9.93,410.7,4.4,3.0,0.025,0.005,1.0
11,2023,5,16,4,22.9,8.64,9.25,426.9,4.5,3.0,0.025,0.005,1.0
11,2023,5,16,8,23.0,8.7,9.51,424.9,4.7,2.97,0.025,0.005,0.96
11,2023,5,16,12,23.8,8.77,10.7,415.4,3.2,3.0,0.025,0.005,1.0
11,2023,5,17,12,24.0,8.75,10.96,416.5,5.7,2.99,0.09,0.005,0.94
11,2023,5,17,16,23.9,8.73,10.99,418.8,4.0,3.19,0.025,0.005,0.94
11,2023,5,17,20,23.5,8.65,10.1,394.1,5.8,3.14,0.025,0.005,0.95
11,2023,5,18,0,22.9,8.61,9.41,422.5,4.7,3.13,0.082,0.005,1.01
11,2023,5,18,4,22.5,8.65,9.99,422.7,4.3,3.13,0.082,0.005,1.01
11,2023,5,18,8,22.8,8.69,10.58,422.5,3.2,3.14,0.025,0.005,0.97
11,2023,5,18,8,22.8,8.69,10.58,422.5,3.2,3.14,0.025,0.005,0.97
11,2023,5,18,12,23.1,8.7,10.91,417.3,3.7,3.03,0.025,0.005,0.96
11,2023,5,18,16,22.5,8.64,11.1,418.5,7.0,3.21,0.025,0.005,1.02
11,2023,5,18,20,22.3,8.72,10.77,400.1,3.4,3.03,0.025,0.005,0.98
11,2023,5,19,0,22.0,8.69,10.35,418.0,4.0,3.03,0.025,0.005,0.98
11,2023,5,19,4,21.8,8.66,9.99,420.7,3.6,2.98,0.025,0.005,0.96
11,2023,5,19,8,22.1,8.62,9.58,421.7,3.7,3.02,0.025,0.005,0.96
11,2023,5,19,12,22.2,8.62,9.64,421.1,3.8,3.08,0.025,0.005,0.94
11,2023,5,19,16,22.0,8.6,9.3,419.5,3.7,3.18,0.093,0.005,0.98
11,2023,5,19,20,22.0,8.6,9.22,420.1,3.8,3.06,0.082,0.005,0.98
11,2023,5,20,0,21.8,8.57,9.03,421.4,3.8,3.06,0.082,0.005,0.98
11,2023,5,20,4,21.3,8.5,8.43,422.4,4.1,3.04,0.095,0.005,0.98
11,2023,5,20,8,20.6,8.35,7.78,407.8,4.7,3.15,0.128,0.005,0.94
11,2023,5,20,12,21.4,8.39,8.48,426.0,7.2,3.43,0.139,0.005,0.93
11,2023,5,20,16,21.1,8.4,8.62,419.9,5.7,3.53,0.124,0.005,0.86
11,2023,5,20,20,20.1,8.39,8.3,425.6,22.0,4.08,0.171,0.005,0.97
11,2023,5,21,0,19.6,8.55,8.78,426.4,5.2,4.08,0.171,0.005,0.97
11,2023,5,21,4,19.4,8.57,8.67,420.6,5.2,3.13,0.084,0.005,0.97
11,2023,5,21,8,20.3,8.65,9.3,423.5,3.3,3.0,0.025,0.005,0.97
11,2023,5,21,12,21.4,8.69,10.29,420.8,3.3,3.01,0.025,0.005,0.97
11,2023,5,21,16,21.3,8.68,10.18,418.9,3.8,3.09,0.025,0.005,0.97
11,2023,5,21,20,20.5,8.63,9.2,422.0,4.5,3.03,0.025,0.005,0.99
11,2023,5,22,0,20.5,8.66,9.81,419.6,3.8,3.03,0.025,0.005,0.99
11,2023,5,22,4,20.3,8.64,9.08,422.8,2.6,2.95,0.025,0.005,0.96
11,2023,5,22,8,20.6,8.62,9.19,421.4,4.0,2.96,0.025,0.005,0.95
11,2023,5,22,12,21.5,8.7,11.13,415.8,3.7,3.07,0.025,0.005,0.96
11,2023,5,22,16,21.3,8.66,10.38,410.5,4.6,3.19,0.084,0.005,0.95
11,2023,5,22,20,21.8,8.66,10.34,420.2,3.4,3.01,0.025,0.005,0.93
11,2023,5,23,0,21.5,8.63,9.28,402.1,3.5,3.01,0.025,0.005,0.93
11,2023,5,23,4,20.9,8.62,9.14,416.8,3.2,2.92,0.025,0.005,0.93
11,2023,5,23,8,21.0,8.59,9.16,418.6,3.6,2.93,0.025,0.005,0.92
11,2023,5,24,16,21.3,8.55,10.06,418.7,5.5,3.06,0.025,0.005,0.92
11,2023,5,25,12,22.0,8.56,10.46,415.3,4.9,3.08,0.025,0.005,0.93
11,2023,5,25,16,22.0,8.57,10.26,415.0,4.8,3.15,0.025,0.005,0.96
11,2023,5,25,20,22.0,8.58,10.19,411.3,4.9,3.16,0.025,0.005,0.99
11,2023,5,26,0,21.9,8.58,10.04,405.1,5.7,3.16,0.025,0.005,0.99
11,2023,5,26,4,21.8,8.51,9.48,390.8,5.1,2.86,0.025,0.005,0.97
11,2023,5,26,8,21.9,8.51,9.85,414.0,3.2,3.17,0.025,0.005,0.88
11,2023,5,26,12,22.4,8.56,10.73,409.6,3.5,3.04,0.025,0.005,0.89
11,2023,5,26,16,22.4,8.62,10.84,412.0,4.4,3.12,0.025,0.005,0.92
11,2023,5,26,20,21.8,8.58,10.38,413.1,4.8,3.25,0.025,0.005,0.94
11,2023,5,27,0,22.1,8.6,10.37,405.7,4.0,2.91,0.025,0.005,0.93
11,2023,5,27,4,22.2,8.6,10.33,403.0,3.0,2.84,0.025,0.005,0.91
11,2023,5,27,8,22.4,8.58,10.17,403.8,2.3,2.76,0.025,0.005,0.9
11,2023,5,27,12,22.6,8.57,10.22,402.0,2.9,2.83,0.025,0.005,0.89
11,2023,5,27,16,22.9,8.61,10.86,397.8,2.3,2.85,0.025,0.005,0.89
11,2023,5,27,20,22.8,8.62,10.73,392.9,6.3,2.93,0.114,0.005,0.92
11,2023,5,28,0,22.6,8.55,10.13,401.0,4.2,2.8,0.025,0.005,0.9
11,2023,5,28,4,22.6,8.57,9.86,398.3,4.5,2.77,0.025,0.005,0.91
11,2023,5,28,8,22.5,8.57,10.12,403.0,2.4,2.83,0.025,0.005,0.9
11,2023,5,28,12,22.8,8.58,10.84,400.4,3.6,2.9,0.025,0.005,0.88
11,2023,5,28,16,23.2,8.61,11.61,396.8,3.3,3.1,0.025,0.005,0.88
11,2023,5,29,12,23.8,8.48,11.7,396.5,4.1,2.96,0.025,0.005,0.87
11,2023,5,29,16,23.9,8.54,11.52,396.7,3.0,2.89,0.025,0.005,0.88
11,2023,5,29,20,24.2,8.52,11.02,381.0,3.5,2.8,0.025,0.005,0.87
11,2023,5,30,0,24.2,8.5,10.6,380.5,2.7,2.7,0.025,0.005,0.88
11,2023,5,30,4,24.5,8.45,10.07,366.0,2.8,2.55,0.025,0.005,0.89
11,2023,5,30,8,24.4,8.48,10.13,380.0,2.3,2.6,0.025,0.005,0.88
11,2023,5,30,12,24.6,8.5,10.82,368.7,2.2,2.6,0.025,0.005,0.88
11,2023,5,30,12,24.6,8.5,10.82,368.7,2.2,2.65,0.025,0.005,0.88
11,2023,5,30,16,24.5,8.49,10.4,384.9,2.9,2.65,0.025,0.005,0.88
11,2023,5,30,16,24.5,8.49,10.4,384.9,2.9,2.75,0.025,0.005,0.87
11,2023,5,30,20,24.4,8.44,9.77,343.6,2.2,2.75,0.025,0.005,0.87
11,2023,5,30,20,24.4,8.44,9.77,343.6,2.2,2.39,0.025,0.005,0.9
11,2023,5,31,0,24.2,8.46,9.84,374.9,2.8,2.39,0.025,0.005,0.9
11,2023,5,31,0,24.2,8.46,9.84,374.9,2.8,2.39,0.025,0.005,0.9
11,2023,5,31,4,23.8,8.42,9.36,369.2,2.7,2.39,0.025,0.005,0.9
11,2023,5,31,4,23.8,8.42,9.36,369.2,2.7,2.58,0.025,0.005,0.88
11,2023,5,31,8,23.7,8.43,9.41,373.0,2.5,2.58,0.025,0.005,0.88
11,2023,5,31,12,23.7,8.49,10.39,383.8,2.4,2.59,0.025,0.005,0.88
11,2023,5,31,12,23.7,8.49,10.39,383.8,2.4,2.72,0.025,0.005,0.87
11,2023,5,31,16,23.9,8.47,10.64,379.7,2.8,2.72,0.025,0.005,0.87
11,2023,5,31,16,23.9,8.47,10.64,379.7,2.8,2.8,0.025,0.005,0.87
11,2023,5,31,20,23.9,8.51,10.63,381.2,2.8,2.8,0.025,0.005,0.87
11,2023,5,31,20,23.9,8.51,10.63,381.2,2.8,2.82,0.025,0.005,0.87
11,2023,6,1,0,23.6,8.47,10.26,382.4,2.8,2.82,0.025,0.005,0.87
11,2023,6,1,0,23.6,8.47,10.26,382.4,2.8,2.82,0.025,0.005,0.87
11,2023,6,1,4,23.4,8.46,9.97,385.0,2.9,2.82,0.025,0.005,0.87
11,2023,6,1,4,23.4,8.46,9.97,385.0,2.9,2.81,0.025,0.005,0.86
11,2023,6,1,8,23.3,8.46,9.72,387.5,3.3,2.81,0.025,0.005,0.86
11,2023,6,1,8,23.3,8.46,9.72,387.5,3.3,2.89,0.025,0.005,0.84
11,2023,6,1,12,23.8,8.53,10.91,382.6,2.7,2.89,0.025,0.005,0.84
11,2023,6,1,12,23.8,8.53,10.91,382.6,2.7,2.84,0.025,0.005,0.86
11,2023,6,1,16,24.3,8.57,12.09,375.9,4.2,2.84,0.025,0.005,0.86
11,2023,6,1,16,24.3,8.57,12.09,375.9,4.2,2.89,0.025,0.005,0.86
11,2023,6,2,12,23.7,8.56,10.96,383.2,4.2,2.86,0.025,0.005,0.91
