point_id,year,month,day,hour,水温(℃),pH(无量纲),溶解氧(mg/L),电导率(μS/cm),浊度(NTU),高锰酸盐指数(mg/L),氨氮(mg/L),总磷(mg/L),总氮(mg/L)
7,2021,6,17,8,24.0,7.52,3.66,1086.1,1.0,5.59,0.035,0.092,0.47
7,2021,6,17,8,24.0,7.52,3.66,1086.1,1.0,5.59,0.035,0.092,0.47
7,2021,6,17,12,24.5,7.6,5.14,1084.2,1.8,5.65,0.025,0.09,0.44
7,2021,6,17,16,25.6,7.66,6.09,1080.2,2.4,5.56,0.025,0.083,0.37
7,2021,6,17,20,26.9,7.61,5.15,1075.0,2.4,5.62,0.025,0.074,0.43
7,2021,6,17,20,26.9,7.61,5.15,1075.0,2.4,5.62,0.025,0.074,0.43
7,2021,6,18,0,25.9,7.59,4.27,1081.2,1.8,5.39,0.025,0.068,0.44
7,2021,6,18,4,25.2,7.55,3.33,1084.7,1.4,5.53,0.025,0.067,0.45
7,2021,6,18,8,24.6,7.56,3.66,1083.5,1.2,5.41,0.025,0.071,0.43
7,2021,6,18,12,25.0,7.64,5.25,1084.4,1.5,5.42,0.025,0.074,0.42
7,2021,6,18,12,25.0,7.64,5.25,1084.4,1.5,5.42,0.025,0.074,0.42
7,2021,6,18,16,25.9,7.67,6.12,1083.4,4.7,5.55,0.025,0.077,0.36
7,2021,6,18,20,27.0,7.58,5.0,1073.8,2.2,5.62,0.025,0.071,0.39
7,2021,6,18,20,27.0,7.58,5.0,1073.8,2.2,5.62,0.025,0.071,0.39
7,2021,6,19,0,25.9,7.55,4.19,1077.4,1.9,5.37,0.025,0.068,0.4
7,2021,6,19,4,25.0,7.56,3.76,1087.9,1.3,5.37,0.025,0.065,0.4
7,2021,6,19,8,24.5,7.57,4.19,1083.0,1.1,5.32,0.025,0.067,0.38
7,2021,7,2,8,25.8,7.46,3.82,1005.6,1.5,5.11,0.025,0.05,0.38
7,2021,7,2,12,26.5,7.53,5.24,1006.8,1.4,5.14,0.025,0.051,0.42
7,2021,7,2,16,27.6,7.58,6.02,1007.9,1.7,5.12,0.025,0.052,0.4
7,2021,7,2,20,27.9,7.54,5.56,1006.6,1.9,5.25,0.025,0.049,0.39
7,2021,7,2,20,27.9,7.54,5.56,1006.6,1.9,5.25,0.025,0.049,0.39
7,2021,7,3,0,27.5,7.49,4.42,1005.4,1.5,5.16,0.025,0.046,0.36
7,2021,7,3,4,27.0,7.44,3.82,978.4,2.0,5.27,0.025,0.048,0.31
7,2021,7,3,8,26.2,7.44,3.7,965.9,1.5,5.22,0.025,0.053,0.27
7,2021,7,3,8,26.2,7.44,3.7,965.9,1.5,5.22,0.025,0.053,0.27
7,2021,7,3,12,26.6,7.47,4.9,950.2,4.8,5.69,0.025,0.066,0.3
7,2021,7,3,16,26.4,7.45,4.95,978.9,15.4,7.29,0.025,0.107,0.58
7,2021,7,3,20,27.5,7.54,5.3,980.8,10.8,5.95,0.025,0.084,0.88
7,2021,7,3,20,27.5,7.54,5.3,980.8,10.8,5.95,0.025,0.084,0.88
7,2021,7,4,0,27.1,7.51,4.71,982.6,7.6,5.47,0.044,0.081,1.65
7,2021,7,4,4,26.6,7.49,3.89,983.6,5.8,5.25,0.113,0.08,1.85
7,2021,7,4,8,26.5,7.45,3.74,986.9,4.2,5.22,0.109,0.079,1.69
7,2021,7,4,8,26.5,7.45,3.74,986.9,4.2,5.22,0.109,0.079,1.69
7,2021,7,4,12,27.4,7.58,5.71,989.3,4.4,5.44,0.05,0.078,1.68
7,2021,7,4,16,28.9,7.71,7.15,983.7,4.9,5.51,0.025,0.07,1.62
7,2021,7,4,20,29.9,7.59,5.84,977.2,4.0,5.18,0.025,0.062,1.52
7,2021,7,4,20,29.9,7.59,5.84,977.2,4.0,5.18,0.025,0.062,1.52
7,2021,7,5,0,29.0,7.48,4.37,976.4,3.2,5.03,0.025,0.056,1.38
7,2021,7,5,4,28.2,7.44,3.39,977.0,2.7,4.87,0.027,0.053,1.31
7,2021,7,5,8,28.0,7.41,3.41,972.4,1.9,4.91,0.025,0.055,1.23
7,2021,7,5,8,28.0,7.41,3.41,972.4,1.9,4.91,0.025,0.055,1.23
7,2021,7,5,12,28.9,7.52,5.33,970.5,3.2,5.26,0.025,0.058,1.18
7,2021,7,5,16,30.1,7.59,6.25,962.2,4.0,5.27,0.025,0.055,1.22
7,2021,7,5,20,29.4,7.52,4.78,936.4,3.8,5.21,0.053,0.054,1.1
7,2021,7,5,20,29.4,7.52,4.78,936.4,3.8,5.21,0.053,0.054,1.1
7,2021,7,6,0,28.0,7.46,4.18,874.9,3.5,5.2,0.122,0.051,1.06
7,2021,7,6,4,27.2,7.38,3.21,850.1,2.1,5.34,0.13,0.051,1.04
7,2021,7,6,8,26.9,7.4,3.18,865.9,1.7,5.34,0.134,0.055,1.03
7,2021,7,6,12,27.5,7.45,4.48,871.6,2.4,5.23,0.095,0.055,0.85
7,2021,7,6,12,27.5,7.45,4.48,871.6,2.4,5.23,0.095,0.055,0.85
7,2021,7,7,4,28.1,7.35,3.19,824.0,3.4,5.07,0.048,0.06,1.19
7,2021,7,7,8,27.9,7.38,3.13,808.9,3.2,5.04,0.063,0.064,1.27
7,2021,7,7,12,28.8,7.49,4.7,794.3,3.7,5.07,0.027,0.063,1.14
7,2021,7,26,12,27.6,7.35,4.07,689.7,1.4,3.53,0.025,0.147,1.0
7,2021,7,26,16,27.9,7.36,4.2,687.4,1.4,3.46,0.025,0.146,1.08
7,2021,7,26,16,27.9,7.36,4.2,687.4,1.4,3.46,0.025,0.146,1.08
7,2021,7,26,20,27.9,7.34,3.58,689.6,1.9,3.54,0.025,0.145,1.05
7,2021,7,26,20,27.9,7.34,3.58,689.6,1.9,3.54,0.025,0.145,1.05
7,2021,7,27,4,27.2,7.29,2.95,696.4,1.0,3.51,0.025,0.155,1.03
7,2021,7,27,4,27.2,7.29,2.95,696.4,1.0,3.51,0.025,0.155,1.03
7,2021,7,27,8,27.0,7.29,3.25,707.9,1.0,3.58,0.025,0.158,0.98
7,2021,7,27,8,27.0,7.29,3.25,707.9,1.0,3.58,0.025,0.158,0.98
7,2021,7,27,12,27.1,7.36,3.79,710.6,1.4,3.65,0.025,0.154,0.79
7,2021,7,27,16,27.9,7.37,4.14,706.2,1.5,3.76,0.025,0.15,0.8
7,2021,7,27,16,27.9,7.37,4.14,706.2,1.5,3.76,0.025,0.15,0.8
7,2021,7,27,20,27.6,7.34,3.24,712.0,1.1,3.63,0.025,0.151,1.02
7,2021,7,27,20,27.6,7.34,3.24,712.0,1.1,3.63,0.025,0.151,1.02
7,2021,7,28,4,26.4,7.4,3.87,882.1,45.4,4.4,0.174,0.145,3.61
7,2021,7,28,4,26.4,7.4,3.87,882.1,45.4,4.4,0.174,0.145,3.61
7,2021,7,28,8,25.8,7.44,3.9,867.7,21.0,4.05,0.974,0.115,4.45
7,2021,7,28,12,25.4,7.46,3.82,718.1,19.6,13.24,1.331,0.108,3.98
7,2021,7,28,16,25.4,7.41,3.68,644.7,17.3,14.77,1.512,0.105,3.73
7,2021,7,28,20,25.4,7.38,3.45,606.5,14.3,13.84,1.68,0.105,3.76
7,2021,7,28,20,25.4,7.38,3.45,606.5,14.3,13.84,1.68,0.105,3.76
7,2021,7,29,0,25.0,7.37,3.31,583.8,11.6,3.06,1.814,0.106,3.79
7,2021,7,29,4,24.8,7.37,3.38,559.9,11.3,13.53,1.945,0.111,3.81
7,2021,7,29,8,24.6,7.32,3.51,539.1,10.8,14.44,1.942,0.119,3.79
7,2021,7,29,8,24.6,7.32,3.51,539.1,10.8,14.44,1.942,0.119,3.79
7,2021,7,29,12,24.4,7.34,3.59,512.3,18.3,14.12,1.744,0.124,3.65
7,2021,7,29,16,24.1,7.37,3.72,495.8,12.6,14.08,1.383,0.124,3.26
7,2021,7,29,20,24.5,7.32,3.91,490.2,16.5,14.08,0.963,0.124,2.88
7,2021,7,29,20,24.5,7.32,3.91,490.2,16.5,14.08,0.963,0.124,2.88
7,2021,7,30,0,24.6,7.34,4.13,525.6,18.6,3.43,0.525,0.119,2.19
7,2021,7,30,4,24.8,7.28,3.86,575.7,12.5,3.37,0.372,0.11,1.94
7,2021,7,30,8,24.9,7.28,3.54,591.2,8.4,3.29,0.431,0.11,2.04
7,2021,7,30,8,24.9,7.28,3.54,591.2,8.4,3.29,0.431,0.11,2.04
7,2021,7,30,12,25.6,7.3,3.92,597.9,6.9,3.45,0.647,0.113,1.95
7,2021,8,6,4,26.1,7.4,3.43,914.7,10.4,3.72,0.025,0.129,1.78
7,2021,8,6,8,25.9,7.38,3.81,917.9,10.5,3.69,0.025,0.131,1.7
7,2021,9,23,12,20.8,7.53,5.59,1077.6,3.1,2.43,0.097,0.134,5.19
7,2021,9,23,16,22.6,7.37,5.87,1049.5,3.6,2.5,0.031,0.134,5.22
7,2021,9,23,20,22.1,7.51,5.48,1044.8,3.0,2.4,0.04,0.146,5.27
7,2021,9,23,20,22.1,7.51,5.48,1044.8,3.0,2.4,0.04,0.146,5.27
7,2021,9,24,4,21.1,7.49,4.71,1022.2,2.3,2.35,0.025,0.143,4.87
7,2021,10,28,8,13.4,7.93,9.48,1191.5,3.4,1.65,0.025,0.049,6.99
7,2021,10,28,12,13.8,7.96,10.25,1184.1,3.4,1.84,0.025,0.05,6.78
7,2021,10,28,16,14.8,7.98,10.47,1175.0,3.4,1.84,0.025,0.049,6.45
7,2021,10,28,20,14.9,7.96,9.91,1166.8,3.3,2.02,0.025,0.049,6.93
7,2021,10,29,0,14.3,7.94,9.69,1164.1,3.7,1.92,0.025,0.048,6.88
7,2021,10,29,4,13.8,7.94,9.54,1175.7,3.7,1.9,0.025,0.047,6.76
7,2021,10,29,8,13.4,7.91,9.47,1172.0,2.9,1.88,0.025,0.047,6.82
7,2021,11,5,4,15.2,7.79,8.89,1128.8,3.8,2.05,0.025,0.051,6.22
7,2021,11,5,8,15.4,7.76,8.77,1126.3,2.1,2.0,0.025,0.051,6.15
7,2021,11,5,12,15.9,7.79,9.25,1124.6,2.0,1.93,0.025,0.051,6.25
7,2021,11,5,16,16.1,7.79,9.77,1124.7,2.2,1.93,0.025,0.052,6.06
7,2021,11,5,20,16.2,7.74,9.46,1125.6,2.8,2.08,0.025,0.053,6.21
7,2021,11,6,0,16.5,7.67,9.05,1127.1,3.5,2.07,0.025,0.054,6.3
7,2021,11,6,4,16.2,7.65,8.8,1121.6,3.0,2.07,0.025,0.054,6.23
7,2021,11,6,8,16.4,7.6,8.62,1115.2,2.6,2.04,0.025,0.056,6.22
7,2021,11,6,12,16.2,7.64,8.63,1127.8,2.8,2.0,0.025,0.059,6.2
7,2021,11,6,16,16.5,7.63,8.56,1116.4,3.0,2.04,0.025,0.061,6.2
7,2021,11,6,20,15.4,7.63,8.49,1111.8,3.3,2.04,0.034,0.069,6.13
7,2021,11,7,0,13.2,7.7,9.07,1123.3,3.1,2.13,0.036,0.077,6.11
7,2021,11,7,4,12.4,7.72,9.26,1117.2,2.7,2.12,0.03,0.088,6.37
7,2021,11,7,8,11.8,8.11,9.44,1096.6,3.0,2.14,0.03,0.089,6.2
7,2021,11,7,12,11.4,8.13,10.08,1097.0,2.6,2.2,0.036,0.098,5.91
7,2021,11,7,16,11.8,8.24,10.63,1100.5,2.6,2.14,0.025,0.111,5.96
7,2021,11,7,20,11.8,8.14,10.43,1096.3,2.6,2.18,0.025,0.117,5.93
7,2021,11,8,0,10.9,8.16,10.56,1109.2,2.4,2.21,0.026,0.111,5.93
7,2021,11,8,4,10.7,8.21,10.58,1106.1,2.1,2.11,0.025,0.115,5.88
7,2021,11,8,8,10.2,8.22,10.79,1106.0,1.9,2.04,0.025,0.104,6.01
7,2021,11,8,12,10.8,8.26,11.48,1101.7,1.9,2.06,0.025,0.103,5.62
7,2021,11,8,16,12.0,8.29,11.56,1083.5,1.9,2.1,0.025,0.102,5.62
7,2021,11,8,16,12.0,8.29,11.56,1083.5,1.9,2.1,0.025,0.102,5.62
7,2021,11,9,0,11.4,8.28,11.01,1066.6,2.0,2.06,0.025,0.098,5.69
7,2021,11,9,4,11.0,8.31,11.0,1064.5,2.3,2.09,0.025,0.1,5.88
7,2021,11,9,8,10.6,8.27,11.07,1070.7,1.9,2.08,0.025,0.096,5.8
7,2021,11,9,12,11.2,8.37,11.71,1058.9,1.8,2.0,0.025,0.093,5.43
7,2021,11,9,16,11.6,8.32,12.05,1057.4,1.9,2.0,0.025,0.093,5.43
7,2021,11,9,20,9.1,8.31,12.23,1099.4,2.2,2.72,0.052,0.089,6.81
7,2021,11,10,0,11.1,8.29,11.34,1079.9,2.6,2.21,0.049,0.087,7.11
7,2021,11,10,4,11.4,8.31,11.03,1078.8,2.4,2.21,0.065,0.088,7.22
7,2021,11,10,8,11.1,8.28,10.96,1080.2,3.0,2.26,0.1,0.089,7.21
7,2021,11,10,12,11.8,8.35,11.59,1082.3,2.1,2.12,0.135,0.091,6.98
7,2021,11,10,16,13.1,8.34,11.6,1077.8,2.5,2.12,0.173,0.091,6.98
7,2021,11,10,20,11.1,8.3,11.67,1108.8,2.7,2.12,0.173,0.005,7.38
7,2021,11,11,4,13.0,8.19,10.5,1082.0,3.0,3.06,0.455,0.005,7.73
7,2021,11,11,16,13.8,8.32,11.52,1085.3,2.7,3.12,0.56,0.005,8.0
7,2021,11,11,20,13.7,8.31,10.83,1085.9,3.1,3.08,0.628,0.099,7.85
7,2021,11,12,0,13.6,8.22,10.48,1083.6,3.5,3.2,0.677,0.102,8.06
7,2021,11,26,12,8.0,7.81,11.99,999.4,2.1,3.64,0.413,0.116,7.92
7,2021,11,26,16,9.1,7.89,12.27,999.2,2.0,3.59,0.365,0.114,7.71
7,2021,11,26,20,8.6,7.79,11.75,994.5,2.0,3.44,0.34,0.111,8.03
7,2021,11,27,0,8.1,7.77,11.34,988.9,2.5,3.44,0.34,0.111,8.03
7,2021,11,27,4,7.7,7.72,11.15,1063.6,3.4,3.41,0.324,0.11,8.44
7,2021,11,27,8,7.1,7.7,11.12,1026.2,2.0,3.48,0.306,0.105,8.46
7,2021,11,27,12,7.7,7.84,12.01,954.7,1.9,3.56,0.278,0.107,7.95
7,2021,11,27,16,11.1,7.92,11.83,1003.4,2.3,3.71,0.268,0.105,7.95
7,2021,11,27,20,8.2,7.84,12.01,1048.6,2.3,3.45,0.241,0.103,8.17
7,2021,11,28,0,7.9,7.79,11.51,1021.8,2.2,3.45,0.241,0.103,8.17
7,2021,11,28,4,7.8,7.72,11.25,1028.9,2.3,3.42,0.222,0.1,8.42
7,2021,11,28,8,7.8,7.73,11.03,1025.8,2.3,3.46,0.217,0.098,8.12
7,2021,11,28,12,8.2,7.82,11.65,960.1,2.1,3.57,0.169,0.099,8.12
7,2021,11,28,16,9.1,7.9,12.22,993.7,2.2,3.52,0.139,0.096,7.96
7,2021,11,28,20,8.9,7.82,11.65,998.3,2.9,3.31,0.116,0.092,8.3
7,2021,11,29,0,8.0,7.81,11.34,1042.8,2.9,3.31,0.116,0.092,8.3
7,2021,11,29,4,7.8,7.78,11.17,1045.8,2.4,3.13,0.082,0.093,8.3
7,2021,11,29,8,7.6,7.77,11.03,1055.0,2.1,3.21,0.075,0.085,8.22
7,2021,11,29,12,8.1,7.82,11.49,978.3,2.3,3.36,0.048,0.088,8.14
7,2021,11,30,8,6.6,7.78,10.86,1052.8,1.9,3.15,0.05,0.077,8.34
7,2021,11,30,12,6.7,7.91,12.0,1058.4,2.5,3.15,0.05,0.077,8.34
7,2021,11,30,16,7.6,8.0,12.83,1074.9,2.0,3.81,0.025,0.079,8.03
7,2021,11,30,20,7.3,7.95,12.22,1065.5,2.3,3.17,0.025,0.078,8.15
7,2021,11,30,20,7.3,7.95,12.22,1065.5,2.3,3.17,0.025,0.078,8.15
7,2021,12,1,4,5.9,7.9,11.87,1102.0,2.4,2.99,0.025,0.077,8.64
7,2021,12,1,8,5.4,7.89,11.79,1094.8,2.0,3.02,0.033,0.076,8.32
7,2021,12,1,12,5.9,7.99,12.73,1070.7,2.0,3.1,0.029,0.078,7.9
7,2021,12,1,20,6.5,7.99,12.79,1067.6,2.0,3.04,0.025,0.076,8.27
7,2021,12,2,0,6.1,7.92,12.37,1065.8,2.9,3.04,0.025,0.076,8.27
7,2021,12,2,4,5.5,7.93,12.13,1107.1,2.5,3.09,0.025,0.076,8.61
7,2021,12,2,12,6.0,7.95,12.69,1087.3,2.2,2.84,0.025,0.084,8.34
7,2021,12,3,16,7.8,7.94,13.11,1030.3,2.4,3.1,0.059,0.092,7.88
7,2021,12,7,16,8.2,7.79,12.34,1004.5,4.4,3.15,0.433,0.107,8.15
7,2021,12,7,20,7.8,7.75,11.92,992.6,3.6,3.24,0.461,0.105,8.33
7,2021,12,8,8,6.1,7.62,11.09,1043.7,15.2,3.29,0.566,0.111,8.68
7,2021,12,8,12,7.1,7.61,11.29,1046.1,35.2,3.44,0.708,0.122,8.8
7,2021,12,8,16,8.3,7.72,11.06,1037.5,371.3,6.71,0.708,0.289,6.0
7,2021,12,8,20,8.3,7.48,12.12,999.9,37.2,3.55,0.917,0.137,8.6
7,2021,12,9,0,6.6,7.56,11.69,1022.7,42.1,3.55,0.917,0.137,8.6
7,2021,12,9,4,7.5,7.57,11.27,1024.0,43.8,4.1,0.803,0.166,8.41
7,2021,12,9,8,7.4,7.56,11.12,1028.1,34.1,4.14,0.812,0.162,8.54
7,2021,12,9,16,7.3,7.59,11.06,1046.6,10.7,3.61,0.811,0.148,8.52
7,2021,12,10,12,7.3,7.59,10.95,1045.5,5.2,3.65,1.095,0.148,9.06
7,2021,12,10,16,7.8,7.62,11.71,1041.3,11.6,3.81,1.15,0.152,8.7
7,2021,12,14,8,3.9,7.62,11.69,1074.4,5.7,3.68,1.356,0.176,9.56
7,2021,12,14,12,4.7,7.71,12.53,1073.7,17.2,3.87,1.411,0.189,8.98
7,2021,12,14,16,5.4,7.72,12.94,996.4,11.9,3.79,1.415,0.176,8.98
7,2021,12,14,20,5.1,7.66,12.25,1037.7,24.3,3.99,1.416,0.185,9.26
7,2021,12,15,0,5.2,7.54,11.45,1059.6,211.4,3.99,1.416,0.185,9.26
7,2021,12,15,4,4.5,7.66,11.69,1060.8,18.0,4.12,1.398,0.208,9.49
7,2021,12,21,12,3.5,7.11,13.03,1091.4,3.1,3.4,0.961,0.146,8.42
7,2021,12,21,16,5.5,7.71,13.51,1088.6,3.0,3.33,0.879,0.143,8.42
7,2021,12,22,8,3.7,7.87,12.13,1146.8,6.5,3.14,0.724,0.132,8.34
7,2021,12,22,12,4.3,7.91,12.94,1111.9,9.1,3.32,0.731,0.129,8.28
7,2021,12,22,16,5.6,7.96,14.07,1072.8,15.8,3.3,0.682,0.132,7.95
7,2021,12,22,20,5.1,7.92,13.62,1012.7,9.5,3.32,0.653,0.134,7.92
7,2021,12,23,0,4.2,7.91,12.83,1069.2,6.9,3.45,0.634,0.132,8.25
7,2021,12,23,4,4.0,7.92,12.56,1091.7,4.6,3.24,0.575,0.124,8.47
7,2021,12,23,8,4.0,7.89,12.35,1110.8,4.0,3.23,0.559,0.12,8.24
7,2021,12,23,12,4.2,7.88,12.3,1103.8,4.8,3.36,0.521,0.118,8.59
7,2021,12,23,16,4.2,7.94,12.4,1099.0,4.2,3.61,0.513,0.116,8.37
7,2021,12,23,20,4.0,7.91,12.07,1100.0,4.4,3.61,0.52,0.116,8.37
7,2021,12,24,0,3.8,7.93,11.71,1101.5,5.9,3.14,0.52,0.114,8.32
7,2021,12,24,4,3.5,7.85,11.56,1110.2,7.0,3.14,0.537,0.114,8.47
7,2021,12,24,8,2.8,7.88,11.53,1137.4,9.4,3.41,0.578,0.105,8.49
7,2021,12,24,12,3.4,7.97,12.46,1099.4,6.0,3.33,0.563,0.108,8.46
7,2021,12,27,16,2.3,8.06,14.85,1072.6,6.4,3.26,0.383,0.107,7.93
7,2021,12,27,20,2.0,8.04,14.26,1084.4,3.3,3.14,0.364,0.102,7.98
7,2021,12,28,0,1.5,7.97,13.98,1096.6,4.6,3.14,0.364,0.102,7.98
7,2021,12,28,4,1.3,7.99,13.78,1188.0,7.5,3.23,0.318,0.099,8.55
7,2021,12,28,8,1.3,8.0,13.72,1188.0,10.6,2.92,0.308,0.092,8.59
7,2021,12,28,12,2.7,8.01,14.08,1091.8,8.7,3.13,0.27,0.104,8.3
7,2021,12,28,16,2.7,8.08,15.02,1074.9,5.2,3.15,0.25,0.108,7.81
7,2021,12,30,12,3.0,7.97,13.37,1064.2,25.6,3.4,0.382,0.117,7.46
7,2022,1,11,8,2.0,8.17,13.72,1055.8,4.7,3.06,0.371,0.095,6.94
7,2022,1,11,12,2.0,8.16,14.44,1026.4,8.6,3.27,0.376,0.094,7.46
7,2022,1,11,16,3.0,8.29,15.42,1013.1,4.2,3.46,0.371,0.098,6.59
7,2022,1,12,8,2.7,8.2,13.97,1023.3,3.7,3.3,0.301,0.1,7.1
7,2022,1,12,12,3.0,8.3,14.19,1023.6,3.6,3.21,0.275,0.097,7.15
7,2022,1,12,16,3.4,8.3,14.89,1005.1,3.5,3.27,0.264,0.097,6.57
7,2022,1,14,12,3.4,8.29,14.6,1022.3,3.7,3.16,0.353,0.1,6.71
7,2022,1,14,16,4.3,8.25,15.06,1003.2,3.4,3.16,0.36,0.099,6.78
7,2022,1,19,12,3.5,8.31,13.44,994.0,4.7,2.8,0.126,0.086,6.7
7,2022,1,19,16,4.6,8.33,13.78,981.3,3.7,2.86,0.153,0.089,6.69
7,2022,1,19,20,4.1,8.35,13.38,981.9,3.5,2.86,0.168,0.085,7.03
7,2022,1,20,0,3.5,8.26,13.04,990.8,3.3,2.86,0.168,0.085,7.03
7,2022,1,20,4,3.5,8.28,12.78,984.6,3.6,2.96,0.225,0.085,6.67
7,2022,1,20,8,3.4,8.28,12.57,980.5,3.4,3.1,0.273,0.089,6.82
7,2022,1,20,12,3.7,8.29,12.97,978.6,3.3,3.14,0.295,0.09,6.78
7,2022,1,20,16,4.2,8.28,13.36,970.9,3.4,3.1,0.326,0.092,6.93
7,2022,1,20,20,4.0,8.25,12.97,973.1,3.3,3.14,0.361,0.086,6.61
7,2022,1,21,0,3.6,8.3,12.63,972.8,4.0,3.14,0.361,0.086,6.61
7,2022,1,21,4,3.2,8.22,12.5,980.9,5.2,3.04,0.404,0.092,6.68
7,2022,1,21,8,3.2,8.22,12.33,976.3,5.1,3.16,0.426,0.087,7.29
7,2022,1,21,12,3.5,8.23,12.55,974.0,4.4,3.03,0.429,0.093,6.74
7,2022,1,24,8,3.8,8.23,11.9,980.0,3.8,2.85,0.294,0.086,6.65
7,2022,1,24,12,4.0,8.19,12.17,979.7,3.8,2.89,0.269,0.08,6.9
7,2022,1,24,16,3.3,7.83,12.61,980.0,3.6,2.84,0.276,0.083,6.72
7,2022,2,10,8,4.0,8.31,13.0,965.0,3.7,3.2,0.152,0.067,6.29
7,2022,2,10,12,5.0,8.28,13.55,946.3,4.9,3.53,0.131,0.072,6.12
7,2022,2,11,8,4.9,8.26,12.89,941.1,4.2,3.5,0.101,0.07,5.98
7,2022,2,11,12,6.1,8.33,13.53,890.8,4.3,3.8,0.079,0.074,5.51
7,2022,2,11,16,6.0,8.43,14.8,908.4,4.3,4.36,0.066,0.074,5.92
7,2022,2,12,4,3.9,8.27,14.4,1054.3,4.5,4.04,0.057,0.07,6.47
7,2022,2,12,8,3.7,8.27,14.06,1056.0,6.8,3.96,0.066,0.071,6.48
7,2022,2,12,12,3.6,8.27,14.6,1058.0,6.2,4.13,0.045,0.073,6.32
7,2022,2,12,16,3.8,8.41,15.51,1056.2,7.4,4.54,0.033,0.075,6.37
7,2022,2,12,20,3.7,8.32,15.37,1058.1,6.8,4.49,0.025,0.07,6.57
7,2022,2,13,0,3.2,8.3,14.67,1067.4,5.9,4.49,0.025,0.07,6.57
7,2022,2,13,4,3.0,8.29,14.26,1078.7,5.1,4.12,0.025,0.059,6.58
7,2022,2,13,8,2.9,8.22,13.93,1058.5,4.8,3.86,0.037,0.058,6.81
7,2022,2,13,12,3.0,8.29,14.62,1063.5,4.8,4.0,0.025,0.053,6.68
7,2022,2,13,16,2.8,8.06,15.41,1049.6,4.4,4.26,0.025,0.057,6.03
7,2022,2,13,20,3.9,8.14,14.78,1029.1,4.8,4.22,0.025,0.07,5.96
7,2022,2,14,0,3.6,8.12,14.24,992.3,5.4,4.22,0.025,0.07,5.96
7,2022,2,14,4,2.6,8.09,14.07,1054.7,5.4,4.22,0.025,0.055,6.18
7,2022,2,18,8,3.3,8.32,14.7,1049.2,6.5,5.41,0.029,0.075,6.76
7,2022,2,18,12,3.9,8.4,15.93,1044.2,6.7,5.47,0.025,0.079,6.38
7,2022,2,18,16,5.3,8.54,17.07,1023.9,6.3,5.85,0.025,0.079,6.4
7,2022,2,18,20,5.2,8.5,16.46,1022.8,6.3,5.75,0.025,0.075,6.62
7,2022,2,19,0,3.6,8.32,15.29,1055.7,6.1,5.75,0.025,0.075,6.62
7,2022,2,19,4,2.9,8.28,14.54,1056.6,5.7,4.78,0.025,0.069,6.58
7,2022,2,19,8,3.0,8.27,14.01,1057.2,5.2,4.72,0.025,0.07,6.78
7,2022,2,22,12,5.6,8.24,14.54,1068.7,3.8,4.07,0.044,0.073,5.75
7,2022,2,22,12,5.6,8.24,14.54,1068.7,3.8,4.07,0.044,0.073,5.75
7,2022,2,22,16,5.9,8.29,15.02,1072.1,3.7,4.33,0.044,0.073,5.75
7,2022,2,22,16,5.9,8.29,15.02,1072.1,3.7,4.33,0.035,0.072,6.27
7,2022,2,22,20,4.2,8.21,14.41,1093.3,3.5,4.1,0.034,0.07,6.06
7,2022,2,23,0,4.2,8.15,14.03,1091.2,4.8,4.1,0.034,0.07,6.06
7,2022,2,23,4,3.8,8.17,13.7,1100.4,6.1,4.18,0.041,0.076,6.33
7,2022,2,23,8,3.3,8.18,13.89,1135.0,3.8,4.11,0.053,0.069,6.18
7,2022,2,23,12,6.5,8.2,14.78,1088.3,4.0,4.37,0.054,0.077,5.97
7,2022,2,23,16,7.9,8.19,15.0,1050.9,5.1,4.7,0.059,0.077,5.72
7,2022,3,1,8,5.8,8.16,12.33,1065.7,5.2,4.88,0.027,0.075,5.95
7,2022,3,1,12,6.6,8.37,13.89,1055.9,4.9,5.11,0.025,0.078,5.66
7,2022,3,1,16,9.0,8.41,14.68,1035.8,5.9,5.51,0.025,0.078,5.08
7,2022,3,2,8,5.7,8.24,12.87,1058.7,5.7,4.76,0.029,0.071,6.58
7,2022,3,2,12,6.9,8.42,14.28,1058.7,5.9,5.36,0.025,0.073,5.79
7,2022,3,7,8,8.5,8.0,11.01,996.1,4.3,3.68,0.029,0.055,5.36
7,2022,3,7,12,9.9,8.06,11.71,1073.2,3.6,3.54,0.025,0.055,5.15
7,2022,3,8,8,9.7,7.91,10.8,991.0,4.5,3.4,0.025,0.057,5.32
7,2022,3,8,12,10.6,7.95,11.16,996.2,4.1,3.37,0.036,0.055,5.3
7,2022,3,8,16,11.5,8.04,12.33,1023.3,4.7,3.5,0.025,0.056,5.37
7,2022,3,8,20,11.2,8.05,13.98,1010.9,6.6,3.7,0.025,0.051,5.37
7,2022,3,9,0,10.8,8.01,13.06,1005.9,6.1,3.65,0.025,0.054,5.08
7,2022,3,9,4,10.1,7.91,12.37,1004.2,6.4,3.65,0.025,0.054,5.08
7,2022,3,9,8,9.8,7.91,11.82,1006.9,4.6,3.74,0.025,0.056,5.17
7,2022,3,9,12,10.7,7.96,12.61,1000.9,4.6,3.33,0.025,0.051,5.06
7,2022,3,9,16,12.2,8.06,13.85,999.6,6.0,3.52,0.025,0.052,4.93
7,2022,3,10,8,10.9,7.88,11.59,1008.9,6.8,3.71,0.025,0.059,4.98
7,2022,3,10,12,11.9,8.0,12.94,1002.0,7.7,3.7,0.025,0.057,5.05
7,2022,3,10,16,13.4,8.1,14.23,982.1,8.1,3.96,0.025,0.06,5.01
7,2022,3,11,8,11.9,7.94,11.75,999.6,6.6,4.22,0.025,0.064,4.84
7,2022,3,11,12,12.2,8.01,12.65,998.8,7.6,4.07,0.025,0.061,4.99
7,2022,3,11,16,12.4,8.13,13.97,997.9,7.6,4.23,0.025,0.063,4.81
7,2022,3,11,20,12.3,8.07,13.37,998.6,9.7,4.59,0.025,0.066,4.86
7,2022,3,12,16,12.7,8.23,14.46,997.3,8.0,4.61,0.025,0.066,4.77
7,2022,3,12,20,12.8,8.15,14.17,990.6,9.2,5.01,0.025,0.066,4.4
7,2022,3,13,0,12.1,8.02,12.94,989.4,10.1,5.01,0.025,0.066,4.4
7,2022,3,13,4,11.9,7.98,11.97,995.2,10.3,4.7,0.025,0.068,5.11
7,2022,3,13,8,11.4,7.96,11.66,1007.8,8.0,4.5,0.025,0.064,4.06
7,2022,3,13,12,12.4,8.1,13.62,991.6,8.1,4.62,0.025,0.066,5.38
7,2022,3,13,16,12.6,8.26,15.13,988.4,8.3,4.79,0.025,0.064,5.38
7,2022,3,13,20,12.4,8.19,13.2,994.1,10.5,4.44,0.025,0.066,4.93
7,2022,3,14,0,12.4,8.07,11.88,1079.4,10.0,4.44,0.025,0.066,4.93
7,2022,3,14,4,12.1,8.03,11.2,993.9,10.8,4.05,0.025,0.067,3.8
7,2022,3,14,8,11.8,8.0,10.82,996.4,9.4,4.17,0.025,0.065,4.0
7,2022,3,14,12,13.1,8.17,12.51,964.0,8.1,4.78,0.025,0.067,5.3
7,2022,3,14,16,14.8,8.2,13.82,1021.6,9.2,4.83,0.025,0.067,4.87
7,2022,3,15,8,12.1,8.04,11.08,996.7,9.6,4.23,0.025,0.066,4.29
7,2022,3,15,16,14.8,8.25,13.96,960.8,9.9,4.93,0.025,0.064,4.38
7,2022,3,16,0,13.8,8.09,12.27,965.5,11.9,5.01,0.025,0.067,4.35
7,2022,3,16,0,13.8,8.09,12.27,965.5,11.9,5.01,0.025,0.067,4.35
7,2022,3,16,12,13.6,8.18,12.44,972.1,9.2,4.49,0.025,0.066,4.29
7,2022,3,16,16,14.7,8.14,13.62,996.0,8.6,4.92,0.025,0.067,4.12
7,2022,3,16,20,13.8,8.15,12.92,969.3,10.6,4.98,0.025,0.065,4.39
7,2022,3,17,0,13.1,8.1,11.56,971.1,10.4,4.82,0.025,0.066,3.83
7,2022,3,17,0,13.1,8.1,11.56,971.1,10.4,4.82,0.025,0.066,3.83
7,2022,3,17,8,12.3,7.92,10.24,1083.0,8.6,4.42,0.025,0.065,3.99
7,2022,3,17,12,12.3,8.04,11.36,1088.9,7.2,4.22,0.027,0.063,4.14
7,2022,3,17,16,11.8,8.17,12.34,995.6,7.1,4.44,0.025,0.064,3.96
7,2022,3,17,20,11.4,8.11,11.83,998.4,7.8,4.54,0.025,0.063,3.59
7,2022,3,18,8,10.1,7.89,10.37,1004.4,7.5,4.24,0.025,0.06,3.99
7,2022,3,18,12,10.6,8.0,11.55,991.6,6.0,4.3,0.025,0.062,3.91
7,2022,3,18,16,8.9,7.86,12.34,1020.4,5.4,4.39,0.026,0.06,5.13
7,2022,3,23,12,11.1,8.17,12.7,995.0,12.3,4.0,0.025,0.06,3.91
7,2022,3,24,16,12.1,8.08,13.24,989.6,16.5,4.41,0.025,0.06,3.85
7,2022,3,24,20,12.1,8.07,12.44,989.0,11.7,4.15,0.025,0.061,3.81
7,2022,3,25,0,11.9,7.99,11.61,989.7,11.2,4.15,0.025,0.061,3.81
7,2022,3,25,4,11.6,7.94,11.1,998.3,9.6,4.05,0.025,0.06,3.89
7,2022,3,25,8,11.4,7.92,10.73,999.4,6.2,3.98,0.025,0.055,3.77
7,2022,3,25,12,12.1,8.01,11.83,1099.8,5.9,4.25,0.025,0.058,3.86
7,2022,3,25,16,12.6,8.09,12.7,977.4,10.0,4.3,0.025,0.057,3.65
7,2022,3,25,20,12.5,8.06,12.23,978.6,18.6,4.27,0.025,0.057,3.82
7,2022,3,26,0,11.8,7.97,11.21,997.9,9.6,4.27,0.025,0.057,3.82
7,2022,3,26,4,11.3,7.96,10.79,999.0,9.7,3.79,0.025,0.057,3.81
7,2022,3,26,8,10.9,7.96,10.78,1005.2,7.2,3.99,0.025,0.055,3.7
7,2022,3,26,12,12.6,8.0,12.41,977.1,10.0,3.96,0.025,0.057,3.89
7,2022,3,26,16,13.9,8.02,13.25,982.1,20.0,4.11,0.025,0.057,3.94
7,2022,3,26,20,13.2,8.02,12.36,981.9,14.4,3.99,0.025,0.057,4.11
7,2022,3,27,0,12.3,8.03,11.32,1114.1,10.5,3.99,0.025,0.057,4.11
7,2022,3,27,4,11.6,7.99,10.82,993.0,10.8,3.85,0.025,0.055,3.92
7,2022,3,27,8,11.6,7.95,10.57,995.6,6.8,3.86,0.025,0.054,3.92
7,2022,3,27,12,12.9,8.04,12.27,960.3,12.9,3.8,0.025,0.055,3.58
7,2022,3,27,16,14.8,8.02,13.4,977.6,11.0,4.12,0.025,0.057,3.74
7,2022,3,27,20,14.2,8.05,12.65,965.5,16.5,4.1,0.025,0.057,3.95
7,2022,3,28,0,13.0,7.99,11.81,970.8,10.9,4.1,0.025,0.057,3.95
7,2022,3,28,4,12.3,7.94,11.07,984.9,8.8,3.84,0.025,0.058,3.67
7,2022,3,28,8,12.2,7.88,10.75,980.2,7.9,4.04,0.026,0.058,3.95
7,2022,3,28,12,13.1,8.0,12.1,963.2,7.4,4.19,0.054,0.063,3.84
7,2022,3,28,16,14.4,8.01,12.82,955.6,14.1,4.36,0.096,0.064,4.22
7,2022,3,28,20,14.1,8.0,12.14,951.5,12.9,4.22,0.112,0.063,4.2
7,2022,3,29,0,13.4,7.92,11.13,957.6,10.5,4.22,0.112,0.063,4.2
7,2022,3,29,4,13.4,7.84,10.46,956.9,10.1,4.21,0.14,0.063,4.36
7,2022,3,29,8,13.4,7.85,10.14,964.2,8.7,4.19,0.151,0.064,4.05
7,2022,3,29,12,13.9,7.91,10.99,956.7,10.6,4.06,0.151,0.066,4.44
7,2022,3,29,16,14.1,7.94,11.25,956.3,11.7,4.63,0.224,0.068,4.44
7,2022,3,29,20,13.7,7.91,10.85,1058.4,8.1,4.33,0.319,0.068,4.41
7,2022,3,30,0,13.5,7.81,10.05,1050.2,8.9,4.33,0.319,0.068,4.41
7,2022,3,30,4,13.3,7.81,9.51,1093.3,11.9,4.18,0.489,0.068,4.83
7,2022,3,30,8,13.2,7.76,9.28,1092.2,11.0,4.06,0.544,0.066,4.9
7,2022,3,30,12,13.8,7.87,10.83,963.6,16.3,4.27,0.573,0.067,5.23
7,2022,3,30,16,13.3,8.03,12.13,1084.1,8.2,4.68,0.614,0.068,4.72
7,2022,3,30,20,12.6,7.96,11.53,984.7,5.5,4.78,0.66,0.067,4.93
7,2022,3,31,0,12.8,7.84,10.43,980.7,5.4,4.78,0.66,0.067,4.93
7,2022,3,31,4,12.2,7.8,9.89,980.3,5.5,4.32,0.741,0.069,4.61
7,2022,3,31,8,12.0,7.8,9.95,976.9,4.8,4.16,0.819,0.066,5.41
7,2022,3,31,12,13.4,7.96,12.08,974.0,4.8,4.62,0.865,0.071,4.61
7,2022,3,31,16,14.8,8.0,12.9,965.5,5.1,4.32,0.707,0.072,4.82
7,2022,3,31,20,14.2,7.96,12.26,963.5,5.3,4.4,0.836,0.075,5.0
7,2022,4,1,0,13.2,7.87,11.1,966.3,5.2,4.4,0.836,0.075,5.0
7,2022,4,1,4,12.7,7.78,10.35,1071.1,5.0,4.35,1.224,0.08,5.41
7,2022,4,1,12,13.7,7.92,12.17,962.0,4.5,4.96,1.647,0.085,5.74
7,2022,4,1,16,14.0,8.04,13.04,1031.9,5.0,6.72,1.57,0.085,8.63
7,2022,4,1,20,13.6,7.97,12.17,969.7,5.2,6.09,1.463,0.078,6.71
7,2022,4,2,0,13.0,7.84,11.41,1004.0,5.3,6.09,1.463,0.078,6.71
7,2022,4,2,4,12.3,7.77,10.69,1017.7,5.1,5.02,1.599,0.084,6.55
7,2022,4,2,8,11.9,7.79,10.58,1020.5,5.0,5.05,1.613,0.082,6.54
7,2022,4,2,16,15.1,8.08,14.18,988.6,5.6,6.05,1.378,0.087,6.02
7,2022,4,2,20,14.6,8.05,13.3,996.1,6.3,6.19,1.266,0.084,6.17
7,2022,4,3,0,13.4,7.93,11.77,1006.0,6.2,6.19,1.266,0.084,6.17
7,2022,4,3,4,12.9,7.83,10.79,1009.8,6.4,3.92,1.037,0.083,6.47
7,2022,4,3,8,12.6,7.8,10.14,1014.2,5.2,3.6,0.809,0.082,6.64
7,2022,4,3,12,13.9,8.01,12.74,1005.2,5.8,3.56,0.559,0.088,6.07
7,2022,4,3,20,15.0,8.09,12.77,986.5,7.0,4.21,0.442,0.079,6.14
7,2022,4,4,0,14.0,7.92,11.3,997.9,6.5,4.21,0.442,0.079,6.14
7,2022,4,4,4,13.4,7.87,10.34,1001.1,6.6,4.06,0.402,0.08,6.22
7,2022,4,4,8,13.4,7.96,10.2,1007.8,5.8,5.11,0.439,0.079,6.27
7,2022,4,4,16,16.2,8.24,14.34,973.6,6.6,5.41,0.256,0.08,5.77
7,2022,4,4,20,16.0,8.11,12.98,971.6,7.0,5.84,0.36,0.076,5.97
7,2022,4,5,0,15.3,7.96,11.37,965.5,6.6,5.84,0.36,0.076,5.97
7,2022,4,5,4,14.9,7.87,10.19,993.9,6.8,4.8,0.156,0.076,6.22
7,2022,4,5,8,14.6,7.83,9.72,990.1,6.9,5.05,0.345,0.077,6.14
7,2022,4,5,12,16.1,8.04,12.61,972.7,6.3,6.6,0.457,0.082,5.83
7,2022,4,5,16,17.8,8.14,14.28,944.7,6.7,6.08,0.235,0.08,5.63
7,2022,4,5,20,17.4,8.12,13.19,1051.8,8.0,4.41,0.227,0.077,6.05
7,2022,4,6,0,16.1,7.91,11.28,978.9,7.7,4.41,0.227,0.077,6.05
7,2022,4,6,4,15.2,7.8,9.86,980.1,6.6,4.35,0.397,0.077,6.14
7,2022,4,6,8,14.7,7.78,9.27,991.7,6.8,4.58,0.409,0.075,6.16
7,2022,4,6,12,15.1,8.0,11.61,986.0,6.2,4.23,0.329,0.079,5.95
7,2022,4,6,16,16.1,8.22,14.19,968.1,6.2,5.03,0.398,0.077,5.83
7,2022,4,6,20,15.8,8.12,12.87,973.9,8.2,4.96,0.359,0.075,6.03
7,2022,4,7,8,13.4,7.86,9.69,997.6,6.1,4.48,0.339,0.073,6.26
7,2022,4,7,12,14.9,8.1,12.46,983.4,5.8,4.73,0.306,0.073,6.12
7,2022,4,7,16,17.0,8.23,13.44,966.3,6.1,4.73,0.256,0.078,5.88
7,2022,4,7,20,17.0,8.07,12.79,965.7,9.5,5.09,0.202,0.078,5.48
7,2022,4,8,0,15.8,7.97,11.15,962.7,6.2,4.92,0.155,0.076,5.88
7,2022,4,8,4,14.9,7.91,10.1,990.1,6.4,4.92,0.16,0.076,5.88
7,2022,4,8,8,14.6,7.88,9.52,996.4,6.3,4.94,0.148,0.073,5.81
7,2022,4,8,12,15.9,8.05,11.55,980.9,6.1,4.94,0.141,0.074,5.84
7,2022,4,8,16,18.0,8.13,12.14,965.9,7.5,5.14,0.115,0.077,5.36
7,2022,4,8,20,17.9,8.04,11.36,964.4,7.1,5.07,0.074,0.074,5.42
7,2022,4,9,0,17.0,7.93,10.17,970.6,6.6,5.07,0.051,0.072,5.51
7,2022,4,9,4,16.6,7.85,9.27,972.2,6.8,5.07,0.051,0.072,5.51
7,2022,4,9,8,16.4,7.78,8.85,967.5,6.5,4.92,0.038,0.07,5.35
7,2022,4,9,12,17.8,7.97,10.33,949.9,6.4,4.79,0.039,0.069,5.43
7,2022,4,9,20,18.5,7.98,11.99,943.5,7.3,5.2,0.036,0.07,5.21
7,2022,4,10,0,18.5,7.79,10.25,918.7,6.4,5.92,0.069,0.069,4.75
7,2022,4,10,4,18.1,7.67,9.02,915.7,6.6,5.92,0.069,0.069,4.75
7,2022,4,10,8,18.1,7.64,8.72,909.8,6.1,5.28,0.107,0.067,4.9
7,2022,4,10,12,19.0,7.87,11.31,911.2,6.2,5.35,0.116,0.069,4.94
7,2022,4,10,16,20.4,7.93,12.59,922.4,6.6,5.7,0.094,0.071,4.8
7,2022,4,10,20,20.0,7.76,10.93,917.8,6.5,5.5,0.05,0.071,4.8
7,2022,4,11,0,19.4,7.67,9.21,912.7,6.0,5.34,0.057,0.071,4.92
7,2022,4,11,4,18.9,7.58,7.94,999.1,5.4,5.34,0.057,0.071,4.92
7,2022,4,11,8,18.6,7.52,7.36,959.7,5.3,5.01,0.073,0.068,4.86
7,2022,4,11,12,19.5,7.65,9.43,917.3,5.6,4.61,0.088,0.07,4.86
7,2022,4,11,16,20.0,7.77,11.04,918.8,6.4,4.73,0.08,0.072,4.65
7,2022,4,11,20,19.5,7.73,10.25,912.9,6.9,5.18,0.064,0.071,4.64
7,2022,4,12,0,18.5,7.63,8.48,935.4,7.0,5.12,0.069,0.073,4.78
7,2022,4,12,4,18.0,7.59,7.61,942.2,6.9,5.12,0.069,0.073,4.78
7,2022,4,12,8,17.5,7.55,7.33,937.4,5.9,4.79,0.092,0.07,4.92
7,2022,4,12,12,18.1,7.72,9.64,945.8,6.2,4.55,0.083,0.07,4.93
7,2022,4,12,16,19.4,7.81,11.3,915.5,6.3,4.38,0.068,0.072,4.71
7,2022,4,12,20,19.0,7.77,10.47,916.0,7.4,4.32,0.04,0.071,4.68
7,2022,4,13,0,17.8,7.69,9.2,931.6,5.5,4.3,0.031,0.069,4.79
7,2022,4,13,4,16.9,7.65,8.56,929.5,5.7,4.3,0.031,0.069,4.79
7,2022,4,13,8,16.5,7.67,8.54,933.6,5.4,4.43,0.028,0.068,4.79
7,2022,4,13,12,17.2,7.89,11.19,920.4,6.0,4.34,0.025,0.068,4.81
7,2022,4,13,16,18.4,8.05,12.72,915.0,6.6,4.12,0.025,0.071,4.64
7,2022,4,13,20,18.0,7.94,11.55,910.6,6.8,4.35,0.025,0.069,4.52
7,2022,4,14,0,16.9,7.83,9.88,917.5,5.2,4.45,0.025,0.069,4.57
7,2022,4,14,4,16.1,7.75,9.05,893.0,5.5,4.45,0.025,0.069,4.57
7,2022,4,14,8,15.7,7.76,9.22,919.4,5.7,4.86,0.025,0.068,4.55
7,2022,4,14,12,16.8,8.0,11.91,907.0,5.2,4.53,0.025,0.069,4.61
7,2022,4,14,16,18.0,8.22,13.63,888.0,6.0,5.05,0.025,0.072,4.27
7,2022,4,14,20,17.9,8.16,12.32,885.6,6.1,5.23,0.025,0.071,4.2
7,2022,4,15,8,14.9,7.82,9.73,899.1,6.0,4.84,0.025,0.069,4.43
7,2022,4,15,12,16.1,8.1,12.43,887.2,5.2,4.76,0.025,0.072,4.06
7,2022,4,15,16,18.0,8.25,13.93,879.2,6.7,4.9,0.025,0.071,3.85
7,2022,4,15,20,17.9,8.16,12.73,883.9,6.9,4.89,0.025,0.071,4.14
7,2022,4,16,0,16.4,8.06,11.28,886.5,6.4,4.89,0.025,0.071,4.14
7,2022,4,16,4,15.2,7.88,10.18,898.2,5.8,4.77,0.025,0.07,4.31
7,2022,4,16,8,14.8,7.89,10.17,904.5,5.6,4.75,0.025,0.07,4.1
7,2022,4,16,12,16.4,8.07,12.24,899.0,5.6,5.26,0.025,0.074,3.98
7,2022,4,16,16,18.1,8.24,13.16,886.5,7.9,4.84,0.025,0.071,3.86
7,2022,4,16,20,18.0,8.17,12.39,884.1,7.2,4.93,0.025,0.071,4.03
7,2022,4,17,0,16.8,8.02,11.08,895.4,7.2,4.93,0.025,0.071,4.03
7,2022,4,17,0,16.8,8.02,11.08,895.4,7.2,4.93,0.025,0.071,4.03
7,2022,4,17,12,16.1,8.1,11.57,891.3,6.0,5.11,0.025,0.075,3.85
7,2022,4,17,16,16.8,8.2,12.77,886.4,7.3,5.26,0.025,0.072,4.02
7,2022,4,17,20,16.8,8.19,12.01,882.4,7.6,5.29,0.025,0.072,4.0
7,2022,4,18,0,16.2,7.95,10.38,864.9,6.0,5.29,0.025,0.072,4.0
7,2022,4,18,4,15.9,7.83,9.61,882.5,6.4,5.01,0.025,0.072,3.99
7,2022,4,18,8,15.8,7.79,9.48,893.0,8.1,5.26,0.025,0.074,4.04
7,2022,4,18,12,16.8,8.04,11.8,873.6,6.4,5.1,0.025,0.077,3.85
7,2022,4,18,16,18.5,8.15,13.05,890.1,6.5,4.09,0.025,0.077,3.79
7,2022,4,18,20,18.5,8.12,11.66,934.8,6.9,3.96,0.025,0.073,3.98
7,2022,4,19,0,17.4,7.93,10.74,878.3,6.4,3.96,0.025,0.073,3.98
7,2022,4,19,4,16.6,7.82,9.63,884.6,6.8,3.92,0.025,0.07,3.98
7,2022,4,19,8,16.2,7.8,9.61,886.9,8.2,4.17,0.025,0.071,4.08
7,2022,4,19,12,17.6,8.04,12.11,877.4,7.1,8.08,0.025,0.083,3.7
7,2022,4,19,16,19.4,8.18,13.49,850.5,6.1,4.55,0.025,0.071,5.09
7,2022,4,19,20,19.5,8.24,13.08,866.6,7.8,6.16,0.025,0.075,3.92
7,2022,4,20,0,18.8,8.15,11.5,881.9,7.8,6.16,0.025,0.075,3.92
7,2022,4,20,4,17.8,7.99,10.48,881.7,6.5,6.42,0.025,0.074,3.85
7,2022,4,20,8,17.5,7.96,10.36,883.0,6.2,5.85,0.025,0.073,3.71
7,2022,4,20,12,18.9,8.22,12.66,887.1,8.2,6.62,0.025,0.075,3.62
7,2022,4,20,16,20.6,8.33,13.55,858.6,9.4,6.48,0.025,0.073,3.57
7,2022,4,20,20,20.5,8.21,12.51,857.1,11.4,6.92,0.025,0.072,3.77
7,2022,4,21,0,19.4,8.05,10.51,860.9,7.9,6.92,0.025,0.072,3.77
7,2022,4,21,4,18.8,7.84,9.14,969.9,6.7,6.14,0.025,0.072,3.62
7,2022,4,21,8,18.5,7.78,8.52,883.1,5.8,6.66,0.025,0.072,3.65
7,2022,4,21,12,19.4,7.94,10.5,864.2,6.8,7.07,0.025,0.073,3.24
7,2022,4,21,16,20.6,8.16,12.13,865.9,8.0,7.14,0.025,0.073,3.41
7,2022,4,21,20,20.8,8.01,11.06,860.2,6.8,7.29,0.025,0.072,3.4
7,2022,4,21,20,20.8,8.01,11.06,860.2,6.8,7.29,0.025,0.072,3.4
7,2022,4,22,4,18.4,7.67,8.43,890.2,5.5,6.54,0.025,0.071,3.43
7,2022,4,22,8,17.6,7.69,8.6,875.6,7.3,6.55,0.03,0.071,3.44
7,2022,4,22,12,18.4,8.01,11.35,858.3,6.0,5.71,0.025,0.074,3.23
7,2022,4,22,16,19.5,8.21,12.46,852.5,7.8,7.06,0.025,0.07,3.28
7,2022,4,22,20,19.6,8.02,11.67,853.5,6.4,6.85,0.025,0.068,3.35
7,2022,4,23,0,19.1,7.87,10.28,876.1,4.9,6.85,0.025,0.068,3.35
7,2022,4,23,4,18.6,7.74,9.05,877.1,5.8,5.54,0.025,0.07,3.31
7,2022,4,23,8,18.0,7.72,8.84,878.3,5.9,5.89,0.025,0.075,3.22
7,2022,4,23,12,18.2,8.0,11.27,908.1,7.8,5.89,0.025,0.077,3.22
7,2022,4,23,16,19.9,8.23,13.23,850.4,8.1,5.89,0.025,0.068,3.14
7,2022,4,23,20,20.5,8.17,12.25,853.9,7.4,6.06,0.025,0.072,3.1
7,2022,4,24,0,19.6,8.06,10.98,857.8,7.1,6.05,0.025,0.072,3.1
7,2022,4,24,4,19.0,7.87,10.04,901.5,7.0,6.05,0.025,0.072,3.1
7,2022,4,24,8,19.0,7.79,9.63,873.3,6.7,5.7,0.025,0.075,2.95
7,2022,4,24,12,20.0,7.98,11.44,853.0,8.7,5.7,0.025,0.075,2.95
7,2022,4,24,16,21.5,8.05,12.49,809.7,6.5,5.84,0.025,0.076,2.75
7,2022,4,24,20,21.8,7.91,11.81,861.9,7.5,5.81,0.025,0.072,2.77
7,2022,4,25,8,20.0,7.62,8.94,955.5,5.6,6.71,0.025,0.073,2.63
7,2022,4,25,12,21.0,7.8,11.0,861.8,6.7,6.66,0.036,0.075,2.77
7,2022,4,25,16,22.1,8.15,12.4,848.0,9.2,4.71,0.026,0.073,2.58
7,2022,4,25,20,22.2,8.05,11.49,866.6,6.1,6.35,0.025,0.076,2.96
7,2022,4,26,0,21.5,7.85,9.82,903.9,4.9,6.14,0.025,0.078,2.97
7,2022,4,26,4,20.9,7.65,8.2,889.9,5.0,6.06,0.025,0.078,2.82
7,2022,4,26,8,20.1,7.58,7.93,886.9,4.8,5.69,0.048,0.075,2.56
7,2022,4,26,12,19.9,7.88,10.75,883.4,6.1,5.71,0.059,0.078,2.87
7,2022,4,26,16,20.8,8.12,11.79,886.6,6.0,5.77,0.031,0.081,2.75
7,2022,4,26,20,20.1,8.03,10.84,882.4,6.4,5.87,0.025,0.077,2.62
7,2022,4,27,0,19.0,7.77,9.01,929.9,5.1,5.86,0.025,0.075,2.77
7,2022,4,27,4,18.2,7.55,7.61,890.1,3.9,5.78,0.025,0.076,2.58
7,2022,4,27,8,17.6,7.45,6.94,968.5,3.9,5.47,0.034,0.075,2.6
7,2022,4,27,12,17.6,7.62,8.65,944.6,4.2,5.4,0.051,0.077,2.72
7,2022,4,27,16,17.6,7.74,10.09,857.6,4.9,5.6,0.039,0.081,2.46
7,2022,4,27,20,17.5,7.71,9.98,960.5,5.3,5.71,0.046,0.08,2.43
7,2022,4,28,0,17.2,7.68,9.02,874.2,5.4,5.37,0.053,0.077,2.54
7,2022,4,28,4,16.9,7.54,8.11,870.0,4.5,5.37,0.051,0.077,2.54
7,2022,4,28,8,16.6,7.53,7.99,869.7,4.1,5.22,0.07,0.075,2.54
7,2022,4,28,12,17.0,7.75,9.99,932.5,5.9,5.38,0.069,0.073,2.72
7,2022,4,28,16,18.4,7.85,11.19,853.7,4.9,5.36,0.041,0.075,2.53
7,2022,4,28,20,18.0,7.9,10.84,858.5,5.2,5.34,0.028,0.07,2.49
7,2022,4,29,0,17.1,7.8,10.1,982.3,5.1,5.11,0.025,0.07,2.59
7,2022,4,29,4,16.9,7.74,9.29,890.5,4.8,5.11,0.025,0.07,2.59
7,2022,4,29,8,16.6,7.74,9.27,890.3,5.5,5.31,0.025,0.072,2.64
7,2022,4,29,12,17.6,7.97,11.38,864.0,6.7,5.66,0.025,0.074,2.72
7,2022,4,29,16,18.6,8.11,12.4,868.7,6.4,5.7,0.025,0.078,2.69
7,2022,4,29,20,18.4,7.99,11.11,875.3,6.2,5.83,0.025,0.076,2.71
7,2022,4,30,0,17.9,7.87,9.96,966.8,5.2,5.78,0.025,0.076,2.75
7,2022,4,30,4,17.2,7.73,8.99,993.2,5.2,5.78,0.026,0.076,2.75
7,2022,4,30,8,16.9,7.77,9.23,989.2,4.8,5.35,0.026,0.074,2.72
7,2022,4,30,12,17.1,8.03,11.78,907.5,5.9,5.4,0.025,0.072,2.98
7,2022,4,30,16,18.8,8.21,13.41,898.8,6.4,5.5,0.025,0.074,2.71
7,2022,4,30,20,18.9,8.18,12.43,902.9,5.9,5.57,0.025,0.071,2.67
7,2022,5,1,0,18.4,8.02,10.98,899.0,5.4,5.52,0.025,0.067,2.63
7,2022,5,1,4,17.4,7.88,9.87,892.8,5.4,5.52,0.025,0.067,2.63
7,2022,5,1,8,17.0,7.89,9.83,893.0,5.0,5.46,0.025,0.066,2.73
7,2022,5,1,12,17.6,8.1,11.92,893.4,5.5,5.35,0.025,0.066,2.81
7,2022,5,1,16,18.9,8.15,12.24,894.0,6.8,5.37,0.025,0.068,2.62
7,2022,5,1,20,18.8,8.13,11.88,894.2,6.2,5.26,0.025,0.066,2.7
7,2022,5,2,0,18.5,8.0,10.5,922.3,6.2,5.55,0.025,0.067,2.6
7,2022,5,2,4,18.0,7.82,9.43,896.2,6.4,5.55,0.025,0.067,2.6
7,2022,5,2,8,17.8,7.8,9.23,985.1,5.4,5.07,0.025,0.067,2.68
7,2022,5,2,12,18.1,8.03,11.21,897.1,5.8,4.97,0.025,0.064,2.81
7,2022,5,2,12,18.1,8.03,11.21,897.1,5.8,5.0,0.025,0.065,2.52
7,2022,6,7,8,23.6,7.14,4.26,877.2,5.5,5.22,0.081,0.105,0.62
7,2022,6,8,16,24.8,7.11,5.99,893.5,6.8,5.2,0.072,0.117,0.93
7,2022,6,8,20,24.6,6.95,7.71,931.6,9.8,5.14,0.062,0.114,0.81
7,2022,6,9,0,24.6,7.43,8.65,883.3,10.4,5.35,0.06,0.109,0.59
7,2022,6,9,4,23.9,7.36,7.74,885.5,8.8,5.35,0.06,0.109,0.59
7,2022,6,9,8,24.0,7.2,6.31,954.6,5.6,5.37,0.077,0.1,0.54
7,2022,6,9,12,23.9,7.14,6.34,882.1,6.7,5.02,0.081,0.099,0.61
7,2022,6,9,12,23.9,7.14,6.34,882.1,6.7,5.1,0.065,0.106,0.56
7,2022,6,9,16,24.2,7.16,6.76,886.1,5.9,5.09,0.053,0.106,0.54
7,2022,6,9,20,24.2,7.29,8.24,885.6,9.2,4.99,0.058,0.102,0.51
7,2022,6,10,0,24.0,7.38,8.54,881.7,9.8,4.99,0.058,0.102,0.51
7,2022,6,10,4,23.5,7.17,6.28,892.3,7.2,5.06,0.081,0.091,0.57
7,2022,6,10,8,23.1,7.08,5.37,898.6,4.5,4.97,0.083,0.093,0.54
7,2022,6,10,12,23.8,7.12,6.03,889.0,4.9,4.91,0.066,0.096,0.49
7,2022,6,10,16,24.5,7.31,9.08,962.3,6.2,5.35,0.046,0.093,0.57
7,2022,6,10,20,24.6,7.4,9.8,889.3,8.6,4.98,0.05,0.09,0.5
7,2022,6,11,0,24.4,7.31,8.22,884.7,7.6,4.98,0.05,0.09,0.5
7,2022,6,11,12,24.6,6.98,5.22,868.6,4.6,5.57,0.025,0.094,0.61
7,2022,6,11,16,25.6,7.12,7.73,843.3,6.2,5.37,0.029,0.093,0.54
7,2022,6,11,20,25.8,7.22,8.5,917.1,8.0,5.26,0.046,0.089,0.6
7,2022,6,12,0,25.1,7.1,6.81,856.3,7.9,5.26,0.046,0.089,0.6
7,2022,6,12,4,24.5,6.96,4.5,860.0,5.5,5.0,0.071,0.088,0.6
7,2022,6,12,8,24.2,6.89,3.48,856.5,3.5,4.9,0.096,0.095,0.71
7,2022,6,12,12,24.5,6.93,4.21,860.4,4.3,4.89,0.093,0.102,0.71
7,2022,6,12,16,25.6,7.16,7.36,836.8,5.2,5.11,0.078,0.095,0.7
7,2022,6,12,20,25.8,7.3,7.51,838.1,7.9,5.07,0.085,0.093,0.77
7,2022,6,13,0,25.0,7.19,5.28,919.7,5.7,5.07,0.085,0.093,0.77
7,2022,6,13,4,24.2,7.01,3.86,856.5,4.6,5.59,0.114,0.099,0.93
7,2022,6,13,8,23.9,6.95,3.7,860.6,3.4,5.3,0.124,0.1,0.96
7,2022,6,13,12,24.9,7.09,5.97,894.2,4.9,5.43,0.092,0.099,0.98
7,2022,6,13,16,25.5,7.4,8.75,860.3,5.6,5.64,0.063,0.092,1.05
7,2022,6,13,20,25.4,7.48,8.14,853.7,5.2,5.16,0.073,0.084,1.05
7,2022,6,14,0,24.6,7.37,6.11,902.5,5.2,5.16,0.073,0.084,1.05
7,2022,6,14,4,24.1,7.24,4.42,888.6,3.4,4.85,0.106,0.078,1.09
7,2022,6,14,8,24.0,7.18,4.11,895.5,2.6,4.75,0.101,0.08,1.09
7,2022,6,14,12,25.1,7.37,6.71,883.3,3.7,4.96,0.068,0.081,1.08
7,2022,6,14,16,26.0,7.74,9.82,871.6,4.5,5.01,0.043,0.076,1.1
7,2022,6,14,20,26.1,7.78,9.37,899.0,5.5,4.77,0.056,0.073,1.13
7,2022,6,15,0,25.1,7.65,7.14,870.7,4.5,4.77,0.056,0.073,1.13
7,2022,6,15,4,24.5,7.45,5.1,902.6,4.0,4.69,0.086,0.07,1.17
7,2022,6,15,8,24.2,7.32,4.37,900.6,2.8,4.69,0.086,0.07,1.17
7,2022,6,15,12,25.1,7.41,5.69,884.2,3.1,4.5,0.092,0.074,1.14
7,2022,6,15,16,26.2,7.76,8.88,880.4,5.2,4.48,0.079,0.076,1.14
7,2022,6,15,20,26.6,7.89,10.15,865.5,5.8,4.95,0.055,0.074,1.19
7,2022,6,16,0,26.0,7.8,8.44,887.7,6.0,4.9,0.055,0.07,1.11
7,2022,6,16,4,25.4,7.62,5.88,870.8,4.1,4.9,0.055,0.07,1.11
7,2022,6,16,8,25.1,7.53,4.64,897.2,2.9,4.26,0.088,0.065,1.19
7,2022,6,16,12,25.5,7.68,6.57,937.6,3.6,4.36,0.074,0.067,1.22
7,2022,6,16,16,26.8,7.87,10.26,890.5,4.6,4.52,0.062,0.069,1.2
7,2022,6,16,20,27.0,8.14,11.13,870.8,6.6,4.69,0.056,0.069,1.18
7,2022,6,17,0,26.4,7.95,9.06,895.4,5.7,5.04,0.061,0.067,1.13
7,2022,6,17,4,25.6,7.71,6.37,903.2,4.6,5.04,0.061,0.067,1.13
7,2022,6,17,8,25.2,7.62,5.28,900.5,3.2,4.66,0.085,0.063,1.07
7,2022,6,17,12,25.8,7.68,6.16,903.0,3.7,4.67,0.092,0.065,1.09
7,2022,6,17,16,27.0,7.82,8.65,909.6,5.2,4.74,0.078,0.069,1.03
7,2022,6,17,20,27.2,7.92,9.74,895.6,6.4,4.66,0.064,0.068,1.02
7,2022,6,18,0,26.8,7.9,8.93,891.9,6.4,5.04,0.064,0.067,1.02
7,2022,6,18,4,26.2,7.74,6.42,893.0,5.1,5.04,0.064,0.067,1.02
7,2022,6,18,8,25.9,7.64,5.18,900.1,3.4,4.72,0.096,0.064,1.09
7,2022,6,18,12,26.5,7.7,6.46,885.0,3.9,4.37,0.1,0.066,1.19
7,2022,6,18,16,27.8,7.94,9.68,903.7,5.1,5.04,0.073,0.068,1.08
7,2022,6,18,20,28.1,8.04,10.43,885.3,6.5,4.53,0.07,0.067,1.09
7,2022,6,19,0,27.6,7.83,8.02,889.7,5.8,4.4,0.064,0.064,1.07
7,2022,6,19,4,26.9,7.61,5.14,895.1,4.3,4.4,0.064,0.064,1.07
7,2022,6,19,8,26.4,7.56,4.19,898.9,2.6,4.19,0.102,0.061,1.05
7,2022,6,19,12,27.1,7.68,6.48,898.2,3.7,4.29,0.106,0.068,1.09
7,2022,6,19,16,28.5,7.88,9.66,914.9,5.8,4.5,0.076,0.069,1.04
7,2022,6,19,20,28.5,7.92,9.48,887.8,6.0,4.49,0.064,0.067,1.04
7,2022,6,20,0,27.8,7.68,6.55,890.3,4.8,4.38,0.07,0.063,1.04
7,2022,6,20,4,27.1,7.55,4.35,899.9,3.2,4.38,0.07,0.063,1.04
7,2022,6,20,8,26.8,7.49,3.79,900.7,2.1,4.39,0.106,0.063,1.01
7,2022,6,20,12,27.6,7.61,6.17,897.6,3.6,4.18,0.11,0.071,1.04
7,2022,6,20,16,28.9,7.84,9.1,899.3,5.2,4.28,0.079,0.072,1.01
7,2022,6,20,20,29.0,7.79,8.56,932.7,6.2,4.6,0.071,0.068,1.06
7,2022,6,21,0,28.4,7.62,5.75,884.3,4.3,4.38,0.079,0.065,1.08
7,2022,6,21,4,27.9,7.48,3.83,892.8,2.4,4.38,0.079,0.065,1.08
7,2022,6,21,8,27.6,7.45,3.21,898.0,1.9,3.98,0.117,0.068,1.08
7,2022,6,21,12,28.4,7.53,5.4,889.6,3.8,4.33,0.116,0.079,1.1
7,2022,6,22,8,27.2,7.39,2.79,891.3,1.6,4.8,0.144,0.078,1.14
7,2022,6,22,12,27.2,7.42,3.6,886.8,2.8,4.46,0.132,0.092,1.14
7,2022,6,22,16,27.6,7.42,3.86,903.3,3.4,5.04,0.105,0.091,1.23
7,2022,6,22,20,27.5,7.49,3.72,880.7,3.4,4.63,0.135,0.088,1.33
7,2022,6,23,0,27.1,7.48,2.78,873.4,2.1,4.63,0.176,0.088,1.33
7,2022,6,23,4,26.6,7.41,2.21,869.4,1.5,4.79,0.217,0.096,1.35
7,2022,6,23,8,26.4,7.43,2.49,874.7,1.2,4.48,0.244,0.101,1.43
7,2022,6,23,12,27.4,7.59,4.53,884.0,3.2,4.79,0.223,0.1,1.41
7,2022,6,23,16,28.8,7.72,6.61,933.3,4.4,4.93,0.173,0.094,1.47
7,2022,7,4,12,26.0,7.47,3.83,699.7,2.9,4.33,0.26,0.062,3.6
7,2022,7,4,16,26.8,7.55,5.55,670.0,3.2,4.33,0.357,0.062,3.6
7,2022,7,11,8,26.0,7.32,2.23,510.1,1.4,3.59,0.025,0.084,2.19
7,2022,7,11,12,26.5,7.39,3.64,510.4,1.7,3.57,0.025,0.083,2.28
7,2022,7,11,16,26.6,7.41,4.03,578.3,2.2,3.44,0.025,0.079,2.23
7,2022,7,13,8,24.9,7.4,2.41,552.2,1.0,3.2,0.025,0.067,2.55
7,2022,7,13,12,25.8,7.49,4.3,551.5,1.6,3.13,0.025,0.066,2.57
7,2022,7,13,16,26.9,7.53,5.15,551.0,1.9,3.07,0.025,0.065,2.54
7,2022,7,18,12,28.8,7.43,4.72,639.0,1.5,3.01,0.025,0.063,2.15
7,2022,7,18,16,29.8,7.42,5.53,627.4,2.0,2.93,0.025,0.062,2.17
7,2022,7,19,20,28.8,7.36,3.55,639.5,1.6,3.14,0.025,0.061,1.78
7,2022,7,20,12,28.2,7.44,4.67,645.0,1.9,3.1,0.025,0.06,1.56
7,2022,7,20,16,29.0,7.49,5.7,647.2,1.8,3.04,0.025,0.061,1.63
7,2022,7,21,8,27.2,7.34,2.14,729.8,1.0,3.19,0.026,0.06,1.51
7,2022,7,21,12,28.0,7.41,4.71,653.4,1.6,3.07,0.025,0.059,1.49
7,2022,7,22,8,27.8,7.3,2.01,671.6,0.9,2.99,0.025,0.059,1.5
7,2022,7,22,12,28.2,7.36,3.74,657.6,1.4,3.3,0.025,0.059,1.52
7,2022,7,22,20,28.2,7.34,2.66,666.3,1.5,3.11,0.029,0.059,1.58
7,2022,7,23,0,27.8,7.3,2.07,662.3,1.1,3.1,0.041,0.058,1.6
7,2022,7,23,4,27.2,7.3,1.58,666.0,1.0,3.1,0.041,0.058,1.6
7,2022,7,23,8,27.0,7.3,1.78,668.4,0.9,3.18,0.031,0.065,1.6
7,2022,7,23,12,27.6,7.39,3.96,671.2,1.8,3.46,0.028,0.065,1.64
7,2022,7,23,16,28.5,7.45,4.91,667.3,2.1,3.36,0.025,0.064,1.68
7,2022,7,23,20,28.5,7.31,3.32,669.1,2.0,3.21,0.026,0.062,1.81
7,2022,7,24,0,27.9,7.3,1.96,676.0,1.2,3.05,0.026,0.058,1.97
7,2022,7,24,4,27.6,7.28,1.61,756.8,0.9,3.14,0.025,0.057,1.94
7,2022,7,24,8,27.4,7.34,2.08,755.4,0.9,3.31,0.025,0.058,1.93
7,2022,7,24,12,28.0,7.39,4.21,673.9,1.8,3.22,0.025,0.058,1.98
7,2022,7,24,16,28.6,6.73,5.11,744.3,2.5,3.07,0.025,0.057,2.0
7,2022,7,24,20,28.9,7.27,3.46,762.1,1.7,3.07,0.025,0.06,2.31
7,2022,7,25,0,28.4,7.23,1.86,771.5,1.0,3.16,0.025,0.056,2.19
7,2022,7,25,4,28.1,7.24,1.47,776.0,0.8,3.14,0.025,0.054,2.05
7,2022,7,25,12,28.6,7.35,4.01,764.5,1.8,3.33,0.025,0.055,1.95
7,2022,7,25,16,29.0,7.36,4.43,782.7,2.2,3.14,0.025,0.056,1.91
7,2022,7,25,20,28.9,7.3,2.99,762.8,1.6,3.16,0.025,0.056,1.91
7,2022,7,26,0,28.4,7.22,1.75,759.2,0.9,3.06,0.025,0.054,1.86
7,2022,7,26,4,27.8,7.22,1.47,829.7,0.8,3.16,0.025,0.055,1.75
7,2022,7,26,8,27.6,7.27,1.98,846.5,0.9,3.07,0.025,0.055,1.66
7,2022,7,26,12,28.0,7.35,3.96,758.5,2.1,3.07,0.025,0.056,1.63
7,2022,7,26,16,28.8,7.4,4.96,769.6,2.1,3.17,0.025,0.056,1.61
7,2022,7,26,20,28.8,7.3,3.39,770.1,1.8,3.19,0.025,0.057,1.65
7,2022,7,27,0,28.2,7.24,1.81,777.0,1.0,3.36,0.025,0.056,1.62
7,2022,7,27,4,28.0,7.23,1.39,785.2,0.8,3.06,0.025,0.055,1.59
7,2022,7,27,8,27.8,7.26,1.63,869.6,0.8,3.03,0.025,0.056,1.55
7,2022,7,27,12,27.6,7.32,2.69,863.3,1.3,3.06,0.025,0.057,1.53
7,2022,7,27,16,27.6,7.32,3.09,870.8,2.0,3.18,0.025,0.058,1.47
7,2022,7,27,20,27.4,7.31,2.22,797.2,1.8,3.21,0.028,0.059,1.5
7,2022,7,27,20,27.4,7.31,2.22,797.2,1.8,3.32,0.028,0.061,1.56
7,2022,7,28,0,26.9,7.33,2.49,798.0,2.4,3.48,0.032,0.068,1.75
7,2022,7,28,4,26.4,7.34,2.59,797.2,2.3,3.61,0.053,0.069,1.88
7,2022,11,1,12,13.6,7.9,8.96,1169.9,2.2,3.53,0.025,0.033,4.89
7,2022,11,1,16,14.3,7.95,9.96,1140.6,2.4,3.54,0.025,0.033,4.99
7,2022,11,2,12,13.4,7.94,9.51,1159.5,2.0,3.48,0.025,0.032,5.08
7,2022,11,2,20,14.0,7.99,10.13,1157.4,3.2,3.3,0.025,0.033,5.12
7,2022,11,3,0,13.8,7.91,9.42,1200.9,2.3,3.27,0.025,0.034,5.19
7,2022,11,3,4,13.6,7.9,8.86,1215.7,2.6,3.27,0.025,0.034,5.19
7,2022,11,3,8,13.4,7.88,8.73,1256.5,2.1,3.42,0.025,0.031,5.04
7,2022,11,3,12,13.6,8.0,9.81,1167.9,1.9,3.23,0.025,0.032,5.21
7,2022,11,3,16,14.1,8.02,10.78,1159.6,1.9,3.27,0.025,0.032,5.17
7,2022,11,3,20,13.9,8.04,10.38,1238.2,4.6,3.4,0.025,0.031,5.08
7,2022,11,4,0,13.4,7.97,9.69,1222.8,2.3,3.11,0.025,0.034,5.06
7,2022,11,4,4,12.6,7.97,9.07,1153.9,2.0,3.11,0.025,0.034,5.06
7,2022,11,4,8,11.9,7.98,9.03,1161.8,1.7,3.24,0.025,0.03,5.05
7,2022,11,4,12,12.8,8.06,10.03,1212.2,1.8,3.26,0.025,0.031,5.02
7,2022,11,4,16,13.4,8.08,11.15,1202.1,2.0,3.33,0.025,0.031,5.09
7,2022,11,4,20,13.4,8.08,10.87,1233.5,2.1,3.28,0.025,0.03,5.07
7,2022,11,5,0,12.8,8.0,10.11,1137.1,2.1,3.12,0.025,0.03,5.14
7,2022,11,5,4,11.9,8.04,9.54,1153.9,1.8,3.12,0.025,0.03,5.14
7,2022,11,5,8,11.4,8.03,9.42,1165.6,1.7,3.3,0.025,0.029,5.09
7,2022,11,5,12,12.3,8.12,10.46,1130.1,1.8,3.21,0.025,0.03,5.08
7,2022,11,5,16,13.1,7.64,10.5,1139.4,2.0,3.08,0.025,0.029,5.09
7,2022,11,5,20,12.9,7.88,10.21,1157.2,2.3,2.91,0.025,0.029,5.11
7,2022,11,6,0,12.4,7.86,9.6,1250.1,1.9,2.81,0.025,0.03,5.12
7,2022,11,6,4,11.9,7.87,9.16,1150.4,1.9,2.81,0.025,0.03,5.12
7,2022,11,6,8,11.8,7.85,8.96,1136.1,1.7,2.61,0.025,0.029,5.09
7,2022,11,6,12,11.9,7.88,9.26,1164.0,1.7,2.76,0.025,0.03,5.03
7,2022,11,6,16,12.2,7.9,9.67,1136.3,1.7,2.76,0.025,0.03,5.03
7,2022,11,6,20,12.2,7.9,9.45,1141.8,2.2,2.81,0.025,0.029,5.1
7,2022,11,7,0,11.9,7.86,9.03,1167.9,1.8,2.81,0.025,0.029,5.1
7,2022,11,7,4,11.4,7.86,8.73,1148.3,1.9,2.64,0.025,0.035,5.08
7,2022,11,7,8,10.9,7.88,8.64,1162.4,1.8,2.74,0.025,0.029,5.09
7,2022,11,7,12,11.8,7.92,9.67,1234.7,1.7,2.9,0.025,0.029,4.98
7,2022,11,7,16,12.6,7.96,10.75,1135.1,1.8,2.81,0.025,0.029,5.23
7,2022,11,7,20,12.4,7.93,10.24,1134.2,1.9,2.73,0.025,0.029,5.15
7,2022,11,8,0,11.8,7.9,9.62,1240.0,1.9,2.73,0.025,0.029,5.15
7,2022,11,8,4,11.1,7.91,9.19,1148.4,2.2,2.71,0.025,0.029,5.12
7,2022,11,8,8,10.8,7.91,9.09,1163.5,1.6,2.7,0.025,0.03,5.06
7,2022,11,8,12,11.4,7.95,10.04,1188.0,1.8,2.77,0.025,0.028,5.18
7,2022,11,8,16,12.0,8.04,11.01,1133.4,1.7,2.83,0.025,0.028,5.21
7,2022,11,8,20,12.1,7.98,10.83,1128.1,1.8,2.73,0.025,0.028,5.19
7,2022,11,9,0,11.8,7.96,10.13,1131.1,2.0,2.73,0.025,0.028,5.19
7,2022,11,9,4,11.2,7.91,9.61,1143.4,2.0,2.72,0.025,0.028,5.12
7,2022,11,9,8,10.9,7.97,9.44,1142.1,2.0,2.79,0.025,0.029,5.25
7,2022,11,9,12,11.3,8.0,10.37,1164.4,2.0,2.87,0.025,0.031,5.17
7,2022,11,9,16,11.8,8.03,11.11,1128.9,2.4,3.04,0.025,0.032,5.11
7,2022,11,9,20,11.8,8.05,10.7,1128.1,2.7,3.08,0.025,0.033,5.19
7,2022,11,10,0,11.8,7.97,10.13,1135.9,2.5,3.08,0.025,0.033,5.19
7,2022,11,10,4,11.6,7.94,9.77,1131.6,2.8,3.18,0.025,0.033,5.23
7,2022,11,10,8,11.3,7.96,9.64,1128.7,3.0,3.29,0.025,0.036,5.28
7,2022,11,10,12,11.8,8.0,11.17,1130.1,3.0,3.59,0.025,0.039,5.36
7,2022,11,10,16,12.5,8.14,12.38,1115.9,3.3,4.02,0.025,0.041,5.44
7,2022,11,10,20,12.4,8.11,11.71,1117.6,3.3,3.73,0.025,0.04,5.25
7,2022,11,11,0,12.3,8.01,10.9,1134.0,3.0,3.73,0.025,0.04,5.25
7,2022,11,11,4,12.3,7.99,10.25,1133.9,3.5,3.42,0.025,0.039,5.19
7,2022,11,11,8,12.3,7.91,9.78,1132.5,3.1,3.7,0.025,0.041,5.36
7,2022,11,11,12,12.4,7.91,9.7,1120.7,2.8,3.89,0.025,0.043,5.21
7,2022,11,11,16,12.4,7.92,9.78,1112.2,3.1,4.16,0.025,0.045,5.26
7,2022,11,11,20,12.6,7.9,9.55,1119.4,3.1,3.9,0.04,0.043,5.4
7,2022,11,12,0,12.6,7.85,9.11,1096.0,4.0,3.9,0.04,0.043,5.4
7,2022,11,12,4,12.6,7.83,8.67,1073.3,4.4,3.88,0.087,0.048,5.37
7,2022,11,12,8,12.5,7.84,8.38,1095.0,3.8,4.47,0.087,0.057,5.36
7,2022,11,12,12,12.6,7.97,10.39,1079.2,4.7,5.22,0.051,0.063,5.34
7,2022,11,12,16,12.8,8.05,10.83,1072.4,5.7,5.06,0.046,0.066,5.31
7,2022,11,12,20,12.4,7.95,9.82,1109.0,5.3,4.53,0.048,0.069,5.37
7,2022,11,13,0,11.9,7.91,9.47,1106.5,4.5,4.53,0.048,0.069,5.37
7,2022,11,13,4,11.4,7.93,9.23,1119.3,4.2,4.1,0.025,0.06,5.4
7,2022,11,13,8,10.9,7.95,9.06,1228.7,4.1,4.25,0.025,0.064,5.51
7,2022,11,13,12,11.1,8.04,10.49,1113.7,4.2,5.37,0.025,0.08,5.64
7,2022,11,13,16,12.9,8.17,12.24,1236.9,4.5,4.97,0.025,0.07,5.56
7,2022,11,13,20,10.9,8.08,11.57,1266.8,3.5,4.25,0.025,0.059,5.42
7,2022,11,14,0,10.6,8.06,11.11,1279.0,3.0,4.25,0.025,0.059,5.42
7,2022,11,14,4,10.1,8.06,10.8,1281.2,3.2,3.78,0.025,0.05,5.44
7,2022,11,14,8,9.6,8.11,10.63,1303.5,3.3,3.83,0.025,0.056,5.38
7,2022,11,14,12,10.3,8.14,12.41,1273.3,3.7,4.79,0.025,0.067,5.36
7,2022,11,14,16,11.1,8.24,13.58,1345.9,3.9,5.03,0.025,0.066,5.49
7,2022,11,14,16,11.1,8.24,13.58,1345.9,3.9,5.03,0.025,0.066,5.49
7,2022,11,14,20,10.9,8.18,12.58,1330.7,3.8,4.13,0.025,0.053,5.5
7,2022,11,15,0,10.1,8.15,11.81,1282.6,3.2,4.13,0.025,0.053,5.5
7,2022,11,15,4,9.6,8.08,11.36,1248.7,3.6,3.86,0.025,0.047,5.41
7,2022,11,15,8,9.2,8.08,11.04,1309.3,3.0,3.84,0.025,0.05,5.44
7,2022,11,15,12,10.1,8.13,12.41,1273.9,3.0,4.21,0.025,0.051,5.59
7,2022,11,15,16,11.0,8.19,14.23,1348.2,3.6,4.97,0.025,0.056,5.66
7,2022,11,16,8,9.3,8.17,11.57,1290.2,3.2,4.0,0.025,0.047,5.48
7,2022,11,16,12,10.2,8.21,13.14,1266.7,3.6,4.59,0.025,0.055,5.46
7,2022,11,16,20,10.8,8.23,13.44,1368.0,3.4,4.84,0.025,0.057,5.62
7,2022,11,16,20,10.8,8.23,13.44,1368.0,3.4,4.22,0.025,0.05,5.5
7,2022,11,17,4,9.7,8.13,11.89,1291.9,3.2,3.87,0.025,0.045,5.65
7,2022,11,17,8,9.2,8.16,11.62,1280.0,2.9,3.72,0.025,0.042,5.42
7,2022,11,17,12,9.9,8.15,12.93,1266.0,3.1,3.99,0.025,0.046,5.5
7,2022,11,17,20,10.9,8.23,14.55,1358.7,3.8,5.02,0.025,0.057,5.56
7,2022,11,17,20,10.9,8.23,14.55,1358.7,3.8,4.55,0.025,0.052,5.54
7,2022,11,18,4,9.9,8.18,12.53,1264.0,4.4,4.25,0.025,0.05,5.4
7,2022,11,18,8,9.7,8.14,12.01,1274.0,3.7,4.05,0.025,0.049,5.31
7,2022,11,18,12,10.1,8.25,13.26,1249.0,4.0,4.4,0.025,0.051,5.54
7,2022,11,18,16,10.6,8.22,14.24,1343.0,3.8,5.21,0.025,0.058,5.34
7,2022,11,18,20,10.6,8.18,13.3,1316.6,3.9,5.15,0.025,0.058,5.46
7,2022,11,19,0,10.6,8.09,12.43,1325.3,4.0,4.51,0.025,0.051,5.52
7,2022,11,19,4,10.6,8.11,11.81,1316.9,3.0,4.02,0.025,0.046,5.44
7,2022,11,19,8,10.6,8.02,11.41,1318.2,3.6,3.94,0.025,0.044,5.45
7,2022,11,19,12,10.9,8.21,13.14,1311.6,6.7,4.52,0.025,0.051,5.61
7,2022,11,19,16,11.4,8.26,14.96,1228.0,5.8,5.23,0.025,0.056,5.21
7,2022,11,19,20,11.2,8.23,14.14,1211.8,5.6,5.56,0.025,0.059,5.46
7,2022,11,20,0,10.9,8.17,12.94,1267.8,4.4,4.97,0.025,0.051,5.4
7,2022,11,20,4,10.5,8.08,12.22,1230.7,5.0,4.35,0.025,0.046,5.37
7,2022,11,20,8,10.4,8.06,11.68,1229.8,4.3,4.28,0.025,0.045,5.2
7,2022,11,20,12,10.9,8.05,12.19,1245.9,4.6,4.18,0.025,0.047,5.47
7,2022,11,20,16,11.1,8.12,12.86,1319.1,4.9,5.07,0.025,0.054,5.29
7,2022,11,20,20,11.1,8.07,12.32,1308.3,4.7,5.29,0.025,0.057,5.4
7,2022,11,21,0,11.1,8.02,11.58,1245.3,4.4,4.52,0.025,0.049,5.41
7,2022,11,21,4,10.9,7.99,10.97,1210.4,4.0,4.52,0.025,0.049,5.41
7,2022,11,21,12,10.9,8.08,12.52,1284.1,5.0,5.15,0.045,0.058,5.34
7,2022,11,21,16,11.6,8.13,14.1,1201.0,8.1,5.56,0.039,0.054,5.38
7,2022,11,21,20,11.4,8.06,13.03,1206.0,3.9,4.26,0.046,0.046,5.33
7,2022,11,22,0,10.9,8.05,12.04,1241.4,3.3,4.26,0.046,0.046,5.33
7,2022,11,22,4,10.7,8.02,11.37,1215.4,3.7,3.72,0.047,0.043,5.28
7,2022,11,22,8,10.5,7.99,11.02,1212.7,3.8,4.34,0.037,0.047,5.48
7,2022,11,22,12,10.9,8.12,12.71,1275.3,6.2,5.37,0.025,0.058,5.24
7,2022,11,22,16,11.2,8.2,14.4,1204.9,5.0,5.61,0.025,0.058,5.52
7,2022,11,22,20,11.1,8.13,13.4,1213.7,4.3,4.98,0.025,0.048,5.3
7,2022,11,23,0,10.6,8.12,12.41,1195.2,3.5,4.98,0.025,0.048,5.3
7,2022,11,23,4,9.9,8.06,11.76,1212.6,4.0,4.36,0.025,0.042,5.16
7,2022,11,23,8,9.6,8.1,11.45,1176.9,4.4,4.73,0.025,0.05,5.33
7,2022,11,23,12,10.2,8.23,13.44,1184.7,5.4,6.08,0.025,0.058,5.22
7,2022,11,23,16,10.9,8.28,15.23,1200.3,5.5,6.14,0.025,0.061,5.24
7,2022,11,23,20,10.9,8.21,14.23,1239.7,5.8,5.65,0.025,0.055,5.23
7,2022,11,24,0,10.3,8.15,13.24,1181.3,5.1,5.65,0.025,0.055,5.23
7,2022,11,24,4,9.8,8.16,12.46,1202.4,5.1,4.72,0.025,0.051,5.02
7,2022,11,24,8,9.4,8.16,12.01,1180.0,4.7,5.37,0.025,0.055,5.12
7,2022,11,24,12,9.9,8.22,13.74,1174.8,4.6,6.54,0.025,0.067,5.13
7,2022,11,24,16,10.6,8.33,15.12,1174.9,5.4,6.46,0.025,0.067,5.18
7,2022,11,24,20,10.4,8.27,14.27,1144.1,5.3,5.59,0.025,0.056,5.14
7,2022,11,25,0,9.9,8.2,13.22,1162.2,4.9,5.59,0.025,0.056,5.14
7,2022,11,25,4,9.8,8.16,12.48,1162.8,4.5,5.05,0.025,0.05,4.95
7,2022,11,25,8,9.6,8.15,12.01,1176.6,4.7,5.37,0.025,0.057,5.2
7,2022,11,25,12,9.9,8.25,13.42,1152.0,5.8,6.32,0.025,0.068,5.01
7,2022,11,25,12,9.9,8.25,13.42,1152.0,5.8,6.32,0.025,0.068,5.01
7,2022,11,25,16,10.7,8.33,15.21,1179.5,7.4,6.88,0.025,0.07,5.28
7,2022,11,25,20,10.2,8.26,14.37,1142.0,5.2,6.35,0.025,0.06,5.16
7,2022,11,26,0,9.4,8.27,13.19,1144.4,6.1,6.35,0.025,0.06,5.16
7,2022,11,26,4,8.4,8.2,12.5,1134.7,4.1,5.02,0.025,0.052,4.97
7,2022,11,26,8,7.7,8.24,12.18,1178.7,4.4,5.63,0.025,0.055,5.16
7,2022,11,26,12,7.6,8.37,13.48,1183.8,5.6,6.49,0.025,0.069,4.87
7,2022,11,26,16,8.1,8.49,14.82,1148.4,6.6,6.49,0.025,0.069,4.87
7,2022,11,28,8,7.8,8.33,13.21,1158.7,5.4,5.29,0.025,0.055,4.9
7,2022,11,28,12,8.1,8.4,14.48,1138.2,5.9,5.24,0.025,0.053,5.25
7,2022,11,28,16,8.6,8.45,15.4,1122.7,7.3,6.6,0.025,0.074,5.19
7,2022,11,29,8,4.6,8.5,13.14,1244.2,4.6,5.17,0.025,0.057,4.89
7,2022,11,29,12,4.3,8.56,14.3,1243.2,6.2,5.71,0.025,0.064,5.18
7,2022,11,29,16,4.3,8.58,14.93,1246.7,6.3,6.37,0.025,0.071,5.24
7,2022,11,29,20,3.2,8.6,14.52,1248.2,5.4,6.9,0.025,0.063,5.23
7,2022,11,30,0,2.3,8.59,14.26,1285.8,4.4,6.3,0.025,0.063,5.23
7,2022,11,30,4,1.8,8.61,14.13,1289.2,4.0,6.3,0.025,0.041,4.96
7,2022,11,30,8,1.4,8.52,14.12,1306.8,4.1,4.81,0.025,0.036,5.05
7,2022,11,30,12,1.9,8.6,14.54,1241.0,4.4,4.52,0.025,0.046,5.3
7,2022,11,30,16,2.7,8.61,15.12,1267.8,4.6,4.54,0.025,0.051,5.21
7,2022,11,30,20,2.5,8.58,14.97,1281.2,4.7,4.71,0.025,0.055,5.31
7,2022,12,1,0,2.0,8.53,14.69,1239.8,5.1,5.06,0.025,0.055,5.31
7,2022,12,1,4,1.5,8.55,14.48,1327.5,4.2,5.06,0.025,0.034,5.67
7,2022,12,1,12,1.7,8.6,14.82,1333.2,4.4,4.02,0.028,0.043,6.13
7,2022,12,1,16,2.3,8.57,15.19,1318.5,5.3,4.16,0.034,0.049,5.95
7,2022,12,2,0,1.5,8.56,14.7,1336.9,4.2,4.34,0.037,0.047,6.02
7,2022,12,2,4,1.3,8.52,14.44,1354.4,3.8,4.34,0.037,0.031,5.89
7,2022,12,2,8,1.1,8.49,14.43,1371.5,3.4,3.67,0.038,0.029,5.95
7,2022,12,2,12,1.5,8.52,14.78,1357.5,3.6,3.67,0.037,0.038,6.05
7,2022,12,2,16,1.9,8.52,15.17,1328.8,4.0,3.78,0.037,0.042,5.99
7,2022,12,2,20,1.7,8.51,14.9,1344.5,3.9,4.17,0.04,0.041,6.2
7,2022,12,3,0,1.3,8.45,14.68,1362.9,3.7,3.69,0.04,0.041,6.2
7,2022,12,3,4,1.1,8.44,14.55,1385.3,4.4,3.69,0.039,0.022,6.13
7,2022,12,3,12,1.5,8.54,14.63,1304.8,4.0,3.43,0.045,0.039,6.29
7,2022,12,3,16,2.0,8.56,15.01,1365.8,4.9,3.46,0.041,0.046,6.3
7,2022,12,3,20,1.8,8.48,14.8,1370.5,3.6,3.67,0.042,0.043,6.14
7,2022,12,4,0,1.4,8.47,14.59,1399.9,4.3,3.54,0.042,0.043,6.14
7,2022,12,4,4,1.1,8.46,14.39,1414.3,3.2,3.52,0.041,0.025,6.25
7,2022,12,4,8,0.9,8.45,14.39,1424.3,4.0,3.78,0.043,0.016,6.32
7,2022,12,4,12,1.6,8.5,14.87,1391.3,3.9,3.78,0.041,0.043,6.32
7,2022,12,4,16,2.4,8.49,15.31,1377.3,4.4,3.86,0.037,0.047,6.25
7,2022,12,4,20,2.1,8.44,14.97,1399.0,3.9,3.66,0.037,0.047,6.21
7,2022,12,5,0,1.7,8.48,14.71,1330.9,3.6,3.66,0.037,0.047,6.21
7,2022,12,5,4,1.4,8.47,14.57,1431.6,3.5,3.66,0.03,0.034,6.14
7,2022,12,5,8,1.2,8.47,14.51,1441.6,3.4,3.32,0.033,0.026,6.38
7,2022,12,5,12,1.9,8.46,15.05,1422.9,3.7,3.57,0.027,0.052,6.22
7,2022,12,5,16,2.8,8.47,15.49,1397.2,3.7,3.6,0.025,0.052,6.36
7,2022,12,6,0,1.9,8.46,14.82,1360.8,3.6,3.75,0.025,0.05,6.4
7,2022,12,6,4,1.7,8.49,14.63,1440.1,3.4,3.41,0.025,0.039,6.07
7,2022,12,6,8,1.4,8.49,14.5,1461.4,4.2,3.24,0.025,0.031,6.43
7,2022,12,6,12,2.1,8.45,15.17,1432.1,4.1,3.24,0.025,0.045,6.36
7,2022,12,6,16,2.5,8.54,15.57,1404.7,3.8,4.14,0.025,0.041,8.17
7,2022,12,6,20,2.6,7.5,15.3,1274.4,3.2,3.87,0.025,0.043,9.08
7,2022,12,7,0,1.6,7.91,14.92,1298.5,3.8,3.87,0.025,0.043,9.08
7,2022,12,7,4,1.5,7.95,14.71,1298.6,3.5,3.72,0.025,0.046,7.18
7,2022,12,7,8,1.3,7.95,14.58,1319.6,3.4,3.34,0.025,0.048,7.34
7,2022,12,7,12,1.9,7.99,15.1,1290.7,3.6,3.9,0.025,0.043,8.49
7,2022,12,7,16,2.8,7.99,15.6,1261.3,3.6,3.86,0.025,0.041,8.79
7,2022,12,7,20,2.4,7.96,15.1,1279.4,3.2,3.82,0.025,0.041,9.73
7,2022,12,8,0,2.0,7.92,14.81,1289.3,3.2,3.82,0.025,0.041,9.73
7,2022,12,8,4,1.9,7.91,14.53,1297.6,3.6,3.64,0.025,0.043,9.17
7,2022,12,8,8,1.9,7.93,14.26,1300.6,3.1,3.35,0.025,0.04,8.45
7,2022,12,8,12,2.4,7.97,14.82,1282.3,3.3,3.48,0.025,0.039,9.22
7,2022,12,8,16,3.1,7.94,15.34,1244.9,3.3,3.62,0.025,0.04,9.37
7,2022,12,8,20,2.8,7.93,14.83,1261.8,3.0,3.45,0.025,0.038,9.15
7,2022,12,9,0,2.4,7.88,14.41,1284.1,2.9,3.45,0.025,0.038,9.15
7,2022,12,9,4,2.1,7.89,14.2,1291.2,2.8,3.2,0.026,0.039,8.21
7,2022,12,9,8,2.0,7.87,14.12,1303.0,2.9,2.92,0.025,0.04,8.4
7,2022,12,9,12,2.5,7.91,14.64,1272.8,3.0,3.27,0.025,0.038,9.72
7,2022,12,9,16,3.3,7.93,15.16,1252.1,3.0,3.4,0.029,0.039,9.35
7,2022,12,9,20,3.0,7.88,14.58,1259.3,2.8,3.28,0.033,0.036,9.21
7,2022,12,10,0,2.7,7.84,14.15,1270.0,2.6,3.28,0.033,0.036,9.21
7,2022,12,10,4,2.5,7.85,13.88,1272.9,3.0,3.05,0.038,0.036,9.14
7,2022,12,10,8,2.2,7.87,13.81,1288.9,2.7,2.96,0.039,0.036,9.47
7,2022,12,10,12,2.5,7.89,14.48,1274.4,2.8,3.1,0.042,0.037,8.76
7,2022,12,10,16,3.2,7.88,14.87,1253.7,2.9,3.33,0.04,0.038,9.53
7,2022,12,10,20,2.6,7.87,14.42,1264.9,4.2,3.62,0.046,0.047,9.71
7,2022,12,11,0,2.1,7.82,13.74,1294.9,2.4,3.62,0.046,0.047,9.71
7,2022,12,11,4,1.8,7.84,13.55,1306.4,2.5,3.25,0.045,0.04,9.59
7,2022,12,11,8,1.6,7.81,13.48,1301.0,2.6,3.18,0.047,0.039,9.81
7,2022,12,11,12,2.2,7.89,13.94,1294.1,2.6,3.31,0.044,0.038,9.62
7,2022,12,11,16,3.1,7.89,14.67,1270.5,2.7,3.43,0.042,0.036,9.97
7,2022,12,11,20,2.8,7.86,14.23,1273.5,2.4,3.28,0.041,0.036,10.19
7,2022,12,12,0,2.5,7.83,13.72,1284.5,2.5,3.28,0.041,0.036,10.19
7,2022,12,12,4,2.3,7.78,13.5,1288.2,2.4,3.18,0.045,0.036,10.07
7,2022,12,12,8,2.0,7.81,13.36,1291.8,2.4,3.03,0.052,0.035,10.56
7,2022,12,12,12,2.5,7.84,13.87,1277.0,2.5,3.07,0.049,0.035,10.18
7,2022,12,12,16,2.9,7.87,14.21,1256.4,2.4,3.2,0.041,0.035,10.33
7,2022,12,12,20,2.6,7.84,13.69,1271.1,2.1,2.97,0.048,0.035,10.41
7,2022,12,13,0,2.3,7.81,13.46,1286.1,2.2,2.97,0.048,0.035,10.41
7,2022,12,13,4,2.1,7.81,13.28,1280.6,2.1,2.82,0.043,0.035,10.04
7,2022,12,13,8,1.7,7.79,13.27,1229.0,2.0,2.86,0.05,0.036,10.21
7,2022,12,13,12,1.8,7.86,13.88,1294.0,2.3,2.88,0.047,0.038,10.16
7,2022,12,13,16,2.2,7.88,14.39,1288.0,2.3,2.84,0.047,0.039,10.09
7,2022,12,13,20,1.7,7.86,14.07,1295.4,2.1,2.82,0.046,0.039,10.0
7,2022,12,14,0,1.2,7.81,13.85,1302.9,2.1,2.82,0.046,0.039,10.0
7,2022,12,14,4,1.0,7.84,13.72,1311.1,2.2,2.73,0.051,0.042,9.65
7,2022,12,14,8,0.8,7.84,13.64,1321.3,2.0,2.73,0.053,0.043,9.69
7,2022,12,14,12,1.2,7.86,14.02,1311.5,2.4,2.86,0.045,0.039,10.59
7,2022,12,14,16,1.8,7.89,14.65,1280.7,2.4,2.76,0.049,0.038,10.55
7,2022,12,14,20,1.5,7.84,14.33,1296.0,2.2,2.76,0.055,0.044,11.34
7,2022,12,15,0,1.2,7.83,13.95,1289.9,2.2,2.76,0.055,0.044,11.34
7,2022,12,15,4,1.0,7.79,13.79,1307.4,2.4,2.71,0.063,0.042,10.35
7,2022,12,15,8,0.8,7.79,13.74,1312.0,2.2,2.82,0.065,0.039,10.4
7,2022,12,15,12,1.0,7.85,14.26,1267.3,2.3,2.65,0.067,0.039,10.64
7,2022,12,15,16,1.4,7.88,14.57,1284.7,2.3,2.74,0.072,0.043,10.48
7,2022,12,15,20,0.9,7.87,14.32,1298.6,2.1,2.62,0.067,0.043,10.38
7,2022,12,16,0,0.7,7.82,14.17,1310.6,2.5,2.62,0.067,0.043,10.38
7,2022,12,16,4,0.6,7.83,14.04,1308.2,2.3,2.47,0.072,0.044,10.2
7,2022,12,16,8,0.4,7.84,13.97,1322.4,2.0,2.47,0.07,0.046,10.0
7,2022,12,16,12,0.9,7.85,14.41,1311.2,2.3,2.64,0.071,0.045,10.24
7,2022,12,16,16,1.4,7.89,14.82,1288.4,2.1,2.65,0.073,0.041,10.5
7,2022,12,16,20,1.0,7.86,14.56,1302.7,2.1,2.6,0.075,0.048,10.21
7,2022,12,17,0,0.5,7.82,14.33,1323.1,2.5,2.6,0.075,0.048,10.21
7,2022,12,17,4,0.2,7.82,14.29,1330.7,2.1,2.57,0.068,0.053,8.94
7,2022,12,17,8,0.2,7.82,14.22,1343.3,2.1,2.56,0.063,0.053,9.05
7,2022,12,17,12,0.5,7.85,14.59,1331.3,2.1,2.63,0.067,0.05,9.73
7,2022,12,17,16,1.0,7.88,15.02,1300.7,2.1,2.55,0.064,0.05,10.19
7,2022,12,17,20,0.8,7.86,14.77,1306.5,2.1,2.59,0.071,0.048,10.26
7,2022,12,18,0,0.7,7.83,14.47,1308.0,2.4,2.59,0.071,0.048,10.26
7,2022,12,18,4,0.5,7.78,14.24,1314.5,2.8,2.53,0.07,0.05,9.98
7,2022,12,18,8,0.4,7.79,14.09,1324.2,2.6,2.59,0.07,0.05,9.72
7,2022,12,18,12,0.8,7.81,14.31,1319.8,2.6,2.84,0.074,0.043,10.2
7,2022,12,18,16,1.2,7.83,14.72,1297.3,2.8,2.69,0.07,0.039,10.21
7,2022,12,18,20,1.2,7.81,14.84,1295.0,3.0,2.74,0.074,0.043,10.17
7,2022,12,19,0,0.9,7.84,14.69,1315.1,2.8,2.74,0.074,0.043,10.17
7,2022,12,19,12,0.8,7.79,14.42,1320.5,3.4,2.78,0.113,0.045,10.89
7,2022,12,19,20,0.9,7.8,14.62,1309.2,3.5,2.84,0.081,0.045,10.77
7,2022,12,20,0,0.6,7.8,14.29,1315.9,2.8,2.84,0.081,0.045,10.77
7,2022,12,20,4,0.5,7.79,14.22,1324.7,2.7,2.76,0.075,0.051,9.27
7,2022,12,20,8,0.5,7.8,14.09,1322.4,2.7,2.94,0.08,0.048,9.51
7,2022,12,20,12,0.9,7.84,14.39,1304.7,2.7,2.65,0.071,0.043,9.7
7,2022,12,20,16,1.3,7.82,14.66,1292.3,2.5,2.72,0.07,0.039,10.16
7,2022,12,20,20,0.9,7.8,14.29,1227.8,2.2,2.66,0.069,0.042,9.62
7,2022,12,21,0,0.8,7.78,14.08,1299.0,2.5,2.66,0.069,0.042,9.62
7,2022,12,21,4,0.7,7.81,13.95,1314.1,2.2,2.75,0.06,0.043,9.46
7,2022,12,21,8,0.6,7.78,13.88,1309.0,2.1,2.84,0.063,0.043,9.43
7,2022,12,21,12,1.0,7.82,14.25,1303.1,2.3,2.8,0.059,0.041,9.43
7,2022,12,21,16,1.4,7.84,14.58,1270.2,2.1,2.76,0.059,0.037,9.5
7,2022,12,21,20,1.1,7.79,14.26,1286.4,2.6,2.81,0.062,0.04,9.32
7,2022,12,22,0,0.8,7.76,14.04,1282.2,2.6,2.81,0.062,0.04,9.32
7,2022,12,22,4,0.6,7.75,13.9,1289.3,2.0,2.76,0.061,0.043,9.02
7,2022,12,22,8,0.5,7.78,13.84,1299.6,2.0,2.83,0.061,0.04,9.22
7,2022,12,22,8,0.5,7.78,13.84,1299.6,2.0,2.83,0.061,0.04,9.22
7,2022,12,22,12,0.8,7.79,14.36,1282.6,2.2,2.81,0.057,0.041,9.31
7,2022,12,22,12,0.8,7.79,14.36,1282.6,2.2,2.81,0.057,0.041,9.31
7,2022,12,22,16,1.2,7.82,14.73,1276.8,2.1,2.79,0.055,0.043,9.22
7,2022,12,22,20,0.8,7.79,14.42,1282.0,2.0,2.75,0.057,0.041,9.22
7,2022,12,23,0,0.5,7.8,14.15,1300.1,2.1,2.75,0.057,0.041,9.22
7,2022,12,23,4,0.3,7.81,14.08,1244.9,2.0,2.68,0.057,0.046,8.25
7,2022,12,23,8,0.2,7.78,14.09,1333.6,1.9,2.57,0.061,0.048,8.33
7,2022,12,23,12,0.7,7.82,14.47,1307.9,2.2,2.78,0.057,0.041,9.19
7,2022,12,23,16,1.2,7.86,14.88,1277.6,2.1,2.68,0.062,0.037,9.4
7,2022,12,23,20,0.8,7.82,14.51,1294.0,2.0,2.66,0.063,0.039,9.31
7,2022,12,24,0,0.5,7.79,14.35,1306.2,2.7,2.66,0.063,0.039,9.31
7,2022,12,24,4,0.4,7.79,14.16,1316.2,2.2,2.77,0.062,0.044,8.87
7,2022,12,24,8,0.2,7.79,14.16,1328.7,2.2,2.59,0.065,0.046,8.65
7,2022,12,24,12,0.7,7.82,14.67,1311.0,2.3,2.75,0.061,0.042,9.32
7,2022,12,24,16,1.3,7.87,15.09,1279.3,2.2,2.7,0.065,0.035,9.4
7,2022,12,24,20,0.9,7.83,14.71,1242.0,2.0,2.8,0.06,0.043,9.47
7,2022,12,25,0,0.6,7.8,14.42,1296.7,2.2,2.8,0.06,0.043,9.47
7,2022,12,25,4,0.4,7.78,14.29,1319.8,2.2,2.74,0.062,0.045,8.76
7,2022,12,25,8,0.4,7.8,14.24,1314.1,2.2,2.84,0.065,0.045,9.02
7,2022,12,25,12,0.8,7.84,14.68,1302.0,2.2,2.75,0.064,0.041,9.35
7,2022,12,25,16,1.2,7.52,14.89,1258.9,2.7,2.74,0.062,0.034,11.09
7,2022,12,25,20,0.8,7.78,14.75,1225.2,2.5,2.81,0.059,0.038,9.42
7,2022,12,26,0,0.6,7.79,14.45,1308.4,2.7,2.81,0.059,0.038,9.42
7,2022,12,26,4,0.4,7.8,14.27,1320.3,2.5,2.64,0.06,0.045,9.15
7,2022,12,26,8,0.3,7.8,14.15,1314.7,2.9,2.74,0.071,0.048,9.03
7,2022,12,26,12,0.7,7.83,14.68,1306.3,3.4,2.68,0.06,0.044,9.33
7,2022,12,26,20,1.1,7.83,14.72,1278.2,4.2,2.72,0.052,0.032,9.58
7,2022,12,27,0,0.8,7.81,14.43,1293.9,2.4,2.72,0.065,0.032,9.58
7,2022,12,27,4,0.6,7.78,14.22,1301.4,3.0,2.62,0.064,0.033,8.43
7,2022,12,27,8,0.5,7.8,14.22,1237.0,2.7,2.8,0.072,0.033,8.84
7,2022,12,27,12,1.0,7.83,14.73,1274.8,2.7,2.68,0.062,0.033,8.35
7,2022,12,27,16,1.6,7.85,15.08,1243.6,2.9,2.84,0.064,0.031,8.9
7,2022,12,27,20,1.2,7.82,14.77,1261.4,3.0,2.63,0.059,0.03,8.63
7,2022,12,28,0,0.8,7.8,14.42,1274.2,2.9,2.63,0.061,0.03,8.63
7,2022,12,28,4,0.6,7.79,14.35,1290.0,3.2,2.54,0.063,0.033,8.34
7,2022,12,28,8,0.5,7.78,14.3,1295.2,3.2,2.67,0.063,0.034,8.53
7,2022,12,28,12,1.0,7.83,14.73,1264.9,3.0,2.71,0.062,0.031,8.02
7,2022,12,28,16,1.6,7.86,15.14,1234.5,3.0,2.69,0.063,0.029,8.88
7,2022,12,28,20,1.2,7.83,14.82,1246.4,2.8,2.54,0.06,0.029,8.77
7,2022,12,29,0,0.9,7.78,14.47,1262.4,3.5,2.54,0.062,0.029,8.77
7,2022,12,29,4,0.7,7.78,14.25,1273.4,3.1,2.61,0.066,0.03,8.51
7,2022,12,29,8,0.7,7.79,14.19,1266.2,3.3,2.94,0.068,0.028,8.86
7,2022,12,29,12,1.2,7.81,14.69,1232.9,3.4,2.7,0.062,0.029,8.7
7,2022,12,29,16,1.8,7.82,15.23,1176.9,2.8,2.78,0.062,0.028,9.16
7,2022,12,29,20,1.4,7.8,14.86,1229.6,3.6,2.81,0.073,0.029,9.05
7,2022,12,30,0,1.0,7.79,14.45,1226.9,3.2,2.81,0.086,0.029,9.05
7,2022,12,30,4,0.7,7.78,14.36,1268.8,3.5,2.73,0.081,0.03,8.42
7,2022,12,30,8,0.6,7.75,14.23,1273.1,3.0,2.66,0.086,0.032,8.62
7,2022,12,30,12,1.1,7.81,14.74,1240.9,4.4,2.83,0.09,0.031,7.93
7,2022,12,30,16,1.8,7.83,15.29,1154.3,4.0,2.78,0.089,0.031,9.06
7,2022,12,30,20,1.4,7.8,14.91,1231.5,2.9,2.73,0.098,0.031,8.95
7,2022,12,31,0,1.0,7.76,14.49,1255.0,2.8,2.73,0.108,0.031,8.95
7,2022,12,31,4,0.8,7.77,14.28,1268.8,3.4,2.68,0.115,0.036,8.52
7,2022,12,31,8,0.7,7.76,14.22,1273.6,2.9,2.7,0.121,0.034,8.91
7,2022,12,31,12,1.2,7.8,14.66,1240.9,3.4,2.7,0.124,0.033,8.13
7,2022,12,31,16,2.0,7.83,15.13,1202.2,3.4,2.75,0.119,0.032,9.27
7,2022,12,31,20,1.5,7.76,14.75,1220.2,4.4,2.79,0.121,0.032,8.93
7,2023,1,1,0,1.1,7.76,14.4,1243.8,3.3,2.79,0.129,0.032,8.93
7,2023,1,1,4,0.9,7.77,14.13,1259.3,3.3,2.64,0.129,0.031,8.45
7,2023,1,1,8,0.9,7.76,14.07,1256.9,3.2,2.64,0.131,0.032,8.9
7,2023,1,1,12,1.4,7.79,14.57,1227.1,3.8,2.65,0.117,0.033,8.81
7,2023,1,1,16,2.0,7.79,15.11,1201.0,3.5,2.93,0.116,0.033,9.1
7,2023,1,1,20,1.7,7.75,14.67,1216.0,3.2,2.65,0.113,0.031,8.89
7,2023,1,2,0,1.3,7.72,14.31,1235.0,3.3,2.65,0.116,0.031,8.89
7,2023,1,2,4,1.2,7.73,14.11,1240.9,3.8,2.4,0.113,0.029,8.46
7,2023,1,2,8,1.0,7.74,14.05,1255.9,4.0,2.55,0.113,0.03,8.64
7,2023,1,2,12,1.5,7.75,14.55,1221.0,3.3,2.5,0.104,0.031,8.33
7,2023,1,2,16,2.2,7.78,15.03,1196.0,3.1,2.71,0.101,0.03,8.79
7,2023,1,2,20,1.7,7.77,14.66,1214.3,4.0,2.61,0.101,0.029,8.56
7,2023,1,3,0,1.3,7.75,14.31,1233.8,3.2,2.61,0.095,0.029,8.56
7,2023,1,3,4,1.0,7.73,14.11,1260.4,3.2,2.58,0.097,0.03,8.03
7,2023,1,3,8,0.9,7.75,14.04,1271.7,3.4,2.58,0.1,0.03,8.03
7,2023,1,3,12,1.4,7.77,14.33,1238.6,3.3,2.65,0.097,0.029,7.62
7,2023,1,3,16,1.6,7.78,14.94,1244.8,3.9,2.67,0.09,0.031,8.75
7,2023,1,3,20,1.7,7.72,15.12,1253.2,3.0,2.58,0.096,0.033,8.11
7,2023,1,4,4,1.0,7.72,14.15,1255.1,3.3,2.59,0.092,0.034,8.14
7,2023,1,4,8,0.8,7.72,13.96,1261.7,3.5,2.78,0.094,0.031,8.6
7,2023,1,4,12,1.2,7.78,14.4,1239.0,3.4,2.5,0.086,0.03,8.01
7,2023,1,4,16,1.9,7.8,15.03,1154.9,3.0,2.61,0.082,0.029,8.67
7,2023,1,4,20,1.6,7.78,14.62,1214.2,3.2,2.59,0.088,0.03,8.5
7,2023,1,5,0,1.1,7.76,14.13,1224.5,2.9,2.59,0.088,0.03,8.5
7,2023,1,5,4,0.9,7.72,13.84,1243.9,3.1,2.38,0.084,0.027,8.05
7,2023,1,5,8,0.8,7.73,13.84,1256.3,3.2,2.5,0.081,0.028,8.24
7,2023,1,5,12,1.3,7.76,14.4,1222.9,2.8,2.41,0.075,0.029,7.76
7,2023,1,5,16,2.0,7.8,14.96,1197.6,2.8,2.48,0.072,0.028,8.43
7,2023,1,5,20,1.6,7.77,14.47,1200.5,2.6,2.5,0.082,0.027,8.06
7,2023,1,6,0,1.3,7.74,14.04,1222.8,2.7,2.64,0.085,0.027,7.78
7,2023,1,6,4,1.2,7.74,13.75,1209.4,2.9,2.55,0.093,0.027,7.68
7,2023,1,6,8,1.1,7.69,13.68,1235.1,2.7,2.51,0.096,0.028,7.7
7,2023,1,6,12,1.7,7.72,14.22,1202.5,2.8,2.77,0.101,0.031,7.59
7,2023,1,6,16,2.3,7.77,14.77,1173.6,2.7,2.76,0.115,0.031,8.11
7,2023,1,6,20,1.9,7.73,14.22,1128.0,2.8,2.73,0.13,0.03,7.86
7,2023,1,7,0,1.5,7.69,13.78,1196.1,2.3,2.73,0.13,0.03,7.86
7,2023,1,7,4,1.3,7.72,13.5,1203.8,2.5,2.66,0.147,0.03,7.28
7,2023,1,7,8,1.2,7.68,13.49,1220.1,2.7,2.71,0.155,0.031,7.57
7,2023,1,7,12,1.6,7.71,13.91,1198.8,2.6,2.9,0.153,0.034,7.42
7,2023,1,7,16,2.2,7.73,14.48,1162.5,2.8,2.94,0.151,0.033,7.8
7,2023,1,7,20,1.9,7.72,14.08,1137.5,2.4,2.66,0.158,0.033,7.79
7,2023,1,8,0,1.6,7.71,13.73,1189.3,2.6,2.61,0.158,0.033,7.6
7,2023,1,8,4,1.4,7.69,13.44,1202.4,2.6,2.57,0.154,0.031,7.48
7,2023,1,8,8,1.2,7.68,13.36,1208.9,2.4,2.7,0.16,0.03,7.56
7,2023,1,8,16,2.0,7.7,13.98,1160.7,2.4,1.89,0.152,0.03,7.72
7,2023,1,8,20,2.0,7.69,13.64,1180.7,3.0,2.66,0.153,0.032,7.94
7,2023,1,9,0,1.9,7.65,13.49,1183.6,2.0,2.47,0.152,0.031,7.62
7,2023,1,9,4,1.8,7.65,13.42,1192.7,2.0,2.54,0.152,0.028,7.55
7,2023,1,9,8,1.7,7.63,13.53,1217.0,2.5,2.76,0.152,0.033,7.69
7,2023,1,9,12,2.3,7.64,14.28,1182.4,3.6,2.95,0.139,0.035,7.72
7,2023,1,9,16,2.6,7.66,14.14,1151.8,5.9,2.89,0.175,0.046,7.96
7,2023,1,9,20,2.4,7.68,13.91,1167.4,4.0,2.51,0.169,0.04,7.66
7,2023,1,10,0,2.0,7.68,13.51,1178.2,3.6,2.62,0.165,0.038,7.61
7,2023,1,10,4,1.8,7.65,13.43,1186.5,3.8,2.67,0.157,0.036,7.5
7,2023,1,10,8,1.7,7.66,13.32,1194.6,3.8,2.53,0.159,0.036,7.66
7,2023,1,10,12,2.2,7.68,13.73,1179.7,3.8,2.54,0.15,0.037,7.59
7,2023,1,10,16,3.0,7.7,14.2,1156.6,3.7,2.54,0.145,0.036,7.59
7,2023,1,10,20,2.6,7.68,13.79,1164.3,3.2,2.66,0.139,0.034,7.67
7,2023,1,11,0,2.1,7.67,13.47,1148.7,3.1,2.45,0.139,0.034,7.58
7,2023,1,11,4,2.0,7.68,13.34,1198.2,3.0,2.28,0.132,0.033,7.41
7,2023,1,11,8,1.9,7.68,13.22,1192.5,2.7,2.4,0.124,0.031,7.43
7,2023,1,11,12,2.3,7.72,13.51,1161.9,2.8,2.44,0.123,0.033,7.4
7,2023,1,11,16,2.7,7.69,13.86,1168.1,2.7,2.43,0.117,0.032,7.47
7,2023,1,11,20,2.6,7.71,13.44,1171.8,2.6,2.19,0.12,0.031,7.41
7,2023,1,12,0,2.5,7.68,13.01,1172.3,2.6,2.19,0.12,0.031,7.41
7,2023,1,12,4,2.5,7.66,12.94,1171.1,2.6,2.66,0.114,0.029,7.38
7,2023,1,12,8,2.5,7.64,12.8,1175.3,2.7,2.35,0.118,0.03,7.49
7,2023,1,12,12,2.6,7.63,12.8,1155.1,2.8,2.66,0.12,0.034,7.36
7,2023,1,12,16,2.7,7.67,12.75,1158.9,2.4,2.78,0.132,0.032,7.4
7,2023,1,12,20,2.6,7.65,12.54,1160.8,2.6,2.48,0.147,0.031,7.24
7,2023,1,13,0,2.7,7.65,12.26,1131.9,2.4,2.48,0.147,0.031,7.24
7,2023,1,13,4,2.6,7.59,12.12,1145.7,2.6,2.57,0.154,0.032,7.23
7,2023,1,13,8,2.4,7.61,12.04,1185.7,2.4,2.57,0.162,0.031,7.3
7,2023,1,13,12,2.7,7.66,12.27,1161.8,2.6,2.5,0.168,0.035,7.42
7,2023,1,13,16,3.0,7.63,12.62,1149.7,2.6,2.49,0.174,0.035,7.5
7,2023,1,13,20,2.8,7.65,12.5,1148.0,2.4,2.42,0.182,0.034,7.6
7,2023,1,14,0,2.3,7.69,12.4,1170.9,2.9,2.42,0.182,0.034,7.6
7,2023,1,14,4,1.9,7.67,12.42,1184.6,2.6,2.44,0.189,0.033,7.26
7,2023,1,14,8,1.2,7.69,12.53,1201.4,2.4,2.66,0.195,0.033,7.28
7,2023,1,14,12,1.1,7.72,13.12,1205.9,2.6,2.46,0.196,0.034,6.98
7,2023,1,14,16,1.4,7.79,13.91,1198.4,3.1,2.69,0.194,0.035,7.17
7,2023,1,14,20,1.2,7.79,13.86,1205.6,2.5,2.98,0.192,0.036,7.16
7,2023,1,15,0,0.6,7.81,13.58,1217.4,2.3,2.98,0.192,0.036,7.16
7,2023,1,15,4,0.4,7.79,13.45,1227.2,3.0,2.36,0.189,0.036,6.96
7,2023,1,15,8,0.4,7.77,13.5,1246.8,2.4,2.37,0.183,0.037,7.34
7,2023,1,15,12,0.8,7.8,13.85,1224.6,2.6,2.6,0.178,0.035,6.85
7,2023,1,15,16,1.4,7.83,14.39,1194.6,2.6,2.48,0.164,0.036,7.4
7,2023,1,15,20,1.1,7.8,14.36,1210.3,2.7,2.41,0.173,0.036,7.2
7,2023,1,16,0,0.7,7.79,14.21,1234.8,3.0,2.41,0.173,0.036,7.2
7,2023,1,16,4,0.6,7.78,13.98,1247.7,2.9,2.43,0.165,0.038,6.66
7,2023,1,16,12,0.8,7.77,14.1,1232.1,3.4,2.6,0.159,0.037,6.66
7,2023,1,16,16,1.3,7.81,14.58,1193.4,3.1,2.61,0.152,0.035,7.58
7,2023,1,16,20,1.0,7.78,14.49,1210.2,2.6,2.45,0.15,0.035,7.31
7,2023,1,17,0,0.7,7.77,14.21,1239.9,2.5,2.45,0.15,0.035,7.31
7,2023,1,17,4,0.6,7.73,14.12,1244.6,2.9,2.47,0.144,0.035,6.84
7,2023,1,17,8,0.5,7.72,14.05,1246.7,3.0,2.52,0.123,0.035,7.11
7,2023,1,17,12,1.0,7.77,14.41,1211.4,3.1,2.55,0.114,0.036,6.85
7,2023,1,17,16,1.6,7.78,14.82,1177.4,2.8,2.42,0.115,0.034,7.48
7,2023,1,17,20,1.2,7.77,14.6,1192.5,2.7,2.67,0.124,0.033,7.24
7,2023,1,18,0,0.8,7.76,14.32,1231.6,2.3,2.67,0.124,0.033,7.24
7,2023,1,18,4,0.7,7.74,14.18,1236.4,2.3,2.71,0.116,0.032,6.75
7,2023,1,18,8,0.5,7.74,14.12,1245.8,2.3,2.76,0.114,0.032,6.98
7,2023,1,18,12,1.0,7.77,14.47,1222.2,2.6,2.55,0.105,0.031,6.68
7,2023,1,18,16,1.8,7.79,14.89,1141.0,2.5,3.0,0.104,0.031,7.17
7,2023,1,18,20,1.5,7.75,14.74,1206.1,2.5,2.47,0.103,0.03,7.05
7,2023,1,19,0,1.0,7.78,14.33,1231.0,2.4,2.47,0.103,0.03,7.05
7,2023,1,19,4,0.8,7.72,14.12,1243.4,2.3,2.76,0.1,0.031,6.76
7,2023,1,19,8,0.7,7.74,13.99,1260.6,2.7,2.88,0.105,0.03,7.03
7,2023,1,28,8,0.2,7.81,14.45,1345.6,2.8,2.98,0.069,0.053,6.88
7,2023,1,28,12,0.6,7.8,14.69,1320.6,4.3,2.98,0.062,0.044,6.77
7,2023,1,28,16,1.1,7.84,15.56,1272.6,3.3,2.81,0.058,0.043,6.91
7,2023,1,28,20,0.9,7.84,15.3,1283.4,3.0,2.76,0.057,0.043,6.82
7,2023,1,29,0,0.6,7.83,14.96,1311.5,2.8,2.59,0.057,0.043,6.82
7,2023,1,29,8,0.4,7.79,14.6,1328.1,3.3,2.9,0.06,0.045,6.87
7,2023,1,29,12,1.2,7.8,14.86,1292.6,2.7,2.66,0.054,0.04,6.76
7,2023,1,29,16,1.4,7.81,15.18,1278.6,2.9,2.72,0.052,0.039,7.08
7,2023,1,29,20,1.2,7.8,15.28,1276.9,4.0,2.99,0.051,0.041,7.01
7,2023,1,30,4,0.9,7.81,14.76,1306.0,4.2,2.76,0.058,0.043,6.79
7,2023,1,30,8,0.7,7.76,14.5,1310.6,3.9,2.82,0.054,0.005,7.03
7,2023,1,30,12,1.1,7.8,14.91,1284.9,4.2,2.74,0.046,0.041,6.79
7,2023,1,30,16,1.8,7.84,15.47,1253.5,4.0,2.76,0.043,0.042,6.99
7,2023,1,30,20,1.5,7.83,15.08,1247.4,3.8,2.79,0.043,0.041,6.95
7,2023,1,31,4,1.0,7.78,14.37,1288.6,3.4,2.79,0.039,0.039,6.91
7,2023,1,31,8,0.9,7.78,14.3,1305.5,3.3,2.9,0.039,0.039,6.95
7,2023,1,31,12,1.5,7.79,14.78,1268.0,3.4,2.62,0.037,0.04,6.75
7,2023,1,31,16,2.4,7.84,15.47,1229.0,3.3,2.76,0.031,0.04,7.19
7,2023,1,31,20,2.1,7.81,15.08,1244.4,3.4,2.89,0.034,0.04,7.26
7,2023,2,1,0,1.6,7.78,14.55,1231.4,3.5,2.89,0.034,0.04,7.26
7,2023,2,1,4,1.3,7.8,14.3,1267.7,4.0,6.5,0.037,0.041,6.94
7,2023,2,1,8,1.1,7.81,14.03,1264.7,3.4,7.48,0.048,0.039,7.2
7,2023,2,1,12,1.9,7.84,14.57,1230.6,3.5,2.9,0.046,0.04,7.08
7,2023,2,1,16,2.7,7.86,15.26,1210.4,3.4,0.93,0.049,0.041,7.21
7,2023,2,1,20,2.1,7.84,15.06,1184.7,3.3,0.79,0.061,0.041,7.23
7,2023,2,2,0,1.5,7.83,14.5,1245.9,3.1,0.79,0.061,0.041,7.23
7,2023,2,2,4,1.3,7.79,14.27,1255.5,3.1,10.56,0.066,0.041,7.01
7,2023,2,2,8,1.4,7.78,14.05,1255.8,3.1,7.78,0.072,0.04,7.19
7,2023,2,2,16,2.5,7.67,15.2,1244.2,3.2,3.8,0.068,0.047,7.74
7,2023,2,2,20,2.2,7.77,14.98,1237.9,3.3,3.62,0.075,0.044,7.58
7,2023,2,3,0,1.7,7.75,14.5,1253.6,2.8,3.62,0.075,0.044,7.58
7,2023,2,3,4,1.4,7.74,14.16,1271.7,3.0,3.4,0.075,0.043,7.35
7,2023,2,3,8,1.2,7.75,14.03,1271.4,3.0,3.19,0.083,0.043,7.71
7,2023,2,3,12,1.9,7.78,14.38,1241.8,3.2,3.34,0.08,0.043,7.4
7,2023,2,3,16,2.9,7.75,15.17,1212.2,3.2,3.41,0.075,0.043,7.66
7,2023,2,3,20,2.5,7.75,14.91,1179.4,3.0,3.65,0.077,0.043,7.93
7,2023,2,4,0,1.9,7.73,14.43,1232.8,2.9,3.65,0.078,0.043,7.93
7,2023,2,4,4,1.4,7.73,14.1,1242.2,2.6,3.05,0.076,0.041,7.53
7,2023,2,4,8,1.2,7.73,13.96,1266.7,2.7,3.29,0.083,0.041,7.76
7,2023,2,4,12,2.0,7.73,14.28,1235.0,3.3,3.24,0.079,0.041,7.47
7,2023,2,4,16,2.6,7.75,14.69,1204.1,3.5,3.4,0.077,0.042,7.97
7,2023,2,4,20,2.7,7.77,14.95,1201.4,3.9,3.55,0.076,0.044,7.85
7,2023,2,5,0,2.8,7.74,14.85,1200.0,4.1,3.55,0.073,0.044,7.85
7,2023,2,5,4,2.0,7.73,14.26,1226.7,3.1,3.18,0.08,0.042,7.46
7,2023,2,5,8,1.6,7.7,13.93,1232.7,3.2,3.18,0.084,0.041,7.61
7,2023,2,5,12,2.3,7.73,14.2,1190.9,3.5,3.39,0.079,0.042,7.71
7,2023,2,5,16,3.5,7.73,14.92,1190.0,3.6,3.42,0.078,0.043,8.02
7,2023,2,5,20,3.1,7.74,14.66,1202.6,3.3,3.2,0.078,0.043,8.16
7,2023,2,6,0,2.5,7.72,14.12,1203.6,3.1,3.2,0.078,0.043,8.16
7,2023,2,6,4,2.4,7.69,13.78,1214.2,3.1,3.11,0.075,0.041,7.61
7,2023,2,6,8,2.3,7.72,13.57,1218.9,3.0,3.17,0.084,0.041,7.95
7,2023,2,6,12,3.0,7.71,14.04,1198.5,3.1,3.14,0.079,0.042,7.97
7,2023,2,6,16,4.0,7.75,14.64,1174.7,3.0,3.26,0.08,0.041,8.17
7,2023,2,6,20,3.5,7.7,14.43,1182.0,2.9,3.19,0.079,0.042,8.16
7,2023,2,7,0,2.8,7.71,13.83,1183.5,3.2,3.19,0.082,0.042,8.16
7,2023,2,7,8,2.3,7.71,13.38,1228.4,2.5,3.03,0.089,0.039,7.78
7,2023,2,7,12,3.1,7.69,13.84,1198.4,2.8,3.04,0.092,0.039,7.98
7,2023,2,7,16,4.2,7.71,14.55,1163.7,2.8,3.03,0.087,0.041,8.38
7,2023,2,7,20,3.8,7.72,14.29,1166.5,2.8,3.03,0.091,0.042,8.1
7,2023,2,8,0,3.0,7.71,13.69,1186.8,3.1,3.03,0.091,0.042,8.1
7,2023,2,8,4,2.6,7.66,13.49,1206.6,2.8,3.08,0.096,0.041,8.05
7,2023,2,8,8,2.5,7.66,13.36,1214.2,2.6,2.96,0.103,0.041,8.27
7,2023,2,8,12,3.3,7.7,13.76,1180.1,2.7,2.98,0.099,0.041,7.96
7,2023,2,8,16,4.5,7.7,14.45,1146.0,3.0,3.12,0.094,0.042,8.23
7,2023,2,8,20,4.0,7.69,14.27,1155.5,3.2,3.11,0.096,0.042,8.03
7,2023,2,9,0,3.4,7.66,13.73,1175.9,2.7,3.11,0.096,0.042,8.03
7,2023,2,9,4,3.2,7.67,13.38,1175.0,2.9,2.98,0.091,0.041,7.86
7,2023,2,9,16,3.6,7.61,13.6,1137.4,2.6,3.07,0.096,0.043,7.91
7,2023,2,9,20,3.4,7.64,13.34,1167.7,2.6,3.0,0.098,0.041,7.84
7,2023,2,10,0,3.0,7.63,12.95,1186.4,3.1,3.0,0.098,0.041,7.84
7,2023,2,10,4,2.6,7.65,12.9,1196.7,2.9,2.71,0.107,0.041,7.65
7,2023,2,10,8,2.3,7.64,12.84,1171.7,2.4,3.06,0.118,0.04,7.64
7,2023,2,10,12,2.8,7.64,13.11,1184.9,2.7,3.25,0.117,0.042,7.51
7,2023,2,10,16,3.5,7.67,13.52,1158.4,2.4,3.09,0.123,0.041,7.78
7,2023,2,10,20,3.4,7.68,13.4,1176.0,2.7,3.15,0.129,0.041,7.65
7,2023,2,11,0,3.0,7.65,13.05,1168.4,3.0,3.15,0.129,0.041,7.65
7,2023,2,11,4,2.9,7.64,12.76,1182.5,2.7,3.31,0.148,0.041,7.55
7,2023,2,11,8,2.9,7.64,12.63,1168.8,2.5,2.94,0.165,0.04,7.92
7,2023,2,11,12,3.1,7.63,12.77,1172.3,2.3,3.33,0.173,0.04,7.67
7,2023,2,11,16,3.4,7.68,13.13,1161.1,2.3,2.81,0.185,0.041,7.59
7,2023,2,11,20,3.4,7.64,13.05,1162.2,2.5,3.32,0.197,0.042,7.64
7,2023,2,12,0,3.3,7.63,12.64,1163.6,3.0,3.32,0.197,0.042,7.64
7,2023,2,12,4,3.3,7.59,12.42,1163.1,3.0,3.09,0.209,0.041,7.59
7,2023,2,12,8,3.3,7.61,12.36,1160.2,2.3,2.92,0.22,0.039,7.71
7,2023,2,12,12,3.2,7.6,12.43,1165.2,2.3,2.89,0.234,0.041,7.27
7,2023,2,12,16,3.4,7.63,12.79,1127.0,2.2,2.96,0.247,0.042,7.51
7,2023,2,12,20,3.4,7.65,12.67,1130.8,2.4,3.09,0.249,0.042,7.41
7,2023,2,13,0,3.2,7.63,12.38,1133.3,3.0,3.09,0.249,0.042,7.41
7,2023,2,13,4,3.0,7.62,12.3,1146.3,2.8,2.87,0.257,0.042,7.33
7,2023,2,13,8,2.7,7.64,12.26,1139.4,2.2,3.1,0.266,0.041,7.57
7,2023,2,13,12,3.3,7.63,12.73,1104.5,2.3,2.82,0.268,0.042,7.46
7,2023,2,13,20,3.9,7.68,13.25,1084.6,2.6,3.16,0.281,0.045,7.59
7,2023,2,14,0,3.2,7.63,12.93,1100.9,2.7,3.16,0.281,0.045,7.59
7,2023,2,14,4,2.8,7.65,12.74,1117.8,2.8,3.23,0.289,0.043,7.41
7,2023,2,14,8,2.6,7.64,12.68,1138.9,2.6,3.07,0.293,0.043,7.41
7,2023,2,14,12,3.4,7.69,13.01,1087.3,5.2,3.09,0.286,0.053,7.36
7,2023,2,14,16,4.2,7.66,13.59,1089.1,2.5,2.89,0.278,0.044,7.4
7,2023,2,14,20,3.8,7.67,13.54,1086.4,2.8,3.11,0.282,0.044,7.45
7,2023,2,15,0,3.3,7.66,13.15,1107.3,2.7,3.11,0.282,0.044,7.45
7,2023,2,15,4,2.9,7.68,12.96,1127.8,2.5,3.03,0.278,0.043,6.94
7,2023,2,15,8,2.7,7.68,12.89,1146.9,2.3,3.21,0.29,0.043,7.15
7,2023,2,15,12,3.4,7.67,13.29,1152.8,2.3,2.84,0.283,0.043,6.92
7,2023,2,15,16,4.4,7.67,13.86,1095.5,2.3,2.93,0.279,0.044,7.1
7,2023,2,15,20,3.9,7.71,13.75,1094.8,2.5,2.98,0.285,0.044,6.99
7,2023,2,16,0,3.2,7.67,13.36,1120.7,2.5,2.98,0.285,0.044,6.99
7,2023,2,16,4,2.8,7.69,13.09,1134.5,2.6,2.85,0.296,0.044,6.83
7,2023,2,16,8,2.5,7.68,12.96,1153.2,2.6,2.97,0.303,0.044,6.77
7,2023,2,16,12,3.2,7.66,13.07,1192.4,2.6,2.98,0.302,0.044,6.86
7,2023,2,16,16,4.3,7.63,13.49,1087.9,3.0,3.31,0.305,0.045,7.1
7,2023,2,16,20,4.8,7.65,13.68,1153.8,3.4,3.4,0.321,0.047,6.86
7,2023,2,17,0,3.8,7.64,13.37,1155.9,2.9,3.4,0.321,0.047,6.86
7,2023,2,17,4,3.5,7.64,13.11,1168.9,3.3,2.73,0.361,0.046,6.73
7,2023,2,17,8,3.3,7.63,12.91,1169.6,2.6,3.17,0.382,0.044,6.79
7,2023,2,17,12,3.8,7.63,13.15,1115.3,2.6,2.92,0.413,0.046,6.74
7,2023,2,17,16,4.5,7.65,13.53,1050.2,2.4,2.97,0.433,0.046,7.09
7,2023,2,17,20,4.2,7.65,13.41,1059.8,2.8,2.93,0.464,0.046,6.84
7,2023,2,18,0,3.8,7.63,12.95,1072.3,3.4,2.93,0.464,0.046,6.84
7,2023,2,18,4,3.6,7.61,12.74,1102.8,3.0,3.5,0.538,0.045,6.64
7,2023,2,18,8,3.4,7.62,12.59,1111.8,2.4,3.32,0.579,0.044,6.86
7,2023,2,18,12,3.8,7.62,12.79,1074.8,2.3,3.04,0.617,0.045,6.74
7,2023,2,18,16,4.2,7.65,13.07,1067.9,2.3,3.54,0.656,0.044,6.81
7,2023,2,18,20,3.7,7.63,13.05,1108.1,2.9,3.24,0.711,0.046,6.59
7,2023,2,19,0,3.0,7.69,12.76,1117.9,3.4,3.24,0.711,0.046,6.59
7,2023,2,19,4,2.8,7.65,12.62,1119.3,2.8,3.6,0.885,0.047,6.88
7,2023,2,19,8,2.6,7.63,12.55,1138.9,2.2,3.31,0.963,0.046,6.87
7,2023,2,19,12,3.6,7.63,12.92,1071.0,2.4,3.47,1.006,0.045,6.97
7,2023,2,19,16,5.2,7.65,13.45,1032.6,2.2,3.26,1.052,0.047,7.42
7,2023,2,19,20,4.6,7.65,13.35,1054.7,2.5,3.63,1.115,0.047,7.29
7,2023,2,20,0,3.6,7.63,12.98,1079.4,2.7,3.63,1.115,0.047,7.29
7,2023,2,20,4,3.3,7.63,12.8,1085.6,2.9,3.64,1.214,0.049,7.19
7,2023,2,20,8,3.2,7.63,12.73,1100.3,2.4,3.36,1.262,0.047,7.43
7,2023,2,20,12,4.3,7.63,13.09,1096.5,2.4,3.59,1.267,0.048,7.57
7,2023,2,20,16,5.4,7.63,13.72,1133.8,2.2,3.59,1.272,0.048,7.57
7,2023,2,20,20,4.9,7.94,13.59,1125.3,3.7,3.84,1.322,0.05,7.34
7,2023,2,21,0,4.1,7.91,13.13,1126.7,3.5,3.84,1.322,0.05,7.34
7,2023,2,21,4,3.7,7.89,12.93,1144.6,3.6,3.64,1.328,0.048,7.14
7,2023,2,21,8,3.5,7.91,12.81,1174.0,2.8,3.64,1.332,0.047,7.2
7,2023,2,21,12,4.2,7.92,13.13,1049.3,2.5,3.47,1.334,0.047,7.17
7,2023,2,21,16,5.2,7.92,13.78,1095.6,2.6,3.52,1.306,0.048,7.37
7,2023,2,21,20,4.8,7.91,13.6,1097.2,3.4,3.7,1.288,0.047,7.28
7,2023,2,22,0,4.1,7.89,13.06,1114.7,3.2,3.7,1.288,0.047,7.28
7,2023,2,22,4,3.8,7.89,12.8,1135.4,3.1,3.36,1.29,0.047,7.1
7,2023,2,22,8,3.6,7.89,12.74,1139.4,2.5,3.35,1.289,0.045,7.25
7,2023,2,22,12,4.5,7.88,13.12,1075.6,2.6,3.33,1.291,0.046,7.66
7,2023,2,22,16,5.9,7.91,13.75,1092.5,3.1,3.45,1.273,0.046,7.58
7,2023,2,22,20,5.4,7.93,13.51,1087.7,3.3,3.33,1.282,0.047,7.4
7,2023,2,23,0,4.6,7.89,12.98,1108.5,3.8,3.33,1.29,0.047,7.4
7,2023,2,23,4,4.3,7.91,12.65,1104.6,4.0,3.15,1.297,0.047,7.26
7,2023,2,23,8,4.2,7.9,12.46,1125.9,3.4,3.28,1.324,0.046,7.45
7,2023,2,23,12,5.0,7.89,12.84,1048.7,3.5,3.44,1.348,0.048,7.3
7,2023,2,23,16,5.7,7.9,13.35,1084.3,4.0,3.31,1.354,0.051,7.52
7,2023,2,23,20,5.2,7.89,13.04,1085.7,3.7,3.31,1.402,0.049,7.68
7,2023,2,24,0,4.8,7.9,12.58,1091.0,4.0,3.31,1.402,0.049,7.68
7,2023,2,24,4,4.8,7.86,12.37,1116.2,4.1,3.28,1.478,0.049,7.57
7,2023,2,24,8,4.8,7.87,12.17,1113.3,3.0,3.45,1.521,0.048,7.65
7,2023,2,24,12,5.5,7.87,12.62,1054.4,2.5,3.26,1.533,0.049,7.66
7,2023,2,24,16,6.8,7.87,13.36,1057.9,2.8,3.35,1.536,0.049,7.68
7,2023,2,24,20,6.2,7.85,13.06,1073.4,3.7,3.39,1.588,0.051,7.67
7,2023,2,25,0,5.5,7.87,12.41,1108.5,8.2,3.39,1.663,0.051,7.67
7,2023,2,25,4,4.9,7.87,12.16,1113.5,7.1,3.83,1.807,0.063,7.89
7,2023,2,25,8,4.3,7.86,11.97,1130.2,6.0,4.04,2.06,0.072,8.19
7,2023,2,25,12,5.1,7.84,12.37,1121.4,5.2,4.2,2.24,0.078,8.35
7,2023,2,25,16,6.1,7.83,12.76,1048.9,4.8,4.34,2.407,0.081,8.56
7,2023,2,25,20,5.4,7.83,12.44,1064.2,4.4,4.42,2.523,0.084,8.39
7,2023,2,26,0,4.9,7.79,12.11,1086.8,4.4,4.42,2.523,0.084,8.39
7,2023,2,26,4,4.7,7.8,11.76,1100.4,4.8,4.71,2.804,0.085,8.43
7,2023,2,26,8,4.6,7.78,11.69,1116.7,3.6,4.69,2.93,0.085,8.41
7,2023,2,26,12,5.7,7.75,12.02,1025.4,3.6,4.69,3.056,0.087,8.59
7,2023,2,26,20,6.3,7.73,12.04,1046.8,4.3,4.95,3.37,0.095,8.64
7,2023,2,27,0,5.8,7.72,11.5,1048.5,4.9,4.95,3.37,0.095,8.64
7,2023,2,27,4,5.7,7.71,11.22,1053.0,5.4,4.96,3.728,0.108,8.46
7,2023,2,27,8,5.5,7.71,10.95,1051.6,4.7,5.33,3.854,0.114,8.56
7,2023,2,27,12,6.2,7.71,11.32,1024.1,4.0,4.82,3.974,0.122,8.66
7,2023,2,27,20,9.8,7.4,11.36,960.3,5.4,5.3,4.246,0.132,8.14
7,2023,2,28,0,9.2,7.42,10.81,960.0,5.6,5.3,4.246,0.132,8.14
7,2023,2,28,4,9.0,7.42,10.45,964.0,6.6,5.17,4.168,0.138,8.13
7,2023,2,28,12,10.2,7.35,10.38,894.0,4.6,5.03,4.151,0.137,7.98
7,2023,2,28,16,11.6,7.28,11.18,933.8,5.0,5.11,4.121,0.137,7.99
7,2023,2,28,20,11.0,7.34,10.86,919.1,6.5,4.94,4.067,0.134,7.81
7,2023,3,1,0,10.2,7.39,10.3,929.1,6.5,4.94,4.067,0.134,7.81
7,2023,3,1,4,9.9,7.4,9.82,927.1,6.0,4.76,4.029,0.128,7.75
7,2023,3,1,8,9.4,7.41,9.68,943.0,6.0,4.69,4.005,0.124,7.82
7,2023,3,1,16,10.9,7.43,11.5,924.2,5.8,4.41,3.955,0.118,7.79
7,2023,3,1,20,10.9,7.42,11.22,929.3,6.0,4.31,3.906,0.111,7.82
7,2023,3,2,0,10.2,7.47,10.62,941.5,6.3,4.31,3.906,0.111,7.82
7,2023,3,2,4,9.7,7.52,10.14,953.9,5.8,4.32,3.867,0.102,7.63
7,2023,3,2,8,9.1,7.55,10.05,961.3,5.0,4.23,3.843,0.098,7.67
7,2023,3,2,12,9.9,7.46,10.29,973.7,4.6,4.14,3.796,0.096,7.61
7,2023,3,2,16,11.3,7.34,11.0,919.0,6.2,4.19,3.906,0.094,7.85
7,2023,3,2,20,11.5,7.36,11.28,921.1,7.0,4.15,3.824,0.094,7.85
7,2023,3,3,0,10.8,7.41,10.46,936.3,7.5,4.15,3.824,0.094,7.85
7,2023,3,3,4,9.5,7.51,10.37,962.0,7.2,4.02,3.946,0.095,7.62
7,2023,3,3,8,9.2,7.49,10.11,975.2,6.4,3.95,3.855,0.088,7.85
7,2023,3,3,12,10.7,7.58,10.49,1004.9,6.7,3.92,3.982,0.087,8.16
7,2023,3,3,16,11.3,7.52,11.35,971.3,6.1,4.16,3.873,0.083,7.99
7,2023,3,3,20,10.8,7.52,10.96,985.3,7.9,4.7,3.905,0.082,7.77
7,2023,3,4,0,10.7,7.47,10.36,991.2,6.2,4.7,3.905,0.082,7.77
7,2023,3,4,4,10.2,7.55,10.12,1001.7,7.0,4.16,3.776,0.076,7.9
7,2023,3,4,8,10.1,7.55,9.89,1022.2,5.9,3.85,3.865,0.073,8.08
7,2023,3,4,12,10.9,7.5,10.61,1024.9,4.6,3.94,3.709,0.074,8.0
7,2023,3,4,16,12.8,7.38,11.31,968.2,6.6,3.93,3.666,0.074,8.52
7,2023,3,4,20,12.2,7.42,10.76,986.0,7.0,4.02,3.619,0.073,8.01
7,2023,3,5,0,11.5,7.49,10.22,1018.4,7.2,4.02,3.619,0.073,8.01
7,2023,3,5,4,10.8,7.52,9.89,1030.9,7.3,3.92,3.767,0.072,8.03
7,2023,3,5,8,10.8,7.51,9.64,1041.4,7.0,3.86,3.89,0.069,8.4
7,2023,3,5,12,11.4,7.47,10.24,964.0,4.9,3.93,3.892,0.069,8.31
7,2023,3,5,16,12.6,7.42,11.1,1011.2,5.0,3.87,3.892,0.069,8.38
7,2023,3,5,20,12.3,7.43,10.53,1006.5,8.8,4.26,4.002,0.071,8.41
7,2023,3,6,0,11.7,7.47,9.82,1021.3,7.8,4.26,4.002,0.071,8.41
7,2023,3,6,4,11.2,7.47,9.59,1021.0,13.7,4.13,4.196,0.071,8.25
7,2023,3,6,8,10.8,7.49,9.33,1043.0,5.5,3.83,4.164,0.068,8.54
7,2023,3,6,12,11.8,7.44,9.9,1073.8,4.9,3.94,3.999,0.067,8.19
7,2023,3,6,16,13.2,7.33,10.97,1024.8,5.5,4.05,4.036,0.068,8.45
7,2023,3,6,20,13.4,7.35,10.58,996.9,8.3,3.98,3.923,0.069,8.28
7,2023,3,7,0,12.8,7.37,9.87,1005.4,6.4,3.98,3.923,0.069,8.28
7,2023,3,7,4,11.9,7.4,9.29,1018.0,7.0,4.01,3.853,0.067,8.08
7,2023,3,7,8,11.6,7.39,8.96,1022.4,7.1,3.98,3.857,0.067,8.09
7,2023,3,7,12,12.5,7.32,9.74,1035.3,7.7,3.93,3.608,0.067,7.96
7,2023,3,7,20,13.5,7.3,10.22,1001.7,10.2,3.93,3.52,0.068,7.87
7,2023,3,8,0,12.9,7.27,9.53,988.7,6.5,3.93,3.52,0.068,7.87
7,2023,3,8,4,13.0,7.26,8.98,985.7,6.4,3.78,3.367,0.062,7.6
7,2023,3,8,8,12.7,7.3,8.89,998.1,5.5,3.71,3.242,0.062,7.84
7,2023,3,8,12,13.4,7.27,9.57,979.5,4.2,3.91,3.23,0.063,7.59
7,2023,3,8,16,14.1,7.4,10.09,993.0,4.5,3.89,3.145,0.061,7.39
7,2023,3,8,20,13.5,7.29,9.14,1004.1,8.5,4.02,3.105,0.066,7.4
7,2023,3,9,0,12.9,7.3,8.8,1014.6,8.7,4.02,3.105,0.066,7.4
7,2023,3,9,4,12.2,7.31,8.52,1021.3,6.4,3.88,3.113,0.063,7.18
7,2023,3,9,8,12.0,7.38,9.12,1024.6,3.8,3.73,3.071,0.062,7.14
7,2023,3,9,12,14.0,7.27,10.08,973.8,4.3,3.79,2.987,0.06,7.1
7,2023,3,9,16,15.1,7.14,9.79,986.7,4.8,3.64,2.863,0.058,7.35
7,2023,3,9,20,13.9,7.17,8.55,992.5,5.5,3.89,2.889,0.059,7.12
7,2023,3,10,0,13.2,7.22,8.27,1001.9,10.7,3.89,2.889,0.059,7.12
7,2023,3,10,4,12.6,7.24,8.01,1004.6,5.7,3.82,2.825,0.061,6.85
7,2023,3,10,8,12.3,7.3,8.55,1011.2,14.5,4.43,2.853,0.079,7.02
7,2023,3,10,12,15.2,7.16,9.71,966.1,9.2,4.14,2.711,0.072,7.05
7,2023,3,10,16,17.0,6.96,9.25,1003.6,5.4,3.89,2.546,0.064,7.22
7,2023,3,10,20,15.6,7.03,8.65,976.3,7.6,4.01,2.599,0.069,7.12
7,2023,3,11,0,14.8,7.1,9.24,979.1,6.3,4.01,2.599,0.069,7.12
7,2023,3,11,4,13.8,7.18,8.92,1009.0,6.3,4.01,2.561,0.061,6.34
7,2023,3,11,8,13.8,7.16,8.84,954.9,5.0,4.06,2.571,0.062,6.44
7,2023,3,11,12,14.4,7.13,9.16,1011.8,4.0,4.19,2.517,0.06,6.36
7,2023,3,11,16,14.4,7.13,9.2,964.6,4.4,4.12,2.571,0.059,6.37
7,2023,3,11,20,13.9,7.21,8.65,1003.9,7.0,4.52,2.577,0.062,6.42
7,2023,3,12,0,13.1,7.31,9.21,1012.9,10.4,4.52,2.577,0.062,6.42
7,2023,3,12,4,11.3,7.44,9.2,1048.7,9.5,4.34,2.681,0.063,6.37
7,2023,3,12,8,10.5,7.49,9.27,1097.4,7.9,4.16,2.561,0.058,6.59
7,2023,3,12,12,11.5,7.5,10.51,1027.2,7.7,4.19,2.353,0.059,6.38
7,2023,3,12,16,12.9,7.45,11.51,999.6,8.3,4.33,2.222,0.059,6.46
7,2023,3,12,20,12.9,7.37,10.89,1002.4,6.4,4.27,2.153,0.054,6.16
7,2023,3,13,0,11.8,7.41,10.12,1023.3,5.7,4.27,2.153,0.054,6.16
7,2023,3,13,4,11.3,7.45,9.65,1047.2,6.4,4.15,2.148,0.052,6.12
7,2023,3,13,8,10.9,7.48,9.38,1046.8,6.0,3.99,2.263,0.051,6.36
7,2023,3,13,12,11.6,7.48,10.3,1064.1,5.2,4.0,2.187,0.051,6.07
7,2023,3,13,16,11.8,7.57,11.58,1021.7,5.9,4.0,2.335,0.05,6.04
7,2023,3,13,20,12.6,7.41,11.05,1020.4,6.4,4.35,2.339,0.05,6.24
7,2023,3,14,0,11.9,7.47,10.19,1029.3,6.3,4.35,2.339,0.05,6.24
7,2023,3,14,4,11.6,7.41,9.68,1047.3,6.3,4.4,2.665,0.048,6.6
7,2023,3,14,8,11.3,7.44,9.38,1021.4,4.8,4.14,2.753,0.047,6.7
7,2023,3,14,12,12.6,7.35,10.5,1006.8,3.7,4.14,2.753,0.047,6.7
7,2023,3,14,16,13.9,7.35,11.85,991.0,4.6,4.45,2.778,0.047,7.01
7,2023,3,14,20,13.1,7.46,11.14,1034.8,5.6,4.36,2.801,0.047,7.04
7,2023,3,15,0,11.8,7.51,10.34,1045.4,5.7,4.36,2.801,0.047,7.04
7,2023,3,15,4,10.9,7.54,10.17,1063.7,6.6,4.22,3.158,0.047,6.97
7,2023,3,15,8,10.4,7.57,10.15,1065.1,5.3,4.29,3.269,0.045,7.34
7,2023,3,15,12,11.2,7.53,11.42,1073.2,3.8,4.46,3.276,0.046,7.02
7,2023,3,15,16,13.2,7.38,12.47,1036.7,3.8,4.43,3.179,0.045,7.42
7,2023,3,15,20,13.1,7.43,11.84,1018.0,4.6,4.44,3.253,0.047,7.45
7,2023,3,16,0,11.9,7.52,10.91,1042.4,5.4,4.44,3.253,0.047,7.45
7,2023,3,16,4,11.0,7.56,10.26,1057.3,5.2,4.49,3.456,0.045,7.09
7,2023,3,16,8,10.8,7.54,10.1,1060.3,4.4,4.41,3.674,0.045,7.71
7,2023,3,16,12,11.5,7.52,11.41,1024.1,4.7,4.69,3.693,0.05,7.61
7,2023,3,16,20,12.5,7.39,11.99,1053.5,5.1,4.62,3.782,0.047,7.85
7,2023,3,17,0,11.4,7.44,11.02,1076.3,6.6,4.62,3.783,0.047,7.85
7,2023,3,17,4,11.1,7.44,10.37,1075.3,4.0,4.35,3.806,0.043,7.65
7,2023,3,17,8,10.9,7.46,10.09,1089.8,4.1,4.41,3.868,0.044,7.76
7,2023,3,17,12,11.4,7.46,10.8,1045.7,3.9,4.4,3.894,0.045,7.59
7,2023,3,17,16,12.4,7.4,12.07,1028.6,4.1,4.55,3.929,0.044,7.88
7,2023,3,17,20,12.2,7.41,11.77,1060.1,4.2,4.49,3.691,0.044,7.56
7,2023,3,18,0,11.7,7.42,10.72,1070.2,4.2,4.49,3.676,0.044,7.56
7,2023,3,18,4,11.1,7.44,10.23,1069.5,4.4,4.49,3.81,0.043,7.57
7,2023,3,18,8,10.9,7.41,10.18,1069.2,4.4,4.5,3.887,0.043,8.02
7,2023,3,18,12,12.2,7.37,11.35,1012.8,5.9,4.96,3.792,0.053,7.8
7,2023,3,18,16,14.1,7.22,12.25,995.5,4.4,4.56,3.658,0.044,8.18
7,2023,3,18,20,13.4,7.31,11.59,1039.4,4.4,4.45,3.609,0.043,7.88
7,2023,3,19,0,12.6,7.32,10.68,1049.4,4.7,4.45,3.609,0.043,7.88
7,2023,3,19,4,12.0,7.35,10.03,1063.3,5.3,4.54,3.628,0.044,7.6
7,2023,3,19,8,11.5,7.41,9.82,1069.2,4.3,4.61,3.7,0.042,7.8
7,2023,3,19,16,14.0,7.23,11.75,1007.3,4.0,4.62,3.536,0.042,8.1
7,2023,3,19,20,13.6,7.3,11.32,1039.6,4.4,4.61,3.474,0.041,7.82
7,2023,3,20,0,13.0,7.29,10.27,1046.3,4.6,4.61,3.474,0.041,7.82
7,2023,3,20,4,12.8,7.27,9.59,1045.6,4.9,4.34,3.521,0.04,7.83
7,2023,3,20,8,12.7,7.29,9.44,1059.5,4.4,4.48,3.493,0.041,7.79
7,2023,3,20,12,13.4,7.23,10.43,1013.6,4.3,4.54,3.458,0.041,7.88
7,2023,3,20,16,13.8,7.38,11.72,1062.6,5.1,4.5,3.329,0.041,7.83
7,2023,3,20,20,13.5,7.44,11.15,1096.9,5.2,4.95,3.362,0.042,7.67
7,2023,3,21,0,12.5,7.48,10.19,1128.5,4.0,4.95,3.362,0.042,7.67
7,2023,3,21,4,12.0,7.5,9.54,1136.3,4.6,4.65,3.348,0.039,7.9
7,2023,3,21,8,11.6,7.51,9.37,1122.4,4.6,4.76,3.329,0.041,7.65
7,2023,3,21,12,12.8,7.48,10.09,1107.3,3.8,4.67,3.227,0.04,7.09
7,2023,3,21,16,13.8,7.41,11.18,1110.2,3.9,4.72,3.061,0.039,7.29
7,2023,3,21,20,14.2,7.44,11.34,1096.1,4.3,4.77,3.031,0.038,7.35
7,2023,3,22,0,14.2,7.43,10.41,1118.3,4.6,4.77,3.031,0.038,7.35
7,2023,3,22,4,13.6,7.42,9.17,1126.6,5.7,4.4,2.961,0.039,7.26
7,2023,3,22,8,12.8,7.48,8.94,1110.4,4.7,4.35,3.046,0.039,7.49
7,2023,3,22,12,12.6,7.53,10.24,1153.6,4.6,4.52,3.019,0.04,7.19
7,2023,3,22,16,13.5,7.59,11.51,1136.6,4.6,4.67,2.85,0.039,7.05
7,2023,3,22,20,13.1,7.59,10.85,1134.4,4.9,4.46,2.761,0.042,7.26
7,2023,3,23,0,12.2,7.57,9.91,1149.5,5.1,4.46,2.761,0.042,7.26
7,2023,3,23,4,11.5,7.6,9.46,1154.3,5.5,4.5,2.745,0.037,6.78
7,2023,3,23,8,10.7,7.65,9.49,1124.1,4.8,4.44,2.658,0.037,6.8
7,2023,3,23,12,11.3,7.72,10.81,1120.7,3.8,4.35,2.644,0.037,6.82
7,2023,3,23,16,12.4,7.67,12.1,1133.6,3.7,4.48,2.469,0.036,6.75
7,2023,3,23,20,12.4,7.63,11.31,1136.9,4.1,4.44,2.341,0.037,6.53
7,2023,3,24,0,11.6,7.66,10.45,1161.2,5.0,4.44,2.341,0.037,6.53
7,2023,3,24,4,10.7,7.67,9.72,1168.0,5.5,4.51,2.279,0.038,6.09
7,2023,3,24,8,10.1,7.72,9.72,1230.1,4.5,4.48,2.162,0.035,6.2
7,2023,3,24,12,11.1,7.69,10.83,1125.8,3.7,4.25,2.051,0.034,5.89
7,2023,3,24,16,12.2,7.68,12.24,1144.1,4.0,4.36,2.133,0.035,6.03
7,2023,3,24,20,11.5,7.6,10.49,1173.9,4.5,4.31,2.185,0.038,6.13
7,2023,3,25,0,10.8,7.71,9.97,1186.6,4.6,4.31,2.185,0.038,6.13
7,2023,3,25,4,10.2,7.68,9.34,1206.0,5.1,4.39,2.088,0.036,6.14
7,2023,3,25,8,9.9,7.69,9.15,1156.8,8.5,4.32,2.026,0.04,5.94
7,2023,3,25,12,10.6,7.66,10.13,1228.8,6.8,4.22,1.897,0.041,6.41
7,2023,3,25,16,12.0,7.65,10.77,1163.8,7.4,4.24,1.771,0.04,6.38
7,2023,3,26,12,11.1,7.71,10.32,1193.2,5.2,4.19,1.501,0.037,6.07
7,2023,3,26,16,12.9,7.64,11.18,1183.0,5.0,4.34,1.418,0.036,5.41
7,2023,3,26,20,12.6,7.67,10.56,1178.6,6.1,4.21,1.372,0.035,5.26
7,2023,3,27,0,11.6,7.67,9.59,1185.4,5.4,4.21,1.372,0.035,5.26
7,2023,3,27,4,10.9,7.66,9.19,1192.9,6.3,4.16,1.255,0.035,5.46
7,2023,3,27,8,10.5,7.69,8.95,1206.0,5.3,4.23,1.345,0.035,5.3
7,2023,3,27,12,12.1,7.66,10.18,1185.2,5.4,4.22,1.255,0.034,4.87
7,2023,3,27,16,14.2,7.61,11.26,1163.7,6.0,4.12,1.159,0.033,5.13
7,2023,3,27,20,14.2,7.56,10.47,1162.3,6.3,4.31,1.094,0.034,5.74
7,2023,3,28,0,12.9,7.61,9.51,1179.0,7.1,4.31,1.083,0.034,5.74
7,2023,3,28,4,12.1,7.62,8.85,1185.5,11.0,4.09,1.056,0.035,4.96
7,2023,3,28,8,11.6,7.64,8.7,1193.7,5.3,4.03,1.073,0.033,4.85
7,2023,3,28,12,12.7,7.64,9.69,1182.0,4.5,3.97,0.979,0.034,4.63
7,2023,3,28,16,14.8,7.56,11.15,1157.1,5.6,4.04,0.898,0.032,4.99
7,2023,3,28,20,15.0,7.49,10.41,1164.5,6.3,4.3,0.898,0.033,5.18
7,2023,3,29,0,14.0,7.5,9.28,1174.9,7.4,4.3,0.821,0.033,5.18
7,2023,3,29,4,13.4,7.5,8.74,1186.2,9.0,4.16,0.778,0.036,4.98
7,2023,3,29,8,13.0,7.55,8.61,1191.9,6.8,4.07,0.797,0.034,5.05
7,2023,3,29,12,14.6,7.5,9.76,1174.1,5.1,4.02,0.719,0.034,4.87
7,2023,3,29,16,16.4,7.43,10.83,1153.0,6.3,4.15,0.689,0.034,5.1
7,2023,3,29,20,16.5,7.35,10.06,1160.2,7.6,4.2,0.614,0.035,5.08
7,2023,3,30,0,15.5,7.4,8.99,1176.0,9.8,4.2,0.564,0.035,5.08
7,2023,3,30,4,14.7,7.41,8.36,1182.4,8.3,4.17,0.583,0.037,4.68
7,2023,3,30,8,14.2,7.46,8.22,1185.1,6.3,4.16,0.616,0.036,5.06
7,2023,3,30,12,15.6,7.41,9.49,1174.6,6.2,4.32,0.546,0.036,4.74
7,2023,3,30,16,17.4,7.38,10.78,1171.1,7.8,4.25,0.475,0.036,4.92
7,2023,3,30,20,17.1,7.37,10.03,1171.9,9.0,4.41,0.44,0.035,4.86
7,2023,3,31,4,15.3,7.4,8.23,1184.1,8.1,4.22,0.437,0.036,4.68
7,2023,3,31,8,14.9,7.42,8.07,1197.1,6.6,4.08,0.454,0.035,4.63
7,2023,3,31,16,17.5,7.43,10.72,1174.3,7.7,4.11,0.383,0.035,4.64
7,2023,3,31,20,17.1,7.41,10.03,1176.5,8.3,4.27,0.316,0.036,4.53
7,2023,4,1,0,16.1,7.43,8.63,1184.4,8.1,4.4,0.294,0.036,4.48
7,2023,4,1,0,16.1,7.43,8.63,1184.4,8.1,4.4,0.316,0.036,4.48
7,2023,4,1,8,15.2,7.46,8.02,1206.3,7.3,4.29,0.273,0.038,4.38
7,2023,4,1,12,16.4,7.45,9.35,1186.0,6.5,4.13,0.279,0.037,4.3
7,2023,4,1,16,18.0,7.43,10.47,1180.3,7.3,4.17,0.249,0.036,4.13
7,2023,4,1,20,17.6,7.38,9.74,1168.5,8.0,4.58,0.181,0.036,5.18
7,2023,4,2,0,16.8,7.4,8.67,1189.0,9.0,2.87,0.175,0.043,4.27
7,2023,4,2,4,16.4,7.38,7.86,1146.2,9.8,2.87,0.18,0.043,4.27
7,2023,4,2,8,16.1,7.4,7.65,1167.8,8.1,2.9,0.191,0.042,4.03
7,2023,4,2,12,16.4,7.4,8.41,1194.4,7.7,2.15,0.257,0.042,4.38
7,2023,4,2,16,16.9,7.45,9.31,1191.8,8.8,2.15,0.185,0.043,4.03
7,2023,4,2,20,16.9,7.39,8.86,1187.1,8.8,4.47,0.087,0.044,4.13
7,2023,4,3,0,16.4,7.38,8.04,1171.1,10.5,4.36,0.081,0.043,4.03
7,2023,4,3,4,15.9,7.39,7.58,1193.7,11.2,4.36,0.077,0.043,4.03
7,2023,4,3,8,15.4,7.39,7.4,1199.7,9.1,4.4,0.078,0.047,3.95
7,2023,4,3,12,15.6,7.46,8.23,1199.6,8.2,4.07,0.087,0.045,4.0
7,2023,4,3,16,16.0,7.52,9.35,1192.5,8.4,4.09,0.074,0.049,3.86
7,2023,4,3,20,15.8,7.51,8.99,1152.2,7.7,4.35,0.069,0.046,3.8
7,2023,4,4,0,15.4,7.47,7.96,1204.4,7.8,4.07,0.069,0.045,4.01
7,2023,4,4,4,15.0,7.44,7.34,1205.4,8.3,4.07,0.069,0.045,4.01
7,2023,4,4,12,14.2,7.53,7.81,1212.1,6.3,4.02,0.091,0.045,3.73
7,2023,4,4,16,13.8,7.61,8.66,1209.0,5.9,4.09,0.091,0.047,3.62
7,2023,4,4,20,13.2,7.67,8.9,1215.8,5.9,4.06,0.095,0.045,3.49
7,2023,4,5,0,13.0,7.68,8.59,1210.0,6.3,4.11,0.104,0.043,3.18
7,2023,4,5,4,12.8,7.6,7.87,1221.2,6.6,4.11,0.104,0.043,3.18
7,2023,4,5,8,12.6,7.64,7.69,1195.3,5.6,3.93,0.106,0.045,3.41
7,2023,4,5,12,13.1,7.65,8.48,1222.0,5.3,3.9,0.103,0.043,3.5
7,2023,4,5,16,14.6,7.63,10.2,1198.0,5.4,3.94,0.104,0.045,3.5
7,2023,4,5,20,14.8,7.68,10.38,1197.6,6.3,3.92,0.084,0.044,3.59
7,2023,4,6,0,13.9,7.63,8.85,1210.1,7.8,4.09,0.069,0.044,3.54
7,2023,4,6,4,13.3,7.63,8.47,1208.8,9.4,4.09,0.069,0.044,3.54
7,2023,4,6,8,13.1,7.65,8.47,1219.9,8.6,4.24,0.066,0.048,3.33
7,2023,4,6,12,13.8,7.72,10.05,1213.0,6.7,4.14,0.057,0.051,3.44
7,2023,4,6,16,15.2,7.68,11.05,1184.2,7.4,4.28,0.045,0.051,3.44
7,2023,4,7,0,13.4,7.71,9.44,1213.2,7.8,4.37,0.025,0.052,3.25
7,2023,4,7,4,12.6,7.74,8.96,1213.1,8.1,4.37,0.025,0.052,3.25
7,2023,4,7,8,12.4,7.78,9.02,1231.4,7.0,4.38,0.025,0.052,3.26
7,2023,4,7,12,13.7,7.8,10.77,1201.9,6.4,4.23,0.025,0.051,3.33
7,2023,4,7,16,15.6,7.76,12.09,1186.7,6.5,4.44,0.025,0.052,3.24
7,2023,4,7,20,15.2,7.74,11.17,1198.5,7.1,4.93,0.025,0.053,3.25
7,2023,4,8,0,13.8,7.8,10.22,1214.5,8.1,4.64,0.025,0.052,3.47
7,2023,4,8,4,12.9,7.81,9.47,1216.5,8.0,4.64,0.025,0.052,3.47
7,2023,4,8,8,12.6,7.81,9.5,1216.4,6.2,4.53,0.025,0.056,3.07
7,2023,4,8,12,14.0,7.84,11.19,1196.0,6.0,4.26,0.025,0.054,3.42
7,2023,4,8,16,15.9,7.79,12.28,1159.7,6.6,4.74,0.025,0.054,3.24
7,2023,4,8,20,15.7,7.72,11.37,1183.2,7.2,4.4,0.025,0.052,3.25
7,2023,4,9,0,14.6,7.72,9.97,1194.0,7.1,4.57,0.025,0.051,3.24
7,2023,4,9,4,13.6,7.73,9.28,1205.4,8.8,4.57,0.025,0.051,3.24
7,2023,4,9,8,13.6,7.72,9.3,1211.0,7.1,4.47,0.025,0.053,2.95
7,2023,4,9,12,15.1,7.73,10.96,1191.7,6.3,4.62,0.025,0.053,3.44
7,2023,4,9,16,16.8,7.69,12.12,1181.7,6.9,4.51,0.025,0.054,3.29
7,2023,4,9,20,16.9,7.69,11.15,1179.1,7.2,4.51,0.025,0.058,3.13
7,2023,4,10,0,16.0,7.63,9.89,1184.5,7.6,4.64,0.025,0.055,3.41
7,2023,4,10,4,15.3,7.6,9.08,1197.7,8.4,4.64,0.025,0.055,3.41
7,2023,4,10,8,15.1,7.59,8.97,1200.5,6.9,4.93,0.025,0.056,3.46
7,2023,4,10,12,16.2,7.62,10.42,1186.3,6.9,4.37,0.025,0.056,3.33
7,2023,4,10,16,18.0,7.59,11.45,1167.4,7.4,4.74,0.025,0.054,3.4
7,2023,4,10,20,17.9,7.52,10.36,1170.5,7.7,4.58,0.025,0.054,3.4
7,2023,4,11,0,16.8,7.48,8.98,1176.8,8.5,4.62,0.025,0.054,3.59
7,2023,4,11,4,15.9,7.51,8.46,1199.9,8.6,4.62,0.025,0.053,3.46
7,2023,4,11,8,15.1,7.56,8.48,1190.9,7.6,4.47,0.025,0.053,3.61
7,2023,4,11,12,15.4,7.67,10.03,1184.8,6.7,4.3,0.025,0.053,3.61
7,2023,4,11,16,16.5,7.67,11.29,1186.8,7.2,4.68,0.025,0.054,3.18
7,2023,4,11,20,16.5,7.65,10.48,1199.4,7.7,4.6,0.025,0.055,3.32
7,2023,4,12,0,15.6,7.65,9.26,1202.4,8.1,4.64,0.025,0.055,3.31
7,2023,4,12,4,14.5,7.6,8.48,1223.4,7.4,4.49,0.025,0.055,3.06
7,2023,4,12,8,14.0,7.65,8.67,1217.7,6.8,4.24,0.025,0.055,2.85
7,2023,4,12,12,15.2,7.66,10.07,1172.5,6.7,4.38,0.025,0.054,3.08
7,2023,4,12,16,16.8,6.84,10.85,1202.8,7.6,4.69,0.025,0.057,3.11
7,2023,4,12,20,16.8,7.59,12.25,1194.1,7.4,5.28,0.025,0.063,3.32
7,2023,4,13,0,16.0,7.6,11.0,1173.6,7.0,5.15,0.025,0.057,3.09
7,2023,4,13,4,15.3,7.58,10.1,1213.4,8.7,4.63,0.025,0.055,3.19
7,2023,4,13,8,15.1,7.61,10.3,1213.9,6.9,4.69,0.025,0.056,3.28
7,2023,4,13,12,16.1,7.66,12.19,1206.4,6.7,4.54,0.025,0.056,3.33
7,2023,4,13,16,17.4,7.66,13.74,1188.8,6.9,5.06,0.025,0.059,3.09
7,2023,4,13,20,17.4,7.68,12.95,1184.4,7.1,4.85,0.025,0.06,3.14
7,2023,4,14,0,16.8,7.65,11.38,1204.5,7.0,5.07,0.025,0.059,3.31
7,2023,4,14,4,16.4,7.57,10.25,1211.7,7.1,5.27,0.025,0.06,3.21
7,2023,4,14,8,16.2,7.56,10.04,1183.8,6.8,4.7,0.025,0.057,3.24
7,2023,4,14,12,16.8,7.64,11.96,1200.9,6.7,4.64,0.025,0.059,3.46
7,2023,4,14,16,17.9,7.63,13.27,1190.9,7.3,4.63,0.025,0.06,3.2
7,2023,4,14,20,17.8,7.59,12.15,1190.2,8.1,4.69,0.025,0.058,3.17
7,2023,4,15,0,16.6,7.57,10.53,1211.4,7.5,4.85,0.025,0.058,3.39
7,2023,4,15,4,15.7,7.55,9.48,1216.9,7.5,4.54,0.025,0.059,3.26
7,2023,4,15,8,15.3,7.57,9.6,1218.2,6.0,4.48,0.025,0.057,3.4
7,2023,4,15,12,16.4,7.6,11.39,1209.6,6.4,4.44,0.025,0.059,3.13
7,2023,4,15,16,17.8,7.61,12.9,1186.2,6.4,4.7,0.025,0.057,3.29
7,2023,4,15,20,17.6,7.6,12.21,1195.5,6.7,4.41,0.025,0.055,3.42
7,2023,4,16,0,16.5,7.62,10.7,1184.2,7.2,4.41,0.025,0.055,3.42
7,2023,4,16,4,15.6,7.59,9.67,1229.6,6.8,4.42,0.025,0.056,3.05
7,2023,4,16,8,15.1,7.61,9.77,1231.4,5.6,4.3,0.025,0.056,3.3
7,2023,4,16,12,16.1,7.65,11.69,1215.0,5.4,4.3,0.025,0.056,3.3
7,2023,4,16,16,17.8,7.64,13.3,1192.8,5.9,4.36,0.025,0.056,3.62
7,2023,4,16,20,17.8,7.44,12.2,1204.8,5.0,4.38,0.025,0.058,3.59
7,2023,4,17,0,17.0,7.53,10.73,1214.9,5.6,4.38,0.025,0.058,3.59
7,2023,4,17,8,15.6,7.56,9.77,1229.0,5.2,4.3,0.025,0.059,3.35
7,2023,4,17,12,16.6,7.63,11.76,1174.5,5.8,4.52,0.025,0.061,3.14
7,2023,4,17,16,18.4,7.61,13.47,1197.6,6.2,4.46,0.025,0.063,3.38
7,2023,4,17,20,18.5,7.59,12.65,1188.5,6.5,4.58,0.025,0.062,3.46
7,2023,4,18,0,17.6,7.55,10.89,1210.4,5.8,4.58,0.025,0.062,3.46
7,2023,4,18,4,16.8,7.53,9.82,1223.7,6.3,4.7,0.025,0.064,3.48
7,2023,4,18,8,16.5,7.53,9.89,1223.3,5.7,4.44,0.025,0.059,3.66
7,2023,4,18,12,18.0,7.52,11.99,1204.9,6.5,4.44,0.025,0.058,3.49
7,2023,4,18,16,20.0,7.5,13.65,1230.0,6.4,4.43,0.025,0.058,3.71
7,2023,4,19,4,17.9,7.39,9.26,1172.0,4.5,4.37,0.025,0.057,3.56
7,2023,4,19,8,17.6,7.38,9.42,1215.5,4.2,4.45,0.025,0.057,3.76
7,2023,4,19,12,18.8,7.44,11.56,1196.1,5.2,4.34,0.025,0.058,3.54
7,2023,4,19,16,20.6,7.47,13.33,1248.4,6.0,4.38,0.025,0.057,3.59
7,2023,4,19,20,21.0,7.37,12.29,1245.9,6.3,4.41,0.025,0.058,3.77
7,2023,4,20,0,20.5,7.29,10.21,1191.3,6.7,4.41,0.025,0.058,3.77
7,2023,4,20,4,19.5,7.27,8.95,1193.3,7.0,4.23,0.025,0.058,3.7
7,2023,4,20,8,18.8,7.32,8.82,1206.0,7.4,4.46,0.025,0.061,3.73
7,2023,4,20,12,18.1,7.41,9.63,1201.1,8.8,4.45,0.025,0.064,3.62
7,2023,4,20,16,18.0,7.47,10.59,1196.3,6.6,4.59,0.025,0.062,3.64
7,2023,4,20,20,17.6,7.43,9.64,1202.4,6.7,4.59,0.025,0.061,3.7
7,2023,4,21,0,17.1,7.35,8.42,1212.8,6.0,4.59,0.025,0.061,3.7
7,2023,4,21,4,16.5,7.32,7.65,1210.6,6.4,4.49,0.052,0.06,3.62
7,2023,4,21,8,15.9,7.37,7.75,1209.9,6.2,4.33,0.068,0.061,3.57
7,2023,4,21,12,16.4,7.42,9.47,1207.1,5.9,4.38,0.054,0.062,3.43
7,2023,4,21,16,16.6,7.51,11.16,1199.4,5.7,4.35,0.039,0.061,3.88
7,2023,4,21,20,16.1,7.53,10.34,1201.5,5.4,4.31,0.036,0.058,3.52
7,2023,4,22,0,15.4,7.49,9.19,1208.5,5.2,4.31,0.036,0.058,3.52
7,2023,4,22,4,14.6,7.45,8.34,1216.2,5.1,4.09,0.058,0.056,3.53
7,2023,4,22,8,14.1,7.45,8.36,1193.5,4.9,4.23,0.067,0.055,3.45
7,2023,4,22,12,14.5,7.51,9.75,1214.7,4.8,4.08,0.045,0.057,3.38
7,2023,4,22,20,15.5,7.58,11.38,1204.0,5.1,4.15,0.025,0.056,3.44
7,2023,4,23,0,14.8,7.54,10.34,1207.7,4.9,4.15,0.025,0.056,3.44
7,2023,4,23,4,13.9,7.54,9.64,1209.2,5.3,4.07,0.025,0.057,3.13
7,2023,4,23,8,13.8,7.58,10.01,1208.2,4.8,4.0,0.025,0.058,3.56
7,2023,4,23,16,15.1,7.6,12.68,1191.1,4.8,4.25,0.025,0.058,3.63
7,2023,4,24,4,13.4,7.59,10.25,1202.3,5.8,4.23,0.025,0.057,3.35
7,2023,4,24,8,13.1,7.59,10.49,1205.4,5.3,4.2,0.025,0.057,3.49
7,2023,4,24,12,14.4,7.62,12.41,1186.7,5.1,4.2,0.025,0.059,3.6
7,2023,4,25,12,15.1,7.73,12.64,1179.4,5.4,4.43,0.025,0.05,3.51
7,2023,4,25,16,16.9,7.77,14.14,1159.9,6.0,4.34,0.138,0.058,3.57
7,2023,4,25,20,16.8,7.66,12.79,1157.8,6.9,4.49,0.025,0.057,3.71
7,2023,4,26,0,15.4,7.72,11.41,1173.8,6.1,4.49,0.025,0.057,3.71
7,2023,4,26,4,14.3,7.7,10.4,1181.9,5.5,4.39,0.025,0.056,3.21
7,2023,4,26,8,13.9,7.74,10.51,1177.6,5.5,4.27,0.025,0.055,3.39
7,2023,4,26,12,15.1,7.8,12.7,1165.5,5.5,4.43,0.025,0.057,3.39
7,2023,4,26,16,16.6,7.8,14.08,1144.9,5.9,4.34,0.025,0.057,3.44
7,2023,4,26,20,16.6,7.7,12.86,1147.6,6.1,4.41,0.025,0.055,3.47
7,2023,4,27,0,16.0,7.64,11.02,1153.7,5.6,4.41,0.025,0.055,3.47
7,2023,4,27,4,15.4,7.6,9.88,1163.0,5.4,4.15,0.025,0.054,3.3
7,2023,4,27,8,15.1,7.62,9.96,1166.4,5.6,4.26,0.025,0.053,3.39
7,2023,4,27,12,15.7,7.6,10.99,1155.8,4.7,4.24,0.025,0.055,3.29
7,2023,4,27,16,16.5,7.68,12.45,1097.6,4.8,4.29,0.025,0.055,3.21
7,2023,4,27,20,16.8,7.61,11.84,1101.0,4.5,4.28,0.025,0.053,3.41
7,2023,4,28,0,16.5,7.57,10.85,1135.8,5.0,4.28,0.025,0.053,3.41
7,2023,4,28,4,16.2,7.51,9.7,1149.1,5.0,4.29,0.025,0.055,3.33
7,2023,4,28,8,16.1,7.52,9.74,1146.3,5.4,4.32,0.032,0.056,3.48
7,2023,4,28,12,17.0,7.6,11.92,1124.8,5.9,4.27,0.025,0.057,3.43
7,2023,4,28,16,18.2,7.63,13.17,1120.6,6.1,4.35,0.025,0.056,3.28
7,2023,4,28,20,17.6,7.58,11.04,1134.9,6.7,4.42,0.04,0.058,3.31
7,2023,4,29,0,16.4,7.55,9.61,1141.4,6.5,4.42,0.04,0.058,3.31
7,2023,4,29,4,15.6,7.51,8.79,1139.7,6.5,4.19,0.057,0.058,3.37
7,2023,4,29,8,15.4,7.55,9.02,1138.7,5.6,4.3,0.058,0.056,3.35
7,2023,4,29,12,16.8,7.61,11.38,1124.7,5.8,4.2,0.045,0.057,3.05
7,2023,4,29,16,18.8,7.59,12.64,1109.6,6.0,4.15,0.039,0.059,3.23
7,2023,4,29,20,18.8,7.44,11.02,1105.2,6.5,4.25,0.043,0.057,3.2
7,2023,4,30,0,17.6,7.41,9.55,1123.5,6.1,4.25,0.043,0.057,3.2
7,2023,4,30,4,16.9,7.42,8.63,1125.4,5.8,4.42,0.048,0.057,3.37
7,2023,4,30,8,16.6,7.41,8.77,1126.6,5.7,4.06,0.047,0.056,3.48
7,2023,4,30,12,17.9,7.48,11.24,1119.6,6.2,4.07,0.034,0.056,3.35
7,2023,4,30,16,19.8,7.48,12.75,1092.1,6.2,4.15,0.029,0.056,3.31
7,2023,4,30,20,19.6,7.39,11.05,1088.6,6.1,4.28,0.033,0.054,3.34
7,2023,5,1,0,18.6,7.35,9.48,1117.1,5.6,4.28,0.032,0.054,3.34
7,2023,5,1,4,17.6,7.35,8.32,1117.1,5.6,4.28,0.039,0.054,3.12
7,2023,5,1,8,17.4,7.36,8.49,1126.1,5.1,3.99,0.045,0.054,3.44
7,2023,5,1,12,18.9,7.43,10.84,1107.2,5.8,4.07,0.035,0.057,3.29
7,2023,5,1,16,20.9,7.41,12.49,1094.2,6.2,4.16,0.027,0.054,3.3
7,2023,5,1,20,21.1,7.28,10.81,1149.5,6.6,4.15,0.033,0.054,3.46
7,2023,5,2,0,20.2,7.28,8.94,1100.3,6.6,4.15,0.034,0.054,3.46
7,2023,5,2,4,19.6,7.21,8.0,1105.9,6.5,4.18,0.042,0.055,3.24
7,2023,5,2,8,19.5,7.22,8.14,1108.3,6.0,4.29,0.046,0.054,3.46
7,2023,5,2,12,20.8,7.26,10.48,1099.3,6.3,4.18,0.038,0.056,3.41
7,2023,5,2,16,22.5,7.29,12.13,1080.7,7.0,4.3,0.025,0.055,3.49
7,2023,5,2,20,22.6,7.2,10.58,1077.0,6.8,4.45,0.028,0.054,3.61
7,2023,5,3,0,21.9,7.16,8.77,1096.2,6.4,4.45,0.029,0.054,3.61
7,2023,5,3,4,20.9,7.12,7.7,1099.6,6.1,4.27,0.036,0.054,3.4
7,2023,5,3,8,20.5,7.15,7.75,1103.3,5.7,4.27,0.039,0.057,3.43
7,2023,5,3,12,21.9,7.2,10.46,1087.7,6.7,4.22,0.028,0.059,3.29
7,2023,5,3,16,23.8,7.26,12.55,1129.3,7.4,4.36,0.025,0.056,3.57
7,2023,5,3,20,23.8,7.15,10.87,1075.0,7.3,4.45,0.025,0.056,3.4
7,2023,5,4,0,22.9,7.1,8.79,1091.0,7.1,4.45,0.029,0.056,3.4
7,2023,5,4,4,21.9,7.07,7.41,1167.0,7.0,4.33,0.038,0.058,3.24
7,2023,5,4,8,21.2,7.06,6.77,1091.6,5.9,4.39,0.057,0.005,3.16
7,2023,5,4,12,21.1,7.07,7.19,1095.7,6.1,4.25,0.07,0.059,3.46
7,2023,5,4,16,21.0,6.98,8.36,1102.0,9.1,4.99,0.084,0.067,3.06
7,2023,5,4,20,20.9,7.18,7.92,1097.7,8.8,4.62,0.089,0.062,3.46
7,2023,5,5,0,20.5,7.12,6.7,1091.8,9.6,4.62,0.098,0.062,3.46
7,2023,5,5,4,20.2,7.02,5.59,1100.2,6.9,4.54,0.133,0.06,3.28
7,2023,5,5,8,20.2,7.01,5.55,1103.9,7.3,4.48,0.143,0.061,3.29
7,2023,5,5,12,20.6,7.07,7.18,1151.6,9.5,4.53,0.129,0.062,3.19
7,2023,5,5,16,20.8,7.19,8.71,1095.4,8.1,4.48,0.115,0.059,3.23
7,2023,5,5,20,20.2,7.21,8.23,1146.4,8.6,4.55,0.101,0.06,3.24
7,2023,5,6,0,19.6,7.14,6.79,1091.7,7.9,4.55,0.121,0.06,3.24
7,2023,5,6,4,19.0,7.1,5.92,1099.7,6.5,4.26,0.139,0.056,3.13
7,2023,5,6,8,18.8,7.13,6.39,1100.0,6.0,4.39,0.14,0.058,3.24
7,2023,5,6,12,19.4,7.27,9.15,1088.6,6.5,4.38,0.115,0.06,2.92
7,2023,5,6,16,20.6,7.33,11.1,1075.3,7.6,4.36,0.096,0.057,3.1
7,2023,5,6,20,20.6,7.26,9.67,1083.8,6.9,4.39,0.088,0.056,3.1
7,2023,5,7,0,19.9,7.23,8.13,1096.0,7.2,4.39,0.088,0.056,3.1
7,2023,5,7,4,19.0,7.2,7.03,1092.6,6.1,4.36,0.098,0.056,2.91
7,2023,5,7,8,18.6,7.19,7.28,1097.7,5.6,4.28,0.091,0.058,3.04
7,2023,5,7,12,19.6,7.34,10.18,1082.6,5.2,4.34,0.061,0.058,2.97
7,2023,5,7,16,21.8,7.38,12.41,1070.6,5.9,4.39,0.042,0.056,3.08
7,2023,5,7,20,21.9,7.29,10.94,1065.4,6.8,4.45,0.04,0.056,2.96
7,2023,5,8,0,20.9,7.27,9.22,1166.4,6.6,4.45,0.04,0.056,2.96
7,2023,5,8,4,19.9,7.23,8.01,1084.4,6.6,4.39,0.036,0.055,2.83
7,2023,5,8,8,19.5,7.22,8.24,1089.8,5.2,4.18,0.035,0.054,2.99
7,2023,5,8,12,20.8,7.36,11.01,1062.8,5.5,4.28,0.025,0.055,2.92
7,2023,5,8,16,22.5,7.44,13.1,1061.2,6.2,4.29,0.025,0.054,3.27
7,2023,5,8,20,22.6,7.3,11.48,1063.0,6.6,4.14,0.025,0.053,3.12
7,2023,5,9,0,21.6,7.28,9.52,1073.0,5.8,4.14,0.025,0.053,3.12
7,2023,5,9,4,20.6,7.19,8.23,1072.6,6.4,4.22,0.025,0.051,2.77
7,2023,5,9,8,20.1,7.23,8.2,1081.6,4.6,4.2,0.025,0.052,2.99
7,2023,5,9,12,21.5,6.95,10.93,1057.0,5.5,4.42,0.025,0.055,2.92
7,2023,5,9,16,23.1,7.34,12.8,1049.0,6.2,4.39,0.025,0.054,2.93
7,2023,5,10,16,23.5,7.31,12.28,1049.2,6.3,4.16,0.025,0.055,2.86
7,2023,5,10,20,23.1,7.2,10.46,1055.0,6.9,4.3,0.025,0.054,3.06
7,2023,5,11,0,22.0,7.14,8.67,1078.4,5.8,4.39,0.025,0.054,2.93
7,2023,5,11,4,21.4,7.09,7.24,1148.3,5.5,4.39,0.025,0.054,2.93
7,2023,5,11,8,21.2,7.09,7.17,1149.3,5.4,4.31,0.029,0.056,3.06
7,2023,5,11,12,22.2,7.11,9.25,1071.1,5.5,4.37,0.037,0.058,3.12
7,2023,5,11,16,23.1,7.16,10.47,1062.5,6.0,4.37,0.025,0.06,3.08
7,2023,5,11,20,23.0,7.1,9.2,1064.0,6.4,4.39,0.025,0.06,3.21
7,2023,5,12,0,22.0,7.09,7.68,1067.4,6.0,4.36,0.029,0.056,3.0
7,2023,5,12,4,21.2,7.04,6.59,1098.6,5.4,4.36,0.029,0.056,3.0
7,2023,5,12,8,21.0,7.06,6.83,1075.3,5.0,4.42,0.047,0.052,3.16
7,2023,5,12,12,22.0,7.15,9.33,1065.0,8.5,4.19,0.044,0.067,2.96
7,2023,5,12,16,22.4,7.11,8.74,1060.9,9.1,4.43,0.032,0.065,3.14
7,2023,5,12,20,22.4,7.05,8.22,1055.8,8.2,4.54,0.043,0.066,3.03
7,2023,5,13,0,21.5,7.07,7.11,1077.6,8.2,4.36,0.051,0.059,3.25
7,2023,5,13,4,20.6,7.09,6.28,1076.0,10.1,4.36,0.051,0.059,3.25
7,2023,5,13,8,20.5,7.07,6.44,1075.8,30.6,4.31,0.064,0.055,2.91
7,2023,5,13,12,21.9,7.1,9.1,1055.2,31.7,4.96,0.07,0.074,2.97
7,2023,5,13,16,23.6,7.17,10.85,1094.1,20.0,4.5,0.054,0.064,3.11
7,2023,5,13,20,23.8,7.05,9.16,1064.4,9.2,4.81,0.032,0.067,3.35
7,2023,5,14,0,23.0,7.03,7.58,1060.4,9.4,4.28,0.046,0.057,3.12
7,2023,5,14,4,22.2,6.97,6.65,1068.3,7.3,4.28,0.046,0.057,3.12
7,2023,5,14,8,21.8,6.99,6.69,1065.9,5.5,4.2,0.046,0.053,2.98
7,2023,5,14,12,23.0,7.1,9.32,1019.7,5.8,4.08,0.038,0.053,3.0
7,2023,5,14,16,24.5,7.07,10.33,1030.9,6.1,4.25,0.032,0.052,3.31
7,2023,5,14,20,24.5,7.06,8.73,1033.7,5.9,4.12,0.041,0.052,3.07
7,2023,5,15,0,23.6,6.96,7.37,1054.3,5.3,4.12,0.041,0.052,3.07
7,2023,5,15,4,22.9,6.95,6.33,1050.3,6.0,4.13,0.055,0.051,2.86
7,2023,5,15,8,22.6,6.95,6.52,1049.9,5.3,4.53,0.058,0.052,3.07
7,2023,5,15,12,24.0,7.0,9.05,1081.0,5.6,4.8,0.04,0.055,2.88
7,2023,5,15,16,25.9,6.97,10.68,1026.4,6.4,4.46,0.026,0.054,3.08
7,2023,5,15,20,26.2,6.85,8.97,1052.7,6.9,4.44,0.036,0.052,3.11
7,2023,5,16,0,25.6,6.82,7.08,1027.2,5.7,4.44,0.036,0.052,3.11
7,2023,5,16,4,25.0,6.79,5.89,1105.9,5.6,4.37,0.055,0.049,2.89
7,2023,5,16,8,24.6,6.81,5.74,1075.1,5.3,4.3,0.06,0.051,2.97
7,2023,5,16,12,25.9,6.85,8.33,962.2,6.0,4.77,0.051,0.055,2.88
7,2023,5,17,12,25.9,6.93,8.1,998.9,6.6,4.78,0.069,0.053,2.5
7,2023,5,17,16,26.1,7.07,9.24,1045.4,7.2,4.54,0.041,0.055,2.94
7,2023,5,17,20,25.6,7.08,8.11,1061.9,7.3,4.88,0.034,0.055,2.46
7,2023,5,18,0,24.8,7.02,6.46,1057.6,6.6,4.35,0.042,0.053,2.26
7,2023,5,18,4,23.9,6.98,5.17,1052.5,6.0,4.35,0.042,0.053,2.26
7,2023,5,18,8,23.4,6.99,5.1,1071.9,5.5,4.29,0.063,0.05,2.1
7,2023,5,18,8,23.4,6.99,5.1,1071.9,5.5,4.6,0.065,0.052,2.13
7,2023,5,18,12,24.1,7.09,7.84,1058.9,6.3,4.61,0.042,0.054,1.93
7,2023,5,18,20,26.0,7.03,9.05,1077.4,8.2,4.84,0.048,0.055,1.98
7,2023,5,19,0,25.2,6.99,6.83,1071.8,6.6,4.84,0.048,0.055,1.98
7,2023,5,19,4,24.4,6.95,5.48,1076.2,6.6,4.74,0.051,0.051,2.09
7,2023,5,19,16,23.5,6.99,5.32,1086.3,6.4,4.71,0.094,0.057,2.72
7,2023,5,19,20,23.5,6.89,4.67,1018.2,7.4,4.78,0.128,0.061,2.22
7,2023,5,20,0,22.8,6.95,3.99,1051.3,6.4,4.78,0.128,0.061,2.22
7,2023,5,20,4,22.2,6.96,3.5,1087.5,4.8,4.64,0.157,0.057,1.82
7,2023,5,20,8,21.8,6.98,3.89,1088.5,6.2,4.48,0.152,0.06,1.65
7,2023,5,20,12,22.1,7.07,6.5,1048.2,7.1,4.51,0.125,0.061,1.71
7,2023,5,20,16,22.8,7.15,7.72,1082.3,7.1,4.73,0.106,0.061,1.71
7,2023,5,20,20,22.8,7.09,6.92,1084.4,7.4,4.84,0.095,0.06,2.04
7,2023,5,21,0,22.0,7.05,5.6,1092.1,6.6,4.84,0.095,0.06,2.04
7,2023,5,21,4,21.1,7.01,4.76,1089.9,6.2,4.53,0.118,0.06,1.59
7,2023,5,21,8,20.5,7.05,4.95,1089.4,5.4,4.6,0.116,0.062,1.88
7,2023,5,21,12,21.0,7.19,7.6,1050.7,5.9,4.83,0.096,0.064,1.58
7,2023,5,21,16,21.9,7.24,9.11,1089.2,6.4,4.66,0.08,0.062,1.57
7,2023,5,21,20,22.0,7.21,8.41,1072.0,7.5,4.78,0.075,0.06,1.58
7,2023,5,22,0,21.5,7.13,7.21,1055.8,6.5,4.78,0.075,0.06,1.58
7,2023,5,22,4,20.6,7.1,6.04,1096.0,6.2,4.61,0.08,0.058,1.71
7,2023,5,22,8,20.2,7.13,6.03,1089.6,5.0,4.62,0.075,0.058,1.69
7,2023,5,22,12,21.2,7.22,8.81,1050.9,5.7,4.7,0.057,0.06,1.69
7,2023,5,22,16,22.9,7.37,10.88,1082.3,6.1,4.63,0.029,0.058,1.81
7,2023,5,22,20,23.2,7.22,9.94,1080.1,6.4,4.59,0.026,0.054,1.68
7,2023,5,23,0,22.6,7.19,8.2,1090.5,5.6,4.59,0.026,0.054,1.68
7,2023,5,23,4,21.9,7.13,7.08,1094.6,5.8,4.51,0.025,0.052,1.63
7,2023,5,23,8,21.1,7.19,6.97,1098.9,5.3,4.47,0.025,0.055,1.59
7,2023,5,24,16,23.1,8.29,11.71,1083.4,7.8,5.07,0.025,0.062,1.48
7,2023,5,25,12,21.2,8.13,8.8,1102.0,6.2,4.88,0.028,0.06,1.51
7,2023,5,25,16,22.0,8.3,10.53,1074.0,6.6,4.84,0.025,0.057,1.18
7,2023,5,25,20,22.5,8.21,9.84,1027.2,7.1,5.01,0.025,0.055,1.52
7,2023,5,26,0,22.0,8.18,8.01,1056.6,6.2,5.01,0.025,0.055,1.52
7,2023,5,26,4,21.5,8.02,6.69,1094.8,6.3,4.79,0.026,0.053,1.35
7,2023,5,26,8,21.0,8.12,6.66,1101.2,5.9,4.85,0.026,0.059,1.34
7,2023,5,26,12,21.9,8.2,9.45,1024.6,6.6,5.07,0.025,0.059,1.43
7,2023,5,26,16,23.2,8.3,11.4,1073.9,6.7,4.88,0.025,0.058,1.22
7,2023,5,26,20,23.5,8.21,10.46,1087.2,7.5,4.96,0.025,0.055,1.32
7,2023,5,27,0,22.9,8.08,8.35,1091.1,6.2,4.78,0.026,0.053,1.26
7,2023,5,27,4,22.4,8.0,6.72,1061.4,6.3,4.99,0.03,0.053,1.21
7,2023,5,27,8,21.9,7.94,5.77,1063.0,5.8,4.74,0.043,0.055,1.35
7,2023,5,27,12,22.0,7.98,6.25,975.8,6.2,4.77,0.042,0.059,1.39
7,2023,5,27,16,22.1,8.03,7.03,983.2,7.0,4.76,0.05,0.058,1.26
7,2023,5,27,20,22.0,7.97,6.64,1079.6,7.4,4.7,0.049,0.057,1.3
7,2023,5,28,0,21.9,7.89,5.22,1083.3,13.7,4.7,0.049,0.057,1.3
7,2023,5,28,4,21.6,7.85,4.26,1091.3,5.0,4.69,0.087,0.058,1.28
7,2023,5,28,8,21.5,7.86,4.42,1097.2,5.2,4.77,0.094,0.063,1.41
7,2023,5,28,12,22.4,7.92,6.84,1067.4,6.1,4.85,0.068,0.063,1.37
7,2023,5,28,16,23.6,8.0,8.72,944.2,6.4,5.02,0.048,0.062,1.6
7,2023,5,28,20,23.8,7.91,7.55,1089.2,6.9,4.97,0.045,0.058,1.45
7,2023,5,29,0,23.0,7.87,5.76,1096.2,5.4,4.75,0.046,0.058,1.57
7,2023,5,29,4,22.5,7.82,4.7,1091.6,4.8,4.75,0.056,0.058,1.35
7,2023,5,29,12,23.6,7.92,7.48,1098.5,6.0,4.91,0.033,0.065,1.53
7,2023,5,29,16,25.1,7.98,9.26,1093.4,6.8,4.88,0.025,0.061,1.48
7,2023,5,29,20,25.1,7.89,8.12,1094.0,7.9,4.96,0.025,0.06,1.62
7,2023,5,30,0,24.4,7.82,6.11,1101.8,5.8,4.96,0.025,0.06,1.62
7,2023,5,30,4,23.8,7.75,4.84,1091.3,5.1,4.66,0.043,0.058,1.56
7,2023,5,30,8,23.4,7.75,4.0,1093.2,5.2,4.58,0.061,0.065,1.5
7,2023,5,30,8,23.4,7.75,4.0,1093.2,5.2,4.58,0.061,0.065,1.5
7,2023,5,30,12,23.5,7.8,5.04,1097.9,5.9,4.78,0.058,0.068,1.58
7,2023,5,30,12,23.5,7.8,5.04,1097.9,5.9,4.78,0.058,0.068,1.58
7,2023,5,30,16,23.9,7.85,6.65,1095.7,5.8,4.69,0.045,0.064,1.67
7,2023,5,30,16,23.9,7.85,6.65,1095.7,5.8,4.69,0.045,0.064,1.67
7,2023,5,30,20,23.8,7.86,6.05,1097.1,6.7,4.58,0.048,0.063,1.68
7,2023,5,31,0,23.2,7.79,4.69,994.8,5.3,4.58,0.048,0.063,1.68
7,2023,5,31,0,23.2,7.79,4.69,994.8,5.3,4.58,0.048,0.063,1.68
7,2023,5,31,0,23.2,7.79,4.69,994.8,5.3,4.58,0.048,0.063,1.68
7,2023,5,31,4,22.6,7.78,3.52,1030.5,4.5,4.37,0.087,0.063,1.83
7,2023,5,31,8,22.2,7.75,3.54,1100.0,4.0,4.37,0.087,0.063,1.83
7,2023,5,31,12,22.9,7.82,5.65,1099.0,4.8,4.3,0.096,0.07,1.64
7,2023,5,31,12,22.9,7.82,5.65,1099.0,4.8,4.43,0.074,0.07,1.71
7,2023,5,31,16,23.5,7.9,6.82,1092.9,5.3,4.43,0.074,0.07,1.71
7,2023,5,31,16,23.5,7.9,6.82,1092.9,5.3,4.45,0.063,0.067,1.57
7,2023,5,31,20,23.6,7.81,6.18,1089.3,6.0,4.45,0.063,0.067,1.57
7,2023,5,31,20,23.6,7.81,6.18,1089.3,6.0,4.35,0.059,0.066,1.95
7,2023,6,1,0,23.0,7.79,4.99,1072.8,4.9,4.35,0.059,0.066,1.95
7,2023,6,1,0,23.0,7.79,4.99,1072.8,4.9,4.35,0.059,0.066,1.95
7,2023,6,1,0,23.0,7.79,4.99,1072.8,4.9,4.35,0.059,0.066,1.95
7,2023,6,1,4,22.5,7.76,3.81,1093.5,4.6,4.37,0.086,0.065,1.56
7,2023,6,1,8,22.1,7.79,3.99,1035.0,3.9,4.37,0.086,0.065,1.56
7,2023,6,1,8,22.1,7.79,3.99,1035.0,3.9,4.22,0.093,0.073,1.73
7,2023,6,1,12,23.0,7.85,6.14,1103.2,4.9,4.22,0.093,0.073,1.73
7,2023,6,1,12,23.0,7.85,6.14,1103.2,4.9,4.47,0.064,0.074,1.62
7,2023,6,1,16,24.0,7.95,8.27,1072.4,5.8,4.47,0.064,0.074,1.62
7,2023,6,1,16,24.0,7.95,8.27,1072.4,5.8,4.39,0.042,0.07,1.6
7,2023,6,2,12,23.1,8.05,8.4,1083.5,5.2,4.22,0.025,0.062,1.41
