point_id,year,month,day,hour,水温(℃),pH(无量纲),溶解氧(mg/L),电导率(μS/cm),浊度(NTU),高锰酸盐指数(mg/L),氨氮(mg/L),总磷(mg/L),总氮(mg/L)
8,2021,6,17,12,25.4,7.33,2.71,2058.4,22.8,7.9,0.025,0.073,0.86
8,2021,6,17,12,25.4,7.33,2.71,2058.4,22.8,7.9,0.025,0.073,0.86
8,2021,6,17,16,26.0,7.32,1.32,2065.1,55.3,7.9,0.025,0.066,0.86
8,2021,6,17,20,25.9,7.28,0.48,2079.6,28.9,9.47,0.025,0.101,1.34
8,2021,6,18,0,25.6,7.29,0.5,2094.4,18.1,9.47,0.025,0.101,1.34
8,2021,6,18,4,25.5,7.28,0.7,2102.6,14.4,9.05,0.025,0.094,1.2
8,2021,6,18,4,25.5,7.28,0.7,2102.6,14.4,9.0,0.08,0.106,1.23
8,2021,6,18,8,25.6,7.28,1.0,2097.3,44.0,9.76,0.025,0.115,1.27
8,2021,6,18,12,26.0,7.28,1.06,2103.5,27.9,9.76,0.033,0.089,1.08
8,2021,6,18,16,26.3,7.31,1.82,2112.7,26.9,8.83,0.033,0.089,1.08
8,2021,6,18,16,26.3,7.31,1.82,2112.7,26.9,9.02,0.025,0.094,1.06
8,2021,6,18,20,26.1,7.3,1.7,2092.5,41.6,8.98,0.025,0.097,1.05
8,2021,6,19,0,25.9,7.29,1.23,2128.6,32.1,8.98,0.025,0.097,1.05
8,2021,6,19,4,25.8,7.43,3.74,2130.2,22.9,8.88,0.025,0.104,1.23
8,2021,6,19,4,25.8,7.43,3.74,2130.2,22.9,8.41,0.025,0.091,1.08
8,2021,6,19,8,25.6,7.38,2.49,2117.1,26.4,8.22,0.025,0.078,1.42
8,2021,6,19,12,26.1,7.4,2.76,2127.0,26.1,8.57,0.025,0.076,1.13
8,2021,6,19,16,26.3,7.42,3.01,2118.0,31.8,8.75,0.025,0.087,0.96
8,2021,6,19,20,26.6,7.4,2.76,2113.1,40.4,8.75,0.025,0.082,1.09
8,2021,6,20,0,26.5,7.52,4.38,2145.8,39.7,8.77,0.025,0.082,1.09
8,2021,6,20,0,26.5,7.52,4.38,2145.8,39.7,8.77,0.025,0.082,1.09
8,2021,6,20,8,25.8,7.46,3.41,2140.9,20.4,7.66,0.025,0.066,1.08
8,2021,6,20,12,26.2,7.49,4.48,2152.6,25.7,7.84,0.025,0.069,1.1
8,2021,6,20,16,26.6,7.51,5.07,2151.0,28.4,8.15,0.025,0.069,1.1
8,2021,7,2,12,26.8,7.7,6.03,2353.2,32.6,4.89,0.05,0.049,1.09
8,2021,7,2,16,27.3,7.8,7.7,2348.2,30.0,4.88,0.05,0.049,1.09
8,2021,7,2,16,27.3,7.8,7.7,2348.2,30.0,4.88,0.025,0.05,1.09
8,2021,7,2,20,27.1,7.64,5.41,2342.5,39.0,6.48,0.025,0.05,1.01
8,2021,7,3,0,27.0,7.57,4.62,2360.9,28.2,6.48,0.025,0.05,1.01
8,2021,7,3,4,27.1,7.78,5.99,2220.1,93.6,6.48,0.025,0.05,1.01
8,2021,7,3,4,27.1,7.78,5.99,2220.1,93.6,5.58,0.07,0.069,0.65
8,2021,7,3,8,26.8,7.76,5.53,2226.3,42.6,5.76,0.068,0.049,0.93
8,2021,7,3,12,27.0,7.78,5.9,2264.9,44.8,5.76,0.041,0.054,0.97
8,2021,7,3,16,27.4,7.81,6.61,2255.1,43.6,5.76,0.041,0.054,0.97
8,2021,7,3,16,27.4,7.81,6.61,2255.1,43.6,6.49,0.054,0.054,1.1
8,2021,7,3,20,27.2,7.68,6.61,2255.1,69.6,6.18,0.057,0.069,1.03
8,2021,7,4,0,27.1,7.62,4.27,2270.4,44.8,6.18,0.057,0.069,1.03
8,2021,7,4,4,27.1,7.78,5.95,2250.6,16.6,6.18,0.057,0.069,1.03
8,2021,7,4,4,27.1,7.78,5.95,2250.6,16.6,6.12,0.056,0.05,1.54
8,2021,7,4,8,27.0,7.69,4.97,2255.3,32.4,6.31,0.053,0.049,1.04
8,2021,7,4,12,27.4,7.8,6.69,2247.0,34.4,6.31,0.025,0.057,1.02
8,2021,7,4,16,27.9,7.89,7.87,2242.5,38.5,6.78,0.025,0.057,1.02
8,2021,7,4,16,27.9,7.89,7.87,2242.5,38.5,6.91,0.025,0.06,1.01
8,2021,7,4,20,27.8,7.77,6.6,2240.2,46.5,7.1,0.025,0.069,0.89
8,2021,7,5,0,27.6,7.65,4.95,2251.4,33.6,7.1,0.025,0.069,0.89
8,2021,7,5,4,27.7,7.61,4.82,2259.6,31.5,7.1,0.025,0.069,0.89
8,2021,7,5,8,27.7,7.54,4.22,2245.2,39.2,6.24,0.036,0.054,1.06
8,2021,7,5,8,27.7,7.54,4.22,2245.2,39.2,6.83,0.025,0.059,1.13
8,2021,7,5,12,28.1,7.69,6.08,2246.1,39.1,6.45,0.025,0.054,0.82
8,2021,7,5,16,28.4,7.78,8.6,2198.4,34.1,6.45,0.025,0.055,1.18
8,2021,7,5,20,28.1,7.74,6.22,2232.7,37.2,6.64,0.025,0.055,1.18
8,2021,7,5,20,28.1,7.74,6.22,2232.7,37.2,6.29,0.025,0.05,0.97
8,2021,7,6,0,27.4,7.8,6.28,2046.9,47.4,6.29,0.025,0.05,0.97
8,2021,7,6,4,27.1,7.72,5.66,2065.5,31.3,6.29,0.107,0.048,1.39
8,2021,7,6,8,26.9,7.61,4.68,2043.5,30.7,5.9,0.107,0.048,1.39
8,2021,7,6,8,26.9,7.61,4.68,2043.5,30.7,6.16,0.115,0.05,1.21
8,2021,7,6,12,27.0,7.52,3.93,1937.7,18.5,5.95,0.177,0.042,1.45
8,2021,7,6,16,27.0,7.53,4.5,1872.4,17.0,5.97,0.181,0.042,1.63
8,2021,7,7,8,27.0,7.43,2.84,1929.0,30.1,6.04,0.096,0.052,1.53
8,2021,7,7,12,27.2,7.47,3.61,1921.7,30.5,5.85,0.096,0.048,1.45
8,2021,7,7,12,27.2,7.47,3.61,1921.7,30.5,5.95,0.093,0.046,1.69
8,2021,7,26,12,25.3,7.39,4.22,711.6,69.8,2.68,0.043,0.079,7.81
8,2021,7,26,16,25.5,7.39,4.15,711.4,68.3,2.68,0.033,0.076,7.98
8,2021,7,26,20,25.5,7.4,4.48,714.0,45.0,2.68,0.025,0.076,7.98
8,2021,7,27,0,25.3,7.39,4.28,717.3,36.6,2.17,0.025,0.068,7.76
8,2021,7,27,0,25.3,7.39,4.28,717.3,36.6,2.17,0.025,0.068,7.76
8,2021,7,27,4,25.0,7.39,4.26,719.2,34.0,2.04,0.032,0.069,8.12
8,2021,7,27,8,25.0,7.39,4.17,720.2,45.9,2.04,0.045,0.069,8.12
8,2021,7,27,12,25.1,7.38,4.07,719.7,48.8,2.35,0.045,0.075,7.48
8,2021,7,27,12,25.1,7.38,4.07,719.7,48.8,2.35,0.045,0.075,7.48
8,2021,7,27,12,25.1,7.38,4.07,719.7,48.8,2.28,0.031,0.074,7.72
8,2021,7,27,16,25.4,7.39,4.16,721.1,61.7,2.5,0.055,0.076,7.86
8,2021,7,27,20,25.4,7.42,4.48,727.0,40.9,2.62,0.055,0.068,8.03
8,2021,7,28,0,25.2,7.42,4.4,727.2,38.1,2.62,0.055,0.068,8.03
8,2021,7,28,4,25.0,7.45,4.67,719.3,50.5,2.62,0.055,0.068,8.03
8,2021,7,28,4,25.0,7.45,4.67,719.3,50.5,2.64,0.074,0.076,7.0
8,2021,7,28,8,24.8,7.42,4.44,702.7,64.8,2.88,0.162,0.078,7.08
8,2021,7,28,12,24.8,7.39,4.04,695.7,66.5,2.88,0.266,0.078,7.08
8,2021,7,28,16,24.7,7.39,4.04,709.9,65.3,12.64,0.266,0.094,7.02
8,2021,7,28,16,24.7,7.39,4.04,709.9,65.3,24.39,0.255,0.093,6.86
8,2021,7,28,20,24.7,7.38,3.96,699.5,51.0,3.58,0.277,0.077,6.9
8,2021,7,29,0,24.5,7.36,3.81,677.9,36.5,3.58,0.277,0.077,6.9
8,2021,7,29,4,24.4,7.33,3.68,664.9,40.9,3.58,0.277,0.077,6.9
8,2021,7,29,4,24.4,7.33,3.68,664.9,40.9,3.8,0.268,0.085,6.66
8,2021,7,29,8,24.4,7.32,3.6,659.4,63.7,4.48,0.23,0.102,6.39
8,2021,7,29,12,24.4,7.31,3.68,656.4,50.6,4.48,0.23,0.084,6.88
8,2021,7,29,16,24.3,7.32,3.87,662.4,51.0,4.48,0.23,0.084,6.88
8,2021,7,29,16,24.3,7.32,3.87,662.4,51.0,2.62,0.155,0.083,6.28
8,2021,7,29,20,24.2,7.32,3.87,664.6,50.0,2.34,0.129,0.081,6.23
8,2021,7,30,0,23.9,7.32,3.89,674.1,38.7,2.34,0.129,0.081,6.23
8,2021,7,30,4,23.7,7.34,3.95,684.1,31.5,2.34,0.129,0.081,6.23
8,2021,7,30,4,23.7,7.34,3.95,684.1,31.5,2.07,0.106,0.073,6.7
8,2021,7,30,8,23.5,7.37,4.24,694.8,47.1,2.42,0.089,0.079,6.76
8,2021,7,30,12,23.7,7.39,4.41,711.8,52.7,2.42,0.069,0.079,6.76
8,2021,7,30,16,24.2,7.4,4.42,724.2,54.7,2.41,0.069,0.076,6.97
8,2021,8,6,8,26.8,7.48,5.17,793.6,116.8,2.05,0.025,0.056,6.29
8,2021,8,6,8,26.8,7.48,5.17,793.6,116.8,3.12,0.025,0.088,6.18
8,2021,9,23,12,21.9,7.59,5.96,802.6,126.3,2.46,0.077,0.112,5.56
8,2021,9,23,16,22.4,7.6,6.2,800.4,126.0,2.6,0.054,0.112,5.42
8,2021,9,23,20,22.4,7.65,6.58,809.9,70.6,2.15,0.045,0.085,5.75
8,2021,9,24,0,22.2,7.64,6.35,816.6,65.1,2.15,0.045,0.085,5.75
8,2021,9,24,4,22.1,7.62,6.07,822.4,64.2,1.91,0.05,0.081,5.8
8,2021,10,28,12,14.2,7.77,9.04,1019.3,61.1,2.0,0.107,0.067,6.46
8,2021,10,28,16,14.8,7.75,8.73,1006.0,53.8,2.42,0.174,0.067,6.04
8,2021,10,28,20,14.6,7.73,8.74,1017.5,52.1,2.11,0.17,0.064,6.55
8,2021,10,29,0,14.4,7.76,9.2,1020.7,81.6,2.11,0.17,0.064,6.55
8,2021,10,29,4,14.0,7.75,9.14,1023.5,70.2,2.27,0.088,0.075,6.98
8,2021,10,29,8,13.7,7.75,9.1,1023.5,59.6,2.18,0.11,0.068,6.75
8,2021,10,29,12,14.0,7.75,9.02,1018.0,68.2,2.07,0.1,0.071,6.91
8,2021,11,5,8,13.1,7.76,9.04,1100.2,57.7,2.45,0.108,0.082,7.36
8,2021,11,5,12,13.2,7.76,8.95,1100.7,50.4,2.39,0.108,0.066,7.82
8,2021,11,5,16,13.3,7.74,8.74,1097.4,71.8,2.95,0.098,0.076,7.63
8,2021,11,5,20,13.5,7.77,9.23,1091.6,50.3,2.5,0.101,0.067,7.62
8,2021,11,6,0,13.5,7.77,9.4,1086.9,43.5,2.5,0.101,0.067,7.62
8,2021,11,6,4,13.3,7.76,9.15,1083.9,46.1,2.47,0.103,0.07,7.46
8,2021,11,6,8,13.2,7.75,9.1,1082.6,42.0,2.38,0.111,0.058,7.3
8,2021,11,6,12,13.3,7.74,8.95,1077.9,47.7,2.65,0.106,0.074,7.61
8,2021,11,6,16,13.3,7.74,8.91,1069.4,50.0,2.21,0.106,0.064,7.41
8,2021,11,6,20,12.8,7.75,9.03,1066.5,44.4,2.2,0.125,0.063,7.6
8,2021,11,7,0,12.3,7.77,9.23,1045.6,44.9,2.2,0.125,0.063,7.6
8,2021,11,7,4,11.7,7.8,9.43,1029.7,47.7,1.97,0.152,0.066,7.39
8,2021,11,7,8,11.7,7.8,9.43,1029.7,47.7,2.3,0.152,0.076,7.35
8,2021,11,7,12,10.9,7.82,9.52,1025.2,48.3,2.3,0.168,0.068,7.24
8,2021,11,7,16,11.0,7.84,9.64,1027.9,57.1,1.8,0.182,0.071,7.45
8,2021,11,7,20,10.5,7.86,9.79,1071.1,43.7,2.01,0.178,0.07,7.08
8,2021,11,8,0,10.1,7.86,10.19,1099.6,40.5,2.29,0.178,0.07,7.03
8,2021,11,8,4,9.5,7.84,9.76,1119.0,65.2,2.29,0.22,0.092,7.03
8,2021,11,8,8,9.1,7.81,10.25,1133.8,41.2,2.55,0.346,0.078,6.92
8,2021,11,8,12,9.3,7.78,9.46,1125.9,44.7,2.47,0.426,0.087,7.34
8,2021,11,8,16,10.1,7.76,9.55,1088.5,41.6,2.66,0.49,0.083,7.14
8,2021,11,8,20,9.7,7.74,9.43,1074.7,42.7,2.51,0.516,0.088,7.29
8,2021,11,9,0,9.4,7.75,10.48,1071.6,44.4,2.95,0.516,0.088,7.29
8,2021,11,9,4,9.0,7.75,9.56,1072.5,42.2,2.55,0.388,0.084,7.16
8,2021,11,9,8,8.8,7.74,9.56,1073.7,37.4,2.56,0.337,0.088,7.19
8,2021,11,9,12,9.1,7.74,9.44,1069.7,44.2,2.41,0.314,0.077,7.29
8,2021,11,9,16,10.0,7.74,9.26,1046.5,45.6,2.26,0.308,0.064,6.35
8,2021,11,9,20,9.8,7.74,9.83,1070.7,59.1,2.45,0.279,0.075,6.45
8,2021,11,10,0,9.7,7.77,9.91,1081.8,46.1,2.68,0.279,0.075,6.45
8,2021,11,10,4,9.3,7.77,9.92,1089.6,33.3,2.33,0.224,0.069,6.78
8,2021,11,10,8,9.1,7.76,9.7,1096.0,59.3,1.89,0.206,0.078,6.49
8,2021,11,10,12,9.5,7.76,9.68,1093.2,47.6,2.49,0.196,0.072,6.77
8,2021,11,10,16,10.4,7.75,9.42,1065.7,46.3,2.1,0.208,0.065,6.64
8,2021,11,10,20,10.1,7.79,9.91,1086.0,42.2,2.11,0.189,0.066,6.66
8,2021,11,11,0,10.0,7.81,10.01,1089.5,43.3,2.07,0.189,0.066,6.66
8,2021,11,11,4,9.8,7.82,9.9,1092.0,75.2,2.07,0.172,0.077,6.66
8,2021,11,11,8,9.6,7.81,9.78,1094.6,46.3,2.13,0.169,0.071,6.65
8,2021,11,11,12,9.8,7.8,9.63,1095.1,49.1,2.31,0.158,0.07,6.54
8,2021,11,11,16,10.6,7.79,9.35,1069.5,44.7,2.45,0.16,0.062,6.74
8,2021,11,11,20,10.3,7.83,9.96,1094.9,34.8,2.24,0.166,0.063,6.46
8,2021,11,12,0,10.1,7.8,9.44,1102.1,39.8,1.91,0.166,0.063,6.84
8,2021,11,12,4,9.8,7.79,9.31,1105.4,35.9,1.91,0.146,0.063,6.84
8,2021,11,26,12,7.3,7.74,9.98,1213.5,25.5,2.35,0.111,0.061,6.88
8,2021,11,26,16,7.9,7.73,9.82,1187.2,24.5,2.28,0.108,0.056,6.83
8,2021,11,26,20,7.6,7.73,9.95,1202.6,26.2,2.1,0.097,0.058,6.74
8,2021,11,27,0,7.6,7.76,10.21,1202.5,97.1,2.1,0.097,0.058,6.74
8,2021,11,27,4,7.4,7.77,10.5,1202.0,32.4,2.54,0.086,0.062,6.66
8,2021,11,27,8,7.2,7.75,10.26,1202.3,27.0,2.38,0.098,0.08,6.5
8,2021,11,27,20,7.9,7.77,10.66,1185.5,26.3,1.89,0.083,0.053,7.0
8,2021,11,28,0,7.9,7.78,10.79,1187.5,23.7,1.89,0.083,0.053,7.0
8,2021,11,28,4,7.8,7.77,10.66,1188.5,27.4,1.37,0.083,0.052,6.99
8,2021,11,28,8,7.7,7.75,10.3,1187.6,31.0,1.7,0.08,0.054,6.91
8,2021,11,28,12,8.0,7.74,10.04,1178.6,29.1,1.49,0.075,0.051,7.02
8,2021,11,28,16,8.3,7.73,9.86,1165.2,94.3,1.97,0.075,0.076,6.25
8,2021,11,28,20,8.2,7.77,10.59,1171.0,26.5,0.25,0.078,0.051,6.79
8,2021,11,29,0,8.0,7.77,10.67,1178.3,25.0,0.25,0.078,0.051,6.79
8,2021,11,29,4,7.8,7.74,10.39,1183.3,24.8,1.45,0.1,0.056,6.88
8,2021,11,29,8,7.7,7.71,9.9,1183.1,28.9,1.63,0.115,0.058,6.8
8,2021,11,29,12,7.9,7.69,9.54,1173.0,27.9,1.57,0.106,0.06,6.94
8,2021,11,30,8,7.2,7.73,9.94,1165.2,40.1,1.61,0.098,0.058,6.79
8,2021,11,30,12,7.3,7.75,9.97,1158.3,26.2,1.43,0.098,0.058,6.79
8,2021,11,30,16,7.8,7.78,10.03,1130.0,22.1,1.47,0.093,0.05,6.21
8,2021,11,30,20,7.2,7.78,10.12,1149.4,26.6,1.46,0.092,0.048,6.53
8,2021,11,30,20,7.2,7.78,10.12,1149.4,26.6,1.46,0.092,0.048,6.53
8,2021,12,1,4,6.5,7.83,10.43,1164.7,17.1,1.2,0.108,0.046,6.6
8,2021,12,1,8,6.2,7.8,10.17,1171.7,24.7,1.6,0.124,0.053,6.76
8,2021,12,1,12,6.6,7.8,10.08,1161.4,19.4,1.6,0.131,0.048,6.63
8,2021,12,1,20,6.9,7.8,10.72,1147.8,15.1,1.6,0.143,0.044,6.25
8,2021,12,1,20,6.9,7.8,10.72,1147.8,15.1,1.47,0.124,0.052,6.5
8,2021,12,2,0,6.6,7.82,11.09,1157.0,17.7,1.47,0.124,0.052,6.5
8,2021,12,2,8,6.2,7.8,10.83,1166.2,25.9,1.2,0.104,0.047,6.43
8,2021,12,2,12,6.6,7.79,10.61,1155.0,22.0,1.36,0.102,0.052,6.52
8,2021,12,3,16,7.6,7.73,10.31,1040.9,27.6,1.2,0.09,0.048,6.86
8,2021,12,7,16,7.6,7.79,10.74,1164.1,18.0,1.38,0.056,0.042,7.01
8,2021,12,7,20,7.3,7.8,10.95,1179.8,22.2,1.35,0.054,0.044,7.0
8,2021,12,8,8,6.8,7.81,11.12,1195.6,27.2,1.34,0.044,0.046,7.12
8,2021,12,8,12,7.0,7.79,10.82,1191.8,45.0,1.6,0.054,0.061,7.08
8,2021,12,8,16,7.3,7.78,10.48,1181.5,21.3,1.34,0.073,0.044,6.91
8,2021,12,8,20,7.0,7.78,10.7,1181.1,19.1,1.31,0.066,0.044,6.86
8,2021,12,9,0,7.0,7.79,11.18,1189.3,17.7,1.31,0.066,0.044,6.86
8,2021,12,9,4,7.0,7.79,11.24,1189.0,18.7,1.22,0.05,0.044,7.06
8,2021,12,9,8,7.0,7.78,11.04,1189.7,19.8,1.21,0.064,0.043,7.08
8,2021,12,9,16,7.0,7.74,10.25,1190.8,14.9,1.21,0.052,0.041,7.09
8,2021,12,10,12,7.2,7.73,10.12,1195.9,14.4,1.6,0.109,0.052,7.04
8,2021,12,10,16,7.3,7.74,10.21,1193.4,13.4,1.15,0.079,0.047,6.96
8,2021,12,14,8,4.9,7.86,11.4,1209.9,13.5,1.86,0.077,0.057,7.07
8,2021,12,14,12,5.3,7.84,11.34,1200.9,11.7,1.59,0.076,0.051,6.98
8,2021,12,14,16,5.8,7.82,11.19,1180.4,11.9,1.72,0.084,0.046,6.91
8,2021,12,14,20,5.2,7.82,11.12,1196.5,13.6,1.6,0.193,0.051,7.18
8,2021,12,15,0,5.1,7.83,11.65,1202.0,12.7,1.6,0.193,0.051,7.18
8,2021,12,15,4,5.0,7.82,11.69,1211.5,12.6,1.65,0.122,0.051,7.17
8,2021,12,21,12,4.6,7.71,10.74,1258.3,10.4,1.93,0.307,0.067,7.1
8,2021,12,21,16,5.0,7.71,10.56,1231.8,11.3,2.09,0.297,0.063,7.06
8,2021,12,22,8,4.8,7.71,10.65,1255.0,9.1,2.02,0.231,0.059,7.29
8,2021,12,22,12,5.2,7.7,10.47,1248.6,33.4,1.86,0.258,0.06,7.45
8,2021,12,22,16,5.7,7.7,10.47,1222.8,13.1,2.39,0.228,0.068,7.3
8,2021,12,22,20,5.2,7.69,10.37,1245.3,9.8,2.04,0.246,0.058,7.13
8,2021,12,23,0,5.1,7.72,10.88,1253.2,10.6,1.8,0.246,0.067,7.22
8,2021,12,23,4,5.2,7.73,10.88,1256.9,10.5,1.98,0.276,0.062,7.41
8,2021,12,23,8,5.0,7.71,10.52,1258.8,12.0,1.96,0.29,0.064,7.4
8,2021,12,23,12,5.0,7.68,10.04,1260.4,11.1,1.99,0.296,0.064,7.21
8,2021,12,23,16,4.9,7.68,9.84,1270.0,9.5,1.92,0.264,0.063,7.21
8,2021,12,23,20,4.9,7.62,10.87,1263.1,10.3,1.93,0.272,0.064,8.13
8,2021,12,24,0,4.9,7.66,9.98,1262.3,9.6,1.93,0.272,0.064,8.13
8,2021,12,24,4,4.8,7.68,10.05,1259.3,10.8,1.99,0.325,0.07,8.15
8,2021,12,24,8,4.5,7.67,9.81,1257.6,16.4,1.95,0.313,0.069,8.2
8,2021,12,27,16,3.0,7.72,11.52,1267.7,11.1,1.99,0.303,0.069,7.2
8,2021,12,27,20,2.5,7.72,11.53,1309.1,13.0,1.95,0.277,0.064,7.12
8,2021,12,28,0,2.3,7.75,11.99,1328.8,8.7,1.9,0.277,0.069,7.25
8,2021,12,28,0,2.3,7.75,11.99,1328.8,8.7,1.9,0.277,0.069,7.25
8,2021,12,28,12,2.6,7.73,12.22,1339.7,8.0,1.98,0.28,0.068,7.06
8,2021,12,28,16,3.0,7.72,11.67,1311.7,17.5,1.98,0.264,0.068,7.06
8,2021,12,30,12,3.4,7.73,11.48,1329.2,8.9,1.81,0.277,0.068,7.65
8,2022,1,11,8,3.0,7.7,10.63,1343.2,13.1,1.98,0.362,0.052,7.98
8,2022,1,11,12,3.2,7.72,11.02,1335.0,11.5,1.98,0.4,0.056,7.9
8,2022,1,11,16,3.6,7.7,10.8,1306.3,15.4,1.94,0.491,0.058,7.93
8,2022,1,12,8,2.8,7.75,11.35,1347.3,11.7,2.11,0.469,0.055,8.19
8,2022,1,12,12,3.0,7.73,11.1,1347.6,10.8,2.13,0.508,0.058,7.85
8,2022,1,12,16,3.3,7.73,11.37,1317.5,8.1,2.11,0.501,0.056,8.13
8,2022,1,14,12,2.8,7.74,11.92,1360.7,8.0,2.34,0.532,0.056,8.33
8,2022,1,14,16,3.0,7.7,11.53,1344.8,7.1,2.07,0.566,0.056,8.06
8,2022,1,19,8,2.7,7.76,12.54,1364.3,12.4,2.15,0.72,0.051,8.8
8,2022,1,19,12,3.0,7.72,12.12,1359.0,7.4,2.21,0.795,0.053,8.7
8,2022,1,19,16,3.0,7.68,11.52,1356.2,7.2,2.53,0.835,0.052,8.83
8,2022,1,19,20,2.8,7.66,10.87,1365.3,8.3,2.17,0.833,0.05,8.79
8,2022,1,20,0,2.8,7.67,11.37,1367.7,7.7,2.17,0.833,0.05,8.79
8,2022,1,20,4,2.8,7.73,12.18,1364.7,7.6,2.16,0.755,0.05,8.68
8,2022,1,20,8,2.8,7.74,12.19,1364.3,6.8,2.33,0.784,0.051,8.62
8,2022,1,20,12,2.8,7.71,11.38,1361.0,8.7,2.26,0.838,0.054,8.53
8,2022,1,20,16,2.8,7.66,10.5,1357.8,20.6,2.53,0.896,0.054,8.74
8,2022,1,20,20,2.8,7.64,10.21,1356.5,7.1,2.28,0.905,0.049,8.74
8,2022,1,21,0,2.8,7.66,10.47,1351.9,10.3,2.28,0.905,0.049,8.74
8,2022,1,21,4,2.8,7.69,11.04,1346.3,13.6,2.42,0.835,0.049,8.61
8,2022,1,21,8,2.8,7.71,11.21,1342.3,7.7,2.19,0.879,0.049,8.79
8,2022,1,21,12,2.8,7.68,10.49,1339.8,7.7,2.2,0.936,0.048,8.86
8,2022,1,24,8,3.1,7.65,10.07,1314.8,14.4,2.12,1.167,0.045,8.96
8,2022,1,24,12,3.3,7.61,9.35,1311.2,10.4,2.36,1.243,0.045,9.09
8,2022,1,24,16,3.4,7.53,8.82,1300.4,9.9,2.1,1.274,0.047,8.93
8,2022,2,10,8,3.7,7.81,13.65,1285.9,11.4,2.45,0.261,0.047,8.09
8,2022,2,10,12,4.5,7.83,13.9,1268.0,7.9,2.34,0.295,0.046,8.25
8,2022,2,11,8,4.2,7.81,13.24,1266.7,7.9,2.35,0.257,0.041,8.24
8,2022,2,11,12,4.8,7.86,13.23,1257.0,7.5,2.48,0.231,0.044,8.15
8,2022,2,11,16,5.1,7.83,14.35,1253.1,7.9,2.38,0.372,0.044,8.26
8,2022,2,11,20,4.6,7.76,12.7,1250.2,8.0,2.32,0.261,0.044,8.32
8,2022,2,12,0,4.5,7.75,12.57,1257.2,6.9,2.32,0.261,0.044,8.32
8,2022,2,12,4,4.3,7.76,12.82,1260.8,6.7,2.29,0.253,0.047,8.28
8,2022,2,12,8,4.3,7.79,13.08,1262.5,9.5,1.89,0.253,0.044,8.3
8,2022,2,12,12,4.5,7.81,13.45,1257.4,6.4,2.2,0.237,0.046,8.25
8,2022,2,12,16,4.6,7.8,13.1,1256.7,9.8,2.16,0.238,0.044,8.31
8,2022,2,12,20,4.4,7.75,12.0,1261.9,8.6,2.37,0.247,0.046,8.3
8,2022,2,13,0,4.2,7.73,11.84,1266.5,21.4,2.37,0.247,0.046,8.3
8,2022,2,13,4,4.2,7.74,11.88,1266.9,17.4,2.39,0.23,0.052,8.1
8,2022,2,13,8,4.0,7.76,12.11,1268.4,12.1,2.04,0.209,0.048,8.3
8,2022,2,13,12,4.2,7.79,12.37,1268.9,16.3,2.32,0.205,0.048,8.3
8,2022,2,13,16,4.0,7.78,11.94,1268.2,12.8,2.25,0.221,0.05,8.28
8,2022,2,13,20,3.7,7.76,11.39,1273.3,10.9,2.44,0.221,0.051,8.1
8,2022,2,14,0,3.6,7.77,11.28,1282.3,7.1,2.44,0.221,0.051,8.1
8,2022,2,14,4,3.3,7.78,11.42,1292.3,7.4,2.44,0.226,0.051,8.06
8,2022,2,18,8,3.3,7.75,13.14,1309.5,7.9,1.77,0.264,0.044,7.92
8,2022,2,18,12,3.6,7.81,14.26,1296.4,8.7,2.02,0.276,0.043,8.45
8,2022,2,18,16,4.0,7.81,14.3,1267.1,28.3,2.31,0.244,0.051,7.97
8,2022,2,18,20,3.7,7.78,13.51,1285.2,10.6,2.64,0.242,0.044,8.27
8,2022,2,19,0,3.5,7.74,12.78,1295.4,6.9,2.04,0.242,0.044,8.27
8,2022,2,19,4,3.4,7.72,12.65,1303.5,6.8,2.04,0.238,0.041,8.09
8,2022,2,19,8,3.3,7.73,12.81,1310.0,8.1,1.97,0.227,0.043,8.23
8,2022,2,22,12,3.8,7.9,13.68,1291.6,8.6,2.02,0.212,0.045,8.15
8,2022,2,22,12,3.8,7.9,13.68,1291.6,8.6,2.02,0.212,0.045,8.15
8,2022,2,22,16,4.6,7.87,13.65,1243.2,35.1,2.02,0.212,0.043,8.28
8,2022,2,22,16,4.6,7.87,13.65,1243.2,35.1,2.02,0.203,0.043,8.28
8,2022,2,22,20,4.0,7.84,13.39,1274.2,8.8,2.51,0.403,0.039,8.31
8,2022,2,23,0,3.7,7.88,13.04,1293.6,7.2,2.13,0.403,0.039,8.31
8,2022,2,23,4,3.7,7.89,13.39,1301.6,7.4,2.13,0.222,0.043,8.43
8,2022,2,23,8,3.6,7.91,13.74,1309.4,8.2,2.2,0.204,0.043,8.36
8,2022,2,23,12,4.2,7.97,14.11,1292.0,7.8,2.34,0.183,0.04,8.52
8,2022,2,23,16,5.0,7.97,14.12,1253.6,27.7,2.51,0.175,0.044,7.78
8,2022,3,1,8,7.6,7.94,13.37,1263.8,16.8,3.1,0.08,0.039,7.7
8,2022,3,1,12,7.9,7.99,14.07,1252.4,10.5,3.14,0.066,0.032,7.6
8,2022,3,1,16,7.9,7.99,14.07,1252.4,10.5,3.23,0.055,0.033,7.2
8,2022,3,2,8,7.9,7.89,12.19,1206.2,23.6,2.64,0.21,0.044,7.79
8,2022,3,2,12,8.3,7.94,13.14,1196.5,14.6,2.91,0.195,0.034,7.41
8,2022,3,7,8,7.8,7.97,12.18,1287.2,21.0,3.04,0.078,0.042,7.4
8,2022,3,7,12,8.4,8.03,12.66,1272.2,21.9,3.43,0.059,0.04,6.89
8,2022,3,8,8,8.4,7.8,10.61,1274.8,14.5,2.93,0.049,0.031,6.65
8,2022,3,8,12,9.0,7.86,11.86,1259.7,17.8,2.88,0.046,0.03,6.48
8,2022,3,8,16,9.7,8.03,13.56,1234.6,14.2,2.88,0.047,0.035,6.42
8,2022,3,8,20,9.3,7.99,13.83,1249.9,15.8,3.06,0.046,0.038,6.74
8,2022,3,9,0,9.0,7.92,12.52,1254.8,14.7,3.13,0.045,0.039,6.72
8,2022,3,9,4,8.8,7.8,11.32,1264.1,14.5,3.13,0.045,0.039,6.72
8,2022,3,9,8,8.8,7.73,10.62,1267.8,17.8,3.02,0.045,0.036,6.76
8,2022,3,9,12,9.5,7.79,11.45,1250.2,15.9,3.08,0.056,0.039,6.52
8,2022,3,9,16,10.3,7.93,13.46,1222.9,15.9,3.07,0.042,0.039,6.23
8,2022,3,10,8,9.6,7.73,10.71,1252.7,17.6,2.85,0.061,0.038,6.21
8,2022,3,10,12,10.3,7.79,11.31,1237.5,18.4,3.09,0.066,0.041,6.37
8,2022,3,10,16,11.0,7.87,12.27,1210.5,18.5,3.01,0.06,0.042,6.3
8,2022,3,11,8,10.5,7.71,10.19,1244.7,21.9,3.15,0.068,0.042,6.36
8,2022,3,11,12,10.7,7.74,10.5,1240.9,22.6,3.26,0.066,0.044,6.4
8,2022,3,11,16,10.7,7.74,10.27,1242.4,33.9,3.28,0.069,0.046,6.27
8,2022,3,11,20,10.7,7.69,9.62,1244.7,23.1,3.28,0.081,0.044,6.27
8,2022,3,12,16,11.3,7.73,9.15,1243.4,22.8,3.41,0.079,0.046,5.96
8,2022,3,12,20,11.0,7.73,9.2,1251.6,20.5,3.57,0.075,0.047,6.08
8,2022,3,13,0,10.9,7.71,8.6,1263.3,21.6,3.57,0.075,0.047,6.08
8,2022,3,13,4,10.7,7.66,8.17,1269.6,22.5,3.31,0.088,0.046,5.92
8,2022,3,13,8,10.6,7.65,7.97,1273.3,19.2,3.52,0.095,0.046,5.92
8,2022,3,13,12,11.1,7.71,8.76,1258.8,28.2,3.9,0.077,0.052,5.97
8,2022,3,13,16,11.2,7.78,9.42,1241.2,27.2,3.49,0.087,0.051,6.28
8,2022,3,13,20,11.0,7.79,9.31,1249.5,56.2,3.79,0.086,0.06,6.22
8,2022,3,13,20,11.0,7.79,9.31,1249.5,56.2,3.79,0.086,0.06,6.22
8,2022,3,14,4,10.9,7.77,8.89,1241.1,21.3,3.57,0.064,0.052,6.36
8,2022,3,14,8,10.6,7.82,9.32,1234.8,30.4,3.65,0.078,0.055,6.32
8,2022,3,14,12,11.1,7.87,9.73,1221.8,29.2,4.17,0.091,0.052,6.23
8,2022,3,14,16,12.2,7.94,10.97,1186.2,29.2,3.68,0.1,0.051,6.17
8,2022,3,15,8,11.0,7.8,9.46,1227.9,28.0,3.16,0.086,0.049,6.42
8,2022,3,15,16,12.0,7.86,9.85,1220.0,19.8,3.35,0.078,0.046,6.23
8,2022,3,16,0,11.6,7.82,8.97,1275.2,28.1,3.7,0.074,0.05,6.17
8,2022,3,16,4,11.6,7.8,8.99,1283.9,36.8,3.7,0.074,0.05,6.17
8,2022,3,16,8,11.5,7.84,9.39,1290.0,37.3,4.03,0.062,0.058,6.07
8,2022,3,16,12,11.8,7.83,9.03,1284.3,29.8,4.14,0.054,0.058,6.35
8,2022,3,16,16,12.2,7.83,9.08,1279.4,23.8,4.07,0.062,0.056,6.16
8,2022,3,16,20,12.0,7.89,10.0,1292.0,33.0,4.04,0.073,0.053,6.16
8,2022,3,17,0,11.8,7.89,10.74,1299.7,63.6,4.43,0.059,0.059,6.11
8,2022,3,17,4,11.5,7.78,9.54,1299.3,51.4,4.43,0.059,0.059,6.11
8,2022,3,17,8,11.4,7.82,10.46,1304.6,64.5,4.91,0.058,0.065,5.75
8,2022,3,17,12,11.3,8.02,11.95,1302.0,41.7,5.64,0.045,0.085,5.88
8,2022,3,17,16,10.7,8.16,12.77,1303.8,41.7,6.01,0.044,0.077,6.22
8,2022,3,17,20,10.3,8.23,12.82,1306.0,44.7,6.49,0.038,0.077,6.5
8,2022,3,18,8,9.4,8.14,11.86,1270.1,35.0,5.32,0.026,0.075,6.82
8,2022,3,18,12,9.5,8.11,11.07,1274.7,41.8,5.04,0.026,0.072,6.81
8,2022,3,18,16,9.4,8.11,11.45,1271.0,31.2,5.44,0.026,0.072,6.69
8,2022,3,23,12,9.1,8.01,12.14,1318.3,24.6,4.13,0.094,0.062,7.29
8,2022,3,24,16,9.8,8.0,10.84,1306.1,20.2,4.23,0.08,0.066,6.81
8,2022,3,24,20,9.7,7.95,10.64,1312.2,21.2,3.58,0.089,0.045,6.8
8,2022,3,25,0,9.8,7.95,10.44,1315.9,18.8,3.93,0.089,0.046,6.83
8,2022,3,25,4,9.7,7.81,10.08,1318.9,20.0,3.93,0.08,0.046,6.83
8,2022,3,25,8,9.7,8.03,11.0,1320.0,26.6,3.72,0.071,0.044,6.63
8,2022,3,25,12,10.1,7.93,10.93,1309.2,24.9,3.64,0.066,0.047,7.12
8,2022,3,25,16,10.2,7.96,10.68,1306.2,29.4,3.35,0.066,0.045,7.04
8,2022,3,25,20,10.0,7.91,10.52,1308.7,36.6,3.45,0.081,0.049,7.09
8,2022,3,26,0,9.7,8.04,11.05,1314.6,21.1,3.53,0.081,0.05,6.93
8,2022,3,26,4,9.3,8.02,10.95,1320.0,22.6,3.53,0.056,0.05,6.93
8,2022,3,26,8,9.3,7.95,10.81,1321.0,29.3,3.69,0.05,0.048,7.04
8,2022,3,26,12,10.3,7.99,10.99,1300.4,25.2,3.48,0.049,0.052,7.06
8,2022,3,26,16,11.1,8.1,11.48,1280.1,28.3,3.53,0.153,0.046,6.64
8,2022,3,26,20,10.6,8.06,11.22,1292.3,18.6,3.6,0.153,0.046,6.98
8,2022,3,27,0,10.4,7.95,10.53,1305.9,22.2,3.58,0.153,0.043,7.04
8,2022,3,27,4,9.9,8.0,9.93,1309.9,26.1,3.58,0.066,0.043,7.04
8,2022,3,27,8,9.9,7.87,9.09,1316.8,31.2,3.31,0.074,0.045,6.66
8,2022,3,27,12,10.5,8.06,10.69,1306.6,30.1,3.46,0.078,0.045,6.61
8,2022,3,27,16,11.3,8.19,11.8,1278.0,21.0,3.67,0.068,0.048,7.12
8,2022,3,27,20,11.0,8.14,11.2,1283.5,20.5,3.59,0.076,0.042,7.0
8,2022,3,28,0,10.7,8.1,10.43,1299.1,22.9,3.71,0.076,0.045,7.26
8,2022,3,28,4,10.5,8.0,10.02,1303.0,19.8,3.86,0.072,0.038,7.04
8,2022,3,28,8,10.3,8.0,9.9,1309.9,25.9,3.51,0.075,0.038,7.04
8,2022,3,28,12,11.1,8.03,10.83,1296.1,41.4,3.68,0.051,0.052,6.48
8,2022,3,28,16,11.9,8.12,11.84,1273.0,23.7,3.9,0.057,0.047,6.76
8,2022,3,28,20,11.8,8.18,12.15,1277.3,28.3,3.97,0.048,0.05,6.94
8,2022,3,29,0,11.6,8.14,11.36,1286.9,30.3,3.97,0.048,0.05,6.94
8,2022,3,29,4,11.5,8.04,10.88,1290.1,111.2,4.32,0.041,0.05,6.94
8,2022,3,29,8,11.4,8.01,10.56,1293.9,40.5,4.04,0.042,0.056,6.55
8,2022,3,29,12,11.7,8.03,10.56,1289.4,38.9,3.97,0.048,0.055,6.65
8,2022,3,29,16,11.7,8.08,10.51,1287.5,43.0,3.95,0.055,0.058,6.9
8,2022,3,29,20,11.5,8.04,10.38,1289.3,110.6,5.01,0.04,0.086,6.39
8,2022,3,30,0,11.4,8.02,10.0,1294.1,82.3,5.01,0.04,0.086,6.39
8,2022,3,30,4,11.4,7.9,9.37,1295.2,96.2,5.02,0.053,0.075,6.2
8,2022,3,30,8,11.4,7.89,9.23,1292.6,43.5,3.94,0.072,0.058,6.52
8,2022,3,30,12,11.4,7.89,9.23,1292.6,43.5,4.44,0.074,0.061,6.57
8,2022,3,30,16,11.8,7.99,9.91,1276.9,42.4,4.43,0.059,0.06,6.9
8,2022,3,30,20,11.7,8.02,10.02,1281.0,36.1,6.57,0.059,0.06,6.91
8,2022,3,31,0,11.4,7.99,9.8,1286.3,33.0,6.57,0.059,0.06,6.91
8,2022,3,31,4,11.1,8.01,9.62,1292.3,157.1,5.57,0.035,0.106,6.2
8,2022,3,31,8,11.0,8.0,10.91,1288.6,96.0,5.17,0.06,0.079,6.23
8,2022,3,31,12,11.6,7.94,9.51,1276.1,36.8,4.75,0.06,0.061,6.52
8,2022,3,31,16,12.3,8.09,10.71,1253.7,28.2,4.48,0.05,0.049,6.48
8,2022,3,31,20,12.2,8.08,10.94,1250.0,33.1,4.91,0.05,0.054,6.78
8,2022,4,1,0,11.8,8.07,10.93,1262.6,31.9,4.91,0.05,0.054,6.78
8,2022,4,1,4,11.3,8.04,11.24,1269.8,61.4,5.17,0.043,0.063,6.53
8,2022,4,1,12,11.9,7.89,8.9,1256.2,42.5,4.63,0.082,0.055,6.18
8,2022,4,1,16,12.4,7.96,9.59,1226.1,40.8,4.83,0.066,0.062,6.56
8,2022,4,1,20,12.2,8.05,10.13,1222.1,34.7,6.15,0.058,0.061,6.79
8,2022,4,2,0,12.0,8.02,9.88,1228.5,96.9,6.15,0.058,0.061,6.79
8,2022,4,2,4,11.8,7.96,9.28,1234.0,39.8,7.31,0.077,0.066,6.55
8,2022,4,2,8,11.8,7.95,9.32,1234.8,36.2,7.31,0.073,0.052,6.46
8,2022,4,2,16,12.7,7.82,9.81,1206.3,33.4,5.09,0.054,0.06,6.47
8,2022,4,2,20,12.7,7.83,9.94,1205.7,36.3,6.19,0.047,0.066,6.86
8,2022,4,3,0,12.3,7.89,9.96,1224.3,36.6,6.19,0.047,0.066,6.86
8,2022,4,3,4,12.3,7.89,10.1,1230.0,35.5,5.65,0.044,0.067,6.73
8,2022,4,3,8,12.3,7.77,10.47,1230.2,59.6,5.28,0.031,0.071,6.5
8,2022,4,3,12,13.1,7.83,10.74,1220.3,50.6,5.01,0.029,0.066,6.39
8,2022,4,3,16,13.9,7.88,10.45,1203.0,36.7,5.01,0.042,0.06,6.38
8,2022,4,3,20,13.7,7.89,10.58,1192.6,35.9,5.4,0.046,0.065,6.75
8,2022,4,4,0,13.5,7.8,11.21,1220.5,76.6,5.4,0.046,0.065,6.75
8,2022,4,4,4,13.2,7.8,11.17,1220.4,42.1,5.19,0.039,0.067,6.53
8,2022,4,4,8,13.2,7.87,10.9,1223.4,52.4,5.21,0.032,0.066,6.58
8,2022,4,4,12,13.7,7.78,10.21,1217.9,47.5,5.09,0.062,0.064,6.3
8,2022,4,4,16,14.5,7.78,9.69,1212.2,36.1,4.92,0.076,0.066,6.24
8,2022,4,4,20,14.4,7.8,10.02,1223.7,34.2,5.6,0.073,0.066,6.58
8,2022,4,5,0,14.2,7.76,9.78,1233.0,36.1,5.6,0.073,0.066,6.58
8,2022,4,5,4,14.1,7.7,9.66,1237.1,60.5,5.53,0.067,0.071,6.49
8,2022,4,5,8,14.2,7.68,9.76,1233.1,65.6,5.54,0.039,0.07,6.32
8,2022,4,5,12,14.9,7.75,9.72,1227.4,44.9,5.21,0.058,0.062,6.39
8,2022,4,5,16,15.4,7.65,9.24,1203.4,90.5,5.84,0.065,0.083,5.62
8,2022,4,5,20,15.2,7.66,9.55,1207.7,73.6,5.86,0.078,0.081,6.02
8,2022,4,6,0,14.8,7.67,8.91,1220.3,50.5,5.86,0.078,0.081,6.02
8,2022,4,6,4,14.6,7.63,9.36,1223.1,64.9,6.45,0.061,0.08,6.3
8,2022,4,6,8,14.5,7.71,9.62,1220.3,69.1,13.21,0.05,0.075,6.25
8,2022,4,6,12,14.8,7.64,8.89,1222.8,63.3,5.54,0.069,0.071,6.15
8,2022,4,6,16,15.4,7.66,8.41,1201.4,50.5,6.17,0.089,0.074,6.01
8,2022,4,6,20,15.0,7.73,9.02,1205.2,60.3,6.5,0.063,0.085,6.19
8,2022,4,7,8,14.0,7.63,8.78,1216.9,91.6,7.64,0.028,0.123,5.54
8,2022,4,7,8,14.0,7.63,8.78,1216.9,91.6,6.57,0.056,0.09,5.81
8,2022,4,7,16,15.5,7.62,7.5,1181.7,67.1,4.84,0.08,0.089,5.71
8,2022,4,7,20,15.5,7.77,9.51,1175.2,58.8,7.09,0.11,0.088,5.72
8,2022,4,8,0,15.1,7.73,8.81,1188.5,62.0,7.5,0.088,0.084,6.36
8,2022,4,8,4,14.9,7.68,8.09,1195.4,56.9,7.5,0.088,0.084,6.36
8,2022,4,8,8,14.7,7.65,8.27,1197.4,75.4,6.55,0.069,0.068,5.79
8,2022,4,8,12,15.4,7.68,8.82,1181.6,80.8,6.73,0.049,0.068,5.79
8,2022,4,8,16,16.2,7.66,7.5,1170.4,67.1,5.77,0.04,0.068,5.97
8,2022,4,8,20,16.2,7.63,7.6,1164.9,71.8,6.23,0.062,0.064,5.62
8,2022,4,9,0,16.1,7.66,7.84,1168.9,81.7,7.34,0.055,0.077,5.87
8,2022,4,9,4,16.0,7.64,7.78,1168.1,118.1,7.34,0.055,0.077,5.87
8,2022,4,9,8,16.1,7.66,7.99,1169.4,106.3,9.12,0.046,0.084,5.84
8,2022,4,9,12,16.7,7.65,7.84,1154.4,95.9,7.32,0.025,0.084,5.84
8,2022,4,9,20,16.3,7.58,8.75,1190.8,67.0,7.54,0.044,0.105,5.59
8,2022,4,10,0,16.2,7.54,8.85,1197.5,209.4,7.61,0.037,0.092,5.69
8,2022,4,10,4,16.0,7.55,9.42,1199.3,131.1,7.61,0.037,0.092,5.69
8,2022,4,10,8,16.1,7.66,9.35,1196.7,82.9,7.85,0.025,0.114,5.16
8,2022,4,10,12,16.5,7.62,8.1,1201.2,58.9,7.13,0.025,0.093,5.45
8,2022,4,10,16,17.0,7.63,6.65,1196.5,59.3,6.5,0.025,0.081,5.27
8,2022,4,10,20,16.9,7.51,6.22,1200.5,51.6,6.69,0.035,0.086,5.27
8,2022,4,11,0,16.9,7.53,6.13,1205.8,51.9,7.5,0.043,0.088,5.48
8,2022,4,11,4,16.8,7.7,6.12,1207.2,102.4,7.5,0.043,0.088,5.48
8,2022,4,11,8,17.0,7.55,5.74,1209.3,108.8,8.36,0.025,0.112,5.2
8,2022,4,11,12,17.4,7.57,5.61,1203.4,78.8,7.78,0.025,0.098,5.36
8,2022,4,11,16,17.5,7.64,4.98,1197.8,90.7,7.14,0.025,0.091,5.49
8,2022,4,11,20,17.1,7.37,3.55,1202.8,161.1,7.22,0.039,0.096,5.31
8,2022,4,12,0,16.9,7.42,3.11,1205.0,108.9,8.32,0.068,0.126,4.82
8,2022,4,12,4,16.8,7.48,4.15,1202.0,104.5,8.32,0.068,0.126,4.82
8,2022,4,12,8,16.6,7.48,4.28,1188.9,103.8,6.94,0.053,0.103,5.43
8,2022,4,12,12,16.8,7.4,3.1,1215.2,73.8,12.92,0.067,0.104,5.07
8,2022,4,12,16,17.1,7.58,2.76,1234.9,66.0,9.28,0.13,0.092,5.06
8,2022,4,12,20,17.0,7.57,2.72,1236.6,63.6,6.57,0.153,0.097,5.3
8,2022,4,13,0,16.8,7.59,2.87,1241.2,61.7,17.78,0.094,0.097,5.65
8,2022,4,13,4,16.5,7.61,2.73,1241.4,77.6,17.78,0.094,0.097,5.65
8,2022,4,13,8,16.4,7.71,2.96,1244.0,94.0,6.8,0.081,0.095,5.68
8,2022,4,13,12,16.8,7.56,2.73,1244.9,88.2,7.13,0.05,0.095,5.68
8,2022,4,13,16,17.2,7.65,3.91,1240.5,88.2,7.11,0.154,0.104,5.16
8,2022,4,13,20,16.8,7.64,4.63,1254.7,78.4,6.76,0.109,0.102,5.0
8,2022,4,14,0,16.4,7.61,3.28,1258.0,69.1,6.92,0.1,0.102,5.46
8,2022,4,14,4,16.0,7.68,2.88,1260.0,87.0,6.92,0.1,0.102,5.46
8,2022,4,14,8,15.9,7.7,2.54,1255.6,86.8,6.23,0.06,0.097,5.38
8,2022,4,14,12,16.5,7.66,2.32,1256.4,100.7,6.36,0.045,0.102,5.34
8,2022,4,14,16,16.6,7.65,2.16,1251.0,94.5,6.95,0.153,0.114,4.92
8,2022,4,14,20,16.4,7.67,2.36,1248.4,85.1,6.64,0.124,0.112,5.05
8,2022,4,15,8,15.6,7.7,4.13,1252.3,107.2,6.29,0.078,0.107,5.42
8,2022,4,15,12,16.0,7.68,2.34,1247.6,6.2,6.64,0.097,0.124,5.24
8,2022,4,15,16,16.5,7.7,2.85,1234.9,6.1,6.33,0.04,0.124,5.37
8,2022,4,15,20,16.3,7.69,2.71,1235.0,83.7,6.27,0.04,0.108,5.64
8,2022,4,16,0,15.9,7.7,2.36,1241.6,8.1,6.27,0.04,0.108,5.64
8,2022,4,16,4,15.2,7.72,2.54,1171.2,6.6,6.06,0.095,0.111,5.63
8,2022,4,16,8,15.4,7.7,2.88,1246.8,89.5,6.24,0.046,0.109,5.38
8,2022,4,16,12,16.1,7.71,2.39,1236.8,8.4,6.08,0.131,0.112,5.14
8,2022,4,16,16,16.6,7.68,2.88,1184.9,72.6,6.21,0.07,0.116,5.33
8,2022,4,16,20,16.5,7.7,3.04,1202.9,60.0,6.32,0.047,0.111,5.58
8,2022,4,17,0,16.1,7.7,2.71,934.6,5.9,6.32,0.047,0.111,5.58
8,2022,4,17,0,16.1,7.7,2.71,934.6,5.9,6.32,0.047,0.111,5.58
8,2022,4,17,12,15.9,7.69,2.73,941.8,6.1,6.31,0.068,0.118,5.12
8,2022,4,17,16,16.0,7.68,2.73,1024.9,5.1,6.34,0.122,0.118,5.08
8,2022,4,17,20,15.7,7.68,2.93,951.7,3.7,6.38,0.094,0.118,5.08
8,2022,4,18,0,15.5,7.69,3.07,869.1,4.3,6.38,0.094,0.118,5.08
8,2022,4,18,4,15.3,7.68,3.05,1128.7,3.5,6.56,0.109,0.13,5.09
8,2022,4,18,8,15.2,7.69,2.99,1185.4,3.5,6.61,0.126,0.13,5.09
8,2022,4,18,12,16.0,6.51,6.6,1179.1,1.0,5.39,0.13,0.142,5.02
8,2022,4,18,16,16.5,7.65,3.23,1181.0,0.5,4.31,0.124,0.123,5.45
8,2022,4,18,20,16.8,7.67,3.9,1251.2,68.7,4.55,0.096,0.116,5.57
8,2022,4,19,0,16.2,7.7,3.5,1259.8,66.0,4.55,0.096,0.116,5.57
8,2022,4,19,4,15.8,7.74,3.46,1265.3,72.2,5.09,0.134,0.116,5.45
8,2022,4,19,8,15.9,7.72,3.65,1272.8,102.5,5.41,0.106,0.12,5.21
8,2022,4,19,12,16.9,7.75,3.38,1263.5,85.6,4.6,0.141,0.122,5.03
8,2022,4,19,16,18.0,7.75,3.18,1258.3,74.3,4.81,0.219,0.119,5.04
8,2022,4,19,20,17.6,7.8,3.36,1279.0,72.5,5.31,0.141,0.122,5.34
8,2022,4,20,0,17.4,7.73,3.58,1286.3,72.4,5.31,0.141,0.122,5.34
8,2022,4,20,4,16.9,7.71,3.33,1289.9,89.7,5.11,0.111,0.126,5.04
8,2022,4,20,8,16.9,7.74,3.76,1293.4,117.0,5.06,0.062,0.134,4.86
8,2022,4,20,12,17.7,7.73,3.52,1277.0,85.9,4.86,0.058,0.127,4.89
8,2022,4,20,16,18.8,7.79,2.95,1258.6,79.7,4.86,0.169,0.121,4.72
8,2022,4,20,20,18.4,7.77,2.76,1246.4,60.3,4.59,0.158,0.12,4.98
8,2022,4,21,0,18.0,7.79,2.73,1240.4,73.8,4.59,0.158,0.12,4.98
8,2022,4,21,4,17.7,7.78,2.83,1240.1,84.8,4.52,0.098,0.12,4.98
8,2022,4,21,8,17.5,7.78,2.9,1251.8,89.1,4.11,0.088,0.119,5.17
8,2022,4,21,12,17.5,7.78,2.9,1251.8,89.1,4.58,0.121,0.129,4.96
8,2022,4,21,16,18.4,7.76,2.45,1268.7,114.6,4.53,0.136,0.138,4.86
8,2022,4,21,20,18.1,7.76,2.33,1275.8,69.5,4.34,0.173,0.122,5.15
8,2022,4,21,20,18.1,7.76,2.33,1275.8,69.5,4.34,0.173,0.122,5.15
8,2022,4,22,4,17.4,7.77,2.45,1285.9,104.5,4.59,0.151,0.128,4.65
8,2022,4,22,8,17.4,7.78,2.62,1283.8,98.0,4.19,0.117,0.123,5.04
8,2022,4,22,12,17.9,7.69,2.48,1288.1,85.4,3.95,0.342,0.131,4.63
8,2022,4,22,16,18.5,7.69,2.32,1296.6,90.2,4.67,0.272,0.132,4.71
8,2022,4,22,20,18.2,7.71,2.51,1304.3,85.4,4.42,0.142,0.133,5.03
8,2022,4,23,0,17.7,7.76,2.52,1307.8,72.9,4.42,0.142,0.133,5.03
8,2022,4,23,4,17.3,7.78,2.84,1312.6,103.0,5.03,0.088,0.136,4.73
8,2022,4,23,8,17.2,7.74,2.88,1306.6,91.2,4.22,0.103,0.127,4.95
8,2022,4,23,12,18.1,7.77,2.83,1297.7,122.4,4.22,0.132,0.127,4.95
8,2022,4,23,16,19.0,7.78,3.11,1303.7,0.5,4.66,0.171,0.149,4.43
8,2022,4,23,20,18.6,7.87,2.4,1295.3,0.5,4.51,0.139,0.138,4.39
8,2022,4,24,0,18.4,7.87,2.47,1296.2,0.6,4.71,0.137,0.125,4.53
8,2022,4,24,4,18.1,7.84,2.4,1297.0,0.6,4.71,0.092,0.125,4.2
8,2022,4,24,8,18.1,7.85,2.45,1295.5,0.7,5.14,0.08,0.136,4.24
8,2022,4,24,12,18.8,7.84,2.25,1283.6,124.0,5.0,0.084,0.138,4.15
8,2022,4,24,16,19.3,7.81,2.08,1269.9,129.9,5.75,0.095,0.138,4.15
8,2022,4,24,20,18.9,7.84,1.95,1265.3,109.6,5.59,0.112,0.14,4.0
8,2022,4,25,8,18.5,7.8,2.22,1260.3,116.8,5.65,0.128,0.145,3.81
8,2022,4,25,12,19.2,7.83,2.26,1266.5,129.6,5.25,0.084,0.145,3.81
8,2022,4,25,16,20.2,7.36,6.68,1265.0,156.2,5.49,0.122,0.148,3.83
8,2022,4,25,20,19.6,7.85,2.76,1279.2,85.8,6.07,0.084,0.15,3.74
8,2022,4,26,0,19.2,7.91,2.69,1285.0,93.1,6.02,0.128,0.14,4.03
8,2022,4,26,4,19.1,7.88,2.58,1287.2,115.4,5.98,0.162,0.144,3.67
8,2022,4,26,8,18.5,7.91,2.64,1286.1,108.2,5.96,0.121,0.146,3.47
8,2022,4,26,12,18.6,7.94,2.69,1290.7,120.1,6.58,0.513,0.145,3.2
8,2022,4,26,16,19.1,7.87,2.82,1293.1,152.3,7.07,0.663,0.147,3.31
8,2022,4,27,0,18.2,7.99,3.37,1311.0,124.6,6.44,0.412,0.168,3.22
8,2022,4,27,4,17.8,8.03,3.46,1313.2,97.5,5.71,0.038,0.154,3.46
8,2022,4,27,16,17.4,7.98,3.67,1280.1,106.5,5.29,0.025,0.13,3.45
8,2022,4,27,20,17.0,8.02,3.51,1270.4,88.3,5.49,0.055,0.136,3.52
8,2022,4,28,0,16.6,8.04,4.61,1269.7,111.6,5.36,0.072,0.134,3.7
8,2022,4,28,4,16.3,8.19,5.94,1265.7,66.9,5.36,0.072,0.134,3.7
8,2022,4,28,12,16.4,7.93,3.85,1256.8,89.0,4.5,0.025,0.128,3.79
8,2022,4,28,16,17.0,7.91,3.89,1256.2,72.4,5.12,0.082,0.128,4.17
8,2022,4,28,20,16.9,7.93,3.66,1271.0,74.8,4.67,0.061,0.116,3.89
8,2022,4,29,0,16.5,7.93,3.98,1272.5,75.6,4.7,0.07,0.121,4.02
8,2022,4,29,4,16.4,7.98,3.8,1274.7,82.1,4.7,0.07,0.121,4.02
8,2022,4,29,8,16.4,7.98,3.82,1279.0,127.6,4.59,0.115,0.127,4.0
8,2022,4,29,12,17.0,7.9,3.98,1276.1,114.7,4.81,0.12,0.14,3.49
8,2022,4,29,16,17.5,7.92,4.02,1276.7,76.8,5.31,0.148,0.137,3.19
8,2022,4,29,20,17.1,7.88,4.27,1290.4,64.4,4.68,0.204,0.132,3.4
8,2022,4,30,0,16.9,7.97,4.47,1291.6,74.9,5.01,0.134,0.127,3.7
8,2022,4,30,4,16.8,7.96,4.67,1295.5,88.6,5.01,0.134,0.127,3.7
8,2022,4,30,16,18.0,7.91,4.24,1279.7,68.6,4.86,0.112,0.127,3.12
8,2022,4,30,20,18.2,7.9,4.2,1251.7,78.1,5.12,0.333,0.132,3.36
8,2022,5,1,0,17.2,7.94,4.35,1268.7,65.6,5.01,0.108,0.132,3.86
8,2022,5,1,4,16.5,7.96,4.64,1269.1,85.6,5.01,0.108,0.132,3.86
8,2022,5,1,8,16.9,7.97,4.22,1269.1,100.7,4.77,0.082,0.125,3.56
8,2022,5,1,16,18.1,7.9,4.66,1238.1,80.3,4.84,0.135,0.125,3.08
8,2022,5,2,0,17.2,7.91,4.57,1244.7,75.8,4.32,0.039,0.116,3.66
8,2022,5,2,4,16.8,7.95,4.68,1252.6,93.2,4.32,0.039,0.116,3.66
8,2022,5,2,8,17.1,7.9,4.64,1257.6,85.2,4.69,0.033,0.123,3.4
8,2022,5,2,12,17.8,7.9,4.15,1252.0,88.7,3.8,0.03,0.117,3.29
8,2022,5,2,16,19.0,7.91,4.19,1256.8,71.4,4.3,0.074,0.121,3.08
8,2022,5,3,0,18.1,7.92,4.28,1266.8,62.9,3.87,0.046,0.116,3.82
8,2022,5,3,4,17.5,7.91,4.09,1272.0,63.4,3.87,0.046,0.116,3.82
8,2022,5,3,8,17.9,7.91,4.21,1269.2,95.9,5.32,0.062,0.135,2.91
8,2022,5,3,16,20.1,7.94,3.98,1240.4,83.3,4.99,0.025,0.117,2.94
8,2022,5,5,8,19.8,7.84,3.28,1230.9,117.5,5.09,0.25,0.122,2.78
8,2022,5,5,12,20.6,7.86,3.27,1230.1,102.2,5.22,0.263,0.124,2.91
8,2022,5,5,16,21.6,7.87,3.35,1226.7,81.3,4.74,0.125,0.128,3.03
8,2022,5,5,20,21.2,7.84,3.14,1230.2,67.0,4.82,0.125,0.123,3.0
8,2022,5,6,0,20.7,7.86,3.36,1246.6,51.4,5.36,0.404,0.119,2.53
8,2022,5,6,4,20.5,7.84,3.17,1256.0,55.0,5.36,0.404,0.119,2.53
8,2022,5,6,8,19.9,7.87,3.29,1262.2,63.1,5.77,0.457,0.134,2.5
8,2022,5,6,12,19.2,7.87,3.34,1276.3,66.5,6.55,0.563,0.143,2.17
8,2022,5,6,16,19.1,7.83,3.15,1288.4,95.0,6.29,0.486,0.149,2.41
8,2022,5,6,20,18.8,7.86,3.12,1298.8,116.1,5.24,0.22,0.129,2.9
8,2022,5,7,0,18.2,7.88,3.43,1306.4,85.6,5.3,0.307,0.141,2.59
8,2022,5,7,4,17.6,7.89,3.8,1307.7,54.2,5.3,0.307,0.141,2.59
8,2022,5,7,8,17.9,7.9,3.51,1304.1,72.6,3.95,0.03,0.098,3.36
8,2022,5,7,12,18.3,7.84,3.46,1295.8,69.8,4.21,0.053,0.096,3.26
8,2022,5,7,16,18.1,7.88,3.51,1289.6,78.7,4.59,0.084,0.102,3.08
8,2022,5,7,20,17.5,7.87,3.64,1288.0,80.8,10.45,0.14,0.113,3.21
8,2022,5,8,0,17.2,7.87,3.91,1294.1,61.0,4.55,0.123,0.113,3.17
8,2022,5,8,4,17.0,7.93,4.21,1285.0,49.6,4.55,0.123,0.113,3.17
8,2022,5,8,8,16.8,7.9,4.23,1287.5,82.7,3.92,0.025,0.089,3.43
8,2022,5,8,12,16.9,7.9,4.03,1280.2,96.3,4.21,0.025,0.106,3.41
8,2022,5,8,16,17.1,7.87,4.11,1270.0,76.8,4.51,0.025,0.118,3.49
8,2022,5,8,20,17.0,7.85,3.62,1264.4,79.5,4.07,0.067,0.109,3.48
8,2022,5,9,0,16.6,7.84,3.78,1267.8,65.6,4.46,0.101,0.121,3.48
8,2022,5,9,4,16.2,7.92,4.37,1267.5,54.6,4.46,0.101,0.121,3.48
8,2022,5,9,8,16.2,7.89,4.32,1266.9,61.6,3.77,0.025,0.089,3.89
8,2022,5,9,12,17.0,7.84,4.54,1261.6,70.3,3.63,0.025,0.093,3.76
8,2022,5,9,16,17.6,7.82,3.94,1255.4,57.1,3.67,0.025,0.108,3.47
8,2022,5,9,20,17.5,7.85,4.07,1257.6,51.0,4.13,0.037,0.108,3.47
8,2022,5,10,0,16.9,7.84,3.97,1266.1,46.1,3.99,0.025,0.092,3.85
8,2022,5,10,4,16.6,7.84,4.04,1272.6,66.3,3.99,0.025,0.092,3.85
8,2022,5,10,12,16.6,7.84,3.89,1291.9,77.3,4.22,0.041,0.115,3.33
8,2022,5,10,12,16.6,7.84,3.89,1291.9,77.3,4.56,0.049,0.12,3.44
8,2022,5,11,8,16.1,7.89,4.91,1306.5,69.0,4.52,0.025,0.114,3.48
8,2022,5,11,12,16.9,7.86,4.65,1300.6,108.1,4.17,0.025,0.109,3.54
8,2022,5,11,16,17.0,7.9,4.51,1289.0,54.0,4.43,0.025,0.144,3.26
8,2022,5,11,20,16.9,7.91,4.51,1276.4,53.0,4.0,0.025,0.103,3.8
8,2022,5,12,0,16.6,7.92,4.43,1284.0,42.6,4.05,0.025,0.091,3.74
8,2022,5,12,4,16.4,7.89,4.56,1286.6,99.4,4.05,0.025,0.091,3.74
8,2022,5,12,8,16.2,7.87,4.54,1284.7,73.3,4.96,0.025,0.132,3.28
8,2022,5,12,12,16.6,7.84,4.18,1268.8,77.7,4.11,0.025,0.116,3.47
8,2022,5,12,16,17.1,7.9,4.42,1234.2,60.6,4.62,0.025,0.122,3.32
8,2022,5,16,8,17.9,7.88,3.7,1274.9,72.2,4.52,0.025,0.107,3.54
8,2022,5,16,16,19.8,7.9,3.37,1259.4,37.4,4.21,0.035,0.1,3.43
8,2022,5,16,20,19.6,7.88,3.3,1268.6,39.1,3.97,0.034,0.091,3.41
8,2022,6,7,12,24.8,7.25,2.42,1464.5,52.8,5.33,0.074,0.104,1.41
8,2022,6,7,16,24.9,7.24,2.43,1466.0,47.4,5.02,0.178,0.104,1.28
8,2022,6,7,20,24.5,7.24,2.55,1468.5,46.4,4.84,0.326,0.106,1.35
8,2022,6,8,0,24.1,7.31,2.83,1465.9,45.7,4.98,0.338,0.106,1.61
8,2022,6,8,4,23.8,7.31,2.81,1468.0,65.6,4.75,0.029,0.09,1.46
8,2022,6,8,8,23.9,7.29,2.89,1472.8,52.3,5.07,0.081,0.108,1.33
8,2022,6,8,12,24.4,7.28,2.69,1467.1,53.7,4.65,0.079,0.103,1.29
8,2022,6,8,20,24.4,7.18,2.97,1497.9,57.3,5.82,0.369,0.12,1.63
8,2022,6,9,0,23.7,7.19,1.99,1503.3,174.6,5.21,0.389,0.117,1.58
8,2022,6,9,4,23.4,7.19,1.94,1507.6,98.4,5.21,0.389,0.117,1.58
8,2022,6,9,8,23.2,7.2,2.18,1512.5,95.3,5.82,0.487,0.157,1.34
8,2022,6,9,12,23.9,7.22,1.83,1505.2,91.3,5.56,0.363,0.14,1.33
8,2022,6,9,16,24.3,7.2,1.86,1492.6,57.9,5.23,0.465,0.113,1.44
8,2022,6,10,4,23.5,7.23,2.19,1509.6,66.7,5.37,0.195,0.12,1.6
8,2022,6,10,8,23.5,7.23,2.17,1507.1,101.6,5.8,0.179,0.127,1.23
8,2022,6,10,12,24.2,7.22,1.82,1503.9,81.9,5.37,0.338,0.136,1.36
8,2022,6,10,16,24.6,7.2,1.88,1498.4,51.2,5.08,0.555,0.131,1.4
8,2022,6,10,20,24.3,7.21,1.93,1498.9,53.0,4.9,0.509,0.134,1.7
8,2022,6,11,0,23.9,7.21,1.93,1501.4,73.4,4.9,0.509,0.134,1.7
8,2022,6,11,4,23.7,7.22,2.1,1502.1,91.8,5.56,0.559,0.15,1.46
8,2022,6,11,8,23.7,7.22,1.99,1502.4,97.2,5.95,0.617,0.164,1.34
8,2022,6,11,12,24.2,7.21,2.1,1498.8,81.8,5.9,0.613,0.153,1.35
8,2022,6,11,16,24.7,7.21,2.03,1487.4,80.3,5.39,0.673,0.163,1.6
8,2022,6,11,20,24.4,7.22,2.13,1489.7,59.7,5.67,0.716,0.15,1.66
8,2022,6,12,0,24.1,7.22,2.31,1489.9,67.1,5.67,0.716,0.15,1.66
8,2022,6,12,4,23.8,7.21,2.42,1489.0,87.0,6.23,0.733,0.172,1.49
8,2022,6,12,8,23.8,7.22,2.6,1467.6,114.9,6.06,0.484,0.162,1.71
8,2022,6,12,16,24.8,7.2,2.48,1463.1,49.7,5.17,0.648,0.154,1.39
8,2022,6,12,20,24.8,7.2,2.39,1461.9,63.2,5.16,0.639,0.164,1.6
8,2022,6,13,0,24.2,7.2,2.33,1466.2,62.4,5.16,0.639,0.164,1.6
8,2022,6,13,4,23.9,7.23,2.36,1461.5,73.7,5.56,0.496,0.178,1.57
8,2022,6,13,8,23.8,7.21,2.59,1456.5,50.3,5.21,0.684,0.15,2.18
8,2022,6,13,12,24.3,7.22,2.48,1437.4,45.7,5.3,0.686,0.155,1.72
8,2022,6,13,16,24.2,7.21,2.35,1432.6,39.8,5.0,0.676,0.159,1.15
8,2022,6,13,20,23.8,7.23,2.51,1434.3,55.8,5.71,0.722,0.189,1.75
8,2022,6,14,0,23.4,7.23,2.53,1438.9,60.3,5.71,0.722,0.189,1.75
8,2022,6,14,4,23.3,7.23,2.3,1446.9,40.7,5.43,0.748,0.172,1.8
8,2022,6,14,8,23.4,7.23,2.5,1446.3,74.3,5.45,0.56,0.16,1.77
8,2022,6,14,16,24.2,7.23,2.27,1441.8,36.5,5.13,0.73,0.152,1.77
8,2022,6,14,20,24.1,7.23,2.36,1441.5,70.3,5.92,0.78,0.19,1.9
8,2022,6,15,0,23.6,7.24,2.4,1447.5,50.9,5.92,0.78,0.19,1.9
8,2022,6,15,4,23.3,7.23,2.48,1452.1,48.1,5.3,0.728,0.168,1.91
8,2022,6,15,8,23.3,7.23,2.39,1452.3,48.3,5.3,0.728,0.168,1.91
8,2022,6,15,16,24.4,7.24,2.38,1452.7,27.8,5.12,0.625,0.15,2.15
8,2022,6,15,20,24.3,7.25,2.29,1448.6,42.2,5.12,0.592,0.132,1.99
8,2022,6,16,8,23.7,7.24,2.24,1459.8,49.0,5.26,0.688,0.164,2.03
8,2022,6,16,12,24.4,7.27,2.21,1456.5,78.9,5.21,0.619,0.15,2.05
8,2022,6,16,16,24.9,7.25,2.13,1454.4,39.9,6.3,0.577,0.179,1.71
8,2022,6,16,20,24.8,7.23,1.96,1451.3,48.7,5.19,0.659,0.161,2.01
8,2022,6,17,8,24.2,7.22,2.1,1464.2,33.6,5.23,0.639,0.14,1.82
8,2022,6,17,12,24.9,7.22,2.25,1462.1,33.4,5.08,0.61,0.142,1.99
8,2022,6,17,16,25.8,6.83,3.16,1477.0,48.1,5.25,0.58,0.143,2.08
8,2022,6,17,20,25.1,7.11,1.16,1471.9,39.4,5.15,0.914,0.166,2.08
8,2022,6,18,0,24.7,7.14,1.02,1471.2,70.8,5.53,1.192,0.172,2.75
8,2022,6,18,12,25.4,7.14,0.8,1484.6,46.5,5.54,0.97,0.159,2.48
8,2022,6,18,16,25.9,7.14,0.65,1463.9,43.0,5.4,0.797,0.157,2.76
8,2022,6,18,20,25.7,7.15,0.9,1470.9,38.4,5.66,1.12,0.185,2.54
8,2022,6,19,8,25.3,7.13,1.24,1472.3,27.7,5.74,1.131,0.166,2.83
8,2022,6,19,12,25.9,7.14,1.42,1461.3,34.5,5.26,0.747,0.15,2.82
8,2022,6,19,16,26.2,7.12,1.29,1453.2,30.2,5.45,0.816,0.173,2.68
8,2022,6,19,20,26.3,7.12,1.27,1456.3,25.6,5.7,1.247,0.196,2.63
8,2022,6,20,0,25.8,7.14,1.35,1454.2,29.2,5.62,0.98,0.173,2.9
8,2022,6,20,4,25.5,7.08,1.1,1459.2,26.0,5.62,0.98,0.173,2.9
8,2022,6,20,8,25.6,7.09,1.27,1457.1,23.7,5.5,1.015,0.176,2.82
8,2022,6,20,12,26.2,7.06,0.82,1453.5,28.9,5.29,0.913,0.174,2.72
8,2022,6,20,16,26.7,7.08,0.86,1445.9,28.5,5.9,1.254,0.244,2.71
8,2022,6,20,20,27.2,7.11,1.42,1432.5,29.2,5.8,1.304,0.215,2.74
8,2022,6,21,8,26.3,7.1,1.07,1440.7,28.3,6.2,1.277,0.237,2.84
8,2022,6,21,12,27.2,7.1,1.09,1428.0,26.1,5.49,0.985,0.179,2.68
8,2022,6,22,12,26.2,7.11,0.71,1427.6,41.8,6.02,1.116,0.194,2.64
8,2022,6,22,16,26.2,7.08,0.62,1432.2,41.8,5.59,1.264,0.194,2.64
8,2022,6,22,20,26.2,7.08,1.23,1441.4,40.9,5.91,1.352,0.214,2.61
8,2022,6,23,0,26.2,7.1,1.76,1442.2,27.2,5.91,1.352,0.242,2.81
8,2022,6,23,4,25.9,7.12,1.22,1454.3,43.4,5.91,1.373,0.242,2.81
8,2022,6,23,8,26.4,7.16,1.58,1463.9,30.8,8.82,1.091,0.46,3.98
8,2022,6,23,12,27.1,7.16,1.33,1460.2,26.7,5.41,1.242,0.231,3.14
8,2022,6,23,16,27.7,7.16,1.34,1449.0,29.0,5.02,1.317,0.205,2.99
8,2022,7,4,12,26.8,7.21,2.23,1107.1,29.7,3.73,0.654,0.094,4.07
8,2022,7,4,16,27.2,7.2,2.1,1093.3,27.8,3.73,0.84,0.094,4.07
8,2022,7,11,8,27.3,7.33,2.47,977.5,11.2,3.37,0.252,0.092,4.32
8,2022,7,11,12,27.6,7.38,2.52,987.2,12.3,3.1,0.291,0.085,4.2
8,2022,7,11,16,27.4,7.4,2.59,988.5,12.6,2.96,0.271,0.091,4.3
8,2022,7,13,8,25.5,7.38,2.54,930.0,11.5,2.83,0.591,0.083,4.97
8,2022,7,13,12,26.1,7.37,2.45,917.2,12.4,3.21,0.638,0.084,5.02
8,2022,7,13,16,26.6,7.37,2.41,910.3,10.0,3.1,0.513,0.084,4.87
8,2022,7,18,12,28.2,7.34,0.48,951.7,9.3,5.85,1.252,0.167,4.81
8,2022,7,19,20,28.6,7.24,0.3,1013.4,22.9,6.44,0.749,0.207,4.62
8,2022,7,20,12,29.5,7.33,3.36,1064.4,8.9,3.66,0.288,0.084,4.5
8,2022,7,20,16,29.7,7.34,3.38,1058.1,9.3,3.17,0.305,0.084,4.44
8,2022,7,21,8,29.5,7.44,4.47,1071.1,7.4,3.54,0.151,0.073,4.59
8,2022,7,21,12,29.2,7.41,3.64,1070.9,9.1,3.63,0.176,0.073,4.59
8,2022,7,22,8,29.1,7.33,1.52,1074.3,9.4,5.01,0.353,0.096,4.34
8,2022,7,23,0,29.5,7.07,2.28,1071.3,8.9,7.72,0.554,0.227,5.11
8,2022,7,23,4,29.1,7.09,2.42,1062.4,16.3,7.72,0.215,0.227,5.11
8,2022,7,23,8,28.9,7.1,3.06,1063.2,8.6,4.44,0.134,0.105,4.45
8,2022,7,23,12,29.0,7.16,4.1,1067.0,9.9,3.4,0.127,0.059,4.37
8,2022,7,23,16,29.1,7.16,3.66,1064.5,9.0,3.36,0.208,0.06,4.55
8,2022,7,23,20,29.1,7.13,3.29,1060.8,8.0,3.09,0.252,0.063,4.49
8,2022,7,24,0,29.0,7.11,3.56,1066.3,13.5,3.83,0.252,0.068,4.46
8,2022,7,24,4,28.9,7.08,2.16,1069.7,10.1,3.83,0.307,0.068,4.46
8,2022,7,24,8,29.2,7.2,4.15,1077.3,8.9,3.65,0.116,0.074,4.45
8,2022,7,24,12,29.4,7.18,3.83,1076.6,8.9,3.3,0.131,0.054,4.48
8,2022,7,24,20,29.1,7.0,3.1,1178.7,17.6,3.6,0.43,0.061,4.34
8,2022,7,25,0,29.4,7.08,3.17,1194.5,19.3,4.37,0.43,0.085,4.55
8,2022,7,25,4,29.4,7.08,2.5,1203.9,25.7,4.37,0.277,0.085,4.55
8,2022,7,25,12,29.6,7.1,2.32,1208.0,19.3,4.0,0.317,0.078,4.12
8,2022,7,25,16,29.5,7.05,1.15,1202.2,27.1,3.98,0.459,0.072,4.31
8,2022,7,25,20,29.5,7.06,1.31,1211.6,24.3,5.04,0.405,0.129,4.67
8,2022,7,26,0,29.4,7.04,0.5,1217.5,27.3,6.09,0.405,0.139,4.73
8,2022,7,26,4,29.2,7.01,0.09,1217.4,26.0,6.09,0.581,0.139,4.73
8,2022,7,26,8,29.6,7.17,4.71,1221.4,15.9,6.92,0.188,0.184,4.62
8,2022,7,26,12,29.6,7.15,4.7,1215.4,19.2,3.36,0.155,0.063,4.62
8,2022,7,26,16,29.7,7.14,4.01,1210.7,19.3,3.5,0.229,0.06,4.68
8,2022,7,26,20,29.4,7.06,2.28,1209.0,18.8,3.67,0.42,0.066,4.58
8,2022,7,27,0,29.5,7.07,2.64,1214.5,14.9,5.63,0.42,0.092,4.76
8,2022,7,27,4,29.2,7.03,1.45,1217.2,16.9,5.63,0.427,0.092,4.76
8,2022,7,27,8,29.4,7.04,2.01,1215.3,14.2,4.56,0.245,0.086,4.43
8,2022,7,27,12,29.4,7.11,2.81,1213.5,17.3,3.81,0.309,0.066,4.52
8,2022,7,27,16,29.2,7.19,4.57,1204.5,14.4,3.56,0.122,0.074,4.51
8,2022,7,27,20,29.0,7.18,4.4,1199.9,17.5,3.31,0.147,0.112,4.54
8,2022,7,27,20,29.0,7.18,4.4,1199.9,17.5,3.37,0.147,0.066,4.56
8,2022,7,28,0,28.5,7.19,4.14,1188.2,18.0,2.97,0.15,0.058,4.48
8,2022,7,28,4,28.0,7.19,3.92,1177.0,19.1,2.99,0.152,0.057,4.37
8,2022,11,1,12,13.1,7.5,4.79,1397.5,46.2,3.02,0.217,0.059,6.11
8,2022,11,1,16,13.3,7.51,4.82,1363.2,45.1,2.87,0.213,0.056,5.86
8,2022,11,2,12,12.7,7.53,5.08,1365.9,66.6,3.44,0.174,0.066,6.05
8,2022,11,2,20,12.6,7.55,5.44,1369.6,38.8,3.44,0.164,0.063,5.71
8,2022,11,3,0,12.6,7.53,5.19,1373.6,42.9,3.07,0.164,0.057,6.57
8,2022,11,3,4,12.6,7.53,5.17,1376.2,38.0,3.07,0.162,0.065,6.6
8,2022,11,3,8,12.6,7.56,5.77,1391.7,34.2,3.37,0.156,0.053,6.57
8,2022,11,3,12,12.9,7.55,5.74,1395.7,41.3,2.92,0.148,0.066,6.43
8,2022,11,3,16,13.8,7.29,5.88,1368.1,45.0,2.82,0.162,0.066,5.99
8,2022,11,3,20,13.0,7.41,6.78,1418.0,42.8,2.72,0.091,0.066,6.32
8,2022,11,4,0,12.7,7.52,7.26,1405.9,27.5,3.26,0.091,0.066,6.32
8,2022,11,4,4,12.4,7.5,6.37,1415.0,41.3,3.26,0.128,0.06,6.36
8,2022,11,4,8,12.2,7.5,6.17,1428.2,46.1,3.15,0.126,0.065,6.32
8,2022,11,4,12,12.4,7.5,7.58,1425.3,42.7,2.79,0.124,0.063,6.36
8,2022,11,4,16,12.7,7.52,6.27,1403.4,39.7,2.79,0.134,0.055,6.14
8,2022,11,4,20,12.3,7.52,6.25,1428.6,37.2,2.79,0.137,0.061,6.58
8,2022,11,5,0,12.3,7.51,5.9,1432.7,35.8,2.9,0.137,0.061,6.58
8,2022,11,5,4,11.9,7.58,6.95,1437.2,27.5,2.9,0.129,0.055,6.67
8,2022,11,5,8,11.5,7.56,6.49,1439.0,45.3,2.64,0.129,0.064,6.62
8,2022,11,5,12,11.7,7.56,6.64,1434.7,35.6,2.94,0.128,0.066,6.53
8,2022,11,5,16,11.9,7.59,6.9,1399.5,38.8,2.66,0.138,0.059,6.5
8,2022,11,5,20,11.6,7.58,6.73,1420.4,34.4,2.85,0.13,0.062,6.8
8,2022,11,6,0,11.6,7.56,6.48,1426.3,35.2,3.06,0.13,0.062,6.8
8,2022,11,6,4,11.6,7.63,7.66,1424.0,22.5,3.06,0.105,0.052,6.91
8,2022,11,6,8,11.4,7.58,7.25,1422.5,36.9,2.64,0.095,0.057,6.82
8,2022,11,6,12,11.5,7.62,7.42,1416.3,29.5,2.79,0.091,0.054,6.68
8,2022,11,6,16,11.7,7.63,7.4,1408.0,38.3,2.59,0.098,0.057,6.75
8,2022,11,6,20,11.4,7.58,7.74,1396.6,28.7,2.77,0.099,0.062,6.89
8,2022,11,7,0,11.2,7.68,8.17,1388.0,29.9,2.57,0.099,0.062,6.89
8,2022,11,7,4,11.0,7.57,7.36,1392.5,31.3,2.57,0.089,0.06,6.81
8,2022,11,7,8,10.6,7.65,7.61,1378.1,33.6,2.71,0.102,0.058,6.7
8,2022,11,7,12,11.0,7.65,7.64,1368.0,31.6,2.83,0.104,0.055,6.91
8,2022,11,7,16,11.5,7.66,7.55,1337.7,40.0,2.44,0.105,0.051,6.67
8,2022,11,7,20,11.1,7.63,7.23,1365.7,37.2,2.82,0.09,0.059,6.89
8,2022,11,8,0,11.0,7.65,7.57,1357.8,38.9,2.82,0.09,0.059,6.89
8,2022,11,8,4,10.6,7.69,8.12,1347.0,33.4,2.82,0.126,0.06,6.98
8,2022,11,8,8,10.3,7.69,8.08,1347.8,72.1,2.78,0.108,0.074,6.97
8,2022,11,8,12,10.7,7.68,8.01,1344.4,33.5,3.75,0.131,0.058,6.75
8,2022,11,8,16,11.2,7.72,8.44,1332.5,34.4,2.76,0.134,0.059,6.59
8,2022,11,8,20,10.7,7.7,8.25,1363.6,28.9,2.58,0.125,0.061,6.88
8,2022,11,9,0,10.8,7.72,8.6,1363.9,23.1,2.84,0.125,0.061,6.88
8,2022,11,9,4,10.6,7.74,8.65,1363.2,28.0,2.84,0.116,0.059,6.7
8,2022,11,9,8,10.4,7.71,8.35,1367.7,31.7,2.84,0.106,0.069,6.88
8,2022,11,9,12,10.6,7.71,8.38,1371.4,30.1,2.76,0.094,0.053,6.67
8,2022,11,9,16,10.6,7.71,9.34,1386.6,31.1,2.5,0.084,0.054,6.67
8,2022,11,9,20,10.7,7.69,9.04,1369.8,28.2,3.24,0.072,0.058,6.6
8,2022,11,10,0,10.7,7.68,8.96,1373.8,24.0,2.9,0.068,0.058,6.6
8,2022,11,10,4,10.7,7.7,9.07,1371.5,22.9,2.9,0.07,0.052,6.61
8,2022,11,10,8,10.5,7.72,8.99,1373.7,21.1,2.64,0.06,0.049,6.78
8,2022,11,10,12,10.8,7.72,8.96,1360.9,22.1,2.67,0.055,0.05,6.35
8,2022,11,10,16,11.2,7.72,8.92,1341.8,32.3,2.71,0.057,0.052,6.37
8,2022,11,10,20,11.0,7.72,8.96,1356.2,25.3,2.97,0.05,0.056,6.73
8,2022,11,11,0,11.0,7.7,8.7,1357.7,26.0,2.86,0.044,0.056,6.73
8,2022,11,11,4,11.1,7.68,8.32,1355.7,25.5,2.86,0.041,0.053,6.48
8,2022,11,11,8,11.1,7.67,8.1,1358.4,24.4,2.91,0.041,0.05,6.75
8,2022,11,11,12,11.3,7.66,7.93,1356.0,26.6,2.8,0.044,0.049,6.53
8,2022,11,11,16,11.3,7.66,7.91,1352.8,28.7,2.7,0.04,0.053,6.6
8,2022,11,11,20,11.4,7.65,7.72,1354.3,25.6,2.69,0.044,0.048,6.62
8,2022,11,12,0,11.4,7.63,7.3,1356.9,28.3,2.76,0.046,0.048,6.62
8,2022,11,12,4,11.4,7.64,7.51,1352.4,23.7,2.76,0.039,0.052,6.51
8,2022,11,12,8,11.4,7.63,7.49,1356.5,33.3,2.65,0.043,0.052,6.64
8,2022,11,12,12,11.6,7.72,8.84,1342.0,24.6,2.8,0.073,0.05,6.89
8,2022,11,12,16,11.9,7.78,9.34,1327.3,22.2,2.7,0.076,0.051,6.64
8,2022,11,12,20,11.5,7.76,9.24,1333.1,23.4,2.46,0.09,0.054,6.96
8,2022,11,13,0,11.1,7.75,9.04,1330.7,24.6,2.75,0.116,0.054,6.96
8,2022,11,13,4,10.7,7.73,8.7,1331.4,30.4,2.75,0.123,0.058,6.8
8,2022,11,13,8,10.5,7.72,8.51,1329.7,30.7,2.77,0.152,0.059,7.0
8,2022,11,13,12,10.6,7.73,8.69,1311.6,29.6,2.84,0.197,0.064,7.02
8,2022,11,14,0,10.5,7.78,9.18,1287.9,25.3,3.14,0.228,0.07,7.17
8,2022,11,14,4,10.2,7.74,8.67,1287.8,28.0,3.14,0.211,0.064,7.32
8,2022,11,14,8,9.9,7.73,8.52,1282.5,32.7,3.46,0.226,0.072,7.15
8,2022,11,14,12,10.1,7.73,8.34,1272.8,27.9,3.37,0.23,0.068,7.26
8,2022,11,14,16,10.5,7.74,8.37,1226.8,27.6,3.36,0.242,0.074,7.13
8,2022,11,14,16,10.5,7.74,8.37,1226.8,27.6,3.36,0.242,0.074,7.13
8,2022,11,14,20,10.2,7.73,8.24,1239.5,24.1,3.23,0.244,0.072,7.55
8,2022,11,15,0,10.1,7.74,8.52,1249.8,19.8,3.23,0.244,0.072,7.55
8,2022,11,15,4,9.9,7.72,8.3,1258.0,23.1,3.02,0.254,0.072,7.4
8,2022,11,15,8,9.5,7.71,8.19,1261.5,27.2,3.39,0.255,0.072,7.37
8,2022,11,15,12,9.8,7.74,8.61,1263.8,25.3,3.48,0.263,0.083,7.19
8,2022,11,15,16,10.4,7.75,8.64,1240.3,21.4,3.82,0.289,0.085,7.08
8,2022,11,16,12,9.8,7.66,7.84,1257.2,21.8,3.84,0.43,0.09,7.28
8,2022,11,16,16,10.3,7.66,7.83,1222.0,46.5,3.8,0.417,0.087,7.08
8,2022,11,16,20,9.8,7.61,7.59,1222.6,21.0,3.88,0.52,0.102,6.95
8,2022,11,17,0,9.7,7.58,7.29,1235.7,23.2,4.22,0.654,0.102,7.32
8,2022,11,17,4,9.5,7.59,7.59,1233.8,16.5,4.22,0.654,0.102,7.32
8,2022,11,17,8,9.2,7.58,7.65,1223.8,21.0,4.03,0.672,0.092,7.41
8,2022,11,17,12,9.5,7.59,7.74,1209.1,20.6,4.22,0.738,0.099,7.35
8,2022,11,17,20,9.8,7.56,7.54,1187.4,21.4,3.96,0.726,0.098,6.93
8,2022,11,18,0,9.7,7.55,7.22,1201.4,21.6,4.2,0.709,0.099,7.08
8,2022,11,18,4,9.4,7.57,7.96,1193.7,16.9,4.2,0.709,0.099,7.08
8,2022,11,18,8,9.3,7.58,8.36,1192.8,19.4,3.82,0.681,0.087,7.32
8,2022,11,18,12,9.4,7.58,8.08,1189.9,22.4,3.85,0.652,0.089,7.22
8,2022,11,18,16,9.5,7.58,8.33,1186.1,20.8,3.86,0.622,0.085,7.08
8,2022,11,18,20,9.5,7.6,8.72,1195.8,50.4,3.75,0.586,0.086,7.1
8,2022,11,19,0,9.5,7.61,9.04,1200.2,19.8,4.12,0.507,0.09,6.88
8,2022,11,19,4,9.5,7.62,9.12,1204.8,56.7,4.12,0.507,0.09,6.88
8,2022,11,19,8,9.5,7.62,9.13,1206.4,14.7,3.75,0.38,0.084,6.97
8,2022,11,19,12,9.8,7.64,9.44,1206.5,26.8,3.72,0.352,0.073,6.89
8,2022,11,19,16,10.2,7.67,9.92,1197.4,25.2,3.52,0.296,0.073,6.87
8,2022,11,19,20,9.9,7.66,9.79,1206.8,19.7,3.55,0.219,0.073,6.38
8,2022,11,20,0,9.8,7.64,9.53,1217.4,23.6,3.45,0.19,0.069,6.71
8,2022,11,20,4,9.8,7.67,9.98,1214.3,13.7,3.45,0.19,0.069,6.71
8,2022,11,20,8,9.8,7.64,9.43,1213.9,16.3,3.33,0.15,0.062,6.72
8,2022,11,20,12,9.9,7.64,9.58,1208.1,15.8,3.18,0.146,0.056,6.64
8,2022,11,20,16,10.0,7.64,9.44,1201.7,26.1,3.08,0.127,0.057,6.8
8,2022,11,20,20,10.0,7.65,9.64,1197.0,20.3,3.24,0.123,0.061,6.62
8,2022,11,21,0,10.0,7.65,9.64,1194.6,17.7,3.48,0.107,0.06,6.67
8,2022,11,21,4,9.9,7.66,9.93,1192.0,17.2,3.48,0.107,0.06,6.67
8,2022,11,21,12,9.9,7.68,10.02,1191.5,18.4,2.98,0.055,0.05,6.64
8,2022,11,21,16,10.5,7.73,10.54,1185.9,20.5,3.13,0.043,0.056,6.53
8,2022,11,21,20,10.2,7.71,10.0,1217.5,19.1,3.17,0.033,0.06,6.61
8,2022,11,22,0,10.1,7.73,10.14,1219.9,17.5,3.17,0.033,0.06,6.61
8,2022,11,22,4,10.0,7.72,9.94,1238.8,17.8,2.99,0.028,0.054,6.77
8,2022,11,22,8,9.9,7.72,9.84,1249.1,16.9,3.17,0.027,0.05,6.72
8,2022,11,22,12,10.2,7.72,9.79,1250.2,19.5,3.19,0.028,0.053,6.65
8,2022,11,22,16,10.6,7.74,10.08,1243.7,22.6,3.1,0.027,0.054,6.37
8,2022,11,22,20,10.3,7.71,9.57,1259.6,40.4,3.32,0.027,0.061,6.63
8,2022,11,23,0,10.0,7.74,9.93,1261.8,16.4,3.32,0.027,0.061,6.63
8,2022,11,23,4,9.8,7.73,9.82,1275.0,20.4,3.22,0.025,0.06,6.53
8,2022,11,23,8,9.5,7.72,9.57,1279.0,33.3,3.64,0.025,0.056,6.76
8,2022,11,23,12,9.8,7.75,10.05,1271.5,25.4,3.21,0.026,0.053,6.53
8,2022,11,23,16,10.2,7.78,10.46,1261.0,21.9,3.15,0.037,0.055,6.61
8,2022,11,23,20,9.9,7.75,9.98,1276.0,18.3,3.37,0.035,0.061,6.78
8,2022,11,24,0,9.7,7.75,10.02,1282.4,20.5,3.37,0.035,0.061,6.78
8,2022,11,24,4,9.5,7.74,9.88,1289.2,40.4,3.61,0.037,0.078,6.5
8,2022,11,24,8,9.4,7.73,9.69,1292.1,37.7,3.36,0.037,0.053,6.83
8,2022,11,24,12,9.5,7.72,9.64,1285.1,19.5,3.11,0.03,0.048,6.72
8,2022,11,24,16,9.8,7.74,10.18,1276.1,16.7,3.24,0.036,0.047,6.63
8,2022,11,24,20,9.7,7.71,9.72,1284.1,18.1,3.32,0.034,0.05,7.01
8,2022,11,25,0,9.5,7.73,9.87,1288.8,12.9,3.32,0.034,0.05,7.01
8,2022,11,25,4,9.5,7.71,9.58,1287.0,20.6,3.1,0.028,0.048,6.69
8,2022,11,25,8,9.4,7.73,9.9,1287.9,14.0,3.35,0.025,0.045,6.73
8,2022,11,25,12,9.4,7.73,9.92,1288.7,21.2,3.09,0.025,0.045,6.51
8,2022,11,25,12,9.4,7.73,9.92,1288.7,21.2,3.09,0.025,0.045,6.51
8,2022,11,25,16,9.9,7.79,10.82,1262.2,22.3,3.22,0.029,0.076,6.24
8,2022,11,25,20,9.6,7.79,10.67,1271.9,97.4,2.89,0.025,0.075,6.45
8,2022,11,26,0,9.1,7.82,10.58,1282.8,62.5,2.89,0.025,0.075,6.45
8,2022,11,26,4,8.6,7.85,10.58,1283.5,21.4,3.57,0.025,0.057,6.65
8,2022,11,26,8,8.2,7.85,10.47,1285.9,17.1,3.38,0.025,0.047,6.56
8,2022,11,26,12,8.3,7.87,10.79,1279.2,25.0,3.3,0.025,0.05,6.86
8,2022,11,26,16,8.7,7.9,11.06,1254.9,19.5,3.3,0.025,0.05,6.86
8,2022,11,28,8,7.0,7.93,11.12,1279.6,11.7,3.57,0.025,0.05,6.77
8,2022,11,28,12,7.3,7.96,11.64,1268.8,12.6,3.51,0.025,0.046,6.58
8,2022,11,28,16,7.6,7.97,11.84,1255.0,13.9,3.83,0.025,0.043,6.49
8,2022,11,29,20,4.3,8.11,12.2,1314.5,15.4,3.26,0.025,0.056,5.71
8,2022,11,30,0,4.2,8.11,12.04,1302.1,12.2,3.12,0.025,0.056,5.71
8,2022,11,30,4,4.0,8.08,11.8,1330.2,11.6,3.12,0.025,0.005,5.22
8,2022,11,30,8,3.8,8.08,11.79,1333.3,11.0,3.52,0.03,0.005,4.94
8,2022,11,30,12,4.0,8.1,12.23,1335.3,10.5,3.63,0.026,0.005,5.7
8,2022,11,30,16,4.2,8.14,12.58,1309.6,10.6,3.69,0.025,0.056,5.97
8,2022,11,30,20,4.0,8.09,12.33,1340.0,9.3,3.58,0.031,0.006,5.22
8,2022,12,1,0,3.7,8.09,12.24,1350.9,15.4,3.58,0.031,0.006,5.22
8,2022,12,1,16,4.3,8.09,12.71,1333.2,10.3,3.62,0.041,0.053,6.19
8,2022,12,2,16,3.9,8.12,13.62,1357.8,8.5,3.97,1.785,0.005,5.42
8,2022,12,6,16,4.9,7.99,15.51,1237.5,6.6,4.05,0.025,0.069,7.31
8,2022,12,6,20,4.0,8.03,14.73,1358.4,8.5,4.05,0.025,0.086,7.48
8,2022,12,7,0,3.9,7.98,15.9,1364.3,7.3,4.05,0.025,0.086,7.48
8,2022,12,7,4,3.8,7.91,15.16,1371.6,6.9,4.52,0.025,0.081,7.88
8,2022,12,7,8,3.7,7.86,14.48,1377.3,6.2,3.62,0.025,0.068,7.74
8,2022,12,7,12,4.2,7.97,16.31,1365.7,6.8,5.02,0.025,0.08,7.4
8,2022,12,7,16,4.4,8.04,17.2,1338.5,6.5,4.01,0.025,0.067,7.39
8,2022,12,7,20,4.2,8.05,17.53,1359.3,6.7,4.6,0.025,0.077,10.75
8,2022,12,8,0,4.1,8.0,16.77,1362.7,7.0,4.6,0.025,0.077,10.75
8,2022,12,8,4,4.0,7.91,15.71,1371.6,6.2,4.26,0.025,0.076,7.68
8,2022,12,8,8,4.0,7.84,14.71,1370.7,5.4,3.68,0.025,0.06,7.59
8,2022,12,8,12,4.3,7.95,16.48,1357.5,6.7,4.87,0.025,0.078,7.57
8,2022,12,8,16,4.6,8.08,18.37,1345.1,6.4,4.87,0.025,0.07,7.34
8,2022,12,8,20,4.3,8.08,18.24,1358.6,7.4,4.69,0.025,0.077,7.53
8,2022,12,9,0,4.2,8.02,17.38,1368.4,6.6,4.69,0.025,0.077,7.53
8,2022,12,9,4,4.1,7.95,16.4,1365.1,6.5,4.22,0.025,0.069,7.65
8,2022,12,9,8,4.0,7.86,15.21,1373.0,5.7,3.67,0.025,0.058,7.51
8,2022,12,9,12,4.2,8.04,17.98,1364.4,7.6,5.9,0.025,0.092,7.83
8,2022,12,9,16,4.3,8.07,18.58,1353.0,7.4,4.98,0.025,0.071,7.65
8,2022,12,9,20,4.2,8.07,18.35,1361.7,7.3,5.15,0.025,0.08,7.72
8,2022,12,10,0,4.2,7.99,17.14,1363.9,6.7,5.15,0.025,0.08,7.72
8,2022,12,10,4,4.2,7.91,15.97,1366.3,6.7,3.97,0.025,0.068,7.38
8,2022,12,10,8,4.2,7.84,15.06,1364.9,5.9,3.71,0.025,0.055,7.41
8,2022,12,10,12,4.3,8.0,17.68,1359.4,7.1,7.55,0.025,0.088,7.65
8,2022,12,10,16,4.8,8.19,20.72,1324.4,6.2,5.53,0.025,0.077,7.4
8,2022,12,10,20,4.4,8.1,19.03,1382.2,7.4,5.73,0.025,0.079,7.54
8,2022,12,11,0,4.3,8.05,18.4,1382.4,6.1,5.73,0.025,0.079,7.54
8,2022,12,11,4,4.2,7.96,17.28,1387.9,5.4,3.74,0.025,0.059,7.23
8,2022,12,11,8,4.2,7.9,16.36,1392.0,5.3,4.22,0.025,0.054,7.33
8,2022,12,11,12,4.3,8.08,19.15,1380.5,7.2,7.11,0.025,0.095,7.64
8,2022,12,11,16,4.6,8.23,21.51,1361.4,7.3,6.21,0.025,0.087,7.36
8,2022,12,11,20,4.5,8.2,20.99,1369.2,7.7,5.62,0.025,0.084,7.35
8,2022,12,12,0,4.3,8.09,19.11,1373.1,7.7,5.62,0.025,0.084,7.35
8,2022,12,12,4,4.2,7.99,17.51,1378.0,6.8,5.85,0.025,0.088,7.42
8,2022,12,12,8,4.2,7.91,16.31,1373.9,6.2,4.91,0.025,0.066,7.48
8,2022,12,12,12,4.3,7.98,17.26,1371.8,5.6,4.6,0.025,0.063,7.14
8,2022,12,12,16,4.3,8.17,20.09,1365.6,7.0,6.08,0.025,0.079,7.72
8,2022,12,12,20,4.2,8.1,19.01,1366.8,8.1,7.77,0.025,0.107,7.8
8,2022,12,13,0,4.2,8.0,17.54,1370.3,6.9,7.77,0.025,0.107,7.8
8,2022,12,13,4,4.2,7.91,16.33,1373.6,5.8,5.0,0.025,0.077,7.31
8,2022,12,13,8,4.1,7.84,15.28,1378.7,4.9,4.33,0.025,0.055,7.37
8,2022,12,13,12,4.2,8.03,18.04,1370.4,7.2,6.84,0.025,0.094,7.92
8,2022,12,13,16,4.3,8.17,19.99,1349.0,6.9,6.32,0.025,0.087,7.66
8,2022,12,13,20,4.1,8.12,19.3,1364.4,7.5,7.0,0.025,0.094,7.83
8,2022,12,14,0,4.0,8.02,17.67,1369.6,6.3,7.0,0.025,0.094,7.83
8,2022,12,14,4,3.9,7.92,16.36,1378.8,5.4,4.84,0.025,0.08,7.6
8,2022,12,14,8,3.9,7.87,15.5,1383.0,5.2,4.48,0.025,0.064,7.43
8,2022,12,14,12,3.9,8.03,17.99,1371.4,6.3,5.97,0.025,0.085,7.47
8,2022,12,14,16,4.0,8.21,20.61,1354.0,7.2,6.86,0.025,0.092,7.52
8,2022,12,14,20,3.9,8.14,19.51,1365.7,8.0,7.42,0.025,0.1,7.82
8,2022,12,15,0,3.8,8.07,18.4,1371.8,7.3,7.42,0.025,0.1,7.82
8,2022,12,15,4,3.7,7.96,16.84,1375.5,6.3,5.53,0.025,0.087,7.71
8,2022,12,15,8,3.7,7.88,15.73,1373.8,5.0,4.51,0.025,0.062,7.61
8,2022,12,15,12,3.8,8.1,19.03,1369.2,5.9,6.07,0.025,0.084,7.68
8,2022,12,15,16,4.0,8.27,22.22,1346.4,7.6,6.78,0.025,0.087,7.57
8,2022,12,15,20,3.7,8.22,21.11,1369.5,7.6,6.88,0.025,0.098,7.95
8,2022,12,16,0,3.6,8.12,19.22,1374.2,6.4,6.88,0.025,0.098,7.95
8,2022,12,16,4,3.6,8.0,17.57,1381.0,5.5,4.05,0.025,0.066,7.6
8,2022,12,16,8,3.4,7.94,16.76,1387.1,4.9,3.99,0.025,0.061,7.48
8,2022,12,16,12,3.6,8.15,20.52,1379.3,7.2,7.36,0.025,0.096,8.03
8,2022,12,16,16,4.0,8.27,23.06,1349.2,7.0,6.24,0.025,0.08,7.5
8,2022,12,16,20,3.7,8.25,22.1,1374.9,7.1,6.6,0.025,0.087,8.0
8,2022,12,17,0,3.5,8.15,20.32,1384.0,5.6,6.6,0.025,0.087,8.0
8,2022,12,17,4,3.4,8.04,18.69,1391.2,5.3,4.57,0.025,0.066,7.86
8,2022,12,17,8,3.3,7.97,17.51,1395.9,5.2,4.58,0.025,0.068,7.83
8,2022,12,17,12,3.4,8.14,20.7,1390.3,7.1,6.83,0.025,0.086,8.02
8,2022,12,17,16,3.7,8.26,23.37,1376.1,7.4,6.06,0.025,0.073,7.5
8,2022,12,17,20,3.6,8.21,22.02,1383.7,6.8,5.82,0.025,0.075,7.82
8,2022,12,18,0,3.5,8.13,20.49,1385.7,6.5,5.82,0.025,0.075,7.82
8,2022,12,18,4,3.4,8.05,19.18,1388.2,5.5,4.26,0.025,0.058,7.48
8,2022,12,18,8,3.4,7.97,17.87,1392.5,5.3,4.37,0.025,0.058,7.48
8,2022,12,18,12,3.5,8.14,21.34,1382.9,7.7,6.54,0.025,0.081,7.81
8,2022,12,18,16,3.9,8.28,24.67,1356.8,5.8,5.74,0.025,0.068,7.42
8,2022,12,18,20,3.7,8.25,23.49,1375.1,7.6,6.6,0.025,0.079,7.75
8,2022,12,19,0,3.5,8.17,21.97,1385.6,6.4,6.6,0.025,0.079,7.75
8,2022,12,19,4,3.4,8.08,20.43,1392.7,6.0,3.64,0.025,0.054,7.47
8,2022,12,19,8,3.3,7.99,19.01,1392.2,5.5,3.78,0.025,0.051,7.42
8,2022,12,19,12,3.4,8.16,22.49,1380.5,7.0,7.46,0.025,0.088,7.76
8,2022,12,19,16,4.0,8.21,25.33,1348.5,6.7,5.98,0.025,0.065,7.3
8,2022,12,19,20,3.7,8.18,23.7,1373.0,7.3,6.15,0.025,0.068,7.77
8,2022,12,20,0,3.6,8.12,22.38,1379.7,6.4,6.15,0.025,0.068,7.77
8,2022,12,20,4,3.4,8.03,21.07,1385.9,5.0,3.62,0.025,0.049,7.31
8,2022,12,20,8,3.4,7.97,19.86,1384.4,4.8,3.9,0.025,0.045,7.42
8,2022,12,20,12,3.6,8.07,22.38,1376.2,5.8,5.84,0.025,0.067,7.52
8,2022,12,20,16,3.9,8.19,25.04,1352.8,5.2,5.38,0.025,0.055,7.36
8,2022,12,20,20,3.6,8.14,23.8,1370.9,5.7,5.52,0.025,0.058,7.55
8,2022,12,21,0,3.5,8.08,22.18,1373.5,4.8,5.52,0.025,0.058,7.55
8,2022,12,21,4,3.5,8.03,21.37,1371.6,5.7,4.1,0.025,0.046,7.27
8,2022,12,21,8,3.4,7.95,19.91,1377.9,5.4,3.86,0.025,0.042,7.47
8,2022,12,21,12,3.6,8.06,22.81,1369.5,5.2,4.88,0.025,0.053,7.43
8,2022,12,21,16,3.7,8.17,25.41,1356.5,5.1,5.1,0.025,0.052,7.37
8,2022,12,21,20,3.5,8.08,23.06,1370.8,6.0,4.36,0.025,0.049,7.45
8,2022,12,22,0,3.5,8.06,22.73,1373.0,5.5,4.36,0.025,0.049,7.45
8,2022,12,22,4,3.4,8.0,21.3,1372.8,6.3,3.9,0.025,0.044,7.39
8,2022,12,22,8,3.3,7.92,19.8,1372.6,5.1,3.9,0.025,0.041,7.33
8,2022,12,22,8,3.3,7.92,19.8,1372.6,5.1,3.61,0.025,0.041,7.33
8,2022,12,22,12,3.6,8.04,23.19,1366.9,4.7,3.61,0.025,0.05,7.52
8,2022,12,22,12,3.6,8.04,23.19,1366.9,4.7,4.52,0.025,0.05,7.52
8,2022,12,22,16,3.8,8.16,25.73,1338.9,5.9,4.52,0.025,0.046,7.14
8,2022,12,22,20,3.5,8.06,23.31,1361.1,6.6,4.59,0.025,0.048,7.53
8,2022,12,23,0,3.4,8.06,23.1,1366.8,5.9,4.38,0.025,0.048,7.53
8,2022,12,23,4,3.3,7.99,21.72,1372.4,6.3,3.93,0.025,0.044,7.23
8,2022,12,23,8,3.2,7.95,21.0,1377.8,5.3,3.37,0.025,0.043,7.38
8,2022,12,23,12,3.6,8.04,23.74,1360.8,5.6,3.65,0.051,0.038,6.78
8,2022,12,23,16,3.9,8.08,24.73,1346.0,5.9,4.5,0.04,0.038,7.04
8,2022,12,23,20,3.4,7.98,23.04,1367.2,5.7,4.12,0.051,0.043,7.23
8,2022,12,24,0,3.4,7.99,23.38,1375.7,6.5,3.75,0.051,0.043,7.23
8,2022,12,24,4,3.3,7.97,22.88,1378.5,6.0,3.82,0.043,0.045,7.2
8,2022,12,24,8,3.1,7.9,21.14,1383.9,5.6,4.18,0.046,0.04,7.42
8,2022,12,24,12,3.6,8.01,24.08,1369.8,6.6,3.68,0.045,0.044,6.9
8,2022,12,24,16,3.9,8.12,26.88,1341.2,6.8,3.91,0.038,0.044,6.94
8,2022,12,24,20,3.4,8.02,23.51,1362.9,6.9,4.29,0.039,0.045,7.47
8,2022,12,25,0,3.4,8.0,23.11,1370.3,8.5,4.03,0.039,0.045,7.47
8,2022,12,25,4,3.3,7.95,22.46,1377.6,6.7,3.93,0.037,0.046,7.16
8,2022,12,25,8,3.2,7.9,21.59,1377.7,5.7,3.7,0.041,0.04,7.37
8,2022,12,25,12,3.4,7.96,23.37,1366.4,5.9,3.74,0.04,0.041,6.94
8,2022,12,25,16,3.6,8.08,25.99,1353.4,5.7,3.75,0.039,0.043,7.09
8,2022,12,25,20,3.3,7.97,22.86,1363.2,5.0,4.09,0.042,0.045,7.4
8,2022,12,26,0,3.2,7.93,21.87,1369.0,6.5,3.82,0.042,0.045,7.4
8,2022,12,26,4,3.1,7.9,20.88,1371.8,5.8,3.61,0.049,0.043,7.42
8,2022,12,26,8,3.0,7.86,20.24,1377.4,5.4,3.52,0.048,0.04,7.54
8,2022,12,26,12,3.3,7.96,22.79,1366.0,6.8,3.29,0.052,0.044,7.11
8,2022,12,26,16,3.7,8.07,25.96,1341.5,4.7,3.29,0.045,0.04,6.99
8,2022,12,26,20,3.2,7.97,22.44,1358.9,6.8,3.9,0.052,0.04,7.45
8,2022,12,27,0,3.1,7.93,21.73,1363.2,6.4,3.9,0.052,0.04,7.45
8,2022,12,27,4,3.1,7.89,21.01,1370.1,6.2,3.55,0.049,0.046,7.4
8,2022,12,27,8,3.0,7.86,20.4,1371.6,5.2,3.54,0.051,0.04,7.23
8,2022,12,27,12,3.4,7.97,23.75,1359.4,5.6,4.29,0.04,0.046,7.36
8,2022,12,27,16,3.7,8.06,26.11,1328.5,5.4,4.04,0.037,0.036,6.93
8,2022,12,27,20,3.3,7.95,22.59,1356.6,4.9,3.78,0.044,0.04,7.42
8,2022,12,28,0,3.1,7.89,21.04,1362.5,5.2,3.78,0.044,0.04,7.42
8,2022,12,28,4,3.0,7.86,20.36,1369.1,4.5,3.35,0.048,0.04,7.5
8,2022,12,28,8,2.8,7.82,19.72,1374.3,4.4,3.44,0.039,0.04,7.54
8,2022,12,28,12,3.3,7.93,23.07,1360.6,5.1,3.92,0.043,0.042,7.24
8,2022,12,28,16,3.6,8.01,25.0,1330.2,5.2,3.86,0.051,0.041,7.22
8,2022,12,28,20,3.1,7.91,21.82,1356.0,5.3,3.68,0.045,0.036,7.53
8,2022,12,29,0,3.0,7.85,20.1,1361.4,4.8,3.68,0.045,0.036,7.53
8,2022,12,29,4,3.0,7.81,19.53,1366.5,4.5,3.22,0.05,0.037,7.8
8,2022,12,29,8,2.9,7.78,18.89,1365.4,4.5,3.33,0.054,0.036,7.68
8,2022,12,29,12,3.3,7.9,22.5,1356.1,5.2,3.93,0.054,0.043,7.43
8,2022,12,29,16,3.6,7.99,24.86,1328.8,5.7,3.9,0.056,0.038,7.17
8,2022,12,29,20,3.2,7.88,21.61,1353.1,4.9,3.56,0.053,0.038,7.56
8,2022,12,30,0,3.0,7.81,19.63,1361.6,5.2,3.56,0.053,0.038,7.56
8,2022,12,30,4,2.8,7.8,19.04,1364.3,4.4,3.32,0.052,0.037,7.52
8,2022,12,30,8,2.7,7.77,18.65,1370.6,4.5,3.28,0.053,0.038,7.66
8,2022,12,30,12,3.1,7.88,21.91,1356.3,5.4,3.68,0.052,0.041,7.41
8,2022,12,30,16,3.6,7.98,24.52,1323.5,5.7,3.77,0.055,0.037,7.23
8,2022,12,30,20,3.1,7.86,20.94,1350.4,5.1,3.54,0.052,0.04,7.66
8,2022,12,31,0,2.8,7.81,19.14,1359.3,5.0,3.54,0.052,0.04,7.66
8,2022,12,31,4,2.6,7.8,18.66,1365.7,4.6,3.56,0.069,0.043,7.81
8,2022,12,31,8,2.6,7.77,18.04,1372.6,4.3,3.3,0.068,0.039,7.61
8,2022,12,31,12,3.0,7.87,21.04,1356.4,5.1,3.86,0.063,0.043,7.46
8,2022,12,31,16,3.6,7.97,23.84,1325.4,4.8,3.72,0.058,0.037,7.23
8,2022,12,31,20,3.1,7.85,20.21,1347.2,5.5,3.57,0.074,0.038,7.84
8,2023,1,1,0,2.8,7.79,18.63,1357.3,5.5,3.57,0.074,0.038,7.84
8,2023,1,1,4,2.6,7.77,18.02,1364.2,4.8,3.64,0.12,0.046,7.73
8,2023,1,1,8,2.5,7.74,17.59,1365.5,4.5,3.57,0.132,0.04,7.84
8,2023,1,1,12,3.0,7.85,20.46,1351.1,5.0,3.9,0.128,0.047,7.36
8,2023,1,1,16,3.2,7.91,22.11,1336.7,4.8,3.96,0.137,0.04,7.45
8,2023,1,1,20,3.0,7.82,19.69,1351.0,4.7,3.96,0.144,0.044,7.58
8,2023,1,2,0,2.6,7.78,17.98,1358.0,4.4,3.96,0.144,0.044,7.58
8,2023,1,2,4,2.5,7.77,17.7,1361.8,4.5,3.84,0.158,0.049,8.01
8,2023,1,2,8,2.5,7.74,17.24,1366.2,4.4,3.6,0.158,0.046,7.91
8,2023,1,2,12,2.8,7.83,19.71,1357.4,4.6,4.14,0.148,0.052,7.67
8,2023,1,2,16,3.1,7.92,22.06,1331.4,4.6,3.98,0.139,0.046,7.44
8,2023,1,2,20,2.8,7.83,19.46,1350.5,5.6,4.66,0.133,0.056,7.88
8,2023,1,3,0,2.5,7.79,17.94,1359.5,4.9,4.66,0.133,0.056,7.88
8,2023,1,3,4,2.5,7.78,17.63,1367.6,5.0,3.87,0.118,0.05,7.74
8,2023,1,3,8,2.4,7.75,17.13,1372.5,4.7,3.87,0.118,0.05,7.74
8,2023,1,3,12,2.8,7.83,19.36,1360.4,4.9,4.32,0.102,0.053,7.7
8,2023,1,3,16,3.1,7.92,21.74,1345.1,5.0,4.6,0.044,0.05,7.61
8,2023,1,3,20,2.8,7.79,18.74,1349.0,6.5,4.46,0.043,0.052,7.8
8,2023,1,4,0,2.5,7.78,18.01,1366.9,4.5,4.46,0.043,0.052,7.8
8,2023,1,4,4,2.5,7.77,17.54,1371.5,4.4,3.8,0.028,0.052,7.99
8,2023,1,4,8,2.4,7.74,17.05,1374.0,4.5,3.81,0.026,0.048,7.81
8,2023,1,4,12,2.7,7.82,19.04,1362.9,4.7,4.08,0.025,0.049,7.35
8,2023,1,4,16,3.0,7.93,21.67,1345.4,5.4,4.58,0.025,0.047,7.5
8,2023,1,4,20,2.8,7.85,19.17,1356.7,5.4,4.85,0.025,0.053,7.84
8,2023,1,5,0,2.5,7.81,17.84,1365.8,4.7,4.85,0.025,0.053,7.84
8,2023,1,5,4,2.5,7.79,17.4,1368.0,4.6,3.78,0.025,0.05,7.88
8,2023,1,5,8,2.3,7.77,17.04,1375.9,5.1,3.96,0.025,0.045,8.0
8,2023,1,5,12,2.6,7.84,18.71,1364.4,4.6,4.0,0.025,0.048,7.69
8,2023,1,5,16,3.0,7.93,20.89,1342.0,5.6,4.76,0.025,0.049,7.33
8,2023,1,5,20,2.7,7.85,18.65,1357.5,5.4,5.01,0.025,0.054,7.72
8,2023,1,6,0,2.5,7.81,17.57,1364.3,4.8,4.02,0.025,0.046,7.76
8,2023,1,6,4,2.5,7.8,17.11,1366.5,4.8,4.01,0.025,0.047,7.78
8,2023,1,6,8,2.4,7.76,16.74,1370.8,5.0,4.01,0.025,0.045,7.77
8,2023,1,6,12,2.5,7.83,18.09,1363.5,4.9,4.21,0.025,0.046,7.52
8,2023,1,6,16,3.0,7.91,19.95,1331.7,5.0,4.96,0.025,0.051,7.19
8,2023,1,6,20,2.7,7.84,17.81,1351.7,5.2,4.87,0.025,0.05,7.78
8,2023,1,7,0,2.5,7.8,17.08,1361.4,5.1,4.17,0.025,0.047,7.74
8,2023,1,7,4,2.5,7.77,16.4,1361.6,5.6,4.39,0.025,0.052,7.67
8,2023,1,7,8,2.4,7.76,16.28,1366.0,5.0,4.18,0.025,0.045,7.97
8,2023,1,7,12,2.5,7.8,16.91,1359.7,4.7,3.85,0.025,0.044,7.44
8,2023,1,7,16,2.8,7.86,18.46,1333.8,5.3,4.71,0.025,0.047,7.35
8,2023,1,7,20,2.7,7.81,16.92,1348.5,5.5,4.76,0.025,0.054,7.8
8,2023,1,8,0,2.5,7.79,16.39,1357.0,5.4,3.76,0.025,0.05,7.68
8,2023,1,8,4,2.5,7.78,16.12,1358.9,5.1,4.32,0.025,0.052,7.79
8,2023,1,8,8,2.4,7.75,15.86,1364.0,5.1,4.01,0.025,0.046,7.76
8,2023,1,8,12,2.7,7.82,17.42,1351.3,5.4,4.13,0.025,0.052,7.47
8,2023,1,8,16,3.1,7.95,19.84,1323.9,6.4,6.48,0.025,0.059,7.91
8,2023,1,8,20,2.8,7.82,17.24,1358.9,6.0,5.7,0.025,0.058,8.29
8,2023,1,9,0,2.6,7.77,16.46,1364.4,5.0,4.23,0.032,0.048,8.22
8,2023,1,9,4,2.6,7.77,16.25,1365.9,4.9,4.07,0.038,0.044,8.23
8,2023,1,9,8,2.5,7.74,15.89,1368.8,5.0,4.31,0.041,0.042,8.12
8,2023,1,9,12,2.8,7.78,17.21,1360.5,4.9,4.26,0.066,0.045,8.05
8,2023,1,9,16,3.0,7.83,17.86,1335.8,4.6,3.89,0.101,0.038,7.82
8,2023,1,9,20,2.8,7.77,16.21,1356.5,4.8,3.87,0.148,0.04,8.39
8,2023,1,10,4,2.7,7.76,16.02,1362.6,4.8,3.59,0.183,0.04,8.21
8,2023,1,10,8,2.6,7.74,15.75,1365.8,4.8,3.47,0.195,0.039,8.32
8,2023,1,10,12,2.9,7.76,16.58,1358.3,4.6,3.56,0.205,0.04,8.4
8,2023,1,10,16,3.1,7.81,17.33,1338.7,4.7,3.76,0.204,0.04,8.32
8,2023,1,10,16,3.1,7.81,17.33,1338.7,4.7,3.76,0.202,0.04,8.32
8,2023,1,10,20,2.8,7.77,15.8,1351.8,4.9,3.54,0.204,0.036,7.97
8,2023,1,11,0,2.8,7.76,15.83,1359.0,4.9,3.47,0.204,0.039,8.17
8,2023,1,11,4,2.7,7.76,15.94,1360.0,5.2,3.47,0.182,0.036,8.23
8,2023,1,11,8,2.7,7.73,15.49,1361.6,5.3,3.37,0.182,0.038,8.07
8,2023,1,11,12,2.7,7.74,15.67,1357.7,4.8,2.71,0.169,0.037,7.98
8,2023,1,11,16,2.8,7.77,15.68,1350.7,5.0,3.39,0.153,0.033,8.1
8,2023,1,11,20,2.8,7.73,14.88,1351.4,4.8,3.51,0.145,0.036,8.14
8,2023,1,12,0,2.7,7.73,14.52,1352.4,4.8,3.52,0.145,0.035,8.08
8,2023,1,12,4,2.7,7.72,14.29,1353.7,4.9,3.52,0.136,0.035,8.08
8,2023,1,12,8,2.6,7.7,13.88,1351.9,5.1,3.29,0.128,0.035,7.96
8,2023,1,12,12,2.7,7.68,13.42,1353.3,4.7,3.27,0.126,0.036,8.02
8,2023,1,12,16,2.6,7.68,12.95,1352.1,4.7,3.13,0.118,0.033,7.97
8,2023,1,12,20,2.6,7.64,12.19,1353.7,5.4,3.35,0.126,0.034,8.26
8,2023,1,13,0,2.6,7.63,11.64,1353.4,5.7,3.4,0.126,0.041,7.95
8,2023,1,13,4,2.6,7.6,10.95,1358.8,6.7,3.4,0.135,0.041,7.95
8,2023,1,13,8,2.6,7.59,10.48,1362.7,5.7,3.12,0.148,0.037,8.22
8,2023,1,13,12,2.8,7.6,10.54,1357.0,5.2,3.23,0.151,0.036,8.14
8,2023,1,13,16,2.8,7.59,10.31,1354.8,5.2,3.19,0.172,0.038,7.9
8,2023,1,13,20,2.8,7.56,9.6,1356.2,5.3,3.28,0.18,0.038,7.97
8,2023,1,14,0,2.8,7.56,9.5,1360.3,5.5,3.51,0.18,0.042,8.01
8,2023,1,14,4,2.7,7.57,9.59,1361.7,5.6,3.51,0.204,0.042,8.01
8,2023,1,14,8,2.6,7.55,9.2,1366.8,5.8,3.29,0.202,0.042,8.18
8,2023,1,14,12,2.7,7.59,10.08,1363.2,5.0,2.81,0.196,0.039,8.22
8,2023,1,14,16,3.1,7.69,12.69,1343.7,4.6,3.03,0.173,0.038,8.24
8,2023,1,14,20,2.9,7.65,11.55,1358.8,5.5,3.35,0.175,0.04,7.72
8,2023,1,15,0,2.7,7.62,10.49,1362.9,5.3,4.54,0.175,0.056,8.49
8,2023,1,15,4,2.6,7.62,10.3,1368.6,6.2,4.54,0.181,0.056,8.49
8,2023,1,15,8,2.5,7.62,10.32,1373.0,4.9,3.52,0.18,0.045,7.81
8,2023,1,15,12,2.8,7.72,12.55,1365.7,5.0,3.33,0.157,0.043,8.01
8,2023,1,15,16,3.2,7.86,15.7,1336.8,4.1,4.12,0.143,0.055,7.9
8,2023,1,15,20,2.5,7.81,13.59,1365.7,4.9,3.31,0.164,0.036,7.59
8,2023,1,16,0,2.3,7.77,13.04,1377.6,4.7,4.44,0.164,0.052,8.22
8,2023,1,16,4,2.2,7.77,13.0,1385.1,4.4,4.44,0.167,0.052,8.22
8,2023,1,16,12,2.5,7.81,14.63,1380.7,4.1,3.27,0.156,0.045,8.14
8,2023,1,16,16,2.8,7.89,16.58,1360.0,3.6,4.19,0.151,0.052,7.98
8,2023,1,16,20,2.4,7.8,14.63,1380.8,4.4,3.52,0.163,0.042,7.79
8,2023,1,17,0,2.2,7.78,14.05,1388.4,3.8,3.61,0.163,0.045,8.09
8,2023,1,17,4,2.2,7.81,14.35,1394.2,5.3,3.61,0.188,0.045,8.09
8,2023,1,17,8,2.0,7.8,14.21,1399.7,4.0,3.18,0.201,0.041,8.04
8,2023,1,17,12,2.4,7.82,15.06,1388.2,4.1,3.08,0.185,0.04,8.07
8,2023,1,17,16,2.6,7.89,16.13,1374.0,4.4,3.11,0.197,0.04,7.85
8,2023,1,17,20,2.3,7.82,14.77,1394.5,4.9,3.23,0.207,0.037,7.78
8,2023,1,18,0,2.2,7.83,14.64,1403.9,4.7,3.39,0.207,0.04,8.09
8,2023,1,18,4,2.1,7.85,15.03,1411.6,4.8,3.39,0.21,0.04,8.09
8,2023,1,18,8,2.0,7.84,14.77,1419.6,4.7,3.14,0.218,0.04,8.06
8,2023,1,18,12,2.3,7.86,15.66,1409.0,4.5,3.22,0.195,0.044,8.14
8,2023,1,18,16,2.5,7.9,16.42,1392.5,4.4,3.37,0.187,0.04,8.04
8,2023,1,18,20,2.3,7.83,15.1,1407.5,4.5,3.15,0.183,0.039,7.87
8,2023,1,19,0,2.2,7.83,15.21,1414.6,4.3,2.8,0.183,0.041,8.12
8,2023,1,19,4,2.2,7.85,15.67,1417.2,4.3,2.8,0.166,0.041,8.12
8,2023,1,19,8,2.2,7.83,15.47,1420.2,4.3,3.08,0.161,0.04,8.26
8,2023,1,28,8,1.8,7.82,17.3,1457.2,3.9,3.01,0.055,0.038,8.05
8,2023,1,28,12,2.2,7.84,17.8,1445.7,4.0,3.08,0.048,0.036,7.71
8,2023,1,28,16,2.7,7.9,19.11,1408.3,3.8,3.02,0.042,0.034,7.62
8,2023,1,28,20,2.2,7.84,18.12,1431.9,4.4,3.08,0.041,0.034,7.96
8,2023,1,29,0,2.2,7.82,17.87,1436.1,4.5,3.08,0.041,0.034,7.96
8,2023,1,29,4,2.0,7.82,18.22,1439.3,4.3,2.97,0.044,0.033,8.17
8,2023,1,29,8,2.0,7.8,17.82,1442.1,4.8,3.08,0.047,0.034,8.12
8,2023,1,29,12,2.4,7.83,18.51,1427.8,4.4,3.0,0.049,0.032,7.87
8,2023,1,29,16,2.8,7.88,19.62,1395.9,4.1,2.97,0.034,0.031,7.48
8,2023,1,29,20,2.5,7.82,18.67,1414.9,4.1,3.06,0.041,0.033,8.19
8,2023,1,30,4,2.3,7.8,18.04,1421.0,4.8,2.93,0.038,0.034,7.98
8,2023,1,30,8,2.3,7.76,17.43,1424.5,4.5,2.93,0.049,0.032,8.16
8,2023,1,30,12,2.8,7.81,18.71,1411.3,4.5,2.98,0.033,0.033,7.92
8,2023,1,30,16,3.3,7.88,20.52,1378.0,4.0,2.94,0.028,0.028,7.79
8,2023,1,30,20,2.8,7.81,18.52,1395.5,5.8,2.92,0.038,0.029,7.88
8,2023,1,31,0,2.5,7.8,17.92,1393.5,5.8,2.92,0.038,0.029,7.88
8,2023,1,31,4,2.5,7.79,17.59,1397.2,5.2,2.87,0.042,0.035,8.15
8,2023,1,31,8,2.5,7.76,17.17,1399.0,5.0,2.91,0.042,0.034,8.07
8,2023,1,31,12,3.1,7.81,18.38,1386.0,5.1,2.91,0.025,0.033,7.79
8,2023,1,31,16,3.5,7.89,20.19,1362.1,4.1,2.66,0.027,0.03,7.4
8,2023,1,31,20,3.0,7.82,17.89,1367.7,5.1,2.81,0.04,0.03,7.99
8,2023,2,1,0,2.8,7.81,17.42,1367.8,7.0,2.81,0.04,0.03,7.99
8,2023,2,1,4,2.7,7.8,17.36,1369.1,6.0,2.8,0.041,0.033,8.04
8,2023,2,1,8,2.7,7.77,16.97,1370.8,5.2,2.77,0.04,0.029,7.82
8,2023,2,1,12,3.1,7.81,17.66,1361.2,5.0,2.89,0.034,0.033,7.82
8,2023,2,1,16,3.7,7.88,19.21,1328.4,4.9,2.66,0.026,0.029,7.67
8,2023,2,1,20,3.1,7.82,17.49,1352.3,6.5,2.76,0.028,0.032,7.77
8,2023,2,2,0,2.8,7.84,16.71,1353.5,6.0,2.76,0.028,0.032,7.77
8,2023,2,2,4,2.6,7.88,16.94,1354.4,5.0,2.67,0.033,0.03,7.93
8,2023,2,2,8,2.6,7.85,16.44,1352.8,4.6,2.74,0.03,0.032,7.78
8,2023,2,2,16,3.0,7.92,17.14,1335.1,4.3,3.15,0.029,0.036,7.9
8,2023,2,2,20,2.8,7.87,16.44,1342.0,4.6,2.93,0.028,0.034,7.86
8,2023,2,3,0,2.7,7.85,16.02,1343.6,5.6,2.93,0.028,0.034,7.86
8,2023,2,3,4,2.5,7.87,16.41,1348.0,4.3,2.93,0.026,0.032,7.82
8,2023,2,3,8,2.5,7.86,16.4,1345.1,3.9,2.84,0.033,0.033,7.92
8,2023,2,3,12,2.8,7.87,16.56,1336.6,4.0,2.92,0.026,0.03,7.6
8,2023,2,3,16,3.1,7.87,16.66,1313.0,4.3,2.99,0.037,0.031,7.41
8,2023,2,3,20,2.8,7.83,15.86,1329.8,5.1,3.38,0.055,0.031,7.85
8,2023,2,4,0,2.8,7.84,16.08,1335.5,4.3,3.38,0.055,0.031,7.85
8,2023,2,4,4,2.8,7.85,16.44,1336.3,4.1,2.9,0.043,0.032,7.77
8,2023,2,4,8,2.8,7.85,16.45,1336.6,4.6,2.85,0.048,0.034,7.88
8,2023,2,4,12,3.0,7.88,16.7,1326.8,4.1,2.99,0.044,0.034,7.64
8,2023,2,4,16,3.4,7.89,16.75,1300.3,4.2,2.83,0.04,0.032,7.39
8,2023,2,4,20,3.0,7.85,15.96,1321.6,4.4,2.95,0.043,0.033,7.82
8,2023,2,5,0,3.0,7.87,16.19,1329.3,4.6,2.95,0.043,0.033,7.82
8,2023,2,5,4,3.1,7.89,16.46,1329.4,4.6,3.02,0.045,0.03,7.63
8,2023,2,5,8,3.0,7.88,16.48,1330.8,4.5,3.02,0.035,0.03,7.63
8,2023,2,5,12,3.2,7.89,16.61,1318.1,4.2,2.91,0.043,0.034,7.51
8,2023,2,5,16,3.4,7.9,16.58,1304.0,4.1,2.92,0.034,0.029,7.51
8,2023,2,5,20,3.1,7.85,15.79,1317.7,5.1,3.06,0.037,0.032,7.66
8,2023,2,6,0,3.1,7.86,15.94,1324.4,4.7,3.06,0.037,0.032,7.66
8,2023,2,6,4,3.1,7.86,16.22,1327.6,5.8,2.97,0.034,0.029,7.86
8,2023,2,6,12,3.3,7.86,16.33,1318.5,4.3,3.23,0.041,0.034,7.99
8,2023,2,6,16,3.5,7.87,16.33,1306.3,4.0,3.0,0.039,0.031,7.58
8,2023,2,6,20,3.3,7.82,15.69,1319.1,4.6,3.07,0.039,0.034,7.76
8,2023,2,7,0,3.3,7.85,16.01,1325.2,4.4,3.07,0.039,0.034,7.76
8,2023,2,7,4,3.4,7.85,16.32,1327.3,4.5,2.99,0.035,0.034,7.76
8,2023,2,7,8,3.4,7.83,16.19,1332.0,4.5,2.95,0.036,0.034,7.7
8,2023,2,7,12,3.6,7.85,16.51,1321.6,4.1,2.83,0.036,0.034,7.44
8,2023,2,7,16,3.8,7.86,16.61,1302.4,4.1,2.96,0.033,0.031,7.53
8,2023,2,7,20,3.6,7.83,15.71,1316.1,6.0,2.96,0.03,0.031,7.53
8,2023,2,8,0,3.5,7.84,15.94,1325.2,6.2,2.96,0.03,0.031,7.53
8,2023,2,8,4,3.6,7.86,16.41,1326.9,4.6,3.03,0.027,0.032,7.84
8,2023,2,8,8,3.6,7.85,16.4,1327.2,5.0,2.94,0.028,0.028,7.59
8,2023,2,8,12,3.9,7.87,16.72,1315.1,4.2,2.98,0.025,0.033,7.54
8,2023,2,8,16,4.0,7.88,17.03,1299.5,6.1,3.03,0.025,0.031,7.59
8,2023,2,8,20,3.7,7.85,16.16,1310.9,4.5,3.03,0.025,0.033,7.68
8,2023,2,9,0,3.7,7.86,16.21,1313.5,5.1,3.03,0.025,0.033,7.68
8,2023,2,9,4,3.8,7.87,16.63,1314.3,5.5,3.02,0.025,0.032,7.63
8,2023,2,9,12,4.0,7.86,16.85,1311.6,4.7,2.96,0.025,0.033,7.71
8,2023,2,9,16,3.9,7.85,16.38,1312.0,4.4,2.99,0.025,0.029,7.76
8,2023,2,9,20,3.8,7.82,15.69,1309.7,4.7,3.02,0.025,0.03,7.67
8,2023,2,10,0,3.7,7.8,15.1,1314.6,4.4,3.02,0.025,0.03,7.67
8,2023,2,10,4,3.6,7.78,14.61,1318.7,5.2,3.18,0.03,0.035,7.85
8,2023,2,10,8,3.6,7.77,14.16,1321.6,4.8,3.12,0.044,0.033,7.95
8,2023,2,10,12,3.6,7.75,13.79,1314.4,4.3,3.21,0.056,0.032,7.66
8,2023,2,10,16,3.7,7.75,13.58,1308.3,4.0,3.13,0.055,0.032,7.81
8,2023,2,10,20,3.4,7.7,12.6,1315.2,4.9,3.22,0.077,0.037,7.69
8,2023,2,11,0,3.4,7.7,12.61,1320.2,5.1,3.22,0.077,0.037,7.69
8,2023,2,11,4,3.4,7.74,13.25,1317.5,5.5,3.26,0.096,0.037,7.77
8,2023,2,11,8,3.6,7.74,13.28,1314.0,4.6,3.19,0.097,0.032,7.81
8,2023,2,11,12,3.5,7.73,13.04,1316.6,3.9,3.18,0.094,0.035,7.73
8,2023,2,11,16,3.6,7.73,12.83,1312.5,3.9,3.19,0.089,0.031,7.72
8,2023,2,11,20,3.6,7.7,12.08,1314.1,5.0,3.35,0.087,0.035,7.39
8,2023,2,12,0,3.7,7.68,11.54,1317.7,4.8,3.35,0.087,0.035,7.39
8,2023,2,12,4,3.7,7.68,11.35,1318.5,6.9,3.37,0.08,0.037,7.66
8,2023,2,12,8,3.7,7.68,11.1,1314.4,4.6,3.14,0.087,0.032,7.71
8,2023,2,12,12,3.7,7.66,10.73,1320.9,4.3,3.13,0.074,0.034,7.77
8,2023,2,12,16,3.7,7.57,10.52,1321.2,4.6,3.08,0.09,0.04,7.56
8,2023,2,12,20,3.7,7.58,10.12,1321.8,4.9,3.28,0.096,0.041,7.82
8,2023,2,13,0,3.6,7.58,9.83,1317.1,5.6,3.28,0.096,0.041,7.82
8,2023,2,13,4,3.6,7.58,9.7,1313.2,5.0,3.16,0.118,0.038,7.83
8,2023,2,13,8,3.7,7.56,9.17,1315.4,4.3,2.98,0.117,0.038,7.79
8,2023,2,13,12,3.9,7.62,10.36,1299.3,4.8,3.25,0.13,0.043,7.71
8,2023,2,13,20,3.9,7.63,10.38,1287.7,5.0,3.39,0.141,0.044,7.84
8,2023,2,14,0,3.8,7.62,10.22,1294.1,5.8,3.39,0.141,0.044,7.84
8,2023,2,14,4,4.0,7.67,11.31,1295.3,4.9,3.14,0.144,0.039,7.92
8,2023,2,14,8,4.0,7.68,11.81,1300.2,5.0,3.12,0.143,0.039,7.9
8,2023,2,14,12,4.2,7.7,12.3,1300.9,4.8,3.29,0.138,0.041,7.49
8,2023,2,14,16,4.3,7.71,12.32,1298.1,4.2,3.28,0.129,0.041,7.4
8,2023,2,14,20,4.0,7.68,11.65,1315.1,5.5,3.34,0.125,0.04,7.66
8,2023,2,15,0,3.9,7.69,11.61,1324.2,6.4,3.34,0.125,0.04,7.66
8,2023,2,15,4,4.0,7.71,12.21,1332.2,5.4,3.44,0.107,0.04,7.48
8,2023,2,15,8,4.1,7.72,12.65,1337.0,4.7,3.25,0.102,0.038,7.41
8,2023,2,15,12,4.3,7.75,13.35,1336.2,4.6,3.27,0.092,0.041,7.22
8,2023,2,15,16,4.5,7.77,13.6,1324.9,4.3,3.23,0.085,0.04,7.24
8,2023,2,15,20,4.2,7.75,13.04,1338.5,6.9,3.39,0.083,0.04,7.1
8,2023,2,16,0,4.0,7.76,13.14,1343.1,4.4,3.39,0.083,0.04,7.1
8,2023,2,16,4,4.2,7.8,13.81,1344.3,5.2,3.29,0.069,0.041,7.07
8,2023,2,16,8,4.2,7.82,14.4,1346.3,5.9,3.24,0.064,0.038,7.07
8,2023,2,16,12,4.4,7.84,14.8,1334.6,4.6,3.18,0.057,0.041,6.77
8,2023,2,16,16,4.5,7.86,14.96,1321.0,4.0,3.28,0.055,0.039,6.62
8,2023,2,16,20,4.2,7.84,14.49,1330.9,4.5,3.36,0.057,0.038,6.94
8,2023,2,17,0,4.2,7.84,14.55,1335.9,4.7,3.36,0.057,0.038,6.94
8,2023,2,17,4,4.3,7.85,15.18,1333.8,5.2,3.24,0.047,0.04,6.94
8,2023,2,17,8,4.4,7.86,15.38,1332.7,5.1,3.23,0.049,0.04,7.14
8,2023,2,17,12,4.6,7.86,15.49,1319.6,5.6,3.26,0.048,0.041,6.7
8,2023,2,17,16,4.6,7.86,15.32,1315.5,5.7,3.27,0.046,0.039,6.69
8,2023,2,17,20,4.3,7.83,14.66,1321.1,5.5,3.26,0.046,0.043,6.89
8,2023,2,18,0,4.3,7.83,14.49,1319.4,7.9,3.26,0.046,0.043,6.89
8,2023,2,18,4,4.4,7.83,14.92,1321.6,6.0,3.4,0.042,0.037,7.08
8,2023,2,18,8,4.3,7.83,15.06,1319.9,5.7,3.25,0.047,0.038,7.03
8,2023,2,18,12,4.5,7.83,14.89,1312.9,5.6,3.33,0.045,0.041,6.96
8,2023,2,18,16,4.5,7.83,14.63,1306.1,5.4,3.27,0.049,0.038,6.97
8,2023,2,18,20,4.3,7.8,14.0,1306.9,6.4,3.29,0.055,0.041,7.24
8,2023,2,19,0,4.3,7.78,13.66,1305.0,7.7,3.29,0.055,0.041,7.24
8,2023,2,19,4,4.3,7.74,12.83,1304.4,5.7,3.16,0.062,0.039,7.35
8,2023,2,19,8,4.2,7.72,12.38,1304.7,5.3,3.18,0.069,0.04,7.22
8,2023,2,19,12,4.4,7.8,13.4,1291.0,5.2,3.25,0.074,0.042,7.18
8,2023,2,19,16,4.8,7.82,13.83,1262.2,4.6,3.01,0.071,0.038,6.73
8,2023,2,19,20,4.3,7.82,13.19,1274.5,5.1,3.25,0.087,0.039,7.45
8,2023,2,20,0,4.3,7.82,13.23,1274.0,6.1,3.25,0.087,0.039,7.45
8,2023,2,20,4,4.4,7.83,13.63,1277.9,5.6,3.13,0.086,0.035,7.29
8,2023,2,20,8,4.6,7.82,13.83,1281.3,6.7,3.07,0.086,0.035,7.29
8,2023,2,20,12,4.8,7.84,14.4,1286.7,8.5,3.21,0.081,0.039,7.32
8,2023,2,20,16,5.0,7.84,14.26,1273.0,6.5,3.21,0.073,0.039,7.32
8,2023,2,20,20,4.6,7.78,13.68,1300.6,8.2,3.28,0.076,0.038,7.13
8,2023,2,21,0,4.6,7.79,13.94,1308.9,4.6,3.35,0.076,0.039,7.06
8,2023,2,21,4,4.9,7.81,14.38,1314.1,5.3,3.35,0.063,0.039,7.06
8,2023,2,21,8,5.0,7.8,14.34,1322.4,5.7,3.26,0.06,0.034,7.35
8,2023,2,21,12,5.2,7.83,14.96,1317.9,8.4,2.96,0.049,0.04,7.05
8,2023,2,21,16,5.2,7.84,15.05,1315.1,7.7,3.46,0.047,0.04,6.95
8,2023,2,21,20,5.0,7.8,14.3,1327.3,8.9,3.25,0.044,0.039,6.97
8,2023,2,22,0,4.8,7.8,14.2,1332.1,6.7,3.34,0.044,0.039,6.97
8,2023,2,22,4,4.9,7.83,14.64,1335.5,5.2,3.34,0.041,0.037,7.1
8,2023,2,22,8,4.9,7.83,14.86,1337.1,5.9,3.28,0.039,0.035,6.95
8,2023,2,22,12,5.2,7.84,15.18,1329.5,9.7,3.34,0.032,0.039,6.65
8,2023,2,22,16,5.5,7.86,15.31,1314.4,7.6,3.3,0.028,0.038,6.74
8,2023,2,22,20,5.1,7.84,15.03,1328.0,8.9,3.15,0.028,0.038,6.84
8,2023,2,23,0,5.0,7.84,15.06,1331.1,8.2,3.16,0.028,0.038,6.84
8,2023,2,23,4,5.0,7.86,15.57,1331.2,6.6,3.16,0.025,0.038,6.85
8,2023,2,23,8,5.2,7.88,15.97,1331.5,6.1,3.51,0.025,0.037,7.03
8,2023,2,23,12,5.5,7.88,15.98,1320.2,8.0,3.26,0.025,0.04,6.67
8,2023,2,23,16,5.8,7.87,15.9,1310.1,9.8,3.2,0.025,0.036,6.65
8,2023,2,23,20,5.5,7.85,15.4,1317.3,7.7,2.81,0.025,0.036,6.87
8,2023,2,24,0,5.4,7.86,15.57,1322.9,5.9,3.22,0.025,0.036,6.87
8,2023,2,24,4,5.5,7.88,16.2,1319.7,11.1,3.22,0.025,0.076,6.58
8,2023,2,24,8,5.6,7.86,15.84,1319.4,11.1,3.02,0.025,0.039,6.94
8,2023,2,24,12,5.9,7.85,15.96,1313.9,6.9,2.78,0.025,0.041,6.74
8,2023,2,24,16,6.5,7.83,15.62,1294.8,10.6,3.41,0.05,0.049,6.71
8,2023,2,24,20,6.1,7.81,15.02,1310.2,9.0,3.27,0.055,0.04,6.95
8,2023,2,25,0,6.0,7.81,14.94,1313.8,42.1,3.29,0.055,0.04,6.95
8,2023,2,25,4,6.1,7.82,15.21,1314.8,7.9,3.29,0.053,0.04,7.13
8,2023,2,25,8,6.2,7.83,15.16,1313.0,7.8,3.25,0.055,0.042,7.23
8,2023,2,25,12,6.5,7.8,15.12,1307.4,10.7,3.01,0.04,0.043,6.96
8,2023,2,25,16,6.9,7.82,15.01,1285.7,25.9,3.29,0.028,0.046,6.74
8,2023,2,25,20,6.4,7.81,14.8,1295.9,10.0,3.41,0.028,0.043,7.04
8,2023,2,26,0,6.3,7.79,14.38,1300.2,8.4,3.14,0.028,0.043,7.04
8,2023,2,26,4,6.3,7.76,13.74,1304.4,9.5,3.14,0.025,0.04,7.1
8,2023,2,26,8,6.3,7.69,12.36,1306.5,9.1,3.22,0.025,0.036,6.97
8,2023,2,26,12,6.8,7.78,14.39,1288.6,36.4,3.11,0.025,0.069,6.77
8,2023,2,26,16,6.9,7.79,14.78,1274.3,18.4,3.3,0.025,0.045,6.73
8,2023,2,26,20,6.6,7.81,14.72,1267.0,9.7,3.13,0.025,0.04,7.11
8,2023,2,27,0,6.5,7.78,14.31,1271.0,9.8,2.76,0.025,0.04,7.11
8,2023,2,27,4,6.5,7.74,13.44,1269.8,11.7,2.76,0.025,0.039,7.3
8,2023,2,27,8,6.5,7.73,13.3,1270.7,9.2,3.05,0.025,0.035,7.28
8,2023,2,27,12,7.0,7.8,14.66,1262.8,10.2,3.21,0.025,0.04,6.83
8,2023,2,27,20,7.0,7.8,14.22,1273.7,26.6,3.19,0.025,0.042,6.92
8,2023,2,28,0,7.0,7.83,14.55,1281.8,9.1,3.19,0.025,0.042,6.92
8,2023,2,28,4,7.0,7.84,14.89,1289.3,12.7,3.38,0.025,0.039,6.65
8,2023,2,28,12,7.5,7.8,14.37,1291.7,11.6,3.42,0.025,0.044,6.58
8,2023,2,28,16,7.9,7.81,14.42,1288.1,18.2,3.39,0.025,0.044,6.45
8,2023,2,28,20,7.5,7.85,14.37,1295.4,12.2,3.41,0.025,0.041,6.47
8,2023,3,1,0,7.5,7.85,14.44,1301.0,13.1,3.41,0.025,0.041,6.47
8,2023,3,1,4,7.4,7.85,14.02,1303.7,12.6,3.31,0.025,0.039,6.41
8,2023,3,1,8,7.5,7.83,13.36,1309.0,12.8,3.38,0.025,0.037,6.43
8,2023,3,1,16,7.9,7.89,14.07,1295.8,10.1,3.5,0.025,0.041,6.35
8,2023,3,1,20,7.5,7.93,13.28,1293.4,13.0,3.53,0.025,0.04,6.24
8,2023,3,2,0,7.2,7.94,12.82,1303.4,10.1,3.53,0.025,0.04,6.24
8,2023,3,2,4,7.3,7.94,12.82,1312.0,21.9,3.49,0.025,0.053,6.08
8,2023,3,2,8,7.1,7.95,12.6,1313.1,9.8,3.54,0.025,0.038,6.22
8,2023,3,2,12,7.5,7.94,13.03,1314.6,8.5,3.46,0.025,0.044,6.29
8,2023,3,2,16,8.2,7.96,13.36,1296.5,10.2,3.38,0.025,0.037,5.93
8,2023,3,2,20,8.0,7.93,12.66,1308.0,12.0,3.62,0.025,0.039,6.13
8,2023,3,3,0,8.2,7.95,12.49,1314.2,21.4,3.62,0.025,0.039,6.13
8,2023,3,3,4,7.9,7.96,12.53,1317.7,11.6,3.42,0.025,0.036,6.23
8,2023,3,3,8,7.7,7.93,12.22,1317.1,10.5,3.49,0.025,0.037,6.26
8,2023,3,3,12,9.1,7.98,12.18,1248.4,10.9,3.37,0.025,0.041,6.2
8,2023,3,3,16,9.3,7.93,13.25,1249.4,11.5,3.13,0.025,0.038,5.89
8,2023,3,4,16,9.5,7.81,12.14,1296.5,32.5,4.09,0.025,0.047,5.71
8,2023,3,4,20,9.5,7.79,11.84,1308.3,26.1,3.91,0.025,0.047,6.02
8,2023,3,4,20,9.5,7.79,11.84,1308.3,26.1,3.91,0.025,0.047,6.02
8,2023,3,10,20,12.6,7.84,11.3,1384.7,14.7,4.51,0.025,0.045,5.8
8,2023,3,11,0,12.3,7.82,10.37,1388.5,15.1,4.51,0.025,0.045,5.8
8,2023,3,11,4,11.9,7.79,9.6,1386.2,13.9,4.44,0.025,0.044,5.36
8,2023,3,11,8,11.8,7.76,9.28,1388.3,13.2,4.48,0.025,0.048,5.52
8,2023,3,11,12,12.1,7.8,10.05,1387.9,12.2,4.52,0.025,0.049,5.36
8,2023,3,11,16,12.4,7.92,10.93,1389.6,16.3,4.76,0.025,0.052,5.35
8,2023,3,11,20,11.9,7.89,10.44,1392.0,16.0,4.93,0.025,0.052,5.44
8,2023,3,12,0,11.2,7.88,10.02,1397.1,30.6,4.93,0.025,0.052,5.44
8,2023,3,12,4,10.2,7.86,9.1,1409.0,21.2,4.49,0.025,0.054,5.35
8,2023,3,12,8,9.8,7.89,9.08,1415.2,18.5,4.35,0.025,0.052,5.54
8,2023,3,12,12,11.1,7.96,10.31,1416.8,14.6,4.43,0.025,0.047,5.34
8,2023,3,12,16,12.3,8.05,11.31,1392.6,17.4,4.65,0.025,0.05,5.04
8,2023,3,12,20,11.0,8.02,10.84,1401.0,16.5,4.69,0.025,0.055,5.4
8,2023,3,13,0,10.5,7.99,10.44,1409.0,16.3,4.69,0.025,0.055,5.4
8,2023,3,13,4,9.9,7.94,9.53,1418.3,15.9,4.32,0.025,0.049,5.0
8,2023,3,13,8,9.7,7.9,9.07,1427.5,14.1,4.24,0.028,0.048,5.41
8,2023,3,13,12,10.6,7.89,9.2,1435.1,12.5,4.13,0.03,0.04,5.03
8,2023,3,13,16,11.0,7.98,10.68,1412.2,13.3,4.46,0.025,0.045,4.87
8,2023,3,13,20,10.8,7.94,10.31,1416.6,13.4,4.54,0.025,0.048,5.12
8,2023,3,14,0,10.2,7.89,9.5,1429.5,12.3,4.54,0.025,0.048,5.12
8,2023,3,14,4,9.8,7.88,9.41,1435.9,11.4,4.08,0.027,0.046,5.11
8,2023,3,14,8,9.6,7.87,9.54,1442.4,11.2,4.23,0.026,0.048,5.41
8,2023,3,14,12,10.4,7.88,9.89,1432.5,12.8,4.26,0.025,0.045,5.12
8,2023,3,14,16,11.3,7.92,10.36,1412.9,18.7,4.42,0.025,0.049,4.86
8,2023,3,14,20,10.5,7.97,10.1,1421.1,20.9,4.37,0.025,0.048,5.25
8,2023,3,15,0,9.9,7.97,9.98,1428.7,17.1,4.37,0.025,0.048,5.25
8,2023,3,15,4,9.5,7.97,9.7,1434.6,16.0,4.31,0.025,0.051,4.98
8,2023,3,15,8,9.1,7.96,9.66,1438.9,16.1,4.58,0.025,0.051,5.05
8,2023,3,15,12,10.6,7.99,10.58,1446.1,11.6,3.94,0.025,0.046,5.15
8,2023,3,15,16,12.0,8.03,11.81,1417.3,11.9,4.27,0.025,0.045,4.6
8,2023,3,15,20,10.5,7.97,10.63,1428.7,12.3,4.1,0.025,0.041,5.22
8,2023,3,16,0,9.6,8.0,10.08,1452.3,12.7,4.1,0.025,0.041,5.22
8,2023,3,16,4,9.1,8.01,9.98,1460.0,13.4,4.1,0.025,0.052,4.53
8,2023,3,16,8,8.9,8.01,10.11,1466.2,12.6,4.1,0.025,0.048,4.75
8,2023,3,16,12,10.1,8.05,11.09,1458.6,10.6,4.08,0.025,0.047,4.62
8,2023,3,16,20,10.1,8.08,11.24,1452.0,12.9,4.29,0.025,0.048,4.79
8,2023,3,17,0,9.5,8.01,10.48,1459.5,17.3,4.29,0.025,0.048,4.79
8,2023,3,17,4,8.9,7.98,9.96,1467.1,15.2,4.13,0.025,0.054,4.68
8,2023,3,17,8,8.8,8.0,10.32,1471.2,12.1,4.08,0.025,0.051,4.68
8,2023,3,17,12,9.2,8.0,10.98,1469.4,10.8,3.99,0.025,0.049,4.86
8,2023,3,17,16,10.6,8.03,11.81,1454.6,10.8,4.24,0.025,0.047,4.71
8,2023,3,17,20,9.8,7.98,11.15,1459.9,10.3,4.01,0.025,0.044,4.89
8,2023,3,18,0,9.2,7.91,10.13,1466.5,15.3,4.01,0.025,0.044,4.89
8,2023,3,18,4,8.7,7.9,10.15,1476.4,13.1,4.09,0.025,0.048,4.75
8,2023,3,18,8,8.6,7.89,10.37,1482.6,11.7,3.97,0.025,0.049,5.13
8,2023,3,18,12,10.1,7.93,11.62,1473.4,9.1,3.84,0.027,0.046,4.77
8,2023,3,18,16,13.0,7.96,11.88,1462.3,9.5,3.88,0.025,0.039,5.16
8,2023,3,18,20,11.8,7.94,11.39,1467.1,9.1,3.92,0.025,0.04,4.96
8,2023,3,19,0,10.9,7.91,11.21,1480.0,9.8,3.92,0.025,0.04,4.96
8,2023,3,19,4,10.2,7.89,11.19,1487.8,11.7,3.75,0.025,0.043,4.91
8,2023,3,19,8,9.8,7.88,11.07,1492.7,9.6,3.84,0.025,0.042,5.0
8,2023,3,19,16,11.7,8.0,12.78,1470.1,10.9,3.81,0.025,0.042,4.85
8,2023,3,19,20,11.1,7.94,11.93,1477.4,10.1,3.81,0.025,0.043,5.23
8,2023,3,20,0,10.7,7.9,11.27,1482.9,10.4,3.81,0.025,0.043,5.23
8,2023,3,20,4,10.6,7.87,11.01,1489.1,10.7,3.78,0.025,0.044,4.77
8,2023,3,20,8,10.5,7.87,11.02,1497.8,10.6,3.8,0.025,0.04,5.05
8,2023,3,20,12,11.1,7.92,12.35,1493.2,9.8,3.96,0.025,0.041,4.98
8,2023,3,20,16,12.8,7.87,13.26,1479.6,10.0,3.91,0.025,0.041,4.98
8,2023,3,20,20,12.3,7.85,12.45,1488.3,9.2,4.02,0.025,0.038,5.24
8,2023,3,21,0,11.7,7.83,11.86,1500.6,10.8,4.02,0.025,0.038,5.24
8,2023,3,21,4,11.4,7.79,11.55,1503.5,11.5,3.86,0.025,0.041,5.18
8,2023,3,21,8,11.3,7.79,11.58,1506.4,11.1,3.94,0.025,0.041,5.42
8,2023,3,21,12,12.7,7.87,12.81,1498.4,10.3,4.05,0.025,0.041,5.22
8,2023,3,21,16,13.6,7.95,13.27,1487.4,10.8,4.15,0.025,0.041,5.23
8,2023,3,21,20,13.4,7.89,12.58,1489.4,12.6,4.04,0.025,0.041,5.16
8,2023,3,22,0,13.2,7.91,12.24,1490.8,13.1,4.04,0.025,0.041,5.16
8,2023,3,22,4,13.0,7.85,11.45,1495.1,16.4,4.02,0.025,0.041,5.27
8,2023,3,22,8,12.0,7.73,10.18,1491.0,13.5,3.84,0.025,0.044,4.85
8,2023,3,22,12,12.0,7.81,10.64,1491.3,14.2,4.12,0.025,0.044,4.88
8,2023,3,22,16,12.6,7.92,11.95,1482.2,14.6,4.15,0.025,0.038,4.84
8,2023,3,22,20,12.2,7.93,11.37,1487.6,16.1,4.23,0.025,0.04,4.82
8,2023,3,23,0,11.9,7.88,10.94,1494.5,13.4,4.23,0.025,0.04,4.82
8,2023,3,23,4,11.5,7.82,10.0,1499.2,12.4,4.14,0.025,0.042,4.93
8,2023,3,23,8,11.3,7.84,10.23,1504.2,12.8,4.19,0.025,0.046,5.13
8,2023,3,23,12,11.7,7.87,10.66,1497.8,14.9,4.34,0.025,0.041,4.88
8,2023,3,23,16,12.3,7.99,12.27,1491.8,15.0,4.56,0.025,0.045,4.58
8,2023,3,23,20,11.9,7.97,11.53,1499.2,15.7,4.35,0.025,0.043,4.99
8,2023,3,24,0,11.4,7.96,10.56,1504.7,13.2,4.35,0.025,0.043,4.99
8,2023,3,24,4,10.9,7.95,10.41,1505.6,16.2,4.06,0.025,0.045,4.98
8,2023,3,24,8,10.6,7.98,10.64,1505.4,12.0,4.02,0.025,0.041,5.07
8,2023,3,24,12,11.8,8.04,12.22,1501.3,10.0,4.12,0.025,0.041,4.85
8,2023,3,24,16,13.0,8.12,13.04,1482.5,11.3,4.37,0.025,0.04,4.71
8,2023,3,24,20,12.0,8.08,12.44,1488.0,11.7,4.12,0.025,0.037,5.02
8,2023,3,25,0,11.3,7.98,10.97,1492.9,11.7,4.12,0.025,0.037,5.02
8,2023,3,25,4,11.1,7.98,11.0,1496.5,11.4,4.13,0.025,0.037,5.02
8,2023,3,25,8,11.0,7.96,11.08,1496.8,10.6,4.28,0.025,0.042,5.22
8,2023,3,25,12,11.6,7.99,12.01,1494.4,11.2,4.25,0.025,0.038,4.78
8,2023,3,25,16,13.5,8.05,13.12,1482.2,9.6,4.01,0.025,0.036,4.54
8,2023,3,25,20,12.8,8.05,12.68,1490.6,8.8,4.1,0.025,0.035,5.12
8,2023,3,26,0,12.0,7.95,11.62,1504.4,11.8,4.1,0.025,0.035,5.12
8,2023,3,26,4,11.4,7.92,11.04,1519.4,12.1,4.12,0.025,0.039,4.7
8,2023,3,26,8,11.2,7.94,11.54,1531.2,11.7,4.23,0.025,0.038,4.92
8,2023,3,26,12,12.7,8.01,12.94,1531.9,11.0,4.23,0.025,0.043,4.89
8,2023,3,26,16,14.2,8.09,13.39,1517.0,10.1,4.38,0.025,0.042,4.64
8,2023,3,26,20,13.7,8.1,13.18,1521.3,10.4,4.54,0.025,0.042,5.02
8,2023,3,27,0,13.1,8.03,12.3,1524.4,16.5,4.54,0.025,0.042,5.02
8,2023,3,27,4,12.2,7.94,11.47,1532.1,19.1,4.39,0.025,0.044,4.75
8,2023,3,27,8,11.9,7.93,11.57,1539.0,13.0,4.34,0.025,0.041,4.82
8,2023,3,27,12,12.6,7.97,12.49,1526.9,17.6,4.34,0.025,0.045,4.71
8,2023,3,27,16,15.1,8.09,13.89,1526.3,11.6,4.33,0.025,0.042,4.73
8,2023,3,27,20,14.2,8.07,13.21,1521.0,11.6,4.62,0.025,0.043,4.92
8,2023,3,28,0,13.3,8.04,12.64,1526.8,15.3,4.62,0.025,0.043,4.92
8,2023,3,28,4,12.8,7.99,12.04,1531.8,12.1,4.09,0.025,0.038,5.08
8,2023,3,28,8,12.7,7.96,12.0,1536.8,13.8,4.25,0.025,0.038,4.99
8,2023,3,28,12,13.8,8.02,13.85,1533.1,12.7,3.59,0.025,0.038,4.64
8,2023,3,28,16,16.0,8.12,14.53,1531.8,12.8,3.59,0.025,0.091,5.45
8,2023,3,28,20,15.6,8.0,12.99,1530.2,9.3,3.55,0.025,0.038,4.73
8,2023,3,29,0,14.9,7.97,12.35,1532.7,15.2,3.55,0.025,0.038,4.73
8,2023,3,29,4,14.2,7.88,11.04,1533.6,12.9,3.41,0.025,0.038,4.87
8,2023,3,29,8,13.9,7.93,12.14,1532.4,13.1,3.43,0.025,0.039,4.84
8,2023,3,29,16,18.0,8.13,14.91,1526.6,9.8,3.44,0.025,0.036,4.7
8,2023,3,29,20,17.2,8.06,13.29,1521.9,10.0,3.56,0.025,0.036,4.78
8,2023,3,29,20,17.2,8.06,13.29,1521.9,10.0,3.71,0.025,0.039,4.86
8,2023,3,30,0,16.5,8.05,13.0,1523.4,16.0,3.71,0.025,0.039,4.86
8,2023,3,30,8,15.4,7.95,12.27,1517.4,14.5,3.46,0.025,0.038,4.9
8,2023,3,30,8,15.4,7.95,12.27,1517.4,14.5,3.65,0.025,0.039,4.87
8,2023,3,30,8,15.4,7.95,12.27,1517.4,14.5,3.65,0.025,0.039,4.87
8,2023,3,30,20,17.9,8.12,13.54,1491.3,13.5,3.65,0.025,0.039,4.87
8,2023,3,31,0,17.0,8.16,13.81,1496.6,14.3,12.85,0.025,0.039,4.64
8,2023,3,31,4,16.5,8.07,12.66,1503.4,13.0,12.85,0.025,0.039,4.64
8,2023,3,31,8,16.0,7.99,12.2,1506.6,14.1,3.73,0.025,0.038,4.7
8,2023,3,31,12,17.4,8.14,14.09,1505.9,20.5,3.79,0.025,0.04,4.91
8,2023,3,31,16,18.2,8.26,15.09,1494.4,18.1,4.17,0.025,0.046,5.06
8,2023,3,31,20,17.7,8.25,14.93,1495.2,18.0,4.46,0.025,0.045,4.89
8,2023,4,1,0,17.1,8.22,14.33,1494.9,16.3,4.44,0.025,0.044,4.9
8,2023,4,1,4,16.5,8.11,12.46,1502.2,15.1,4.44,0.025,0.044,4.9
8,2023,4,1,8,16.1,8.04,11.97,1515.8,15.3,3.86,0.025,0.041,4.78
8,2023,4,1,12,17.5,8.16,14.49,1512.9,16.0,3.86,0.025,0.044,4.9
8,2023,4,1,16,18.6,8.31,15.6,1500.2,16.2,4.31,0.025,0.047,4.94
8,2023,4,1,20,18.2,8.2,13.77,1499.8,14.5,4.69,0.025,0.047,4.75
8,2023,4,2,0,17.7,8.16,13.28,1501.6,18.7,4.37,0.025,0.042,4.66
8,2023,4,2,4,17.3,8.09,12.05,1508.8,14.2,4.37,0.025,0.042,4.66
8,2023,4,2,8,17.0,8.01,11.24,1515.3,14.2,3.92,0.025,0.04,4.91
8,2023,4,2,12,17.5,8.09,12.48,1531.4,14.3,3.91,0.025,0.04,4.77
8,2023,4,2,16,17.6,8.18,13.99,1511.0,16.2,4.13,0.025,0.042,4.69
8,2023,4,2,20,17.4,8.04,11.95,1510.0,16.0,4.42,0.025,0.043,4.63
8,2023,4,3,0,17.0,7.93,10.36,1518.1,18.9,4.01,0.025,0.04,4.68
8,2023,4,3,4,16.5,7.86,9.36,1522.8,21.0,4.01,0.025,0.04,4.68
8,2023,4,3,8,16.1,7.8,8.53,1525.2,24.9,3.86,0.025,0.045,4.52
8,2023,4,3,12,16.2,7.72,7.31,1528.4,31.1,3.99,0.025,0.045,4.37
8,2023,4,3,16,16.3,7.7,7.25,1522.0,24.4,3.98,0.025,0.05,4.51
8,2023,4,3,20,16.1,7.79,8.63,1520.9,23.8,4.38,0.025,0.052,4.16
8,2023,4,4,0,15.8,7.72,7.32,1525.6,24.1,4.01,0.025,0.052,4.44
8,2023,4,4,4,15.5,7.72,7.3,1524.0,28.5,4.01,0.025,0.052,4.44
8,2023,4,4,8,15.2,7.73,7.33,1522.8,26.3,3.61,0.033,0.045,4.44
8,2023,4,4,12,15.0,7.76,7.84,1517.8,23.6,3.78,0.046,0.043,4.06
8,2023,4,4,16,14.6,7.62,6.71,1517.8,19.0,3.89,0.054,0.05,4.36
8,2023,4,4,20,14.4,7.62,6.55,1521.5,20.9,3.84,0.048,0.05,4.59
8,2023,4,5,0,14.2,7.6,5.94,1525.2,23.6,3.67,0.045,0.05,4.08
8,2023,4,5,4,14.0,7.69,7.12,1516.8,26.6,3.67,0.045,0.05,4.08
8,2023,4,5,8,13.8,7.69,7.02,1513.7,24.1,3.59,0.061,0.052,4.5
8,2023,4,5,12,14.2,7.75,8.32,1506.7,16.8,3.69,0.072,0.052,4.24
8,2023,4,5,16,15.2,7.88,10.96,1486.0,12.8,3.58,0.07,0.047,4.85
8,2023,4,5,20,15.6,7.8,9.61,1485.4,17.7,3.57,0.062,0.043,4.27
8,2023,4,6,0,14.8,7.74,8.2,1485.6,13.2,3.62,0.06,0.046,4.42
8,2023,4,6,4,14.2,7.74,7.86,1480.2,14.7,3.62,0.06,0.046,4.42
8,2023,4,6,8,13.8,7.74,7.75,1478.8,15.0,3.57,0.067,0.046,4.8
8,2023,4,6,12,14.3,7.7,7.08,1482.1,19.5,3.69,0.062,0.045,4.74
8,2023,4,6,16,15.6,7.88,10.01,1464.4,17.2,3.52,0.092,0.048,4.44
8,2023,4,7,0,13.8,7.88,9.12,1480.4,20.4,3.77,0.037,0.044,4.61
8,2023,4,7,4,13.3,7.86,8.88,1483.1,21.5,3.77,0.037,0.044,4.61
8,2023,4,7,8,13.1,7.87,9.11,1489.6,23.5,3.7,0.033,0.051,4.85
8,2023,4,7,12,14.9,7.97,10.78,1499.2,19.6,3.83,0.037,0.053,4.64
8,2023,4,7,16,16.0,8.07,12.31,1477.0,19.8,3.72,0.025,0.047,4.53
8,2023,4,7,20,14.7,7.99,10.45,1481.9,21.1,3.82,0.025,0.049,4.26
8,2023,4,8,0,13.8,7.95,9.86,1497.9,19.1,3.79,0.025,0.047,4.28
8,2023,4,8,4,13.3,7.92,9.23,1508.2,24.5,3.79,0.025,0.047,4.28
8,2023,4,8,8,13.2,7.93,9.49,1516.2,27.9,11.78,0.025,0.052,4.58
8,2023,4,8,12,15.5,8.07,11.27,1524.5,22.4,3.87,0.025,0.048,4.39
8,2023,4,8,16,16.9,8.17,12.78,1495.0,20.7,3.82,0.025,0.046,4.15
8,2023,4,8,20,16.2,8.11,11.01,1491.0,17.9,3.81,0.025,0.044,4.29
8,2023,4,9,0,15.5,8.06,10.33,1498.3,16.7,3.87,0.025,0.044,4.29
8,2023,4,9,4,14.9,7.98,9.93,1508.6,17.0,3.87,0.025,0.044,4.23
8,2023,4,9,8,14.7,8.02,10.7,1523.9,18.3,3.74,0.025,0.046,4.35
8,2023,4,9,12,16.0,8.11,13.33,1523.2,11.5,3.8,0.025,0.039,4.19
8,2023,4,9,16,18.0,8.28,14.33,1521.1,15.1,3.63,0.025,0.042,4.57
8,2023,4,9,20,17.7,8.2,12.72,1519.0,14.8,3.85,0.025,0.041,4.39
8,2023,4,10,0,17.0,8.1,12.43,1518.9,14.3,3.98,0.025,0.041,4.39
8,2023,4,10,4,16.4,7.95,10.6,1514.0,16.7,3.98,0.025,0.039,4.43
8,2023,4,10,8,16.1,7.96,10.62,1527.2,19.8,3.81,0.025,0.042,4.48
8,2023,4,10,12,17.8,8.23,13.75,1530.8,20.4,3.78,0.025,0.043,4.56
8,2023,4,10,16,19.0,8.32,14.64,1521.6,21.1,4.06,0.025,0.041,4.35
8,2023,4,10,20,18.7,8.26,12.92,1521.8,22.5,3.99,0.025,0.039,4.61
8,2023,4,11,0,17.6,8.16,12.54,1515.9,26.3,4.12,0.025,0.039,4.61
8,2023,4,11,4,16.5,8.0,10.87,1521.1,26.6,4.12,0.025,0.04,4.72
8,2023,4,11,8,15.9,7.94,10.16,1522.5,29.0,3.82,0.025,0.042,4.38
8,2023,4,11,12,16.0,7.93,10.26,1519.6,30.9,4.02,0.025,0.043,4.38
8,2023,4,11,16,17.3,8.22,13.49,1514.2,34.9,3.81,0.025,0.042,4.3
8,2023,4,11,20,16.9,8.11,12.44,1508.7,37.3,4.07,0.025,0.042,4.29
8,2023,4,12,0,16.0,8.06,12.07,1515.4,39.5,4.01,0.025,0.042,4.3
8,2023,4,12,4,15.3,7.97,10.8,1516.9,41.8,4.01,0.025,0.038,4.3
8,2023,4,12,8,15.0,7.96,10.22,1514.9,50.4,3.77,0.025,0.043,4.5
8,2023,4,12,12,16.5,8.07,12.07,1522.4,46.1,3.86,0.025,0.04,4.49
8,2023,4,12,16,18.0,7.81,12.47,1536.6,12.7,3.7,0.025,0.058,4.33
8,2023,4,12,20,17.4,8.03,11.97,1514.9,15.0,4.23,0.025,0.058,4.62
8,2023,4,13,0,16.9,8.0,11.32,1512.8,12.8,4.02,0.025,0.046,4.44
8,2023,4,13,4,16.3,7.89,10.37,1506.7,12.3,3.78,0.025,0.043,4.57
8,2023,4,13,8,16.0,7.91,10.74,1514.6,13.9,3.8,0.025,0.041,4.54
8,2023,4,13,12,16.7,7.99,12.25,1496.6,12.6,3.89,0.025,0.043,4.82
8,2023,4,13,12,16.7,7.99,12.25,1496.6,12.6,3.89,0.025,0.043,4.82
8,2023,4,13,20,18.0,7.95,12.58,1491.7,10.0,3.89,0.025,0.043,4.82
8,2023,4,14,0,17.5,7.83,11.33,1496.6,9.8,3.87,0.025,0.037,4.63
8,2023,4,14,4,17.0,7.76,10.09,1501.0,8.7,3.87,0.025,0.035,4.63
8,2023,4,14,8,16.7,7.75,9.68,1503.9,11.3,3.86,0.025,0.038,4.82
8,2023,4,14,12,17.1,7.78,10.47,1495.3,17.5,4.01,0.025,0.042,4.46
8,2023,4,16,0,16.7,7.81,12.19,1482.9,11.4,4.2,0.025,0.04,4.7
8,2023,4,16,4,16.0,7.7,10.12,1489.0,15.0,3.9,0.025,0.041,4.71
8,2023,4,16,8,15.7,7.69,9.58,1498.1,17.1,4.03,0.025,0.043,4.48
8,2023,4,16,12,17.9,7.88,12.32,1497.1,14.1,4.11,0.025,0.039,4.69
8,2023,4,16,16,18.8,7.96,12.36,1493.6,13.9,3.92,0.025,0.04,4.53
8,2023,4,16,20,18.4,7.91,11.41,1488.3,11.9,3.96,0.025,0.038,4.64
8,2023,4,17,0,17.6,7.85,10.78,1497.5,9.8,4.05,0.025,0.038,4.64
8,2023,4,17,8,16.6,7.69,9.73,1495.1,11.9,3.8,0.025,0.036,4.43
8,2023,4,17,12,17.3,7.77,11.3,1481.9,13.6,3.88,0.025,0.037,4.45
8,2023,4,17,16,18.1,7.83,13.18,1483.6,10.3,3.96,0.025,0.036,4.31
8,2023,4,17,20,18.6,7.75,12.36,1492.2,38.9,3.85,0.025,0.045,4.37
8,2023,4,18,0,17.9,7.68,10.94,1492.5,9.2,4.12,0.025,0.045,4.37
8,2023,4,18,4,17.2,7.64,9.85,1502.4,9.8,3.91,0.025,0.033,4.4
8,2023,4,18,8,17.0,7.63,9.3,1495.0,11.8,3.73,0.025,0.036,4.47
8,2023,4,18,12,18.6,7.83,12.38,1511.1,10.1,3.84,0.025,0.032,4.3
8,2023,4,18,16,21.5,7.95,13.08,1512.6,13.4,3.84,0.025,0.037,4.39
8,2023,4,18,20,20.7,7.76,11.09,1511.7,12.2,4.15,0.025,0.033,4.49
8,2023,4,19,0,19.6,7.65,9.31,1513.5,7.5,3.93,0.025,0.033,4.49
8,2023,4,19,4,18.6,7.67,10.08,1510.5,7.9,4.13,0.025,0.031,4.67
8,2023,4,19,8,18.3,7.7,10.5,1518.7,10.8,3.79,0.025,0.035,4.94
8,2023,4,19,12,20.0,7.92,14.03,1526.8,8.7,4.1,0.025,0.032,4.65
8,2023,4,19,16,21.3,8.06,14.16,1510.4,8.4,3.95,0.025,0.033,4.12
8,2023,4,19,20,21.0,7.99,13.12,1516.5,17.5,4.0,0.025,0.037,4.27
8,2023,4,20,0,20.7,7.88,11.78,1514.2,8.4,4.12,0.025,0.037,4.27
8,2023,4,20,4,19.7,7.67,10.48,1518.6,17.9,3.92,0.025,0.037,4.52
8,2023,4,20,8,19.0,7.6,9.04,1499.4,13.8,3.9,0.025,0.039,4.57
8,2023,4,20,12,18.5,7.67,9.9,1524.0,11.5,4.07,0.025,0.036,4.5
8,2023,4,20,16,18.5,7.54,11.15,1525.5,11.6,4.1,0.025,0.045,4.46
8,2023,4,20,20,18.2,7.47,11.23,1526.6,12.4,4.35,0.025,0.037,4.47
8,2023,4,21,0,17.9,7.45,10.36,1529.3,15.4,4.07,0.025,0.037,4.47
8,2023,4,21,4,17.4,7.37,8.89,1530.7,12.5,4.24,0.025,0.036,4.41
8,2023,4,21,8,16.8,7.29,7.44,1532.9,13.6,4.05,0.025,0.038,4.21
8,2023,4,21,12,17.1,7.39,8.71,1539.1,14.4,4.42,0.025,0.036,4.32
8,2023,4,21,16,17.6,7.49,9.34,1541.1,13.7,12.46,0.025,0.038,4.25
8,2023,4,21,20,16.8,7.5,9.51,1537.8,12.1,4.07,0.025,0.038,4.48
8,2023,4,22,0,16.2,7.51,9.34,1538.2,12.1,4.11,0.025,0.038,4.48
8,2023,4,22,4,15.6,7.43,8.44,1538.6,12.1,4.1,0.025,0.036,4.53
8,2023,4,22,8,15.2,7.38,7.93,1543.4,11.0,3.91,0.025,0.033,4.42
8,2023,4,22,12,15.5,7.5,9.75,1542.9,10.2,3.94,0.025,0.035,4.44
8,2023,4,22,16,16.6,7.64,11.56,1538.3,10.5,4.02,0.025,0.035,4.5
8,2023,4,22,20,16.6,7.63,10.71,1536.6,17.8,4.01,0.025,0.039,4.39
8,2023,4,23,0,15.8,7.53,10.09,1537.0,9.7,4.22,0.025,0.039,4.39
8,2023,4,23,4,15.0,7.4,8.35,1540.7,10.8,4.1,0.025,0.038,4.73
8,2023,4,23,8,14.8,7.37,7.67,1541.2,13.9,4.06,0.025,0.04,4.42
8,2023,4,23,12,15.1,7.48,10.0,1533.0,13.1,4.0,0.025,0.042,4.7
8,2023,4,23,16,15.6,7.54,11.63,1528.8,8.1,4.08,0.025,0.031,4.61
8,2023,4,23,20,15.5,7.55,11.66,1521.8,7.9,3.86,0.025,0.035,4.65
8,2023,4,24,0,14.9,7.46,10.68,1527.8,7.5,4.08,0.025,0.035,4.65
8,2023,4,24,4,14.0,7.5,10.49,1528.0,11.5,4.0,0.025,0.037,4.85
8,2023,4,26,4,14.8,7.52,10.94,1594.2,10.1,4.03,0.025,0.033,4.77
8,2023,4,26,8,14.6,7.59,11.32,1609.6,15.3,3.93,0.025,0.037,5.03
8,2023,4,26,12,16.3,7.81,13.67,1602.1,10.3,3.92,0.025,0.036,4.38
8,2023,4,26,16,17.1,7.97,14.57,1580.2,10.3,4.24,0.025,0.036,4.69
8,2023,4,26,20,16.9,7.96,14.15,1569.9,8.7,4.54,0.025,0.032,4.46
8,2023,4,27,0,16.6,7.89,14.1,1577.7,7.7,4.24,0.025,0.032,4.46
8,2023,4,27,4,16.1,7.7,12.67,1582.8,8.5,4.14,0.025,0.03,4.6
8,2023,4,27,8,15.9,7.74,13.22,1589.6,7.3,4.06,0.025,0.03,4.3
8,2023,4,27,12,16.1,7.57,11.99,1584.9,8.0,4.01,0.025,0.033,4.51
8,2023,4,27,16,16.7,7.75,14.7,1580.8,7.4,4.04,0.025,0.034,4.36
8,2023,4,27,20,16.8,7.8,16.16,1576.5,6.1,4.25,0.025,0.03,4.22
8,2023,4,28,0,16.5,7.73,14.29,1571.0,6.3,3.96,0.025,0.03,4.22
8,2023,4,28,4,16.2,7.65,12.51,1566.8,6.7,3.88,0.025,0.029,4.56
8,2023,4,28,8,16.0,7.63,11.5,1573.1,7.1,3.93,0.025,0.031,4.33
8,2023,4,28,12,17.5,8.01,14.92,1571.3,6.6,4.33,0.025,0.032,4.27
8,2023,4,28,16,18.4,8.1,15.03,1565.3,7.1,4.43,0.025,0.033,4.52
8,2023,4,28,20,17.6,7.95,13.38,1554.3,7.6,4.11,0.025,0.031,4.35
8,2023,4,29,0,16.4,7.69,11.99,1555.9,8.2,4.11,0.025,0.031,4.35
8,2023,4,29,4,15.8,7.59,10.82,1564.7,9.6,4.33,0.025,0.034,4.3
8,2023,4,29,8,15.6,7.62,11.01,1567.6,14.9,3.99,0.025,0.036,4.42
8,2023,4,29,12,17.4,7.82,13.23,1564.7,9.3,4.16,0.025,0.033,4.22
8,2023,4,29,16,19.2,7.96,14.24,1563.0,9.1,4.46,0.025,0.037,4.23
8,2023,4,29,20,18.7,7.96,15.52,1538.9,7.5,4.25,0.025,0.033,4.29
8,2023,4,30,0,17.9,7.8,14.16,1536.6,6.6,4.25,0.025,0.033,4.29
8,2023,4,30,4,17.2,7.68,12.34,1543.1,7.4,4.02,0.025,0.03,4.31
8,2023,4,30,8,16.9,7.66,11.68,1544.6,10.3,3.99,0.025,0.031,4.13
8,2023,4,30,12,18.3,7.8,13.12,1543.9,7.9,3.98,0.025,0.03,4.15
8,2023,4,30,16,20.3,7.93,13.92,1540.3,8.4,4.27,0.025,0.032,3.84
8,2023,4,30,20,19.8,7.9,13.12,1536.8,8.0,4.16,0.025,0.028,4.24
8,2023,5,1,0,19.1,7.72,11.46,1538.7,7.9,4.16,0.025,0.028,4.24
8,2023,5,1,4,18.2,7.63,11.34,1531.8,9.1,4.05,0.025,0.029,3.92
8,2023,5,1,8,17.8,7.67,11.94,1520.7,10.7,3.95,0.025,0.03,4.22
8,2023,5,1,12,18.7,7.77,13.98,1494.1,10.5,4.12,0.025,0.029,4.2
8,2023,5,1,16,21.2,7.87,14.55,1497.6,9.1,3.9,0.025,0.029,3.99
8,2023,5,1,20,20.8,7.83,15.3,1501.2,8.6,3.94,0.025,0.027,4.02
8,2023,5,2,0,20.3,7.66,13.62,1492.9,8.3,3.94,0.025,0.027,4.02
8,2023,5,2,4,19.8,7.63,12.57,1470.1,8.4,3.92,0.025,0.026,4.0
8,2023,5,2,8,19.4,7.54,11.24,1485.7,12.6,3.88,0.025,0.029,4.07
8,2023,5,2,8,19.4,7.54,11.24,1485.7,12.6,3.88,0.025,0.029,4.07
8,2023,5,2,16,22.9,7.86,13.7,1469.4,9.8,4.14,0.025,0.032,3.76
8,2023,5,2,20,22.9,7.79,12.54,1466.0,12.0,3.98,0.025,0.028,3.76
8,2023,5,3,0,21.8,7.56,11.35,1449.5,9.8,3.98,0.025,0.028,3.76
8,2023,5,3,4,20.9,7.5,10.94,1467.7,9.3,3.81,0.025,0.027,4.08
8,2023,5,3,8,20.6,7.45,10.11,1473.4,10.6,3.94,0.025,0.029,4.16
8,2023,5,3,12,21.5,7.6,12.3,1469.1,12.1,3.72,0.025,0.027,4.06
8,2023,5,3,16,24.3,7.77,13.37,1465.1,18.5,3.95,0.025,0.028,4.1
8,2023,5,3,20,23.5,7.75,14.28,1454.3,12.4,3.81,0.025,0.026,4.02
8,2023,5,4,0,22.4,7.59,12.54,1464.3,12.2,3.81,0.025,0.026,4.02
8,2023,5,4,4,21.6,7.49,10.82,1474.3,14.7,3.74,0.025,0.028,4.32
8,2023,5,4,8,21.0,7.45,9.56,1421.8,16.3,3.77,0.025,0.033,4.21
8,2023,5,4,12,20.8,7.44,9.26,1479.7,17.2,3.77,0.025,0.031,4.16
8,2023,5,4,16,20.8,7.43,9.22,1481.8,23.4,3.8,0.025,0.033,3.98
8,2023,5,4,20,20.7,7.33,8.51,1447.1,16.2,3.72,0.025,0.031,4.0
8,2023,5,5,0,20.4,7.39,8.92,1487.4,26.8,3.72,0.025,0.031,4.0
8,2023,5,5,4,20.2,7.36,7.93,1492.8,19.6,3.74,0.025,0.031,4.11
8,2023,5,5,8,20.1,7.35,7.26,1497.7,20.7,3.82,0.025,0.032,4.17
8,2023,5,5,12,20.3,7.4,7.82,1466.6,19.9,3.69,0.025,0.032,3.92
8,2023,5,5,16,20.4,7.41,8.28,1481.9,19.7,3.78,0.025,0.034,4.23
8,2023,5,5,20,20.1,7.39,8.03,1451.7,37.5,3.8,0.025,0.032,3.97
8,2023,5,6,0,19.7,7.36,7.52,1491.5,18.4,3.8,0.025,0.032,3.97
8,2023,5,6,4,19.2,7.38,7.31,1496.7,18.8,3.83,0.025,0.036,4.06
8,2023,5,6,8,19.1,7.36,6.69,1500.7,31.7,3.82,0.025,0.034,3.97
8,2023,5,6,12,19.6,7.38,7.1,1472.9,21.4,3.84,0.025,0.036,3.77
8,2023,5,6,16,20.2,7.39,9.51,1437.0,9.6,4.16,0.025,0.036,4.08
8,2023,5,6,20,20.1,7.47,11.27,1493.6,6.9,4.06,0.025,0.031,3.86
8,2023,5,7,0,19.5,7.32,9.18,1497.3,5.6,4.06,0.025,0.031,3.86
8,2023,5,7,4,18.9,7.26,7.81,1501.8,7.7,4.05,0.025,0.033,3.79
8,2023,5,7,8,18.8,7.37,8.51,1499.2,8.3,4.16,0.025,0.029,3.92
8,2023,5,7,12,19.9,7.41,8.8,1509.3,9.2,4.05,0.025,0.032,3.84
8,2023,5,7,16,22.0,7.53,10.66,1510.1,7.2,4.01,0.025,0.031,3.47
8,2023,5,7,20,21.8,7.52,10.1,1504.9,5.7,11.07,0.025,0.03,3.93
8,2023,5,8,0,20.7,7.48,10.76,1491.0,5.8,11.07,0.025,0.03,3.93
8,2023,5,8,4,19.8,7.39,9.63,1489.4,5.8,3.86,0.025,0.029,3.76
8,2023,5,8,8,19.7,7.48,10.58,1485.2,7.8,3.86,0.025,0.029,3.76
8,2023,5,8,12,21.3,7.56,11.01,1503.8,6.6,3.9,0.025,0.03,3.74
8,2023,5,8,16,23.6,7.7,12.04,1498.2,5.2,3.86,0.025,0.028,3.59
8,2023,5,8,20,23.0,7.67,11.26,1492.6,5.1,4.12,0.025,0.033,3.86
8,2023,5,9,0,21.9,7.6,11.51,1490.9,5.0,4.12,0.025,0.033,3.86
8,2023,5,9,4,20.9,7.44,10.01,1477.7,5.6,4.05,0.025,0.03,3.69
8,2023,5,9,8,20.7,7.43,10.09,1467.7,8.5,3.98,0.025,0.03,3.86
8,2023,5,9,12,22.2,7.63,12.45,1495.3,5.3,3.98,0.025,0.03,3.73
8,2023,5,9,16,23.4,7.9,14.59,1483.9,5.9,4.46,0.025,0.034,3.82
8,2023,5,10,16,24.1,8.01,15.53,1483.9,7.1,4.16,0.025,0.03,3.72
8,2023,5,10,20,23.2,7.82,12.62,1479.9,5.0,4.7,0.025,0.039,3.82
8,2023,5,11,0,22.4,7.56,10.09,1480.0,7.9,4.24,0.025,0.032,3.53
8,2023,5,11,4,21.8,7.46,9.3,1481.4,7.9,4.24,0.025,0.032,3.53
8,2023,5,11,8,21.6,7.56,11.0,1486.0,7.1,4.24,0.025,0.032,3.63
8,2023,5,11,12,22.7,7.86,14.18,1492.9,6.0,4.22,0.025,0.029,3.62
8,2023,5,11,16,23.1,7.9,13.88,1482.2,6.1,4.64,0.025,0.036,3.55
8,2023,5,11,20,22.7,7.79,12.14,1483.3,5.3,4.68,0.025,0.032,3.7
8,2023,5,12,0,22.0,7.61,10.53,1482.9,6.6,4.31,0.025,0.03,3.41
8,2023,5,12,4,21.4,7.48,9.35,1477.3,7.4,4.31,0.025,0.03,3.41
8,2023,5,12,8,21.3,7.58,10.75,1485.5,7.9,4.3,0.025,0.03,3.66
8,2023,5,12,12,22.0,7.66,11.61,1491.0,7.2,4.26,0.025,0.03,3.66
8,2023,5,12,16,21.9,7.63,11.18,1484.4,7.2,4.5,0.025,0.031,3.4
8,2023,5,12,20,21.8,7.58,10.56,1485.0,6.5,4.49,0.025,0.032,3.32
8,2023,5,13,0,21.0,7.46,9.16,1470.6,7.8,4.36,0.025,0.029,3.13
8,2023,5,13,4,20.6,7.35,7.56,1473.0,12.2,4.36,0.025,0.029,3.13
8,2023,5,13,8,20.4,7.51,9.5,1508.3,8.3,4.31,0.025,0.032,3.27
8,2023,5,13,12,21.8,7.57,9.96,1498.8,5.9,4.38,0.025,0.029,3.18
8,2023,5,13,16,24.1,7.74,11.53,1514.8,6.6,4.29,0.025,0.03,3.06
8,2023,5,13,20,23.3,7.66,10.13,1511.0,6.4,4.36,0.025,0.032,3.3
8,2023,5,14,0,22.5,7.6,9.47,1520.8,4.4,4.36,0.025,0.036,3.31
8,2023,5,14,4,21.9,7.48,8.0,1523.0,7.3,4.36,0.025,0.036,3.31
8,2023,5,14,8,21.6,7.51,8.84,1527.5,6.5,4.28,0.025,0.031,3.0
8,2023,5,14,12,22.6,7.6,9.79,1525.9,5.0,4.43,0.025,0.029,2.96
8,2023,5,14,16,23.7,7.66,11.84,1521.4,4.5,4.34,0.025,0.03,2.87
8,2023,5,14,20,23.9,7.61,11.0,1525.8,3.9,4.36,0.025,0.032,3.09
8,2023,5,15,0,23.1,7.5,9.67,1523.6,4.5,4.26,0.025,0.031,3.1
8,2023,5,15,4,22.2,7.41,8.18,1525.4,5.5,4.26,0.025,0.031,3.1
8,2023,5,15,8,22.1,7.47,8.88,1530.7,5.2,4.36,0.025,0.031,2.86
8,2023,5,15,12,23.3,7.53,9.64,1533.8,4.4,4.25,0.025,0.028,3.07
8,2023,5,15,16,26.3,7.74,10.8,1539.3,3.8,4.18,0.025,0.03,3.04
8,2023,5,15,20,25.7,7.58,9.54,1537.2,3.9,4.39,0.025,0.031,2.86
8,2023,5,16,0,25.0,7.64,9.16,1538.3,3.3,4.25,0.025,0.031,3.0
8,2023,5,16,4,24.3,7.48,7.34,1538.3,3.6,4.25,0.025,0.031,3.0
8,2023,5,16,8,24.2,7.36,5.79,1540.7,5.1,4.24,0.025,0.031,2.91
8,2023,5,16,12,26.3,7.69,9.07,1555.7,3.2,4.27,0.025,0.031,2.85
8,2023,5,17,12,25.6,7.41,7.61,1548.9,5.9,4.35,0.025,0.034,2.52
8,2023,5,17,16,26.2,7.47,9.05,1534.9,5.9,4.27,0.025,0.031,2.57
8,2023,5,17,20,25.5,7.37,7.76,1534.4,5.7,4.48,0.025,0.036,2.64
8,2023,5,18,0,24.8,7.35,7.41,1531.1,11.0,4.35,0.025,0.032,2.39
8,2023,5,18,4,24.0,7.28,7.12,1533.3,7.9,4.35,0.025,0.032,2.39
8,2023,5,18,8,23.9,7.43,7.7,1533.5,9.7,4.29,0.025,0.035,2.38
8,2023,5,18,8,23.9,7.43,7.7,1533.5,9.7,4.29,0.025,0.035,2.38
8,2023,5,18,12,25.4,7.59,8.72,1537.8,5.2,4.33,0.025,0.035,2.39
8,2023,5,18,16,26.6,7.71,9.06,1527.0,5.1,4.63,0.025,0.032,2.12
8,2023,5,18,20,25.9,7.62,8.74,1522.3,5.2,4.46,0.025,0.03,2.31
8,2023,5,19,0,24.9,7.56,7.9,1522.4,9.0,4.46,0.025,0.03,2.31
8,2023,5,19,4,24.3,7.37,5.53,1525.5,10.3,4.5,0.025,0.034,2.21
8,2023,5,19,8,23.9,7.38,5.84,1525.8,11.0,4.61,0.025,0.034,2.22
8,2023,5,19,12,23.8,7.41,6.05,1523.6,9.4,4.54,0.025,0.037,2.17
8,2023,5,19,16,23.6,7.34,5.13,1521.9,10.3,4.52,0.025,0.035,2.23
8,2023,5,19,20,23.3,7.4,5.94,1517.5,9.6,5.33,0.025,0.033,2.22
8,2023,5,20,0,23.0,7.38,5.51,1516.7,9.9,5.33,0.025,0.033,2.22
8,2023,5,20,4,22.6,7.32,4.72,1516.7,10.3,4.55,0.026,0.036,2.28
8,2023,5,20,8,22.4,7.32,4.6,1517.8,11.3,4.75,0.033,0.037,2.25
8,2023,5,20,12,23.3,7.44,6.32,1516.8,8.6,4.66,0.025,0.033,2.06
8,2023,5,20,16,23.9,7.52,7.19,1512.1,6.0,4.59,0.025,0.031,2.02
8,2023,5,20,20,23.5,7.44,6.21,1508.7,5.2,4.69,0.025,0.033,2.27
8,2023,5,21,0,22.5,7.27,3.97,1509.5,21.7,4.69,0.025,0.033,2.27
8,2023,5,21,4,21.6,7.23,3.49,1514.4,13.7,4.8,0.062,0.043,2.01
8,2023,5,21,8,21.4,7.39,5.7,1506.5,11.3,4.72,0.025,0.037,1.96
8,2023,5,21,12,22.1,7.43,6.32,1501.6,9.6,4.83,0.025,0.037,1.86
8,2023,5,21,16,23.1,7.57,8.04,1497.8,8.2,5.4,0.025,0.042,1.88
8,2023,5,21,20,22.4,7.47,6.91,1494.7,8.5,5.03,0.025,0.037,2.1
8,2023,5,22,0,21.7,7.44,6.51,1496.8,8.6,5.03,0.025,0.037,2.1
8,2023,5,22,4,21.2,7.43,6.27,1496.8,10.8,4.8,0.025,0.036,1.97
8,2023,5,22,8,21.3,7.5,7.12,1493.7,9.9,4.78,0.025,0.032,1.88
8,2023,5,22,12,22.4,7.57,7.95,1488.7,7.2,4.89,0.025,0.035,1.79
8,2023,5,22,16,24.4,7.59,8.22,1487.6,6.0,4.97,0.025,0.033,1.47
8,2023,5,22,20,24.8,7.73,9.13,1481.0,6.2,8.33,0.025,0.033,1.65
8,2023,5,23,0,23.3,7.64,8.39,1485.0,5.5,8.33,0.025,0.033,1.65
8,2023,5,23,4,22.2,7.48,6.63,1484.9,7.4,4.74,0.025,0.033,1.8
8,2023,5,23,8,22.1,7.62,8.42,1483.8,8.3,4.97,0.025,0.032,1.83
8,2023,5,24,16,24.2,7.85,10.09,1481.0,6.8,5.44,0.025,0.037,1.78
8,2023,5,25,12,23.2,7.87,10.11,1482.0,8.7,4.89,0.025,0.038,1.79
8,2023,5,25,16,24.1,7.82,9.63,1479.0,7.8,11.19,0.025,0.04,1.78
8,2023,5,25,20,24.1,7.77,9.4,1477.3,7.4,5.05,0.038,0.036,1.62
8,2023,5,26,0,23.1,7.64,7.97,1479.4,7.1,5.22,0.038,0.036,1.62
8,2023,5,26,4,22.5,7.54,6.96,1480.8,11.6,5.22,0.053,0.04,1.56
8,2023,5,26,8,22.3,7.6,8.09,1486.0,9.0,4.95,0.031,0.041,1.6
8,2023,5,26,16,25.3,7.95,11.5,1486.9,7.5,5.24,0.048,0.045,1.81
8,2023,5,26,20,24.8,7.82,9.74,1482.6,7.4,5.38,0.025,0.041,1.48
8,2023,5,27,0,24.1,7.67,8.33,1484.1,9.6,4.97,0.028,0.039,1.5
8,2023,5,27,4,23.6,7.51,6.59,1490.2,8.7,4.97,0.028,0.039,1.5
8,2023,5,27,8,23.2,7.5,6.38,1491.6,8.8,4.8,0.047,0.04,1.54
8,2023,5,27,12,23.3,7.62,7.6,1488.9,10.3,4.86,0.052,0.04,1.44
8,2023,5,27,16,23.3,7.63,7.79,1487.6,10.6,5.18,0.033,0.041,1.49
8,2023,5,27,20,23.1,7.46,6.33,1488.9,10.9,5.34,0.025,0.047,1.32
8,2023,5,28,0,22.8,7.38,5.47,1497.2,11.9,5.12,0.025,0.045,1.23
8,2023,5,28,4,22.6,7.37,5.28,1500.2,12.0,5.12,0.025,0.045,1.23
8,2023,5,28,8,22.5,7.4,5.86,1504.0,12.4,4.96,0.033,0.045,1.37
8,2023,5,28,12,23.7,7.62,7.66,1511.2,9.5,4.87,0.055,0.047,1.42
8,2023,5,28,16,26.0,7.8,9.09,1515.9,14.0,5.0,0.046,0.04,1.52
8,2023,5,28,20,25.4,7.83,8.91,1500.9,10.5,5.0,0.028,0.047,1.13
8,2023,5,29,0,24.6,7.64,7.53,1509.1,15.1,4.76,0.025,0.037,1.29
8,2023,5,29,4,23.9,7.46,5.68,1513.3,11.9,4.76,0.025,0.037,1.29
8,2023,5,29,8,23.8,7.52,6.32,1521.3,10.8,4.73,0.054,0.041,1.36
8,2023,5,29,16,27.2,7.59,6.95,1524.7,11.7,5.26,0.026,0.051,1.46
8,2023,5,29,20,26.2,7.72,8.08,1518.7,12.1,5.45,0.039,0.055,1.32
8,2023,5,30,0,25.5,7.55,6.32,1523.4,15.9,4.88,0.03,0.042,1.17
8,2023,5,30,4,25.0,7.47,5.55,1528.2,17.2,4.88,0.03,0.042,1.17
8,2023,5,30,8,24.6,7.37,4.58,1534.2,18.6,4.81,0.052,0.041,1.43
8,2023,5,30,8,24.6,7.37,4.58,1534.2,18.6,4.84,0.063,0.044,1.32
8,2023,5,30,12,24.7,7.43,5.33,1534.1,25.8,4.84,0.063,0.044,1.32
8,2023,5,30,12,24.7,7.43,5.33,1534.1,25.8,5.13,0.026,0.053,1.34
8,2023,5,30,16,25.1,7.65,8.02,1537.9,26.0,5.13,0.026,0.053,1.34
8,2023,5,30,16,25.1,7.65,8.02,1537.9,26.0,5.1,0.025,0.049,1.09
8,2023,5,30,20,24.9,7.51,6.29,1533.6,26.8,5.1,0.025,0.049,1.09
8,2023,5,30,20,24.9,7.51,6.29,1533.6,26.8,5.07,0.039,0.047,1.39
8,2023,5,31,0,24.3,7.37,4.7,1537.3,33.0,5.07,0.039,0.047,1.39
8,2023,5,31,0,24.3,7.37,4.7,1537.3,33.0,5.07,0.056,0.047,1.39
8,2023,5,31,4,23.7,7.31,4.12,1544.8,29.2,5.07,0.056,0.047,1.39
8,2023,5,31,4,23.7,7.31,4.12,1544.8,29.2,5.08,0.068,0.049,1.16
8,2023,5,31,8,23.6,7.34,4.6,1551.2,31.4,5.08,0.068,0.049,1.16
8,2023,5,31,12,24.2,7.51,6.94,1552.8,31.1,4.77,0.07,0.05,1.41
8,2023,5,31,12,24.2,7.51,6.94,1552.8,31.1,4.88,0.025,0.042,1.3
8,2023,5,31,16,24.9,7.48,6.4,1551.8,28.0,4.88,0.025,0.042,1.3
8,2023,5,31,16,24.9,7.48,6.4,1551.8,28.0,5.21,0.038,0.051,1.43
8,2023,5,31,20,24.9,7.85,10.06,1540.4,30.1,5.21,0.038,0.051,1.43
8,2023,5,31,20,24.9,7.85,10.06,1540.4,30.1,5.06,0.025,0.046,1.44
8,2023,6,1,0,24.2,7.4,5.38,1546.6,31.0,5.06,0.025,0.046,1.44
8,2023,6,1,0,24.2,7.4,5.38,1546.6,31.0,5.06,0.052,0.046,1.44
8,2023,6,1,4,23.5,7.37,4.85,1553.6,32.7,5.06,0.052,0.046,1.44
8,2023,6,1,4,23.5,7.37,4.85,1553.6,32.7,5.13,0.067,0.049,1.12
8,2023,6,1,8,23.3,7.43,5.75,1556.0,34.0,5.13,0.067,0.049,1.12
8,2023,6,1,8,23.3,7.43,5.75,1556.0,34.0,5.11,0.038,0.047,1.09
8,2023,6,1,12,25.5,7.61,7.72,1566.4,32.0,5.11,0.038,0.047,1.09
8,2023,6,1,12,25.5,7.61,7.72,1566.4,32.0,5.28,0.029,0.051,1.06
8,2023,6,1,16,25.1,7.65,8.61,1543.9,36.4,5.28,0.029,0.051,1.06
8,2023,6,1,16,25.1,7.65,8.61,1543.9,36.4,5.73,0.025,0.052,1.17
8,2023,6,2,12,24.2,7.55,6.93,1558.1,33.9,5.54,0.025,0.053,0.96
