point_id,year,month,day,hour,水温(℃),pH(无量纲),溶解氧(mg/L),电导率(μS/cm),浊度(NTU),高锰酸盐指数(mg/L),氨氮(mg/L),总磷(mg/L),总氮(mg/L)
3,2021,6,17,12,24.8,7.74,4.8,1146.0,7.1,4.28,0.137,0.084,9.5
3,2021,6,17,12,24.8,7.74,4.8,1146.0,7.1,4.28,0.137,0.084,9.5
3,2021,6,17,16,26.2,8.04,5.53,1155.5,7.1,4.71,0.137,0.087,9.52
3,2021,6,17,16,26.2,8.04,5.53,1155.5,7.1,4.52,0.097,0.094,10.46
3,2021,6,18,0,26.2,7.75,4.02,1134.7,5.1,4.58,0.087,0.098,10.54
3,2021,6,18,4,25.1,7.55,3.26,1127.7,5.0,4.49,0.091,0.086,10.31
3,2021,6,18,4,25.1,7.55,3.26,1127.7,5.0,4.45,0.093,0.084,9.8
3,2021,6,18,8,24.6,7.55,3.48,1126.7,4.2,4.24,0.097,0.079,9.65
3,2021,6,18,12,24.8,7.75,4.84,1137.4,5.4,4.24,0.089,0.082,9.99
3,2021,6,18,16,25.8,8.06,5.53,1137.6,6.1,4.34,0.089,0.082,9.99
3,2021,6,18,16,25.8,8.06,5.53,1137.6,6.1,4.4,0.086,0.092,10.57
3,2021,6,18,20,26.2,8.09,5.16,1138.8,5.5,4.48,0.083,0.097,10.45
3,2021,6,19,0,25.8,7.82,4.29,1141.6,5.1,4.48,0.083,0.097,10.45
3,2021,6,19,4,24.9,7.55,3.38,1139.3,4.7,4.5,0.087,0.096,10.32
3,2021,6,19,4,24.9,7.55,3.38,1139.3,4.7,4.57,0.097,0.097,10.16
3,2021,6,19,8,24.5,7.58,3.79,1140.2,4.4,4.37,0.102,0.087,10.02
3,2021,6,19,12,25.3,7.83,5.01,1150.1,4.9,4.33,0.091,0.082,9.74
3,2021,6,19,16,26.6,8.14,5.71,1152.4,5.9,4.39,0.086,0.093,10.84
3,2021,6,19,20,27.0,8.13,5.04,1151.6,5.6,4.39,0.087,0.097,10.89
3,2021,6,20,0,26.4,7.81,3.92,1150.3,5.0,4.32,0.087,0.097,10.89
3,2021,6,20,0,26.4,7.81,3.92,1150.3,5.0,4.32,0.087,0.097,10.89
3,2021,6,20,8,25.0,7.6,3.84,1151.0,3.8,4.22,0.095,0.09,10.7
3,2021,6,20,12,25.4,7.88,5.17,1160.0,4.7,4.24,0.089,0.087,10.44
3,2021,6,20,16,26.7,8.15,5.68,1160.8,5.9,4.32,0.089,0.087,10.44
3,2021,7,2,12,25.4,7.36,3.37,844.6,20.6,6.88,1.472,0.14,8.35
3,2021,7,2,16,26.9,7.52,4.06,845.3,16.8,6.77,1.472,0.14,9.03
3,2021,7,2,16,26.9,7.52,4.06,845.3,16.8,6.1,0.906,0.125,8.51
3,2021,7,2,20,26.6,7.48,3.8,858.4,12.4,5.85,0.41,0.11,7.81
3,2021,7,3,0,25.9,7.41,3.09,880.7,12.1,5.85,0.41,0.11,7.81
3,2021,7,3,4,25.0,7.36,3.07,607.7,89.0,5.85,0.41,0.11,7.81
3,2021,7,3,4,25.0,7.36,3.07,607.7,89.0,10.01,1.474,0.196,6.77
3,2021,7,3,8,24.3,7.48,2.56,450.6,156.4,11.82,2.046,0.175,4.28
3,2021,7,3,12,24.7,7.25,2.2,430.7,51.9,11.82,2.844,0.224,5.43
3,2021,7,3,16,25.0,7.22,2.25,648.7,29.4,8.24,2.844,0.224,5.43
3,2021,7,3,16,25.0,7.22,2.25,648.7,29.4,9.42,9.025,0.561,13.95
3,2021,7,3,20,26.4,7.29,2.96,638.5,15.3,4.65,2.422,0.217,7.33
3,2021,7,4,0,25.7,7.3,3.06,668.2,16.4,4.65,2.422,0.217,7.33
3,2021,7,4,4,25.7,7.31,2.99,603.1,14.6,4.65,2.422,0.217,7.33
3,2021,7,4,4,25.7,7.31,2.99,603.1,14.6,3.36,0.779,0.129,4.72
3,2021,7,4,8,25.1,7.32,3.33,763.7,13.1,3.41,0.534,0.144,7.8
3,2021,7,4,12,25.9,7.51,4.21,839.3,9.7,3.41,0.244,0.139,7.8
3,2021,7,4,16,27.4,7.79,4.49,905.9,6.1,3.17,0.244,0.139,7.84
3,2021,7,4,16,27.4,7.79,4.49,905.9,6.1,3.1,0.137,0.144,9.13
3,2021,7,4,20,27.6,7.75,4.24,922.4,5.9,2.93,0.08,0.152,9.64
3,2021,7,5,0,26.8,7.55,3.66,931.2,6.4,2.93,0.08,0.152,9.64
3,2021,7,5,4,25.6,7.41,3.22,950.8,6.8,2.93,0.08,0.152,9.64
3,2021,7,5,8,25.1,7.45,3.76,980.6,7.4,3.1,0.076,0.158,9.91
3,2021,7,5,8,25.1,7.45,3.76,980.6,7.4,3.06,0.07,0.153,9.76
3,2021,7,5,12,25.7,7.63,4.55,998.7,5.7,3.17,0.057,0.14,10.1
3,2021,7,5,16,26.4,7.7,4.5,994.4,10.5,3.17,0.091,0.156,10.1
3,2021,7,5,20,26.2,7.65,4.31,1027.4,6.5,3.69,0.091,0.156,10.46
3,2021,7,5,20,26.2,7.65,4.31,1027.4,6.5,3.31,0.066,0.152,10.91
3,2021,7,6,0,25.4,7.43,2.61,994.0,31.6,3.31,0.066,0.152,10.91
3,2021,7,6,4,25.7,7.38,1.91,837.3,28.9,3.31,3.351,0.346,8.59
3,2021,7,6,8,25.3,7.3,1.67,719.4,20.7,7.59,3.351,0.346,8.59
3,2021,7,6,8,25.3,7.3,1.67,719.4,20.7,7.31,4.205,0.328,8.7
3,2021,7,6,12,25.3,7.26,1.74,733.8,19.1,7.2,6.03,0.434,12.32
3,2021,7,6,16,26.3,7.37,2.4,833.1,12.0,5.77,3.604,0.334,10.77
3,2021,7,7,8,25.2,7.43,3.12,907.5,6.1,3.35,0.167,0.14,8.99
3,2021,7,7,12,26.2,7.65,4.32,921.9,5.7,3.37,0.378,0.135,8.87
3,2021,7,7,12,26.2,7.65,4.32,921.9,5.7,7.15,0.111,0.142,9.4
3,2021,7,26,12,26.3,7.66,4.44,1141.5,2.4,2.93,0.042,0.082,11.73
3,2021,7,26,16,26.6,7.86,5.17,1140.5,2.4,3.07,0.047,0.101,11.62
3,2021,7,26,20,26.6,7.85,4.79,1148.7,2.9,3.07,0.048,0.101,11.62
3,2021,7,26,20,26.6,7.85,4.79,1148.7,2.9,3.07,0.048,0.094,11.82
3,2021,7,27,0,26.8,7.57,4.27,1133.8,2.9,3.07,0.048,0.094,11.82
3,2021,7,27,4,26.4,7.35,3.66,1129.3,3.6,3.16,0.054,0.095,11.7
3,2021,7,27,8,26.0,7.16,2.52,877.9,13.7,3.16,0.924,0.095,11.7
3,2021,7,27,8,26.0,7.16,2.52,877.9,13.7,7.37,0.924,0.138,10.94
3,2021,7,27,12,26.2,7.02,2.26,846.7,46.6,7.37,0.924,0.138,10.94
3,2021,7,27,12,26.2,7.02,2.26,846.7,46.6,9.2,2.811,0.237,12.46
3,2021,7,27,16,26.4,6.98,1.31,626.5,29.6,9.89,5.264,0.398,12.7
3,2021,7,27,20,26.3,7.04,2.48,661.1,16.0,5.14,1.408,0.139,8.15
3,2021,7,28,0,26.0,7.02,2.03,344.4,121.8,5.14,1.408,0.139,8.15
3,2021,7,28,0,26.0,7.02,2.03,344.4,121.8,9.35,2.565,0.168,6.25
3,2021,7,28,4,25.7,6.93,1.9,416.5,61.7,7.16,3.444,0.207,6.83
3,2021,7,28,8,25.7,6.96,2.31,483.0,26.2,4.74,2.592,0.165,6.7
3,2021,7,28,12,26.1,7.02,2.77,542.4,17.0,4.74,1.511,0.165,6.7
3,2021,7,28,12,26.1,7.02,2.77,542.4,17.0,3.68,1.511,0.127,5.99
3,2021,7,28,16,25.8,7.41,3.94,575.3,11.4,3.36,1.324,0.113,6.53
3,2021,7,28,20,26.4,7.27,4.09,784.0,8.4,3.03,0.654,0.119,8.18
3,2021,7,29,0,26.4,7.16,3.48,789.9,16.6,3.03,0.654,0.119,8.18
3,2021,7,29,0,26.4,7.16,3.48,789.9,16.6,3.35,0.319,0.124,7.69
3,2021,7,29,4,26.9,7.09,3.04,476.0,13.3,2.96,0.694,0.11,4.97
3,2021,7,29,8,26.6,7.09,3.37,676.9,11.2,2.79,0.33,0.105,7.37
3,2021,7,29,12,26.5,7.15,3.75,710.5,14.5,2.79,0.236,0.11,8.23
3,2021,7,29,16,25.1,7.0,2.13,553.8,46.6,3.14,0.236,0.11,8.23
3,2021,7,29,16,25.1,7.0,2.13,553.8,46.6,7.91,4.894,0.266,9.24
3,2021,7,29,20,24.7,7.09,2.13,693.9,22.9,6.26,3.825,0.262,10.15
3,2021,7,30,0,24.5,7.19,2.75,737.6,11.6,6.26,3.825,0.262,10.15
3,2021,7,30,0,24.5,7.19,2.75,737.6,11.6,4.16,1.206,0.17,7.76
3,2021,7,30,4,24.4,7.25,3.15,733.7,8.5,3.43,0.286,0.119,7.06
3,2021,7,30,8,24.2,7.2,3.29,818.1,10.0,3.37,0.207,0.118,7.95
3,2021,7,30,12,24.8,7.41,4.29,833.9,7.6,2.95,0.129,0.114,8.12
3,2021,7,30,16,25.9,7.61,4.67,838.6,6.5,2.95,0.129,0.114,8.12
3,2021,8,6,8,24.3,7.58,5.48,1169.0,1.9,3.33,0.067,0.123,12.0
3,2021,8,6,8,24.3,7.58,5.48,1169.0,1.9,3.16,0.066,0.106,11.94
3,2021,9,23,12,23.5,7.71,5.0,1164.8,3.2,2.33,0.043,0.103,13.93
3,2021,9,23,16,24.6,7.93,5.48,1162.2,2.6,2.34,0.038,0.105,14.39
3,2021,9,23,20,24.7,7.75,4.78,1150.6,3.2,2.48,0.04,0.101,14.42
3,2021,9,24,0,24.3,7.57,3.87,1164.4,3.1,2.48,0.04,0.101,14.42
3,2021,9,24,4,23.6,7.54,3.59,1156.7,3.6,2.51,0.043,0.09,13.46
3,2021,10,28,12,18.8,8.21,8.91,1327.4,2.3,1.94,0.048,0.1,16.1
3,2021,10,28,16,19.5,8.38,8.62,1315.6,2.2,1.9,0.047,0.103,16.52
3,2021,10,29,12,18.4,8.2,10.06,1317.2,12.4,1.8,0.05,0.094,16.01
3,2021,11,5,8,17.8,7.94,7.3,1308.1,3.9,2.39,0.059,0.073,14.83
3,2021,11,5,12,18.9,8.13,6.65,1314.6,1.7,2.33,0.058,0.067,14.81
3,2021,11,5,16,19.2,7.98,5.91,1317.3,3.4,2.29,0.025,0.09,14.88
3,2021,11,5,20,18.4,7.76,9.57,1362.1,9.3,2.29,0.112,0.069,19.05
3,2021,11,6,0,18.2,7.7,8.45,1318.9,10.8,2.35,0.112,0.069,19.05
3,2021,11,6,4,16.7,7.81,8.93,1397.5,10.2,2.73,0.093,0.054,18.56
3,2021,11,6,8,17.5,7.72,8.26,1336.7,6.8,2.49,0.101,0.06,16.27
3,2021,11,6,12,17.9,7.71,8.4,1328.1,8.5,2.76,0.112,0.06,15.9
3,2021,11,6,16,17.9,7.75,8.55,1309.3,7.4,2.72,0.138,0.072,15.83
3,2021,11,6,20,16.3,7.72,8.8,1279.9,11.7,2.59,0.198,0.079,16.09
3,2021,11,7,0,16.0,7.45,6.26,1176.5,126.2,3.41,0.198,0.079,16.09
3,2021,11,7,4,13.6,7.71,9.02,1247.1,21.4,17.36,0.442,0.943,28.38
3,2021,11,7,4,13.6,7.71,9.02,1247.1,21.4,2.23,0.442,0.133,16.18
3,2021,11,7,12,13.2,7.66,9.97,1231.4,15.1,5.83,0.623,0.098,15.05
3,2021,11,7,16,16.6,7.76,9.98,1205.2,12.4,4.47,0.766,0.107,15.89
3,2021,11,7,20,16.8,7.73,9.64,1246.2,15.5,4.47,0.761,0.107,15.89
3,2021,11,8,0,16.9,7.62,8.76,1240.1,9.4,4.24,0.761,0.114,16.21
3,2021,11,8,4,16.8,7.63,8.28,1225.6,12.3,3.69,0.199,0.1,15.31
3,2021,11,8,8,16.9,7.68,8.58,1237.3,11.6,2.68,0.251,0.081,13.81
3,2021,11,8,12,17.8,7.89,10.62,1230.3,7.4,2.68,0.265,0.071,14.74
3,2021,11,8,16,18.1,8.04,11.12,1229.3,11.8,2.83,0.146,0.073,15.68
3,2021,11,8,20,17.6,7.98,9.73,1249.4,12.0,3.06,0.091,0.077,15.77
3,2021,11,9,0,17.4,7.77,8.57,1260.1,10.2,2.67,0.091,0.077,15.77
3,2021,11,9,4,17.4,7.69,8.15,1259.0,14.0,2.52,0.064,0.079,16.28
3,2021,11,9,8,17.6,7.69,8.37,1259.9,10.5,2.45,0.067,0.077,15.1
3,2021,11,9,12,17.4,7.99,10.05,1280.3,12.7,2.32,0.061,0.063,15.93
3,2021,11,9,16,18.5,8.1,10.89,1260.6,8.1,2.61,0.062,0.066,16.35
3,2021,11,10,0,18.2,7.76,8.26,1252.8,8.7,2.61,0.096,0.068,16.16
3,2021,11,10,4,18.1,7.67,7.94,1242.6,12.2,2.66,0.094,0.074,16.19
3,2021,11,10,8,18.1,7.69,8.56,1236.0,9.0,2.58,0.078,0.11,15.69
3,2021,11,26,12,17.9,8.13,9.18,1172.4,1.8,2.65,0.059,0.081,12.56
3,2021,11,26,16,19.2,8.21,8.75,1185.5,1.8,2.59,0.052,0.089,13.3
3,2021,11,26,20,19.3,7.98,7.44,1186.6,2.3,2.65,0.052,0.094,12.69
3,2021,11,27,0,19.0,7.84,6.73,1203.5,2.5,2.65,0.052,0.094,12.69
3,2021,11,27,4,18.9,7.78,6.44,1187.4,2.3,2.27,0.052,0.112,13.12
3,2021,11,27,8,18.8,7.81,6.65,1188.5,2.0,2.32,0.051,0.1,13.01
3,2021,11,27,12,18.9,8.13,8.9,1190.8,1.0,2.51,0.052,0.094,12.64
3,2021,11,27,16,19.5,8.32,9.18,1171.7,1.1,2.67,0.046,0.095,12.63
3,2021,11,27,20,19.5,8.13,7.6,1158.7,1.6,2.57,0.049,0.107,12.19
3,2021,11,28,0,19.1,7.89,6.83,1159.4,2.1,2.57,0.049,0.107,12.19
3,2021,11,28,4,18.9,7.82,6.53,1157.2,2.4,2.53,0.051,0.118,11.39
3,2021,11,28,8,20.8,7.83,5.75,1156.7,1.7,2.65,0.051,0.11,11.14
3,2021,11,28,12,20.2,8.07,7.39,1172.3,1.4,2.56,0.047,0.105,10.81
3,2021,11,28,16,18.6,8.25,10.92,1153.2,2.7,2.49,0.048,0.109,11.56
3,2021,11,28,20,19.0,7.96,8.89,1157.7,4.0,2.56,0.051,0.12,11.74
3,2021,11,29,0,19.2,7.78,7.2,1191.5,3.6,2.56,0.051,0.12,11.74
3,2021,11,29,4,18.8,7.8,7.31,1179.7,3.1,2.4,0.053,0.108,13.22
3,2021,11,29,8,18.5,7.83,7.27,1168.9,2.2,2.49,0.052,0.096,12.02
3,2021,11,29,12,18.6,7.93,8.12,1174.3,2.0,2.59,0.053,0.091,11.98
3,2021,11,30,8,16.4,7.88,7.76,1156.4,1.9,2.61,0.062,0.102,12.08
3,2021,11,30,12,16.6,8.18,9.83,1160.2,2.1,2.68,0.051,0.102,12.08
3,2021,11,30,16,16.7,8.32,10.65,1152.3,2.0,2.43,0.05,0.1,12.37
3,2021,11,30,20,16.3,8.09,9.03,1150.2,2.0,2.6,0.05,0.102,12.44
3,2021,11,30,20,16.3,8.09,9.03,1150.2,2.0,2.6,0.05,0.102,12.44
3,2021,12,1,4,16.5,7.87,7.74,1145.0,1.8,2.64,0.048,0.1,11.46
3,2021,12,1,12,17.4,8.15,9.44,1179.0,1.5,2.49,0.056,0.079,12.16
3,2021,12,1,16,18.0,8.26,10.07,1161.7,2.1,2.64,0.058,0.084,12.64
3,2021,12,1,20,17.7,8.02,8.18,1167.2,2.8,2.47,0.054,0.088,12.72
3,2021,12,2,0,17.4,7.86,7.21,1150.9,2.5,2.47,0.054,0.088,12.72
3,2021,12,2,4,17.1,7.84,7.2,1159.3,3.2,2.44,0.057,0.09,12.56
3,2021,12,2,12,17.8,8.08,9.06,1175.1,3.5,2.52,0.317,0.113,12.86
3,2021,12,3,12,18.3,8.07,8.55,1176.0,2.0,2.7,0.384,0.116,13.36
3,2021,12,7,16,17.2,8.24,10.71,1193.3,3.4,2.59,0.062,0.092,12.75
3,2021,12,7,20,17.7,8.0,8.93,1162.7,4.3,2.62,0.066,0.098,13.37
3,2021,12,8,8,17.1,7.83,7.76,1143.1,4.7,2.64,0.068,0.088,11.65
3,2021,12,8,12,17.6,8.04,9.45,1159.6,4.1,2.78,0.062,0.078,12.4
3,2021,12,8,16,18.2,8.23,10.28,1149.7,3.9,2.67,0.063,0.085,12.46
3,2021,12,8,20,17.7,8.05,8.75,1156.3,4.3,2.56,0.066,0.089,12.74
3,2021,12,9,0,18.1,7.89,7.87,1154.3,4.8,2.56,0.066,0.089,12.74
3,2021,12,9,4,18.1,7.83,7.44,1147.8,5.0,2.59,0.066,0.096,12.4
3,2021,12,9,8,17.8,7.84,7.4,1149.1,5.0,2.6,0.068,0.088,12.14
3,2021,12,9,16,17.9,7.8,7.72,1163.5,5.1,3.1,0.197,0.083,12.5
3,2021,12,10,12,17.8,8.1,9.99,1169.2,9.6,3.16,0.156,0.094,13.11
3,2021,12,10,16,17.9,8.26,10.72,1173.1,4.4,3.28,0.107,0.086,13.85
3,2021,12,14,8,16.0,7.84,8.12,1152.2,3.3,2.61,0.066,0.103,13.08
3,2021,12,14,12,16.7,8.09,10.27,1154.3,2.2,2.64,0.068,0.089,13.44
3,2021,12,14,16,17.4,8.23,10.71,1151.4,3.3,2.67,0.063,0.091,13.09
3,2021,12,14,20,17.0,8.03,9.08,1139.9,3.0,2.68,0.06,0.092,12.97
3,2021,12,15,0,16.6,7.92,8.33,1145.0,3.5,2.68,0.06,0.092,12.97
3,2021,12,15,4,16.5,7.88,7.99,1129.8,3.5,2.79,0.069,0.097,12.72
3,2021,12,21,12,16.2,8.1,10.38,1172.0,1.9,2.94,0.065,0.082,12.13
3,2021,12,21,16,17.2,8.3,11.14,1173.1,2.0,2.94,0.084,0.078,12.32
3,2021,12,22,8,15.7,7.86,7.89,1159.0,4.3,3.1,0.107,0.089,12.22
3,2021,12,22,16,16.7,8.32,11.42,1157.5,2.2,3.02,0.063,0.072,11.67
3,2021,12,22,20,16.4,8.09,9.38,1155.7,2.8,3.02,0.094,0.074,11.62
3,2021,12,23,0,15.8,7.91,8.23,1149.0,3.0,2.85,0.094,0.074,11.62
3,2021,12,23,4,15.8,7.89,7.94,1153.6,4.1,2.94,0.094,0.074,11.79
3,2021,12,23,8,15.4,7.85,7.83,1153.8,2.8,3.04,0.086,0.073,11.64
3,2021,12,23,12,15.4,7.9,8.37,1151.5,1.9,2.92,0.093,0.064,12.0
3,2021,12,23,16,15.5,7.98,9.07,1153.1,2.0,2.97,0.111,0.069,12.03
3,2021,12,23,20,15.4,7.94,8.58,1148.0,3.5,2.81,0.102,0.076,12.05
3,2021,12,24,0,15.2,7.89,8.21,1156.3,2.5,2.81,0.102,0.076,12.05
3,2021,12,24,4,15.1,7.86,7.97,1138.2,2.5,2.77,0.114,0.079,11.64
3,2021,12,24,12,13.8,8.14,10.52,1143.6,1.6,2.91,0.072,0.071,11.73
3,2021,12,27,16,14.9,8.29,11.64,1137.4,1.7,3.46,0.067,0.078,11.57
3,2021,12,27,20,15.0,8.08,9.6,1133.6,2.3,3.04,0.064,0.07,11.92
3,2021,12,28,0,14.4,7.91,8.58,1139.4,2.5,2.93,0.064,0.07,11.92
3,2021,12,28,4,14.2,7.88,8.45,1138.5,2.4,2.93,0.065,0.068,11.99
3,2021,12,28,8,14.0,7.84,8.31,1141.7,2.5,2.94,0.068,0.065,11.42
3,2021,12,28,16,15.2,8.31,12.1,1233.2,1.9,2.95,0.076,0.062,11.77
3,2021,12,30,12,13.6,8.07,11.09,1279.1,3.1,4.2,0.074,0.067,12.28
3,2022,1,11,8,13.3,7.64,8.72,1168.8,4.8,3.9,0.079,0.059,12.94
3,2022,1,11,12,13.9,7.87,10.63,1172.6,3.8,3.68,0.065,0.06,12.24
3,2022,1,11,16,14.8,8.08,11.22,1168.8,2.2,3.62,0.07,0.066,12.8
3,2022,1,12,8,13.5,7.62,9.52,1154.0,4.9,4.01,0.06,0.06,12.43
3,2022,1,12,12,13.7,7.77,10.5,1162.5,3.8,3.76,0.06,0.062,11.93
3,2022,1,12,16,14.2,8.04,11.84,1161.0,2.9,3.72,0.061,0.06,12.49
3,2022,1,14,12,14.0,7.83,11.12,1162.8,3.0,3.88,0.11,0.062,12.99
3,2022,1,14,16,15.0,8.11,12.23,1163.8,3.4,3.85,0.088,0.064,13.11
3,2022,1,19,8,13.6,7.6,9.1,1067.9,5.8,4.57,0.072,0.076,12.52
3,2022,1,19,12,14.0,7.79,10.97,1074.3,2.7,4.43,0.081,0.07,12.52
3,2022,1,19,16,14.6,8.1,12.31,1086.9,3.2,4.41,0.068,0.074,12.64
3,2022,1,19,20,14.4,8.04,11.21,1073.9,5.0,4.47,0.078,0.075,12.92
3,2022,1,20,0,14.0,7.73,9.91,1073.6,3.6,4.47,0.078,0.075,12.92
3,2022,1,20,4,14.1,7.56,9.05,1072.0,4.4,4.67,0.2,0.076,13.15
3,2022,1,20,8,13.2,7.6,9.42,1078.8,5.4,4.34,0.084,0.063,13.3
3,2022,1,20,12,13.5,7.81,11.18,1083.0,3.1,4.21,0.08,0.058,13.42
3,2022,1,20,16,14.3,8.02,11.79,1075.0,2.1,4.36,0.078,0.073,12.75
3,2022,1,20,20,14.1,8.05,10.91,1072.4,3.0,4.44,0.082,0.077,13.13
3,2022,1,21,0,14.0,7.8,9.84,1085.1,3.8,4.44,0.082,0.077,13.13
3,2022,1,21,4,13.7,7.66,9.26,1080.3,5.0,4.53,0.1,0.071,13.3
3,2022,1,21,8,13.6,7.68,9.19,1079.8,4.9,4.67,0.076,0.066,12.65
3,2022,1,21,12,13.8,7.76,10.05,1078.6,3.6,4.37,0.093,0.064,12.73
3,2022,2,10,8,14.3,7.66,9.04,1113.9,3.7,3.63,0.068,0.054,13.12
3,2022,2,10,12,15.2,8.02,11.24,1117.8,2.8,3.6,0.063,0.052,13.38
3,2022,2,11,8,14.6,7.64,8.83,1117.8,4.2,3.89,0.065,0.06,13.42
3,2022,2,11,16,16.2,8.45,12.36,1118.3,3.5,3.76,0.063,0.064,14.04
3,2022,2,11,20,16.3,8.41,11.24,1118.7,4.1,4.08,0.061,0.065,14.16
3,2022,2,12,0,15.6,7.87,9.42,1127.0,4.7,4.08,0.061,0.065,14.16
3,2022,2,12,4,15.0,7.63,8.67,1112.4,4.7,3.77,0.068,0.066,13.41
3,2022,2,12,16,15.0,8.23,11.86,1135.5,3.1,3.72,0.062,0.075,14.61
3,2022,2,12,20,15.1,8.23,11.02,1121.1,5.2,3.92,0.065,0.089,14.26
3,2022,2,13,0,14.6,7.86,9.63,1121.2,3.9,3.92,0.065,0.089,14.26
3,2022,2,13,4,14.4,7.68,8.68,1124.9,4.3,3.99,0.069,0.085,14.0
3,2022,2,13,8,14.0,7.69,8.95,1107.5,4.6,3.62,0.065,0.075,13.32
3,2022,2,13,12,13.8,7.82,10.09,1118.1,3.4,3.75,0.064,0.087,13.74
3,2022,2,13,16,14.0,8.11,11.3,1117.3,3.5,3.84,0.067,0.128,14.05
3,2022,2,13,20,13.8,8.1,10.79,1119.8,3.3,3.64,0.074,0.138,14.07
3,2022,2,14,0,14.1,7.86,9.59,1143.8,4.3,3.64,0.074,0.138,14.07
3,2022,2,14,4,13.6,7.68,8.93,1132.1,4.3,3.9,0.086,0.096,13.5
3,2022,2,18,8,13.6,7.65,9.12,1162.0,3.8,3.7,0.074,0.054,14.77
3,2022,2,18,12,14.1,7.92,11.05,1169.3,2.5,3.78,0.061,0.05,14.73
3,2022,2,18,16,15.1,8.41,12.82,1155.2,2.6,3.8,0.061,0.055,14.91
3,2022,2,18,20,14.7,8.41,11.91,1150.3,3.6,3.88,0.061,0.06,14.94
3,2022,2,19,0,13.6,7.93,10.27,1146.2,3.4,3.8,0.061,0.06,14.94
3,2022,2,19,4,12.5,7.68,9.42,1148.1,3.1,3.8,0.064,0.054,14.87
3,2022,2,19,8,12.4,7.69,9.64,1142.9,3.3,3.42,0.061,0.05,14.56
3,2022,2,22,12,13.7,8.05,12.32,1134.1,1.9,3.5,0.06,0.044,13.1
3,2022,2,22,12,13.7,8.05,12.32,1134.1,1.9,3.5,0.06,0.044,13.1
3,2022,2,22,16,15.4,8.51,13.88,1127.6,3.5,3.5,0.06,0.044,13.1
3,2022,2,22,16,15.4,8.51,13.88,1127.6,3.5,3.63,0.067,0.049,13.22
3,2022,2,22,20,15.5,8.34,11.76,1121.9,4.2,3.63,0.062,0.051,13.35
3,2022,2,23,0,14.6,7.83,9.66,1117.5,4.9,3.77,0.062,0.051,13.35
3,2022,2,23,4,13.7,7.59,8.7,1111.0,3.6,3.77,0.073,0.054,12.87
3,2022,2,23,8,13.2,7.61,9.06,1116.6,3.2,3.6,0.066,0.049,12.45
3,2022,2,23,12,14.7,8.03,11.82,1128.3,4.1,3.72,0.061,0.047,12.91
3,2022,2,23,16,16.1,8.52,13.81,1123.0,2.8,3.78,0.061,0.051,13.35
3,2022,3,1,8,15.1,7.63,8.59,1101.7,7.8,3.98,0.07,0.064,10.76
3,2022,3,1,12,16.0,8.02,11.33,1110.5,4.7,4.43,0.072,0.058,11.93
3,2022,3,1,16,18.1,8.46,12.65,1111.1,4.9,4.33,0.071,0.057,12.44
3,2022,3,2,8,15.6,7.62,8.3,1104.9,4.5,4.36,0.07,0.049,11.24
3,2022,3,2,12,16.8,7.98,10.59,1108.9,3.8,4.11,0.071,0.049,11.67
3,2022,3,7,8,15.9,7.63,8.3,1087.1,7.5,4.36,0.07,0.043,11.73
3,2022,3,7,12,17.2,8.04,11.17,1101.6,5.0,4.28,0.068,0.038,12.24
3,2022,3,8,8,16.7,7.63,8.09,1078.0,6.4,4.16,0.07,0.038,11.38
3,2022,3,8,12,17.6,7.99,10.43,1085.1,5.9,4.02,0.074,0.04,11.12
3,2022,3,8,16,17.0,8.48,12.68,1094.2,7.4,4.21,0.07,0.038,11.57
3,2022,3,8,20,16.8,8.31,11.5,1096.0,9.4,4.52,0.071,0.046,11.54
3,2022,3,9,0,15.8,7.76,9.15,1102.5,9.5,4.51,0.072,0.046,11.78
3,2022,3,9,4,14.9,7.57,8.08,1097.4,8.5,4.51,0.072,0.046,11.78
3,2022,3,9,8,14.5,7.59,8.51,1110.7,7.0,4.59,0.073,0.039,10.85
3,2022,3,9,12,15.5,7.96,11.16,1123.4,6.1,4.23,0.075,0.042,10.94
3,2022,3,9,16,17.0,8.4,12.7,1113.8,7.3,4.39,0.067,0.039,11.46
3,2022,3,10,8,15.2,7.59,8.16,1100.3,7.0,5.82,0.073,0.042,10.37
3,2022,3,10,12,16.0,7.92,10.81,1113.5,7.9,4.1,0.078,0.046,9.66
3,2022,3,10,16,17.6,8.42,12.4,1111.3,8.9,4.36,0.072,0.046,10.58
3,2022,3,11,8,15.8,7.58,7.91,1116.3,9.3,4.54,0.091,0.046,10.57
3,2022,3,11,12,16.0,7.71,9.18,1125.3,9.1,4.47,0.098,0.045,11.24
3,2022,3,11,16,16.2,7.81,9.54,1122.2,10.9,4.58,0.099,0.049,11.21
3,2022,3,11,20,16.0,7.78,9.02,1118.7,10.7,4.81,0.107,0.053,11.42
3,2022,3,12,16,17.0,8.28,12.52,1159.0,9.5,4.63,0.199,0.06,11.13
3,2022,3,12,20,17.0,8.21,10.87,1130.3,11.4,4.6,0.166,0.061,11.52
3,2022,3,13,0,16.2,7.77,8.92,1120.0,10.9,4.6,0.166,0.061,11.52
3,2022,3,13,4,15.5,7.58,7.85,1162.7,9.3,4.6,0.166,0.061,11.52
3,2022,3,13,12,16.0,7.93,10.98,1190.5,7.6,4.68,0.169,0.052,11.32
3,2022,3,13,16,16.5,8.16,11.06,1199.1,8.8,4.65,0.136,0.053,11.95
3,2022,3,13,20,16.4,8.02,10.08,1189.4,9.5,4.74,0.119,0.052,11.68
3,2022,3,14,0,15.7,7.69,8.54,1180.2,9.4,4.74,0.119,0.052,11.68
3,2022,3,14,4,15.5,7.6,7.86,1166.7,8.8,4.45,0.108,0.049,10.2
3,2022,3,14,12,16.4,8.02,11.3,1182.5,6.0,4.32,0.11,0.051,10.81
3,2022,3,14,16,18.2,8.46,12.88,1165.9,7.8,4.53,0.102,0.052,11.33
3,2022,3,15,8,14.9,7.63,8.12,1137.4,7.6,4.38,0.1,0.05,10.36
3,2022,3,15,16,17.3,8.41,12.9,1136.5,8.4,4.81,0.096,0.047,11.13
3,2022,3,15,20,17.7,8.27,10.27,1124.0,9.9,4.71,0.1,0.05,11.17
3,2022,3,16,0,17.1,7.77,9.11,1107.9,18.9,4.69,0.102,0.046,10.96
3,2022,3,16,12,16.3,7.97,11.31,1135.3,7.2,4.44,0.107,0.049,10.01
3,2022,3,16,16,17.4,8.36,12.58,1128.0,7.6,4.56,0.124,0.048,10.9
3,2022,3,16,20,17.2,8.22,11.25,1112.8,9.3,4.6,0.103,0.048,11.56
3,2022,3,17,0,16.1,7.78,9.54,1093.2,9.1,5.02,0.108,0.051,11.42
3,2022,3,17,4,15.0,7.63,8.6,1105.6,9.2,5.02,0.108,0.051,11.42
3,2022,3,17,8,14.5,7.61,8.63,1099.0,7.3,4.77,0.12,0.049,10.3
3,2022,3,17,12,14.6,7.76,10.27,1088.2,6.3,4.81,0.133,0.063,9.86
3,2022,3,17,16,14.4,7.95,11.02,1091.5,8.6,4.47,0.113,0.049,9.81
3,2022,3,17,20,14.1,7.96,10.57,1085.0,7.8,4.36,0.108,0.053,10.82
3,2022,3,18,8,13.7,7.71,9.02,1086.0,6.8,4.1,0.138,0.061,10.46
3,2022,3,18,12,13.9,7.87,10.52,1091.4,7.4,4.02,0.117,0.062,11.06
3,2022,3,18,16,13.7,7.98,10.79,1072.8,8.1,4.02,0.116,0.064,11.1
3,2022,3,23,12,14.8,8.04,11.48,1088.7,5.8,3.91,0.099,0.058,10.56
3,2022,3,24,16,15.7,7.9,10.45,1081.6,10.1,4.7,0.109,0.062,11.32
3,2022,3,24,20,15.7,7.76,9.4,1075.4,9.6,4.6,0.141,0.063,10.83
3,2022,3,25,0,15.6,7.64,8.38,1071.9,7.8,4.6,0.141,0.063,10.83
3,2022,3,25,4,15.4,7.63,8.25,1068.3,8.0,4.39,0.138,0.066,9.55
3,2022,3,25,8,15.4,7.64,8.35,1071.7,8.5,4.45,0.153,0.076,10.03
3,2022,3,25,12,15.6,7.88,10.45,1073.7,8.2,4.71,0.169,0.078,10.94
3,2022,3,25,16,16.0,8.07,11.1,1083.1,9.4,4.75,0.138,0.076,11.42
3,2022,3,25,20,16.0,8.01,10.39,1075.4,9.5,4.56,0.118,0.074,11.31
3,2022,3,26,0,15.5,7.78,8.96,1070.1,9.0,4.56,0.118,0.074,11.31
3,2022,3,26,4,15.0,7.66,8.18,1061.7,8.1,4.5,0.123,0.07,10.02
3,2022,3,26,8,14.7,7.69,8.66,1074.9,8.0,4.27,0.133,0.071,10.24
3,2022,3,26,12,16.1,8.08,11.69,1087.7,8.0,4.36,0.13,0.068,10.87
3,2022,3,26,16,17.8,8.39,12.78,1087.1,8.8,4.68,0.108,0.073,11.58
3,2022,3,26,20,17.3,8.2,10.48,1078.6,11.2,4.79,0.102,0.072,7.4
3,2022,3,27,0,15.6,7.84,9.04,1075.3,9.1,4.79,0.102,0.072,7.4
3,2022,3,27,4,14.4,7.71,8.33,1073.5,8.3,4.46,0.1,0.056,7.84
3,2022,3,27,8,14.1,7.72,8.91,1079.9,6.8,4.17,0.115,0.058,9.24
3,2022,3,27,16,17.6,8.47,13.24,1098.7,9.2,4.48,0.09,0.064,9.93
3,2022,3,27,20,17.8,8.32,11.02,1076.6,10.7,4.67,0.092,0.067,0.94
3,2022,3,28,0,16.5,7.88,9.17,1064.2,9.2,4.67,0.092,0.067,0.94
3,2022,3,28,4,15.1,7.69,8.05,1064.7,8.8,4.57,0.092,0.054,1.67
3,2022,3,28,16,17.6,8.42,12.65,1069.9,8.5,4.66,0.108,0.062,8.93
3,2022,3,28,20,17.8,8.26,10.81,1066.1,9.7,4.9,0.114,0.062,9.72
3,2022,3,29,0,16.7,7.85,8.93,1055.1,7.7,4.9,0.114,0.062,9.72
3,2022,3,29,4,15.7,7.67,7.71,1057.1,8.3,4.65,0.025,0.005,8.09
3,2022,3,29,12,15.8,7.74,8.81,1058.8,8.4,4.88,0.22,0.068,9.91
3,2022,3,29,16,16.2,7.82,9.4,1057.1,9.3,4.8,0.18,0.064,8.27
3,2022,3,29,20,16.2,7.81,9.11,1050.3,9.2,4.91,0.143,0.066,8.42
3,2022,3,30,0,16.0,7.72,8.47,1048.6,8.1,4.91,0.143,0.066,8.42
3,2022,3,30,4,15.7,7.68,8.05,1055.9,7.7,4.56,0.16,0.067,7.71
3,2022,3,30,12,16.0,7.83,9.81,1064.9,7.7,4.77,0.45,0.077,7.54
3,2022,3,30,16,16.6,8.04,11.23,1065.1,8.5,4.64,0.193,0.074,8.27
3,2022,3,30,20,16.4,7.94,10.16,1055.4,8.4,4.55,0.139,0.075,8.64
3,2022,3,31,0,15.8,7.79,9.12,1050.3,6.7,4.55,0.139,0.075,8.64
3,2022,3,31,4,15.4,7.67,8.36,1055.6,6.8,4.47,0.133,0.067,7.78
3,2022,3,31,8,15.1,7.7,8.95,1065.0,6.6,4.31,0.126,0.07,8.16
3,2022,3,31,12,16.0,8.11,11.79,1079.5,6.7,4.4,0.121,0.07,8.68
3,2022,3,31,16,17.8,8.48,12.75,1067.7,7.8,4.5,0.099,0.072,9.17
3,2022,3,31,20,17.6,8.31,11.21,1061.5,8.9,4.64,0.098,0.072,9.04
3,2022,4,1,0,16.4,7.92,9.46,1061.5,7.2,4.64,0.098,0.072,9.04
3,2022,4,1,4,15.2,7.7,8.51,1061.6,6.8,4.79,0.1,0.056,7.35
3,2022,4,1,12,16.1,8.1,11.63,1078.0,6.3,4.5,0.085,0.059,8.7
3,2022,4,1,16,17.7,8.39,12.34,1071.8,7.5,4.67,0.087,0.068,9.65
3,2022,4,1,20,17.7,8.18,10.8,1075.2,8.2,4.55,0.087,0.073,9.19
3,2022,4,2,0,16.7,7.79,9.03,1062.6,7.1,4.55,0.087,0.073,9.19
3,2022,4,2,4,16.0,7.66,8.09,1066.8,6.3,4.61,0.13,0.058,8.27
3,2022,4,2,8,15.5,7.68,8.65,1076.2,5.8,4.61,0.319,0.063,9.55
3,2022,4,2,16,18.7,8.44,12.68,1077.2,7.4,4.53,0.061,0.087,9.72
3,2022,4,2,20,18.8,8.25,10.45,1064.1,9.0,4.67,0.049,0.082,10.22
3,2022,4,3,0,17.6,7.88,9.35,1070.3,7.1,4.87,0.049,0.082,10.22
3,2022,4,3,4,16.2,7.68,8.32,1065.9,7.1,4.18,0.048,0.06,8.27
3,2022,4,3,8,15.6,7.69,8.78,1079.7,6.1,4.58,0.037,0.061,9.57
3,2022,4,3,12,17.0,8.1,11.57,1088.5,6.6,4.56,0.037,0.066,9.49
3,2022,4,3,16,18.8,8.48,12.78,1079.7,7.8,4.45,0.03,0.082,9.98
3,2022,4,3,20,18.8,8.33,11.53,1069.5,8.7,4.63,0.034,0.087,9.56
3,2022,4,4,0,17.7,7.91,9.58,1061.3,7.6,4.62,0.034,0.087,9.56
3,2022,4,4,4,16.6,7.66,8.31,1055.4,7.6,4.62,0.061,0.061,7.83
3,2022,4,4,8,15.9,7.67,8.7,1073.2,7.5,4.42,0.036,0.062,8.59
3,2022,4,4,12,17.2,8.07,11.41,1082.0,7.3,4.4,0.041,0.06,9.63
3,2022,4,4,16,19.0,8.42,12.63,1079.0,8.2,4.61,0.049,0.068,9.57
3,2022,4,4,20,19.3,8.29,11.3,1072.6,8.5,4.66,0.129,0.073,8.3
3,2022,4,5,0,18.4,7.88,9.22,1066.4,8.4,4.78,0.129,0.073,8.3
3,2022,4,5,4,17.4,7.61,7.81,1070.4,10.0,4.79,0.068,0.065,8.17
3,2022,4,5,8,17.2,7.63,8.4,1077.0,9.3,5.08,0.05,0.068,6.82
3,2022,4,5,12,18.2,8.02,11.14,1087.8,8.3,5.03,0.058,0.066,9.07
3,2022,4,5,16,19.6,8.47,13.17,1076.3,9.1,4.9,0.033,0.079,9.59
3,2022,4,5,20,19.6,8.39,11.55,1066.3,8.7,4.92,0.034,0.085,9.8
3,2022,4,6,0,18.3,7.94,9.36,1052.6,7.1,4.79,0.034,0.085,9.8
3,2022,4,6,4,16.8,7.7,8.07,1051.3,7.1,4.56,0.032,0.065,7.72
3,2022,4,6,8,15.9,7.66,8.06,1063.8,6.4,4.59,0.029,0.063,8.65
3,2022,4,6,12,16.5,8.07,11.23,1066.4,5.9,4.55,0.026,0.059,9.25
3,2022,4,6,16,17.9,8.43,13.62,1070.6,7.4,4.62,0.025,0.065,8.82
3,2022,4,6,20,17.8,8.46,11.82,1065.1,6.3,4.41,0.028,0.069,10.41
3,2022,4,7,8,15.4,7.72,8.65,1058.2,3.9,4.34,0.031,0.058,9.07
3,2022,4,7,12,16.8,8.16,11.79,1075.5,4.8,4.23,0.027,0.059,8.43
3,2022,4,7,16,18.9,8.51,13.5,1074.8,5.6,4.26,0.026,0.059,8.63
3,2022,4,7,20,19.5,8.42,11.34,1066.2,6.6,4.49,0.027,0.064,9.1
3,2022,4,8,0,18.6,7.87,8.94,1047.9,5.7,4.52,0.031,0.064,9.27
3,2022,4,8,4,17.3,7.65,7.43,1054.3,5.8,4.52,0.031,0.064,9.27
3,2022,4,8,8,16.7,7.68,8.12,1070.5,4.6,4.55,0.036,0.053,8.64
3,2022,4,8,8,16.7,7.68,8.12,1070.5,4.6,4.36,0.033,0.056,9.3
3,2022,4,8,16,19.9,8.45,11.1,1084.9,6.4,4.88,0.038,0.06,10.8
3,2022,4,8,20,20.2,8.37,11.35,1063.4,7.0,4.82,0.038,0.064,6.38
3,2022,4,9,0,19.4,7.88,9.04,1064.2,6.1,4.86,0.044,0.058,6.38
3,2022,4,9,4,18.4,7.63,7.42,1063.3,5.9,4.75,0.062,0.056,10.15
3,2022,4,9,8,17.8,7.63,8.44,1073.0,5.1,5.0,0.056,0.05,9.73
3,2022,4,9,12,18.6,7.97,9.76,1081.5,5.7,4.62,0.047,0.056,9.45
3,2022,4,9,20,20.2,8.27,11.15,1067.8,6.6,4.79,0.043,0.079,10.94
3,2022,4,10,0,19.5,7.9,9.06,1057.1,6.2,4.65,0.05,0.082,11.25
3,2022,4,10,4,18.5,7.66,7.67,1060.4,6.2,4.66,0.055,0.073,10.54
3,2022,4,10,8,18.0,7.67,7.92,1071.7,5.8,4.5,0.056,0.064,10.25
3,2022,4,10,16,20.5,8.37,11.65,1080.1,7.3,4.66,0.043,0.065,10.53
3,2022,4,10,20,21.0,8.29,10.63,1072.0,8.0,4.72,0.043,0.076,10.75
3,2022,4,11,0,20.5,7.86,9.06,1066.0,8.0,5.04,0.052,0.082,11.14
3,2022,4,11,4,19.6,7.62,7.26,1074.6,7.1,5.36,0.06,0.092,11.14
3,2022,4,11,8,18.9,7.62,7.37,1091.0,7.4,4.73,0.058,0.068,10.63
3,2022,4,11,12,19.5,7.85,9.49,1098.2,6.7,4.75,0.054,0.068,10.6
3,2022,4,11,16,19.6,7.98,10.2,1096.4,10.0,4.88,0.053,0.071,10.18
3,2022,4,11,20,19.1,7.97,9.63,1085.0,8.6,5.69,0.063,0.092,10.55
3,2022,4,12,0,18.2,7.78,8.52,1068.0,7.6,5.12,0.068,0.104,10.15
3,2022,4,12,4,17.5,7.66,7.77,1066.2,7.3,5.12,0.068,0.104,10.15
3,2022,4,12,8,17.1,7.7,7.99,1080.4,6.4,4.76,0.086,0.11,7.16
3,2022,4,12,12,18.5,8.05,10.83,1087.8,7.8,4.93,0.072,0.089,1.18
3,2022,4,13,0,19.6,7.94,8.99,1061.8,7.8,5.58,0.052,0.116,11.44
3,2022,4,13,4,18.1,7.7,7.54,1067.0,7.5,4.98,0.052,0.1,10.71
3,2022,4,13,8,17.4,7.68,8.02,1087.8,6.7,4.92,0.05,0.088,10.38
3,2022,4,13,16,19.3,8.36,12.19,1092.9,8.1,4.68,0.041,0.076,11.11
3,2022,4,13,20,19.5,8.28,10.95,1086.7,8.5,4.76,0.039,0.081,10.74
3,2022,4,14,0,18.6,7.93,9.21,1077.5,7.7,4.84,0.043,0.081,11.24
3,2022,4,14,4,17.4,7.71,7.85,1081.5,6.8,4.84,0.043,0.081,11.24
3,2022,4,14,8,17.0,7.72,8.16,1089.5,4.7,4.93,0.046,0.08,10.61
3,2022,4,14,12,18.1,8.08,11.11,1099.2,6.1,4.44,0.04,0.066,9.93
3,2022,4,14,16,19.7,8.37,12.5,1098.2,7.4,4.49,0.039,0.064,10.88
3,2022,4,14,20,19.4,8.22,10.93,1071.1,8.6,4.71,0.04,0.07,11.35
3,2022,4,15,8,16.5,7.74,8.46,1102.7,5.4,4.62,0.07,0.061,9.97
3,2022,4,15,12,17.9,8.08,11.25,1115.9,6.5,4.58,0.038,0.064,10.94
3,2022,4,15,16,19.8,8.32,12.72,1113.7,7.7,4.64,0.043,0.076,11.26
3,2022,4,15,20,19.9,8.22,11.13,1102.4,9.8,4.8,0.046,0.076,11.28
3,2022,4,16,0,18.8,7.87,9.12,1090.1,7.9,4.8,0.046,0.076,11.28
3,2022,4,16,4,17.4,7.68,7.79,1090.4,6.6,4.52,0.048,0.059,10.44
3,2022,4,16,8,16.8,7.72,8.53,1101.4,6.9,4.48,0.043,0.075,10.18
3,2022,4,16,12,18.5,8.03,10.71,1112.1,8.1,4.44,0.047,0.071,10.6
3,2022,4,16,16,20.6,8.31,12.02,1105.6,10.3,4.76,0.045,0.078,11.21
3,2022,4,16,20,20.5,8.18,10.58,1067.4,11.1,4.95,0.063,0.076,10.97
3,2022,4,17,0,19.4,7.89,8.93,1079.4,9.6,4.95,0.063,0.076,10.97
3,2022,4,17,0,19.4,7.89,8.93,1079.4,9.6,4.95,0.063,0.076,10.97
3,2022,4,17,12,18.3,7.92,9.85,1098.5,9.0,4.53,0.074,0.068,9.81
3,2022,4,17,16,19.0,8.16,10.86,1094.1,10.6,4.53,0.052,0.078,10.81
3,2022,4,17,20,19.1,8.09,10.25,1076.0,10.3,4.74,0.069,0.079,10.54
3,2022,4,18,0,18.6,7.86,8.74,1073.4,8.6,4.74,0.069,0.079,10.54
3,2022,4,18,4,18.0,7.72,7.8,1081.6,8.0,4.39,0.068,0.066,9.63
3,2022,4,18,8,17.7,7.73,8.08,1088.0,7.7,4.41,0.067,0.07,9.54
3,2022,4,18,12,19.1,8.04,10.58,1100.2,9.7,4.54,0.063,0.073,10.32
3,2022,4,18,16,20.7,8.37,11.87,1094.7,12.5,4.76,0.05,0.082,10.64
3,2022,4,18,20,20.9,8.32,10.78,1079.9,10.9,4.64,0.053,0.081,10.37
3,2022,4,19,0,20.0,7.91,8.73,1068.0,8.9,4.64,0.053,0.081,10.37
3,2022,4,19,4,18.8,7.72,7.31,1064.3,8.4,4.65,0.056,0.065,9.68
3,2022,4,19,8,18.2,7.72,7.78,1078.3,8.4,4.32,0.05,0.068,9.4
3,2022,4,19,12,19.7,8.06,10.44,1082.7,8.8,4.5,0.046,0.071,9.78
3,2022,4,19,16,21.4,8.36,11.64,1080.4,11.2,4.79,0.044,0.076,10.25
3,2022,4,19,20,21.4,8.24,10.12,1074.2,11.3,4.72,0.049,0.078,10.23
3,2022,4,20,0,20.3,7.94,8.45,1061.6,9.6,4.72,0.049,0.078,10.23
3,2022,4,20,4,19.1,7.68,6.97,1054.7,8.4,4.57,0.102,0.068,8.73
3,2022,4,20,8,18.6,7.72,7.58,1081.4,7.3,4.3,0.074,0.064,9.44
3,2022,4,20,12,20.0,8.05,10.21,1089.0,8.6,4.7,0.06,0.067,9.88
3,2022,4,20,16,21.7,8.37,11.22,1091.2,8.0,4.55,0.045,0.071,10.85
3,2022,4,20,20,21.7,8.26,9.86,1087.1,8.7,4.42,0.05,0.074,10.26
3,2022,4,21,0,20.6,7.89,8.18,1083.5,7.4,4.42,0.05,0.074,10.26
3,2022,4,21,4,19.5,7.7,6.98,1082.0,6.9,4.4,0.051,0.063,9.94
3,2022,4,21,8,19.1,7.68,7.01,1093.8,6.4,4.2,0.054,0.065,9.4
3,2022,4,21,12,19.9,7.92,9.06,1101.5,7.3,4.51,0.068,0.067,10.1
3,2022,4,21,16,21.2,8.23,10.63,1101.5,9.2,4.7,0.061,0.073,9.74
3,2022,4,21,20,21.0,8.22,9.79,1093.4,9.1,4.74,0.054,0.075,10.79
3,2022,4,22,0,19.9,7.95,8.49,1089.0,7.2,4.74,0.054,0.075,10.79
3,2022,4,22,4,18.5,7.76,7.27,1085.1,6.8,4.66,0.056,0.068,9.94
3,2022,4,22,8,17.7,7.77,8.15,1096.2,5.8,5.14,0.056,0.074,9.06
3,2022,4,22,12,19.1,8.12,10.58,1114.3,7.4,4.51,0.047,0.07,10.5
3,2022,4,22,16,21.0,8.44,11.9,1112.3,8.4,4.68,0.044,0.076,11.77
3,2022,4,22,20,21.1,8.32,10.36,1102.3,8.4,4.53,0.04,0.077,11.65
3,2022,4,23,0,20.0,7.94,8.43,1099.9,6.2,4.53,0.04,0.077,11.65
3,2022,4,23,4,18.4,7.76,7.36,1095.6,6.0,4.4,0.038,0.065,11.64
3,2022,4,23,8,18.1,7.78,7.67,1107.8,5.2,4.47,0.04,0.066,10.72
3,2022,4,23,12,19.6,8.13,10.5,1120.6,6.3,4.47,0.044,0.066,10.72
3,2022,4,23,16,21.5,8.42,11.9,1116.5,7.6,4.56,0.042,0.066,11.39
3,2022,4,23,20,22.0,8.3,10.03,1106.2,7.7,4.74,0.039,0.077,11.07
3,2022,4,24,0,21.3,7.92,8.24,1103.1,7.1,4.45,0.039,0.082,11.0
3,2022,4,24,4,20.0,7.74,6.93,1104.7,6.0,4.45,0.049,0.071,10.2
3,2022,4,24,12,21.0,8.02,10.28,1108.3,6.4,4.04,0.054,0.077,10.25
3,2022,4,24,16,22.2,8.38,11.74,1113.3,7.8,4.54,0.046,0.087,10.64
3,2022,4,24,20,22.3,8.26,10.3,1101.8,8.0,4.68,0.046,0.09,10.66
3,2022,4,25,8,19.9,7.71,7.43,1091.1,6.1,4.31,0.053,0.077,9.84
3,2022,4,25,12,21.0,8.05,10.04,1109.6,6.5,4.31,0.051,0.073,9.28
3,2022,4,25,16,22.5,8.37,11.17,1101.7,6.9,4.47,0.046,0.077,9.9
3,2022,4,25,20,22.6,8.2,9.96,1099.1,7.2,4.65,0.045,0.085,10.1
3,2022,4,26,0,22.0,7.86,8.08,1085.2,6.3,4.74,0.056,0.087,10.02
3,2022,4,26,4,20.9,7.71,7.1,1087.4,5.9,4.77,0.064,0.084,10.39
3,2022,4,26,8,19.7,7.75,7.78,1092.1,5.3,4.42,0.069,0.076,9.14
3,2022,4,26,12,20.3,8.12,10.43,1101.9,6.7,4.33,0.08,0.064,8.82
3,2022,4,26,16,21.4,8.43,11.9,1101.8,7.5,4.49,0.064,0.078,9.91
3,2022,4,26,20,21.4,8.36,10.77,1095.6,7.2,4.81,0.044,0.083,9.77
3,2022,4,27,0,20.3,7.95,8.87,1081.6,6.4,4.52,0.045,0.084,9.82
3,2022,4,27,0,20.3,7.95,8.87,1081.6,6.4,4.56,0.048,0.076,9.74
3,2022,4,27,20,18.1,7.62,6.75,1109.5,16.1,9.59,1.116,0.177,11.59
3,2022,4,28,0,17.9,7.67,7.32,1108.0,10.6,7.03,0.373,0.119,10.31
3,2022,4,28,4,17.6,7.62,7.06,1107.0,9.2,7.03,0.373,0.119,10.31
3,2022,4,28,8,17.6,7.64,7.45,1100.5,9.2,4.88,0.228,0.09,9.8
3,2022,4,28,12,18.2,7.68,8.52,1098.8,13.1,4.98,0.22,0.088,9.47
3,2022,4,28,16,19.9,7.88,10.68,1067.4,16.7,6.14,0.361,0.106,10.19
3,2022,4,28,20,19.7,7.94,10.41,1075.5,13.0,7.81,0.525,0.116,9.9
3,2022,4,29,0,18.9,7.71,8.4,1083.0,10.1,5.9,0.231,0.106,10.06
3,2022,4,29,4,18.1,7.6,7.1,1078.2,8.3,5.9,0.231,0.106,10.06
3,2022,4,29,8,18.0,7.67,7.81,1072.2,8.5,5.38,0.129,0.078,10.19
3,2022,4,29,12,19.2,8.0,10.53,1069.4,7.7,5.02,0.078,0.073,9.59
3,2022,4,29,16,20.5,8.21,11.73,1056.0,10.3,5.06,0.083,0.076,9.54
3,2022,4,29,20,20.4,7.98,10.01,1059.7,12.7,5.34,0.091,0.084,9.86
3,2022,4,30,0,19.2,7.7,7.96,1020.1,9.0,5.47,0.094,0.091,10.19
3,2022,4,30,4,18.1,7.68,6.99,1038.4,8.5,5.47,0.094,0.091,10.19
3,2022,4,30,8,17.6,7.75,8.01,1063.9,6.3,4.88,0.066,0.073,9.39
3,2022,4,30,12,18.9,8.03,10.38,1079.8,7.7,4.59,0.062,0.077,8.89
3,2022,4,30,16,20.8,8.22,11.22,1085.5,10.9,4.79,0.075,0.082,9.39
3,2022,4,30,20,20.9,8.14,10.07,1051.1,11.3,5.04,0.079,0.097,9.74
3,2022,5,1,0,20.0,7.87,8.34,1065.3,8.5,5.1,0.068,0.092,10.08
3,2022,5,1,4,18.6,7.71,7.03,1065.3,6.9,4.79,0.072,0.085,9.8
3,2022,5,1,8,18.1,7.76,7.79,1071.1,5.5,4.42,0.065,0.077,9.28
3,2022,5,1,12,19.7,8.05,10.12,1083.3,7.5,4.23,0.054,0.076,8.95
3,2022,5,1,16,21.2,8.24,11.13,1086.4,10.7,4.6,0.05,0.08,9.32
3,2022,5,1,20,21.4,8.16,9.71,1074.8,11.1,4.66,0.048,0.094,10.48
3,2022,5,1,20,21.4,8.16,9.71,1074.8,11.1,4.68,0.05,0.096,10.19
3,2022,5,2,4,19.2,7.72,7.08,1058.5,7.7,4.58,0.067,0.092,9.84
3,2022,5,2,8,18.8,7.75,7.62,1067.0,7.4,4.47,0.058,0.083,9.16
3,2022,5,2,12,20.3,8.03,9.91,1079.6,8.6,4.3,0.052,0.078,9.17
3,2022,5,2,16,22.0,8.34,11.24,1074.2,9.1,4.44,0.069,0.086,9.82
3,2022,5,2,20,22.2,8.26,9.98,1067.2,9.7,4.72,0.06,0.098,10.21
3,2022,5,3,0,21.2,7.91,8.06,1063.2,7.3,4.5,0.057,0.101,10.57
3,2022,5,3,4,19.8,7.73,6.84,1058.2,8.5,4.43,0.068,0.096,10.64
3,2022,5,3,8,19.2,7.77,7.55,1068.7,7.4,4.58,0.059,0.088,10.07
3,2022,5,3,12,20.8,8.06,9.94,1084.4,8.4,4.33,0.051,0.085,9.81
3,2022,5,3,16,22.7,8.34,11.0,1082.7,9.8,4.37,0.05,0.092,10.09
3,2022,5,5,8,20.5,7.72,7.38,1072.8,6.3,4.41,0.056,0.12,9.9
3,2022,5,5,12,22.0,8.03,10.01,1084.1,8.0,3.94,0.047,0.109,9.38
3,2022,5,5,16,23.4,8.31,10.9,1081.5,9.1,4.17,0.045,0.114,9.68
3,2022,5,5,20,23.7,8.22,9.63,1074.9,9.4,4.21,0.046,0.137,10.42
3,2022,5,6,0,23.0,7.89,7.97,1062.9,7.6,4.25,0.052,0.138,10.18
3,2022,5,6,4,21.7,7.69,6.77,1051.1,8.0,4.25,0.06,0.125,9.99
3,2022,5,6,8,20.5,7.67,6.59,1063.2,7.1,4.35,0.061,0.109,9.32
3,2022,5,6,12,20.0,7.7,7.2,1076.0,12.9,4.08,0.063,0.097,8.84
3,2022,5,6,16,19.6,7.77,7.91,1070.5,9.3,4.25,0.156,0.094,9.32
3,2022,5,6,20,19.6,7.75,8.19,1020.0,9.9,4.63,0.092,0.108,10.32
3,2022,5,6,20,19.6,7.75,8.19,1020.0,9.9,4.78,0.091,0.13,10.55
3,2022,5,7,16,20.5,8.33,11.51,1070.6,9.4,4.3,0.084,0.104,9.96
3,2022,5,7,20,20.3,8.23,10.23,1070.5,8.0,4.23,0.053,0.105,10.39
3,2022,5,8,0,19.4,7.93,8.46,1066.3,7.0,4.21,0.077,0.105,11.05
3,2022,5,8,4,18.6,7.75,7.32,1059.5,7.1,4.21,0.077,0.105,11.05
3,2022,5,8,8,18.3,7.74,7.33,1065.0,7.1,4.34,0.045,0.101,11.08
3,2022,5,8,12,18.3,7.74,7.89,1074.4,6.2,4.51,0.053,0.095,10.48
3,2022,5,8,16,18.7,7.86,9.11,1093.2,9.1,4.64,0.115,0.096,11.2
3,2022,5,8,20,18.8,7.91,9.16,1095.7,8.9,4.51,0.25,0.111,12.04
3,2022,5,9,0,18.7,7.81,8.45,1092.6,8.1,4.39,0.137,0.113,12.91
3,2022,5,9,4,18.3,7.71,7.41,1087.2,7.8,4.39,0.137,0.113,12.91
3,2022,5,9,8,18.2,7.77,8.03,1089.5,6.6,4.32,0.108,0.115,13.04
3,2022,5,9,12,19.3,8.06,10.27,1094.5,7.4,4.43,0.086,0.107,11.88
3,2022,5,9,16,20.8,8.36,11.94,1090.1,8.8,4.47,0.073,0.108,12.18
3,2022,5,9,20,21.0,8.35,10.83,1086.3,8.7,4.63,0.052,0.124,12.67
3,2022,5,10,0,20.3,7.99,8.68,1077.4,7.1,4.53,0.049,0.135,12.64
3,2022,5,10,4,19.1,7.74,7.15,1072.9,7.7,4.53,0.049,0.135,12.64
3,2022,5,10,8,18.5,7.68,7.13,1080.8,6.2,4.49,0.055,0.15,12.66
3,2022,5,10,12,18.8,7.79,8.4,1083.9,6.5,4.28,0.055,0.131,12.16
3,2022,5,10,12,18.8,7.79,8.4,1083.9,6.5,4.44,0.068,0.136,12.2
3,2022,5,11,8,18.6,7.77,8.16,1081.8,7.3,4.19,0.166,0.141,11.75
3,2022,5,11,12,19.8,8.07,10.34,1094.3,9.4,4.28,0.188,0.132,10.39
3,2022,5,11,16,20.6,8.28,11.32,1094.9,8.7,4.13,0.118,0.131,11.34
3,2022,5,11,20,20.6,8.22,10.26,1093.0,8.1,4.2,0.082,0.144,12.36
3,2022,5,12,0,19.9,7.94,8.38,1093.6,6.6,4.18,0.057,0.135,12.45
3,2022,5,12,4,19.1,7.78,7.26,1092.4,7.1,4.18,0.057,0.135,12.45
3,2022,5,12,8,18.7,7.76,7.27,1099.6,7.7,4.25,0.064,0.106,11.59
3,2022,5,12,12,19.5,7.97,9.34,1112.0,7.6,4.01,0.063,0.102,11.36
3,2022,5,12,16,20.4,8.22,10.51,1110.1,7.8,4.01,0.071,0.104,11.57
3,2022,5,16,8,19.4,7.78,8.06,1095.3,6.5,3.8,0.052,0.105,11.37
3,2022,5,16,16,22.6,8.4,11.41,1104.3,9.6,4.1,0.055,0.107,12.18
3,2022,5,16,20,22.8,8.29,9.92,1091.8,9.9,4.13,0.06,0.113,11.98
3,2022,5,17,8,19.8,7.77,7.85,1085.9,6.0,3.83,0.09,0.108,11.3
3,2022,5,17,12,21.1,8.08,9.87,1102.2,8.3,3.74,0.063,0.098,10.58
3,2022,5,17,16,22.6,8.38,10.98,1098.7,9.4,4.04,0.051,0.094,11.22
3,2022,5,17,20,22.8,8.23,9.66,1095.1,9.7,4.1,0.044,0.1,11.75
3,2022,5,18,0,21.8,7.9,7.93,1091.0,7.7,3.99,0.049,0.102,11.68
3,2022,5,18,4,20.8,7.74,6.66,1088.6,6.5,3.98,0.057,0.101,11.35
3,2022,5,18,8,20.2,7.83,7.56,1078.0,8.0,3.85,0.06,0.102,10.63
3,2022,5,18,12,21.2,8.1,10.14,1099.7,9.6,3.61,0.044,0.09,11.24
3,2022,5,18,16,23.1,8.49,11.54,1102.4,10.4,3.89,0.044,0.085,10.97
3,2022,5,18,20,23.3,8.4,10.21,1089.6,9.5,4.01,0.042,0.092,11.45
3,2022,5,19,0,22.6,8.03,8.23,1084.4,7.8,4.12,0.045,0.096,11.36
3,2022,5,19,4,21.1,7.76,6.68,1082.7,7.5,4.03,0.049,0.09,11.37
3,2022,5,19,8,20.7,7.79,7.3,1091.5,6.8,3.65,0.05,0.085,10.98
3,2022,5,19,12,21.9,8.11,9.98,1096.4,9.1,3.69,0.417,0.079,10.3
3,2022,5,19,16,23.2,8.41,11.17,1088.6,9.9,3.92,0.025,0.076,11.24
3,2022,5,19,20,23.4,8.32,9.63,1083.8,9.3,4.02,0.025,0.083,11.17
3,2022,5,20,0,22.6,7.98,7.78,1080.6,7.1,3.94,0.025,0.086,11.32
3,2022,5,20,4,21.5,7.76,6.46,1080.2,6.4,3.8,0.332,0.084,11.32
3,2022,5,20,8,21.2,7.78,7.14,1076.9,6.7,3.67,0.025,0.08,11.11
3,2022,5,20,12,22.5,8.12,10.05,1093.3,8.5,3.74,0.025,0.079,10.55
3,2022,5,20,16,24.2,8.48,11.52,1089.9,9.3,3.77,0.086,0.078,11.24
3,2022,5,20,20,24.5,8.41,9.81,1076.8,8.8,3.83,0.058,0.087,11.2
3,2022,5,21,0,23.7,8.0,7.73,1071.3,6.9,3.95,0.053,0.09,11.38
3,2022,5,21,4,22.2,7.76,6.29,1071.2,6.8,3.94,0.053,0.089,10.83
3,2022,5,21,8,21.7,7.79,6.9,1072.1,6.5,3.91,0.053,0.084,11.02
3,2022,5,21,12,23.1,8.13,9.67,1088.9,9.0,3.88,0.045,0.079,10.2
3,2022,5,21,16,25.0,8.46,10.81,1085.3,9.7,4.1,0.041,0.079,10.34
3,2022,5,21,20,25.1,8.36,9.34,1074.8,8.7,4.1,0.041,0.089,10.7
3,2022,5,22,0,24.0,8.0,7.62,1069.1,6.8,3.94,0.046,0.092,10.41
3,2022,5,22,4,22.5,7.74,6.24,1073.3,7.1,3.85,0.052,0.09,10.4
3,2022,5,22,8,22.0,7.78,7.05,1081.2,6.4,3.99,0.058,0.088,10.2
3,2022,5,22,12,23.3,8.12,9.54,1086.1,8.7,3.9,0.062,0.083,9.4
3,2022,5,22,16,24.9,8.44,10.76,1088.5,9.4,3.82,0.047,0.078,9.86
3,2022,5,22,20,25.1,8.32,9.29,1077.0,8.8,3.83,0.042,0.086,10.52
3,2022,5,23,0,24.3,7.97,7.53,1071.0,7.0,3.83,0.049,0.087,10.73
3,2022,5,23,4,22.8,7.76,6.23,1074.0,6.3,3.84,0.054,0.084,10.51
3,2022,5,23,8,22.4,7.8,6.9,1085.1,6.8,3.77,0.025,0.076,9.89
3,2022,5,23,12,23.6,8.13,9.51,1097.0,8.3,3.84,0.04,0.076,10.27
3,2022,5,23,16,24.9,8.44,11.2,1089.6,9.9,3.84,0.038,0.087,10.69
3,2022,5,24,8,22.2,7.82,7.05,1083.1,6.8,3.76,0.047,0.078,10.55
3,2022,5,24,12,23.5,8.14,9.47,1093.7,9.0,3.89,0.038,0.078,10.2
3,2022,5,24,16,24.9,8.42,10.28,1089.4,9.5,3.97,0.039,0.077,10.43
3,2022,5,24,20,24.8,8.31,8.9,1081.6,7.8,4.02,0.044,0.086,10.75
3,2022,5,25,0,23.8,7.96,7.29,1079.0,7.3,4.11,0.044,0.088,10.47
3,2022,5,25,4,22.2,7.8,6.38,1086.2,6.5,4.11,0.044,0.088,10.47
3,2022,5,25,8,21.4,7.87,7.48,1088.5,6.7,3.85,0.05,0.09,10.2
3,2022,5,25,12,22.5,8.22,9.86,1101.0,8.3,3.82,0.038,0.094,10.28
3,2022,5,25,16,24.3,8.54,11.57,1105.0,9.3,3.73,0.036,0.089,10.91
3,2022,5,25,20,24.6,8.4,9.61,1105.4,8.8,3.9,0.036,0.093,11.06
3,2022,5,26,0,23.3,8.04,7.66,1104.3,6.6,4.15,0.04,0.092,11.23
3,2022,5,26,4,21.7,7.8,6.52,1097.5,6.8,4.15,0.04,0.092,11.23
3,2022,5,26,8,21.4,7.86,7.43,1101.0,6.6,3.59,0.042,0.096,10.67
3,2022,5,26,12,22.9,8.16,8.87,1106.6,7.1,3.82,0.036,0.103,10.7
3,2022,5,26,16,24.8,8.52,11.54,1098.7,8.4,3.75,0.039,0.095,10.96
3,2022,5,26,20,25.2,8.44,9.78,1091.2,7.8,3.86,0.043,0.099,11.62
3,2022,5,27,0,24.2,7.99,7.57,1094.8,5.6,3.83,0.043,0.099,11.58
3,2022,5,27,4,22.5,7.76,6.18,1085.7,6.0,3.93,0.047,0.103,11.87
3,2022,5,27,8,22.0,7.83,7.21,1087.7,5.6,3.73,0.04,0.105,11.8
3,2022,5,27,16,25.5,8.51,10.98,1097.2,9.0,3.93,0.039,0.1,11.82
3,2022,5,27,20,25.5,8.39,9.5,1093.2,8.5,4.03,0.04,0.108,12.1
3,2022,5,28,0,24.2,8.03,7.61,1082.1,6.2,3.87,0.044,0.106,12.4
3,2022,5,28,4,22.8,7.76,6.15,1083.1,5.4,3.72,0.048,0.105,12.11
3,2022,5,28,8,22.5,7.8,7.06,1084.6,5.8,3.54,0.047,0.11,11.51
3,2022,5,28,12,24.1,8.18,9.81,1097.6,7.7,3.59,0.04,0.107,11.46
3,2022,5,28,16,25.8,8.5,10.92,1099.6,8.8,3.55,0.04,0.105,11.66
3,2022,5,28,16,25.8,8.5,10.92,1099.6,8.8,3.78,0.041,0.106,12.47
3,2022,5,28,20,26.0,8.38,9.26,1096.8,8.1,3.78,0.041,0.106,12.47
3,2022,5,29,0,24.9,7.98,7.21,1102.4,6.3,3.62,0.048,0.1,11.96
3,2022,5,29,4,23.5,7.74,5.77,1099.7,5.7,3.62,0.051,0.095,11.73
3,2022,5,29,8,23.2,7.81,6.76,1098.6,6.0,3.31,0.05,0.092,11.84
3,2022,5,29,12,23.0,7.95,8.05,1095.9,7.4,3.37,0.043,0.093,11.82
3,2022,5,29,16,24.2,8.36,10.44,1097.5,8.9,3.44,0.046,0.096,11.91
3,2022,5,29,20,23.8,8.3,9.34,1091.2,8.6,3.58,0.043,0.101,11.97
3,2022,5,30,0,23.2,8.05,7.58,1083.8,6.1,3.62,0.045,0.104,12.04
3,2022,5,30,4,22.0,7.79,6.33,1082.8,5.4,3.4,0.05,0.107,11.99
3,2022,5,30,4,22.0,7.79,6.33,1082.8,5.4,3.52,0.05,0.106,11.19
3,2022,5,30,12,23.0,8.23,9.97,1102.7,7.4,3.2,0.044,0.104,11.19
3,2022,5,30,16,25.0,8.52,11.0,1100.0,9.9,3.2,0.04,0.1,11.33
3,2022,5,30,16,25.0,8.52,11.0,1100.0,9.9,3.68,0.043,0.114,11.57
3,2022,5,30,20,25.5,8.4,9.25,1087.7,10.8,3.78,0.049,0.115,11.29
3,2022,5,31,0,24.3,7.99,7.26,1087.5,6.9,3.78,0.049,0.115,11.29
3,2022,5,31,8,22.3,7.82,7.0,1090.2,6.3,3.41,0.051,0.106,10.73
3,2022,5,31,12,23.6,8.16,9.29,1101.4,7.8,3.22,0.043,0.103,10.72
3,2022,5,31,16,24.5,8.34,9.7,1103.1,8.8,3.35,0.042,0.1,11.81
3,2022,5,31,16,24.5,8.34,9.7,1103.1,8.8,3.61,0.046,0.104,10.63
3,2022,6,1,0,23.5,7.86,6.76,1084.9,6.8,3.58,0.055,0.1,11.8
3,2022,6,1,0,23.5,7.86,6.76,1084.9,6.8,3.58,0.055,0.1,11.8
3,2022,6,1,8,22.2,7.85,7.19,1117.7,5.8,3.25,0.062,0.093,11.71
3,2022,6,1,12,23.9,8.2,9.49,1108.8,8.4,3.0,0.05,0.091,11.86
3,2022,6,1,16,25.8,8.48,10.63,1104.8,10.8,3.3,0.044,0.092,11.88
3,2022,6,1,20,25.8,8.36,9.31,1089.1,10.6,3.67,0.045,0.104,12.37
3,2022,6,2,0,24.4,7.98,7.24,1084.6,6.9,3.57,0.051,0.103,12.34
3,2022,6,2,0,24.4,7.98,7.24,1084.6,6.9,3.57,0.051,0.103,12.34
3,2022,6,2,8,22.5,7.83,7.08,1094.6,6.7,3.39,0.051,0.096,12.27
3,2022,6,2,12,23.9,8.16,9.44,1104.1,8.2,3.15,0.044,0.096,12.31
3,2022,6,2,16,25.5,8.47,11.01,1137.9,9.9,3.37,0.042,0.101,12.42
3,2022,6,2,20,26.2,8.38,9.5,1091.8,11.1,3.9,0.043,0.118,12.36
3,2022,6,3,0,25.1,8.01,7.29,1084.9,8.2,3.81,0.05,0.122,12.33
3,2022,6,3,4,23.6,7.76,5.82,1092.4,7.0,3.81,0.05,0.122,12.33
3,2022,6,3,8,23.1,7.78,6.57,1101.9,11.5,3.35,0.053,0.125,12.24
3,2022,6,3,12,23.9,8.05,8.66,1110.2,10.5,3.69,0.05,0.124,11.41
3,2022,6,3,16,25.5,8.36,10.35,1103.3,13.1,3.48,0.046,0.116,12.22
3,2022,6,3,20,25.6,8.26,8.96,1092.8,12.3,3.77,0.048,0.126,11.97
3,2022,6,4,0,24.9,7.94,7.14,1089.5,11.1,3.55,0.055,0.124,11.76
3,2022,6,4,4,24.4,7.71,5.26,1145.2,19.3,3.55,0.055,0.124,11.76
3,2022,6,4,8,23.4,7.74,5.1,1159.7,16.1,4.66,0.137,0.083,12.32
3,2022,6,4,12,23.7,7.85,7.12,1143.0,16.6,4.26,0.316,0.071,13.33
3,2022,6,4,16,25.5,8.11,8.88,1115.4,17.5,4.07,0.118,0.076,13.31
3,2022,6,4,20,26.4,8.18,8.39,1094.5,15.8,4.09,0.09,0.091,11.14
3,2022,6,5,0,25.5,7.96,6.83,1080.3,10.7,3.93,0.089,0.104,12.12
3,2022,6,5,4,23.9,7.75,5.66,1078.4,8.8,3.93,0.089,0.104,12.12
3,2022,6,5,8,23.4,7.81,6.55,1084.2,11.4,3.7,0.093,0.105,10.72
3,2022,6,5,12,24.3,8.08,8.8,1103.4,13.4,3.58,0.076,0.104,10.27
3,2022,6,5,16,26.0,8.39,9.98,1111.5,15.7,3.57,0.062,0.105,10.82
3,2022,6,5,20,25.8,8.32,8.73,1090.2,13.4,3.64,0.058,0.113,11.65
3,2022,6,6,0,24.3,8.01,7.01,1080.3,9.0,3.96,0.063,0.112,11.54
3,2022,6,6,4,22.6,7.8,5.93,1072.5,8.6,3.96,0.063,0.112,11.54
3,2022,6,6,8,22.1,7.85,6.89,1080.2,8.1,3.31,0.552,0.103,10.35
3,2022,6,6,8,22.1,7.85,6.89,1080.2,8.1,3.31,0.552,0.103,10.35
3,2022,6,6,12,22.8,8.1,8.8,1107.8,11.1,3.28,0.536,0.098,10.12
3,2022,6,6,16,23.7,8.34,9.72,1126.1,13.0,3.74,0.053,0.095,10.99
3,2022,6,6,20,23.8,8.26,8.84,1108.6,12.6,3.72,0.049,0.102,11.56
3,2022,6,7,0,22.8,7.98,7.18,1098.1,10.3,3.92,0.056,0.105,11.59
3,2022,6,7,4,21.7,7.8,6.03,1103.1,8.3,3.92,0.056,0.105,11.59
3,2022,6,7,8,21.5,7.83,6.96,1111.7,8.0,3.51,0.072,0.089,10.89
3,2022,6,7,12,22.6,8.09,9.08,1122.0,11.7,3.46,0.066,0.087,10.66
3,2022,6,7,16,23.6,8.3,9.67,1117.1,12.4,3.73,0.082,0.09,10.82
3,2022,6,7,20,23.7,8.22,8.77,1113.4,10.9,3.88,0.059,0.086,11.19
3,2022,6,7,20,23.7,8.22,8.77,1113.4,10.9,3.88,0.059,0.086,11.19
3,2022,6,7,20,23.7,8.22,8.77,1113.4,10.9,3.88,0.059,0.086,11.19
3,2022,6,8,12,22.8,8.17,9.1,1125.6,11.3,3.82,0.081,0.081,11.01
3,2022,6,8,16,24.0,8.46,10.46,1117.6,12.4,3.61,0.06,0.078,11.22
3,2022,6,9,0,22.9,8.06,7.6,1114.6,9.1,3.71,0.061,0.087,11.5
3,2022,6,9,4,22.0,7.83,6.41,1113.1,8.2,3.71,0.061,0.087,11.5
3,2022,6,9,8,21.5,7.8,6.53,1108.7,8.7,3.52,0.066,0.076,11.29
3,2022,6,9,12,22.0,7.98,8.04,1111.9,10.5,3.27,0.067,0.08,10.72
3,2022,6,9,12,22.0,7.98,8.04,1111.9,10.5,3.59,0.071,0.077,11.1
3,2022,6,9,16,22.7,8.19,9.02,1116.0,12.5,3.74,0.066,0.081,11.55
3,2022,6,9,20,22.8,8.16,8.53,1107.0,11.8,3.41,0.078,0.085,11.36
3,2022,6,10,0,22.6,7.98,7.24,1103.8,10.0,3.41,0.078,0.085,11.36
3,2022,6,10,4,22.0,7.85,6.45,1110.7,8.6,3.39,0.105,0.082,10.87
3,2022,6,10,8,21.8,7.91,7.28,1116.0,9.6,3.16,0.096,0.084,10.44
3,2022,6,10,12,22.9,8.17,9.18,1118.3,11.0,3.29,0.067,0.083,10.83
3,2022,6,10,20,24.3,8.29,9.11,1108.2,11.9,3.44,0.073,0.089,11.07
3,2022,6,11,0,23.5,7.98,7.5,1102.6,54.1,3.44,0.073,0.089,11.07
3,2022,6,11,4,22.7,7.8,6.1,1104.4,12.4,3.66,0.08,0.079,10.07
3,2022,6,11,8,22.4,7.82,6.71,1115.2,10.6,3.37,0.074,0.08,10.52
3,2022,6,11,12,22.8,8.02,8.37,1125.4,13.5,3.54,0.076,0.08,11.12
3,2022,6,11,16,23.6,8.23,9.33,1117.9,14.3,3.86,0.076,0.083,11.58
3,2022,6,11,20,23.6,8.13,8.4,1108.2,14.9,3.74,0.087,0.083,11.42
3,2022,6,12,0,22.9,7.51,4.64,1011.9,109.9,3.74,0.087,0.083,11.42
3,2022,6,12,4,22.6,7.5,2.49,1050.8,70.0,18.32,0.025,0.335,11.02
3,2022,6,12,8,22.0,7.5,3.35,1084.8,23.1,8.45,0.025,0.089,10.38
3,2022,6,12,12,22.5,7.49,4.08,1056.0,22.4,7.42,0.203,0.095,9.74
3,2022,6,12,16,23.9,7.64,6.24,1049.3,34.5,8.57,1.961,0.167,10.04
3,2022,6,12,20,24.3,7.79,7.16,1052.2,31.4,6.1,0.652,0.123,9.03
3,2022,6,13,0,23.4,7.72,5.7,1020.2,29.9,6.1,0.652,0.123,9.03
3,2022,6,13,4,22.2,7.49,3.0,932.8,25.4,7.48,0.48,0.113,7.53
3,2022,6,13,8,22.2,7.64,5.32,1038.0,22.8,4.97,0.156,0.098,8.14
3,2022,6,13,12,22.6,7.77,6.83,1052.2,22.3,4.43,0.143,0.089,8.33
3,2022,6,13,16,23.7,8.01,8.48,1052.7,21.1,4.48,0.117,0.084,8.15
3,2022,6,13,20,23.9,8.02,8.07,1044.5,18.5,4.05,0.125,0.088,8.52
3,2022,6,14,0,22.9,7.85,6.43,1036.2,15.7,4.05,0.125,0.088,8.52
3,2022,6,14,4,22.2,7.76,5.39,1041.5,14.4,3.82,0.139,0.086,7.56
3,2022,6,14,8,22.2,7.78,6.03,1053.9,14.2,3.82,0.146,0.09,8.39
3,2022,6,14,16,24.6,8.16,9.07,1074.4,19.5,4.22,0.113,0.086,9.28
3,2022,6,14,20,24.6,8.11,8.16,1067.6,16.4,3.76,0.117,0.082,8.58
3,2022,6,15,0,23.5,7.91,6.65,1066.3,13.2,3.76,0.117,0.082,8.58
3,2022,6,15,4,22.5,7.8,5.94,1067.8,14.5,3.55,0.025,0.082,7.96
3,2022,6,15,8,22.2,7.83,6.39,1090.0,14.8,3.55,0.025,0.082,7.96
3,2022,6,15,12,22.9,8.01,8.09,1098.2,15.0,3.4,0.025,0.082,8.51
3,2022,6,15,16,24.2,8.23,9.84,1118.4,16.0,3.57,0.098,0.078,8.93
3,2022,6,15,20,24.6,8.21,9.34,1068.6,16.8,3.54,0.085,0.084,9.51
3,2022,6,16,0,24.0,7.95,7.47,1058.7,10.9,3.86,0.094,0.086,9.78
3,2022,6,16,4,23.0,7.8,6.24,1095.7,13.3,3.86,0.094,0.086,9.78
3,2022,6,16,12,23.5,8.02,9.17,1105.1,15.4,3.41,0.109,0.081,9.63
3,2022,6,16,16,24.9,8.31,10.6,1096.0,14.5,3.53,0.087,0.076,10.33
3,2022,6,16,20,25.4,8.23,9.28,1067.9,12.3,3.55,0.076,0.076,10.04
3,2022,6,17,0,24.6,7.9,7.15,1065.5,11.4,3.65,0.086,0.074,9.72
3,2022,6,17,0,24.6,7.9,7.15,1065.5,11.4,3.65,0.086,0.074,9.72
3,2022,6,17,12,23.6,8.05,9.04,1121.1,14.2,3.41,0.105,0.074,9.85
3,2022,6,17,16,25.1,8.39,10.98,1105.6,13.5,3.56,0.07,0.066,10.72
3,2022,6,17,20,25.6,8.25,9.53,1088.3,11.7,3.59,0.065,0.067,10.5
3,2022,6,18,0,24.8,7.92,7.06,1080.0,12.0,3.38,0.079,0.066,10.18
3,2022,6,18,4,23.7,7.76,5.78,1085.2,11.5,3.38,0.079,0.066,10.18
3,2022,6,18,8,23.3,7.85,6.91,1118.5,12.2,3.38,0.09,0.065,9.49
3,2022,6,18,12,24.3,8.13,9.63,1136.2,14.2,3.17,0.072,0.067,10.16
3,2022,6,18,16,26.2,8.47,11.58,1105.1,14.2,3.34,0.064,0.066,10.57
3,2022,6,18,20,26.8,8.35,9.75,1081.2,11.8,3.6,0.061,0.068,10.54
3,2022,6,19,0,25.8,7.93,7.12,1079.3,11.8,3.57,0.068,0.065,10.65
3,2022,6,19,4,24.3,7.74,5.77,1079.8,12.6,3.57,0.068,0.065,10.65
3,2022,6,19,8,23.7,7.8,6.74,1108.5,12.6,3.76,0.074,0.06,8.98
3,2022,6,19,12,24.7,8.11,9.43,1136.8,15.5,3.86,0.064,0.064,9.94
3,2022,6,19,16,26.3,8.45,11.1,1137.9,15.4,3.68,0.056,0.061,10.05
3,2022,6,19,20,26.7,8.32,9.7,1089.6,12.9,3.69,0.054,0.062,10.94
3,2022,6,20,0,25.6,7.94,6.96,1075.2,12.0,3.67,0.064,0.059,9.97
3,2022,6,20,4,24.3,7.78,5.74,1084.7,12.5,3.67,0.064,0.059,9.97
3,2022,6,20,8,23.7,7.84,6.56,1104.5,12.5,3.48,0.071,0.058,8.88
3,2022,6,20,12,25.0,8.14,9.41,1124.0,14.6,3.28,0.054,0.061,9.02
3,2022,6,20,16,26.9,8.49,11.27,1109.9,15.3,3.5,0.052,0.061,9.68
3,2022,6,20,20,27.3,8.34,9.26,1076.7,13.8,3.5,0.055,0.063,9.6
3,2022,6,21,0,26.0,7.99,6.74,1095.3,12.7,3.46,0.072,0.062,9.36
3,2022,6,21,4,24.8,7.79,5.57,1098.6,12.3,3.46,0.072,0.062,9.36
3,2022,6,21,8,24.4,7.84,6.47,1111.7,13.6,3.38,0.072,0.056,9.79
3,2022,6,21,12,25.1,8.12,8.81,1116.6,15.2,3.46,0.062,0.059,9.53
3,2022,6,22,8,23.9,7.83,6.33,1113.6,12.5,3.45,0.124,0.058,9.45
3,2022,6,22,12,23.9,7.92,7.18,1118.1,13.9,3.3,0.1,0.057,10.22
3,2022,6,22,16,24.0,8.02,7.85,1115.9,15.7,3.48,0.093,0.059,10.66
3,2022,6,22,20,24.1,7.93,7.43,1095.1,14.6,3.66,0.085,0.056,11.15
3,2022,6,23,0,23.4,7.87,6.55,1105.5,13.4,3.74,0.085,0.056,11.15
3,2022,6,23,4,23.4,7.75,5.54,1105.7,12.7,3.74,0.217,0.05,9.87
3,2022,6,23,8,23.4,7.85,6.92,1112.1,15.2,3.83,0.154,0.062,10.52
3,2022,6,23,12,24.8,8.08,9.18,1104.2,16.1,3.8,0.09,0.06,11.12
3,2022,6,23,16,26.7,8.45,10.72,1114.8,16.3,3.76,0.065,0.064,11.33
3,2022,7,4,12,25.2,7.59,3.36,739.8,29.1,5.13,3.094,0.221,8.14
3,2022,7,4,16,25.8,7.63,6.78,767.5,28.8,5.13,1.959,0.221,8.14
3,2022,7,11,8,23.3,7.79,6.46,1007.1,14.2,3.22,0.164,0.086,10.46
3,2022,7,11,12,24.3,8.01,8.02,1016.0,12.5,3.23,0.75,0.101,10.24
3,2022,7,11,16,24.9,8.21,9.42,1016.8,10.8,3.02,0.384,0.106,7.73
3,2022,7,13,8,23.4,7.72,6.54,977.1,14.2,3.07,0.336,0.098,10.15
3,2022,7,13,12,24.9,8.01,8.68,998.5,12.6,3.06,0.635,0.115,9.48
3,2022,7,13,16,26.9,8.41,10.2,1011.8,12.0,2.82,0.264,0.1,10.22
3,2022,7,18,12,25.5,7.96,9.21,1134.8,9.2,2.84,0.058,0.058,9.48
3,2022,7,18,16,27.3,8.28,10.67,1136.1,10.3,3.05,0.07,0.068,10.24
3,2022,7,19,16,26.0,8.25,10.52,1123.8,7.6,2.93,0.064,0.056,9.86
3,2022,7,20,12,25.4,8.01,9.35,1137.4,8.3,2.72,0.06,0.055,10.36
3,2022,7,20,16,27.0,8.36,10.87,1133.8,9.0,2.84,0.06,0.06,10.5
3,2022,7,21,8,24.4,7.7,6.91,1105.2,8.7,2.93,0.061,0.059,9.35
3,2022,7,21,12,25.3,8.0,9.12,1106.2,9.3,3.38,0.056,0.06,8.8
3,2022,7,22,8,24.8,7.69,6.82,1114.7,8.3,2.86,0.065,0.053,9.79
3,2022,7,22,12,25.5,7.94,8.93,1119.9,8.4,2.81,0.063,0.056,9.8
3,2022,7,22,20,26.0,8.02,8.24,1114.1,8.9,2.97,0.063,0.06,9.1
3,2022,7,23,0,25.1,7.75,6.36,1024.3,18.6,3.17,0.076,0.078,10.71
3,2022,7,23,4,24.5,7.53,4.91,1060.0,13.4,3.17,0.076,0.078,10.71
3,2022,7,23,8,24.0,7.6,6.13,1104.4,11.1,5.26,0.61,0.099,10.28
3,2022,7,23,12,25.2,7.81,8.43,1108.0,9.8,3.56,0.099,0.067,10.54
3,2022,7,23,16,27.2,8.1,9.68,1099.6,9.4,3.46,0.072,0.06,9.88
3,2022,7,23,20,27.4,8.06,8.58,1090.6,7.8,3.54,0.061,0.052,10.12
3,2022,7,24,0,26.1,7.68,6.88,1077.9,8.5,3.36,0.072,0.062,11.06
3,2022,7,24,4,25.6,7.66,6.16,1072.2,9.3,3.37,0.076,0.065,10.38
3,2022,7,24,8,24.8,7.65,6.66,1094.1,8.9,3.5,0.084,0.064,10.96
3,2022,7,24,12,25.6,7.97,8.97,1132.3,8.7,3.04,0.07,0.06,9.86
3,2022,7,24,16,27.3,8.3,10.46,1100.8,7.8,2.68,0.061,0.056,10.82
3,2022,7,24,20,27.6,8.16,8.98,1077.8,8.4,2.81,0.066,0.068,9.21
3,2022,7,25,0,26.6,7.83,6.94,1089.9,7.1,3.05,0.074,0.067,10.14
3,2022,7,25,4,25.4,7.65,5.77,1094.3,7.8,2.94,0.074,0.067,10.66
3,2022,7,25,12,25.8,7.99,9.24,1125.7,8.1,2.78,0.071,0.07,10.37
3,2022,7,25,16,26.9,8.3,10.52,1117.1,7.9,2.8,0.064,0.065,8.7
3,2022,7,25,20,26.8,8.18,8.56,1084.0,8.4,2.83,0.067,0.073,9.6
3,2022,7,26,0,25.8,7.79,7.02,1090.8,7.2,2.91,0.074,0.075,10.34
3,2022,7,26,4,25.1,7.64,5.86,1094.4,7.8,2.78,0.074,0.068,11.07
3,2022,7,26,8,24.5,7.69,6.59,1122.7,10.1,2.87,0.08,0.065,10.65
3,2022,7,26,12,25.6,7.96,9.03,1132.1,9.8,2.87,0.076,0.07,10.41
3,2022,7,26,16,26.6,8.26,10.12,1114.0,9.6,2.78,0.07,0.069,10.34
3,2022,7,26,20,26.8,8.21,8.74,1084.9,9.7,2.64,0.066,0.076,11.09
3,2022,7,27,0,25.9,7.83,6.89,1101.6,7.4,2.89,0.07,0.081,10.79
3,2022,7,27,4,24.4,7.56,6.15,387.2,169.6,2.77,0.073,0.075,10.29
3,2022,7,27,8,25.4,7.06,1.28,508.3,69.6,12.92,1.402,0.202,6.93
3,2022,7,27,12,26.0,7.27,1.94,796.3,29.7,13.1,2.221,0.136,7.1
3,2022,7,27,16,25.4,7.4,3.44,701.3,65.4,9.45,3.222,0.217,10.07
3,2022,7,27,20,25.6,7.43,2.41,806.7,59.3,10.36,3.4,0.275,8.12
3,2022,7,27,20,25.6,7.43,2.41,806.7,59.3,10.37,3.444,0.284,8.99
3,2022,7,28,0,24.5,7.23,2.86,470.3,80.5,9.87,0.025,0.181,7.36
3,2022,7,28,4,24.3,7.16,2.26,453.3,39.4,8.24,0.025,0.217,5.42
3,2022,11,1,12,18.1,8.0,9.78,1289.5,5.6,2.51,0.05,0.074,10.59
3,2022,11,1,16,18.6,8.16,10.28,1282.8,5.9,2.51,0.047,0.074,10.63
3,2022,11,2,12,18.1,7.95,9.64,1290.0,5.6,2.74,0.064,0.067,10.52
3,2022,11,2,20,18.8,7.98,8.88,1285.1,7.5,2.61,0.049,0.066,10.73
3,2022,11,3,0,18.6,7.8,7.95,1259.4,7.5,2.59,0.051,0.068,10.52
3,2022,11,3,4,18.4,7.75,7.71,1237.7,8.0,2.65,0.056,0.064,10.21
3,2022,11,3,8,18.1,7.74,8.03,1240.9,7.2,2.64,0.212,0.062,9.93
3,2022,11,3,12,18.4,7.95,9.58,1247.3,6.2,2.89,0.103,0.069,10.99
3,2022,11,3,16,18.8,8.07,10.21,1248.0,6.4,2.8,0.079,0.064,11.4
3,2022,11,3,20,18.3,7.87,8.86,1245.0,7.7,3.02,0.066,0.064,12.33
3,2022,11,4,0,17.6,7.79,8.23,1240.5,7.4,3.0,0.066,0.064,12.33
3,2022,11,4,8,17.0,7.75,8.37,1252.4,7.1,3.01,0.145,0.065,11.76
3,2022,11,4,12,17.9,7.96,9.92,1260.3,6.2,2.95,0.099,0.066,11.96
3,2022,11,4,16,18.5,8.08,10.29,1246.7,6.6,2.84,0.067,0.069,12.0
3,2022,11,4,20,18.1,7.89,8.9,1246.7,7.4,2.84,0.083,0.073,11.86
3,2022,11,5,0,17.6,7.79,8.23,1245.8,7.1,3.04,0.083,0.073,11.86
3,2022,11,5,4,17.3,7.77,8.2,1244.2,7.0,3.04,0.084,0.065,10.64
3,2022,11,5,8,17.1,7.76,8.28,1244.2,6.9,2.93,0.086,0.074,11.11
3,2022,11,5,16,18.5,8.04,10.69,1239.6,30.0,2.81,0.04,0.092,11.34
3,2022,11,5,20,18.1,7.88,9.08,1239.2,7.0,2.84,0.037,0.086,11.44
3,2022,11,6,0,17.7,7.77,8.3,1233.6,6.4,2.89,0.037,0.086,11.44
3,2022,11,6,4,17.5,7.75,8.14,1239.4,6.9,2.89,0.046,0.07,10.18
3,2022,11,6,8,17.5,7.74,8.27,1243.0,7.3,2.85,0.06,0.074,11.04
3,2022,11,6,12,17.7,7.86,9.39,1240.0,5.8,2.78,0.054,0.095,11.6
3,2022,11,6,16,18.0,7.95,9.92,1240.1,5.5,2.7,0.046,0.09,11.86
3,2022,11,6,20,17.8,7.85,8.95,1230.5,7.0,2.69,0.045,0.088,11.87
3,2022,11,7,0,17.6,7.76,8.2,1229.1,7.1,2.93,0.045,0.088,11.87
3,2022,11,7,4,17.4,7.74,8.22,1236.2,7.5,2.93,0.051,0.07,10.44
3,2022,11,7,8,17.1,7.74,8.37,1236.3,7.2,2.84,0.064,0.081,11.23
3,2022,11,7,12,17.6,7.96,10.15,1237.5,4.8,2.9,0.042,0.088,11.28
3,2022,11,7,16,18.1,8.0,10.34,1240.8,11.6,2.86,0.043,0.098,11.82
3,2022,11,7,20,17.6,7.83,8.84,1235.2,11.2,3.14,0.043,0.092,11.86
3,2022,11,8,0,17.4,7.75,8.15,1239.1,10.2,3.1,0.043,0.092,11.86
3,2022,11,8,4,17.2,7.73,8.1,1236.4,10.6,3.1,0.05,0.078,10.69
3,2022,11,8,8,17.1,7.72,8.28,1243.8,9.4,3.18,0.062,0.088,11.7
3,2022,11,8,12,17.6,7.96,10.18,1255.4,8.1,2.98,0.043,0.088,11.43
3,2022,11,8,16,18.2,8.1,10.85,1246.3,8.7,2.86,0.036,0.094,11.42
3,2022,11,8,20,18.0,7.86,9.02,1240.8,10.0,2.98,0.04,0.096,11.47
3,2022,11,9,0,17.7,7.75,8.05,1235.5,10.3,3.11,0.04,0.096,11.47
3,2022,11,9,4,17.4,7.71,8.04,1242.5,9.7,3.11,0.053,0.085,10.97
3,2022,11,9,8,17.2,7.73,8.26,1257.2,7.9,3.22,0.051,0.085,10.96
3,2022,11,9,12,17.6,7.89,9.62,1260.5,9.3,3.02,0.042,0.005,11.57
3,2022,11,9,12,17.6,7.89,9.62,1260.5,9.3,3.04,0.042,0.005,11.57
3,2022,11,9,12,17.6,7.89,9.62,1260.5,9.3,3.04,0.042,0.005,11.57
3,2022,11,9,12,17.6,7.89,9.62,1260.5,9.3,3.04,0.042,0.005,11.57
3,2022,11,9,12,17.6,7.89,9.62,1260.5,9.3,3.04,0.042,0.005,11.57
3,2022,11,10,12,17.4,8.17,10.42,1326.6,5.1,2.22,0.04,0.074,12.35
3,2022,11,10,16,18.1,8.31,11.49,1313.9,5.1,1.83,0.034,0.082,12.44
3,2022,11,10,20,17.8,8.14,9.55,1317.0,7.3,1.9,0.037,0.081,12.79
3,2022,11,11,0,17.7,7.94,8.25,1330.2,7.7,2.11,0.037,0.081,12.79
3,2022,11,11,4,17.7,7.87,7.95,1326.8,7.6,2.11,0.042,0.076,12.22
3,2022,11,11,8,17.7,7.83,7.71,1315.2,7.2,1.96,0.049,0.076,12.16
3,2022,11,11,12,17.8,7.86,7.98,1310.6,4.8,2.15,0.075,0.071,12.1
3,2022,11,11,16,17.8,7.86,8.04,1310.5,5.6,2.07,0.088,0.08,12.54
3,2022,11,11,20,17.8,7.85,7.82,1305.9,7.3,2.1,0.102,0.084,12.9
3,2022,11,12,0,18.0,7.32,3.73,1036.5,164.9,2.36,0.102,0.084,12.9
3,2022,11,12,16,16.1,7.69,8.82,985.0,24.3,7.88,1.399,0.16,11.24
3,2022,11,12,20,15.6,7.67,8.42,1034.1,22.6,5.58,1.015,0.136,11.24
3,2022,11,13,0,15.2,7.66,8.07,1111.9,17.5,4.91,1.015,0.136,11.58
3,2022,11,13,4,15.1,7.72,8.25,1176.8,14.6,4.91,0.184,0.086,11.08
3,2022,11,13,8,14.6,7.65,8.15,1069.1,14.2,2.83,0.563,0.095,11.08
3,2022,11,13,12,15.1,7.9,10.14,1142.3,10.4,3.11,0.303,0.079,11.38
3,2022,11,13,16,15.9,8.05,10.82,1170.4,8.0,2.45,0.175,0.076,11.98
3,2022,11,13,20,15.6,7.94,9.41,1193.6,10.0,2.32,0.107,0.078,12.17
3,2022,11,14,0,15.5,7.83,8.29,1230.3,10.2,2.3,0.107,0.078,12.17
3,2022,11,14,4,15.2,7.81,8.03,1234.1,9.9,2.3,0.071,0.079,12.17
3,2022,11,14,8,15.1,7.82,8.14,1234.8,8.7,2.12,0.073,0.078,11.26
3,2022,11,14,12,15.8,8.04,9.97,1247.0,6.3,1.94,0.072,0.075,12.12
3,2022,11,14,16,16.5,8.16,10.74,1238.3,6.4,2.03,0.089,0.088,12.23
3,2022,11,14,16,16.5,8.16,10.74,1238.3,6.4,2.03,0.089,0.088,12.23
3,2022,11,14,20,16.1,8.04,9.24,1232.6,7.8,2.13,0.082,0.094,12.14
3,2022,11,15,0,15.7,7.9,8.54,1238.6,8.2,2.13,0.082,0.094,12.14
3,2022,11,15,4,15.5,7.83,8.07,1261.7,8.3,1.99,0.08,0.092,12.97
3,2022,11,15,8,15.2,7.83,8.23,1240.4,7.0,2.15,0.08,0.083,11.69
3,2022,11,15,12,15.8,7.99,9.82,1257.5,5.1,2.03,0.064,0.07,11.74
3,2022,11,15,16,16.6,8.12,10.28,1254.6,5.4,2.07,0.064,0.08,12.54
3,2022,11,16,12,16.0,8.02,9.76,1286.8,4.5,1.89,0.081,0.075,11.16
3,2022,11,16,16,16.5,8.15,10.28,1284.1,5.1,1.78,0.086,0.069,11.34
3,2022,11,16,20,16.5,8.09,9.41,1284.4,5.9,1.86,0.075,0.074,11.72
3,2022,11,17,0,16.1,7.92,8.44,1293.0,6.5,1.94,0.065,0.079,11.77
3,2022,11,17,4,15.9,7.86,8.13,1296.1,6.3,1.92,0.059,0.078,11.66
3,2022,11,17,8,15.7,7.86,8.3,1286.0,6.6,1.74,0.056,0.074,11.82
3,2022,11,17,12,16.2,8.04,9.7,1293.6,4.6,1.83,0.058,0.073,11.11
3,2022,11,17,20,16.8,8.1,9.42,1295.5,6.0,1.76,0.047,0.071,11.25
3,2022,11,18,0,16.5,7.92,8.46,1299.2,6.9,1.71,0.048,0.073,11.36
3,2022,11,18,4,16.0,7.86,8.27,1293.0,6.3,1.8,0.055,0.074,11.56
3,2022,11,18,8,15.9,7.85,8.32,1288.7,6.3,1.77,0.086,0.073,10.94
3,2022,11,18,12,16.1,7.97,9.36,1294.5,5.0,1.81,0.094,0.073,10.92
3,2022,11,18,16,16.5,8.09,9.87,1296.0,3.8,1.66,0.086,0.067,10.99
3,2022,11,18,20,16.6,8.03,9.06,1297.4,5.8,1.75,0.069,0.07,11.5
3,2022,11,19,0,16.6,7.91,8.34,1304.4,6.4,1.79,0.065,0.073,11.54
3,2022,11,19,4,16.6,7.88,8.15,1301.0,6.0,1.83,0.071,0.074,11.73
3,2022,11,19,8,16.5,7.89,8.26,1293.3,5.9,1.8,0.088,0.072,11.18
3,2022,11,19,12,16.8,8.07,9.8,1299.5,4.2,1.84,0.085,0.074,10.96
3,2022,11,19,16,17.3,8.26,10.48,1290.0,3.8,1.8,0.085,0.073,11.15
3,2022,11,19,20,17.1,8.15,9.42,1292.5,5.8,1.91,0.058,0.077,11.4
3,2022,11,20,0,16.6,7.96,8.46,1296.5,6.1,1.87,0.053,0.078,11.85
3,2022,11,20,4,16.4,7.88,8.15,1309.0,6.1,1.95,0.056,0.077,11.35
3,2022,11,20,8,16.3,7.86,8.23,1302.3,5.5,1.88,0.068,0.072,10.61
3,2022,11,20,12,16.5,7.91,8.75,1306.6,5.0,1.91,0.074,0.071,10.76
3,2022,11,20,16,16.5,7.91,8.8,1309.1,3.2,2.05,0.089,0.078,11.37
3,2022,11,20,20,16.5,7.93,8.59,1306.4,5.3,1.91,0.088,0.074,11.71
3,2022,11,21,0,16.5,7.89,8.28,1314.1,6.4,1.95,0.091,0.078,11.87
3,2022,11,21,4,16.4,7.88,8.44,1312.1,6.6,2.0,0.105,0.086,11.98
3,2022,11,21,12,16.3,8.06,9.99,1317.8,4.9,1.93,0.11,0.078,11.33
3,2022,11,21,16,16.7,8.19,10.46,1318.2,4.4,1.99,0.08,0.079,12.15
3,2022,11,21,20,16.5,8.05,9.46,1314.9,5.9,2.14,0.066,0.084,12.37
3,2022,11,22,0,16.4,7.89,8.64,1312.4,7.4,2.14,0.066,0.084,12.37
3,2022,11,22,4,16.1,7.86,8.5,1309.3,7.5,2.26,0.083,0.077,11.2
3,2022,11,22,8,16.0,7.85,8.44,1306.0,6.0,2.12,0.092,0.08,10.91
3,2022,11,22,12,16.4,8.03,9.91,1308.3,4.4,2.14,0.089,0.085,11.53
3,2022,11,22,16,16.9,8.23,10.52,1300.6,4.0,2.17,0.068,0.092,11.56
3,2022,11,22,20,16.7,8.07,9.45,1295.7,6.0,2.36,0.066,0.093,11.8
3,2022,11,23,0,16.4,7.91,8.6,1302.8,6.5,2.36,0.066,0.093,11.8
3,2022,11,23,4,16.0,7.88,8.35,1302.7,6.2,2.0,0.084,0.083,10.59
3,2022,11,23,8,15.8,7.88,8.53,1293.6,5.4,2.04,0.084,0.084,10.29
3,2022,11,23,12,16.3,8.06,10.16,1295.4,3.9,2.0,0.079,0.091,10.55
3,2022,11,23,16,16.9,8.23,10.54,1291.1,3.6,2.01,0.057,0.099,11.26
3,2022,11,23,20,16.7,8.09,9.28,1292.7,5.1,2.08,0.058,0.099,11.43
3,2022,11,24,0,16.5,7.92,8.48,1301.2,5.9,2.08,0.058,0.099,11.43
3,2022,11,24,4,16.2,7.88,8.32,1305.8,5.9,1.99,0.077,0.082,10.66
3,2022,11,24,8,16.1,7.86,8.32,1301.0,5.9,2.12,0.088,0.085,10.82
3,2022,11,24,12,16.2,7.91,8.73,1298.2,3.8,2.12,0.085,0.091,11.28
3,2022,11,24,16,16.5,7.98,9.32,1296.6,3.5,2.13,0.074,0.1,11.42
3,2022,11,24,20,16.5,8.01,9.31,1299.1,5.0,2.36,0.072,0.098,11.68
3,2022,11,25,0,16.5,7.92,8.8,1312.8,6.1,2.36,0.072,0.098,11.68
3,2022,11,25,4,16.0,7.88,8.69,1292.2,7.6,2.3,0.109,0.091,10.63
3,2022,11,25,8,16.0,7.87,8.83,1280.7,7.2,2.42,0.117,0.097,10.46
3,2022,11,25,12,16.2,8.06,10.05,1297.9,5.0,2.01,0.084,0.105,10.35
3,2022,11,25,12,16.2,8.06,10.05,1297.9,5.0,2.01,0.084,0.105,10.35
3,2022,11,25,16,16.2,8.23,10.73,1288.4,3.7,2.06,0.066,0.111,10.62
3,2022,11,25,20,15.3,8.11,9.93,1284.6,6.2,2.0,0.065,0.11,10.89
3,2022,11,26,0,14.4,7.97,9.47,1293.8,4.6,2.0,0.065,0.11,10.89
3,2022,11,26,4,14.0,7.92,9.42,1299.5,4.5,1.91,0.082,0.094,9.95
3,2022,11,26,8,13.8,7.91,9.42,1293.3,4.8,2.06,0.076,0.092,9.88
3,2022,11,26,12,14.2,8.09,10.66,1292.7,4.2,2.12,0.071,0.102,10.6
3,2022,11,26,16,14.6,8.24,11.2,1282.3,3.0,2.12,0.071,0.102,10.6
3,2022,11,28,8,14.9,7.89,8.92,1297.3,5.5,1.93,0.063,0.097,10.55
3,2022,11,28,12,15.2,8.07,10.32,1296.8,3.4,2.07,0.08,0.097,10.15
3,2022,11,28,16,15.4,8.18,10.54,1296.0,2.6,2.1,0.082,0.118,12.07
3,2022,11,29,8,12.2,7.94,9.72,1286.6,2.6,2.27,0.078,0.097,10.79
3,2022,11,29,12,11.9,8.13,11.18,1288.1,2.4,2.16,0.094,0.108,11.39
3,2022,11,29,16,11.8,8.27,11.66,1284.3,2.0,2.2,0.075,0.113,11.61
3,2022,11,29,20,11.2,8.14,10.91,1285.2,2.4,2.15,0.058,0.104,11.81
3,2022,11,30,0,10.9,7.99,10.07,1295.9,2.2,2.15,0.058,0.104,11.81
3,2022,11,30,4,11.1,7.95,9.81,1309.2,2.3,2.02,0.053,0.089,11.09
3,2022,11,30,8,11.1,7.93,9.83,1305.5,3.4,2.32,0.075,0.094,10.83
3,2022,11,30,12,11.7,8.11,11.34,1310.6,2.5,2.17,0.08,0.097,11.77
3,2022,11,30,16,12.2,8.26,11.87,1303.6,2.1,2.2,0.07,0.105,11.8
3,2022,11,30,20,11.8,8.11,10.6,1311.4,2.2,2.14,0.054,0.097,12.48
3,2022,12,1,0,11.8,7.97,9.97,1320.0,4.1,2.14,0.054,0.097,12.48
3,2022,12,1,4,11.8,7.93,9.49,1318.4,2.5,1.87,0.054,0.091,12.02
3,2022,12,1,12,12.2,8.1,11.11,1319.5,1.9,2.07,0.077,0.101,12.71
3,2022,12,1,16,12.7,8.25,11.58,1310.0,2.5,2.12,0.066,0.105,13.16
3,2022,12,2,0,12.2,7.95,9.57,1324.2,2.6,2.14,0.059,0.103,13.84
3,2022,12,2,4,12.1,7.9,9.37,1330.6,2.8,2.09,0.06,0.1,13.3
3,2022,12,2,8,12.0,7.88,9.46,1330.0,2.6,2.19,0.079,0.106,13.37
3,2022,12,2,12,13.1,8.06,10.66,1289.9,2.2,2.19,0.084,0.113,12.16
3,2022,12,2,16,14.1,8.14,10.88,1243.1,2.4,2.24,0.078,0.115,12.08
3,2022,12,2,20,13.8,8.07,10.26,1247.4,2.9,2.22,0.068,0.109,11.86
3,2022,12,3,0,13.4,7.92,9.38,1258.1,3.0,2.22,0.068,0.109,11.86
3,2022,12,3,4,13.0,7.87,9.26,1252.8,3.1,2.12,0.072,0.102,10.88
3,2022,12,3,8,12.7,7.9,9.75,1244.2,2.7,2.15,0.092,0.107,10.24
3,2022,12,3,12,13.2,8.04,10.94,1246.6,2.6,2.22,0.09,0.113,10.59
3,2022,12,3,16,13.4,8.22,11.66,1239.5,2.0,2.14,0.071,0.114,10.73
3,2022,12,3,20,12.9,8.15,10.96,1244.5,3.3,2.2,0.06,0.104,11.15
3,2022,12,4,0,13.0,7.93,9.69,1265.8,3.8,2.2,0.06,0.104,11.15
3,2022,12,4,4,13.2,7.88,9.63,1254.6,3.4,2.1,0.06,0.087,10.77
3,2022,12,4,8,13.2,7.86,9.76,1260.0,3.0,2.1,0.082,0.084,9.86
3,2022,12,4,12,13.8,8.07,11.11,1268.5,1.7,2.02,0.083,0.08,10.74
3,2022,12,4,16,14.2,8.22,11.68,1259.8,1.9,2.02,0.068,0.08,10.88
3,2022,12,4,20,13.8,8.07,10.38,1266.8,2.4,1.99,0.063,0.075,11.02
3,2022,12,5,0,13.6,7.93,9.88,1273.5,3.4,1.99,0.063,0.075,11.02
3,2022,12,5,4,13.5,7.88,9.69,1273.9,2.9,1.95,0.056,0.073,10.46
3,2022,12,5,8,13.2,7.88,9.52,1269.4,2.7,2.19,0.074,0.079,10.22
3,2022,12,5,12,13.6,8.07,11.19,1268.1,2.3,2.04,0.084,0.079,10.58
3,2022,12,5,16,14.0,8.22,11.71,1256.3,1.8,2.04,0.07,0.082,11.14
3,2022,12,6,0,13.6,7.93,9.89,1248.6,2.8,2.07,0.065,0.081,11.04
3,2022,12,6,4,13.5,7.89,9.66,1254.7,3.0,1.88,0.062,0.076,10.17
3,2022,12,6,8,13.3,7.87,9.67,1252.1,2.8,1.93,0.077,0.078,10.1
3,2022,12,6,12,13.8,8.07,10.88,1257.5,1.6,2.01,0.089,0.077,10.27
3,2022,12,6,16,14.2,8.24,11.31,1247.4,2.3,1.98,0.073,0.081,10.24
3,2022,12,6,20,14.0,8.09,10.41,1245.9,3.0,1.99,0.067,0.081,10.7
3,2022,12,7,0,13.7,7.94,9.32,1258.5,2.8,1.99,0.067,0.081,10.7
3,2022,12,7,4,13.6,7.89,9.34,1257.0,3.2,1.83,0.064,0.085,10.04
3,2022,12,7,8,13.3,7.88,9.56,1262.3,2.6,1.91,0.087,0.083,9.76
3,2022,12,7,12,13.9,8.09,11.1,1264.4,2.0,1.96,0.084,0.08,10.27
3,2022,12,7,16,14.6,8.27,11.54,1258.4,1.6,1.99,0.075,0.082,10.42
3,2022,12,7,20,14.0,8.11,10.61,1254.4,2.2,2.19,0.066,0.08,10.61
3,2022,12,8,0,14.0,7.94,9.79,1268.1,3.0,2.19,0.066,0.08,10.61
3,2022,12,8,4,14.0,7.87,9.37,1269.2,2.8,1.9,0.091,0.082,9.92
3,2022,12,8,8,13.8,7.86,9.44,1264.2,2.7,2.07,0.093,0.082,9.83
3,2022,12,8,12,14.3,8.08,10.8,1267.7,1.8,1.89,0.082,0.078,10.2
3,2022,12,8,16,14.7,8.25,11.61,1259.4,1.8,1.89,0.06,0.079,10.36
3,2022,12,8,20,14.5,8.1,10.4,1264.3,2.5,1.98,0.055,0.08,10.64
3,2022,12,9,0,14.2,7.93,9.2,1269.7,3.4,1.98,0.055,0.08,10.64
3,2022,12,9,4,13.7,7.89,9.25,1264.7,3.0,2.02,0.078,0.086,10.45
3,2022,12,9,8,13.6,7.86,9.42,1278.7,2.7,2.18,0.095,0.088,10.4
3,2022,12,9,12,13.7,8.07,10.98,1252.7,2.3,2.21,0.094,0.084,9.82
3,2022,12,9,16,14.5,8.24,11.41,1268.9,1.6,2.06,0.063,0.079,10.46
3,2022,12,9,20,14.6,8.1,10.4,1268.9,2.1,1.97,0.053,0.076,10.58
3,2022,12,10,0,14.5,7.95,9.44,1277.3,3.8,1.97,0.053,0.076,10.58
3,2022,12,10,4,13.9,7.9,9.36,1275.4,2.7,2.04,0.084,0.081,10.1
3,2022,12,10,8,13.0,7.89,9.52,1271.1,2.4,2.03,0.087,0.078,10.33
3,2022,12,10,12,12.9,8.12,11.18,1278.2,1.8,2.18,0.073,0.077,10.36
3,2022,12,10,16,13.2,8.23,11.75,1262.6,2.8,2.27,0.047,0.077,10.6
3,2022,12,10,20,12.8,8.11,10.74,1267.2,1.8,2.2,0.04,0.076,10.67
3,2022,12,11,0,13.1,7.91,9.51,1292.8,1.8,2.2,0.04,0.076,10.67
3,2022,12,11,4,13.1,7.86,9.3,1284.4,2.4,2.12,0.083,0.089,10.73
3,2022,12,11,8,12.9,7.86,9.43,1279.3,2.1,2.32,0.083,0.085,11.0
3,2022,12,11,12,13.4,8.07,11.14,1281.3,1.5,2.21,0.084,0.08,10.96
3,2022,12,11,16,14.0,8.25,11.71,1276.7,1.4,2.23,0.059,0.083,11.06
3,2022,12,11,20,13.8,8.11,10.35,1275.2,1.9,2.19,0.043,0.084,11.07
3,2022,12,12,0,13.8,7.94,9.43,1277.9,2.8,2.19,0.043,0.084,11.07
3,2022,12,12,4,13.7,7.84,8.9,1281.2,2.7,2.21,0.074,0.089,10.64
3,2022,12,12,8,13.3,7.85,9.04,1279.6,2.2,2.17,0.08,0.088,10.22
3,2022,12,12,12,13.4,8.08,10.9,1275.8,2.8,2.08,0.066,0.084,10.77
3,2022,12,12,16,13.6,8.24,11.62,1276.8,1.5,2.08,0.049,0.088,10.2
3,2022,12,12,20,13.6,8.12,10.32,1276.7,1.9,2.17,0.044,0.088,11.4
3,2022,12,13,0,13.5,7.94,9.38,1279.2,2.3,2.17,0.044,0.088,11.4
3,2022,12,13,4,12.9,7.91,9.28,1270.9,2.2,2.06,0.068,0.099,11.26
3,2022,12,13,8,12.2,7.91,9.4,1264.6,2.1,2.04,0.079,0.096,10.94
3,2022,12,13,12,12.0,8.14,11.35,1266.7,2.7,2.12,0.067,0.092,11.18
3,2022,12,13,16,11.9,8.33,12.3,1264.6,1.8,2.16,0.048,0.092,11.12
3,2022,12,13,20,11.5,8.16,10.88,1267.5,2.4,2.05,0.04,0.089,11.39
3,2022,12,14,0,11.4,7.99,9.94,1272.3,1.9,2.05,0.04,0.089,11.39
3,2022,12,14,4,11.6,7.92,9.62,1276.1,2.6,1.9,0.067,0.088,10.7
3,2022,12,14,8,12.0,7.89,9.58,1277.9,1.7,1.92,0.072,0.086,11.06
3,2022,12,14,12,12.4,8.13,11.48,1273.1,1.5,2.16,0.056,0.082,11.89
3,2022,12,14,16,12.8,8.33,12.21,1268.4,1.3,2.23,0.04,0.081,11.97
3,2022,12,14,20,12.6,8.18,10.82,1267.0,2.2,2.18,0.036,0.079,12.16
3,2022,12,15,0,12.7,7.96,9.7,1277.8,1.8,2.18,0.036,0.079,12.16
3,2022,12,15,4,12.5,7.88,9.3,1267.2,2.4,2.22,0.079,0.086,11.44
3,2022,12,15,8,12.0,7.88,9.38,1262.4,2.1,2.03,0.083,0.084,11.15
3,2022,12,15,12,12.3,8.18,11.76,1272.5,1.6,2.2,0.06,0.079,11.54
3,2022,12,15,16,12.6,8.4,12.65,1261.0,1.7,2.03,0.041,0.078,11.82
3,2022,12,15,20,12.3,8.2,11.03,1265.9,1.6,2.05,0.038,0.072,11.65
3,2022,12,16,0,12.0,7.98,9.98,1271.7,1.8,2.05,0.038,0.072,11.65
3,2022,12,16,4,11.9,7.91,9.55,1272.7,1.9,1.94,0.061,0.074,11.43
3,2022,12,16,8,11.6,7.91,9.7,1266.3,1.9,1.92,0.06,0.079,11.38
3,2022,12,16,12,12.0,8.14,11.72,1269.6,1.4,2.11,0.05,0.075,11.48
3,2022,12,16,16,12.4,8.34,12.3,1265.4,2.0,1.96,0.039,0.074,11.68
3,2022,12,16,20,11.8,8.15,10.82,1254.8,2.1,2.08,0.037,0.072,11.73
3,2022,12,17,0,10.9,8.02,10.27,1258.2,2.4,2.08,0.037,0.072,11.73
3,2022,12,17,4,10.3,7.95,9.84,1254.6,2.1,1.92,0.064,0.078,11.49
3,2022,12,17,8,10.0,7.95,10.0,1256.1,3.4,1.94,0.062,0.078,10.8
3,2022,12,17,12,10.6,8.17,11.93,1263.3,1.7,1.92,0.051,0.071,11.26
3,2022,12,17,16,11.4,8.37,12.6,1249.5,1.9,1.79,0.037,0.07,11.18
3,2022,12,17,20,10.9,8.22,11.07,1250.4,2.2,2.04,0.034,0.066,11.44
3,2022,12,18,0,10.9,8.02,10.06,1256.1,2.4,2.04,0.034,0.066,11.44
3,2022,12,18,4,11.2,7.94,9.82,1240.8,1.8,2.0,0.05,0.074,12.11
3,2022,12,18,8,11.4,7.92,9.5,1257.3,1.8,1.97,0.05,0.076,10.83
3,2022,12,18,12,12.0,8.15,11.54,1268.1,1.3,1.83,0.048,0.072,11.05
3,2022,12,18,16,12.3,8.34,12.19,1258.3,2.3,1.93,0.038,0.07,11.4
3,2022,12,18,20,12.2,8.13,10.53,1253.1,1.6,1.97,0.038,0.068,11.71
3,2022,12,19,0,12.1,7.95,9.73,1260.2,2.1,1.97,0.038,0.068,11.71
3,2022,12,19,4,11.9,7.92,9.41,1255.3,2.0,1.86,0.064,0.072,11.26
3,2022,12,19,8,11.8,7.9,9.47,1246.5,2.5,2.02,0.078,0.078,10.59
3,2022,12,19,12,12.2,8.1,11.44,1248.7,2.0,1.92,0.067,0.078,11.3
3,2022,12,19,16,13.4,8.09,10.6,1187.8,1.4,2.09,0.041,0.081,10.81
3,2022,12,19,20,12.6,8.1,10.17,1237.8,2.3,1.85,0.041,0.071,11.51
3,2022,12,20,0,12.4,7.94,9.24,1249.6,2.4,1.85,0.041,0.071,11.51
3,2022,12,20,4,12.4,7.89,8.99,1250.1,2.5,1.91,0.071,0.072,10.88
3,2022,12,20,8,12.4,7.88,8.89,1255.5,3.2,1.94,0.076,0.076,10.52
3,2022,12,20,12,12.7,8.12,10.56,1252.1,2.2,1.86,0.066,0.07,11.46
3,2022,12,20,16,13.1,8.33,11.31,1239.3,1.7,1.94,0.04,0.068,11.6
3,2022,12,20,20,12.8,8.14,9.9,1241.0,2.5,1.94,0.041,0.067,12.04
3,2022,12,21,0,12.2,7.96,9.19,1247.2,2.0,1.94,0.041,0.067,12.04
3,2022,12,21,4,11.8,7.91,8.94,1254.8,2.5,2.08,0.061,0.073,12.34
3,2022,12,21,8,11.7,7.89,8.94,1258.2,2.7,2.02,0.069,0.073,12.5
3,2022,12,21,12,12.3,8.1,10.7,1266.3,2.1,2.21,0.054,0.068,13.51
3,2022,12,21,16,12.7,8.32,11.39,1256.6,1.6,2.31,0.036,0.07,13.46
3,2022,12,21,20,12.4,8.14,10.13,1249.3,2.3,2.07,0.047,0.074,12.48
3,2022,12,22,0,12.0,7.95,9.05,1252.2,2.5,2.07,0.047,0.074,12.48
3,2022,12,22,4,11.5,7.9,8.9,1250.1,2.0,2.17,0.213,0.076,11.65
3,2022,12,22,8,11.2,7.9,9.05,1250.1,1.9,2.17,0.082,0.074,11.37
3,2022,12,22,8,11.2,7.9,9.05,1250.1,1.9,1.97,0.082,0.074,11.37
3,2022,12,22,12,11.4,8.17,11.32,1253.6,1.7,1.97,0.046,0.067,12.17
3,2022,12,22,12,11.4,8.17,11.32,1253.6,1.7,2.14,0.046,0.067,12.17
3,2022,12,22,16,11.6,8.34,11.67,1247.8,2.1,2.14,0.037,0.07,12.87
3,2022,12,22,20,11.1,8.12,10.37,1239.1,3.1,2.0,0.05,0.072,12.43
3,2022,12,23,0,11.2,7.94,9.32,1258.3,2.0,1.99,0.05,0.072,12.43
3,2022,12,23,4,11.4,7.9,9.04,1252.4,1.7,2.12,0.068,0.074,12.24
3,2022,12,23,8,11.3,7.89,9.16,1253.2,2.6,1.81,0.063,0.073,11.33
3,2022,12,23,12,11.7,8.15,11.06,1257.8,1.4,1.79,0.042,0.065,11.7
3,2022,12,23,16,12.3,8.34,11.75,1254.6,2.2,2.04,0.037,0.065,12.14
3,2022,12,23,20,11.8,8.16,10.4,1249.1,2.2,1.9,0.046,0.068,12.1
3,2022,12,24,0,11.6,7.94,9.25,1260.0,1.8,1.96,0.046,0.068,12.1
3,2022,12,24,4,11.4,7.88,9.14,1239.2,1.9,2.1,0.058,0.073,13.09
3,2022,12,24,8,11.4,7.88,9.1,1258.7,2.3,2.09,0.061,0.07,12.3
3,2022,12,24,12,11.6,8.14,11.3,1257.3,1.9,1.93,0.047,0.074,12.35
3,2022,12,24,16,12.3,8.28,11.74,1241.9,1.5,2.22,0.044,0.071,12.41
3,2022,12,24,20,12.2,8.06,10.36,1241.5,1.7,2.36,0.059,0.074,12.43
3,2022,12,25,0,12.0,7.92,9.46,1263.5,2.0,2.17,0.059,0.074,12.43
3,2022,12,25,4,11.9,7.88,9.06,1261.9,2.9,1.9,0.07,0.072,11.19
3,2022,12,25,8,11.9,7.88,9.05,1260.5,1.8,2.03,0.065,0.072,11.01
3,2022,12,25,12,12.2,8.08,10.63,1259.6,2.6,2.04,0.05,0.068,12.08
3,2022,12,25,16,12.6,8.31,11.71,1258.6,1.4,1.94,0.049,0.076,11.78
3,2022,12,25,20,12.6,8.14,10.32,1257.4,2.5,2.18,0.061,0.082,12.32
3,2022,12,26,0,12.5,7.94,9.4,1260.1,2.6,2.08,0.061,0.082,12.32
3,2022,12,26,4,12.4,7.89,9.04,1264.0,3.2,2.08,0.067,0.077,11.05
3,2022,12,26,8,10.7,7.89,9.43,1211.8,3.4,2.09,0.061,0.081,11.55
3,2022,12,26,12,11.9,8.1,10.98,1242.7,3.9,2.41,0.052,0.077,10.89
3,2022,12,26,16,12.8,8.32,11.4,1236.8,1.9,2.42,0.044,0.084,11.46
3,2022,12,26,20,12.7,8.11,10.27,1246.2,2.7,2.25,0.055,0.091,11.83
3,2022,12,27,0,12.6,7.93,9.12,1260.8,2.9,2.25,0.055,0.091,11.83
3,2022,12,27,4,12.4,7.89,8.95,1263.9,2.5,1.91,0.072,0.086,10.81
3,2022,12,27,8,11.9,7.89,9.1,1258.8,2.5,2.1,0.061,0.077,10.48
3,2022,12,27,12,12.2,8.14,11.01,1263.6,1.6,1.8,0.042,0.07,10.93
3,2022,12,27,16,12.3,8.31,11.65,1245.9,2.3,2.23,0.041,0.079,11.12
3,2022,12,27,20,12.1,8.11,10.19,1247.8,1.9,2.06,0.05,0.08,11.39
3,2022,12,28,0,12.0,7.95,9.15,1253.3,2.6,2.06,0.05,0.08,11.39
3,2022,12,28,4,12.2,7.88,8.79,1268.9,2.7,1.9,0.083,0.073,11.0
3,2022,12,28,8,12.2,7.87,8.88,1272.0,2.1,2.16,0.096,0.07,11.23
3,2022,12,28,12,12.5,8.11,10.87,1266.0,1.5,2.21,0.06,0.066,11.36
3,2022,12,28,16,12.9,8.28,11.83,1256.5,1.5,2.13,0.041,0.07,11.69
3,2022,12,28,20,12.6,8.1,10.5,1255.3,2.6,2.22,0.051,0.074,11.76
3,2022,12,29,0,12.4,7.93,9.24,1258.3,2.6,2.22,0.051,0.074,11.76
3,2022,12,29,4,12.2,7.89,9.0,1250.8,2.3,1.86,0.057,0.071,11.01
3,2022,12,29,8,12.0,7.89,9.13,1251.3,2.3,2.05,0.06,0.072,10.76
3,2022,12,29,12,12.4,8.13,10.96,1245.7,1.6,1.91,0.048,0.068,10.82
3,2022,12,29,16,12.9,8.24,11.76,1240.4,2.5,2.0,0.045,0.068,11.24
3,2022,12,29,20,12.7,8.07,10.24,1241.6,2.1,2.04,0.046,0.069,11.24
3,2022,12,30,0,12.6,7.93,9.06,1241.3,2.3,2.04,0.046,0.069,11.24
3,2022,12,30,4,12.3,7.88,9.0,1247.4,2.3,1.98,0.066,0.064,10.86
3,2022,12,30,8,12.1,7.86,8.93,1254.7,2.3,2.34,0.072,0.064,11.24
3,2022,12,30,12,12.6,8.05,10.83,1256.5,2.0,2.41,0.071,0.061,11.7
3,2022,12,30,16,13.1,8.29,11.69,1244.1,2.7,2.08,0.052,0.06,11.35
3,2022,12,30,20,12.7,8.13,10.16,1242.0,2.9,2.26,0.052,0.06,11.36
3,2022,12,31,0,12.6,7.91,9.02,1255.2,2.4,2.26,0.052,0.06,11.36
3,2022,12,31,4,12.0,7.88,8.9,1245.0,2.5,2.34,0.075,0.062,10.94
3,2022,12,31,8,12.0,7.86,8.97,1238.8,4.5,2.15,0.086,0.065,10.52
3,2022,12,31,12,12.6,8.08,10.62,1244.4,2.2,2.27,0.068,0.062,10.9
3,2022,12,31,16,13.2,8.32,11.58,1234.4,2.2,2.29,0.044,0.068,11.38
3,2022,12,31,20,12.8,8.12,10.14,1243.9,1.9,2.41,0.048,0.071,11.54
3,2023,1,1,0,12.9,7.92,8.97,1250.8,2.9,2.41,0.048,0.071,11.54
3,2023,1,1,4,12.7,7.87,8.85,1248.9,2.3,2.22,0.066,0.073,10.16
3,2023,1,1,8,12.4,7.88,8.8,1245.9,2.5,2.15,0.061,0.077,9.95
3,2023,1,1,12,12.8,8.14,10.84,1245.0,2.5,2.03,0.048,0.071,10.74
3,2023,1,1,16,13.2,8.36,11.61,1249.8,3.0,2.34,0.041,0.074,10.77
3,2023,1,1,20,13.1,8.15,10.12,1243.5,1.8,2.07,0.046,0.076,10.56
3,2023,1,2,0,12.9,7.94,8.99,1244.6,2.3,2.07,0.046,0.076,10.56
3,2023,1,2,4,12.6,7.9,8.57,1248.0,3.0,2.12,0.06,0.074,10.19
3,2023,1,2,8,12.4,7.9,8.75,1249.9,3.1,2.22,0.065,0.073,9.86
3,2023,1,2,12,12.5,8.14,10.78,1256.3,3.3,2.45,0.05,0.069,10.48
3,2023,1,2,16,13.2,8.34,11.59,1238.0,2.9,2.42,0.042,0.073,10.87
3,2023,1,2,20,12.8,8.18,10.28,1242.5,2.4,2.2,0.046,0.076,10.89
3,2023,1,3,0,12.9,7.9,8.77,1253.0,3.3,2.2,0.046,0.076,10.89
3,2023,1,3,4,12.6,7.9,8.65,1247.6,3.0,2.28,0.067,0.074,10.65
3,2023,1,3,8,12.3,7.89,8.66,1246.5,3.4,2.28,0.067,0.074,10.65
3,2023,1,3,12,12.7,8.17,10.8,1259.9,2.4,2.15,0.049,0.063,10.92
3,2023,1,3,16,13.3,8.41,11.59,1233.3,2.3,2.24,0.041,0.066,11.36
3,2023,1,3,20,13.1,8.18,10.14,1238.6,1.9,2.24,0.045,0.069,11.22
3,2023,1,4,0,12.8,7.94,8.81,1254.4,3.3,2.24,0.045,0.069,11.22
3,2023,1,4,4,12.9,7.87,8.48,1241.4,3.6,2.29,0.07,0.069,10.91
3,2023,1,4,8,12.6,7.87,8.57,1245.8,3.0,2.33,0.07,0.069,10.62
3,2023,1,4,12,13.1,8.14,10.63,1248.8,2.5,2.22,0.051,0.076,10.33
3,2023,1,4,16,13.3,8.39,11.94,1272.0,2.7,2.33,0.041,0.07,11.17
3,2023,1,4,20,13.1,8.16,10.28,1272.5,2.4,2.48,0.05,0.072,11.76
3,2023,1,5,0,12.7,7.93,8.91,1284.3,2.5,2.48,0.05,0.072,11.76
3,2023,1,5,4,12.6,7.87,8.58,1280.4,2.8,2.3,0.06,0.068,11.15
3,2023,1,5,8,12.3,7.86,8.75,1278.4,2.9,2.34,0.064,0.068,10.32
3,2023,1,5,12,12.7,8.13,10.78,1279.1,2.2,2.55,0.043,0.065,11.23
3,2023,1,5,16,13.2,8.4,11.75,1272.7,2.3,2.15,0.039,0.068,10.9
3,2023,1,5,20,13.1,8.21,10.21,1264.7,2.2,2.33,0.046,0.073,11.13
3,2023,1,6,0,12.8,7.94,8.75,1277.0,2.7,2.37,0.06,0.078,10.61
3,2023,1,6,4,12.7,7.88,8.33,1278.1,3.2,2.26,0.062,0.074,10.34
3,2023,1,6,8,12.5,7.87,8.3,1270.8,3.0,2.29,0.066,0.075,9.98
3,2023,1,6,12,12.8,8.13,10.69,1272.6,2.3,2.12,0.051,0.075,10.07
3,2023,1,6,16,13.2,8.42,11.6,1258.9,1.9,2.17,0.044,0.082,10.28
3,2023,1,6,20,12.8,8.26,10.29,1258.4,2.6,2.15,0.045,0.085,9.97
3,2023,1,7,0,12.9,7.97,8.69,1272.1,2.2,2.38,0.057,0.086,10.45
3,2023,1,7,4,12.7,7.9,8.42,1259.1,2.8,2.37,0.055,0.082,10.03
3,2023,1,7,8,12.5,7.88,8.46,1262.8,3.5,2.27,0.061,0.076,9.8
3,2023,1,7,12,12.8,8.11,10.4,1262.7,2.2,2.24,0.047,0.07,10.3
3,2023,1,7,16,13.2,8.38,11.6,1263.2,1.6,2.2,0.042,0.072,10.63
3,2023,1,7,20,13.3,8.19,10.19,1264.9,2.5,2.28,0.048,0.072,10.64
3,2023,1,8,0,13.2,7.82,8.65,1238.0,3.7,2.89,0.084,0.076,10.75
3,2023,1,8,4,13.1,7.77,8.33,1239.2,4.1,2.71,0.096,0.072,9.96
3,2023,1,8,8,12.9,7.75,8.43,1245.3,7.0,3.19,0.115,0.083,10.29
3,2023,1,8,12,13.4,7.91,10.03,1244.7,3.3,3.02,0.089,0.081,10.58
3,2023,1,8,16,14.1,8.16,10.97,1230.5,3.1,2.89,0.062,0.076,10.54
3,2023,1,8,20,13.8,7.94,9.26,1226.9,3.9,2.86,0.086,0.073,10.16
3,2023,1,9,0,13.6,7.79,8.36,1226.3,4.5,3.04,0.129,0.07,9.9
3,2023,1,9,4,13.3,7.79,8.32,1234.0,5.3,2.93,0.112,0.072,9.26
3,2023,1,9,8,13.3,7.78,8.39,1239.4,5.6,2.79,0.101,0.082,9.46
3,2023,1,9,12,13.7,8.0,10.25,1241.9,2.8,2.77,0.062,0.074,10.23
3,2023,1,9,16,14.2,8.19,11.12,1233.3,2.9,3.14,0.055,0.072,10.22
3,2023,1,9,20,13.9,7.94,9.38,1222.6,3.7,2.81,0.098,0.079,10.13
3,2023,1,10,4,13.3,7.77,8.68,1236.4,4.8,2.82,0.141,0.071,9.88
3,2023,1,10,8,13.1,7.76,8.77,1234.4,5.0,2.83,0.168,0.071,9.34
3,2023,1,10,12,13.6,7.97,10.48,1235.0,3.2,3.17,0.179,0.077,9.85
3,2023,1,10,16,14.2,8.2,11.25,1224.3,2.5,2.92,0.096,0.069,10.18
3,2023,1,10,16,14.2,8.2,11.25,1224.3,2.5,2.92,0.096,0.069,10.18
3,2023,1,10,20,13.9,7.96,9.65,1220.4,3.3,2.85,0.053,0.068,9.82
3,2023,1,11,0,13.6,7.81,8.84,1226.1,4.7,2.82,0.069,0.066,9.79
3,2023,1,11,4,13.4,7.78,8.59,1230.5,4.5,3.14,0.065,0.068,9.38
3,2023,1,12,0,13.7,7.8,8.58,1228.9,4.5,3.35,0.091,0.066,10.26
3,2023,1,12,0,13.7,7.8,8.58,1228.9,4.5,3.1,0.096,0.069,9.97
3,2023,1,12,12,13.7,7.81,8.71,1213.0,3.5,3.03,0.099,0.072,9.96
3,2023,1,12,16,13.8,7.82,8.92,1213.7,3.6,3.1,0.088,0.062,10.18
3,2023,1,12,20,13.7,7.77,8.7,1205.0,4.3,3.11,0.118,0.062,10.37
3,2023,1,12,20,13.7,7.77,8.7,1205.0,4.3,2.96,0.118,0.066,9.8
3,2023,1,12,20,13.7,7.77,8.7,1205.0,4.3,2.96,0.118,0.066,9.8
3,2023,1,13,16,14.2,7.9,9.44,1226.6,4.1,3.17,0.11,0.067,10.38
3,2023,1,13,20,13.6,7.81,8.98,1220.0,5.0,3.16,0.114,0.068,10.37
3,2023,1,14,0,12.9,7.85,8.87,1216.4,6.4,3.35,0.114,0.065,10.4
3,2023,1,14,4,12.2,7.86,9.11,1214.5,5.8,3.51,0.097,0.062,9.69
3,2023,1,14,8,11.9,7.84,9.13,1206.9,5.3,3.26,0.118,0.063,9.62
3,2023,1,14,12,11.6,8.0,10.54,1208.8,4.4,3.09,0.084,0.072,9.54
3,2023,1,14,16,12.0,8.23,11.62,1201.3,3.8,2.75,0.053,0.067,9.78
3,2023,1,14,20,11.8,8.05,10.48,1194.0,3.3,2.62,0.062,0.062,9.43
3,2023,1,15,0,11.6,7.9,9.3,1198.5,4.3,2.8,0.062,0.058,9.56
3,2023,1,15,4,11.8,7.86,9.18,1201.0,5.3,2.92,0.064,0.056,9.28
3,2023,1,15,8,11.8,7.82,9.11,1205.0,5.2,2.98,0.075,0.062,9.54
3,2023,1,15,12,12.3,8.0,10.69,1227.2,2.8,2.84,0.069,0.058,10.01
3,2023,1,15,16,12.8,8.19,11.26,1220.3,2.7,2.82,0.054,0.053,9.96
3,2023,1,15,20,12.3,7.98,9.91,1210.5,5.3,2.95,0.071,0.051,10.08
3,2023,1,16,0,12.2,7.84,9.03,1214.0,4.9,2.95,0.071,0.051,10.08
3,2023,1,16,4,12.2,7.83,8.97,1216.3,5.7,3.02,0.078,0.054,9.12
3,2023,1,16,12,12.7,8.0,10.51,1230.9,3.5,2.89,0.088,0.062,10.48
3,2023,1,16,16,13.2,8.19,11.26,1221.0,2.6,2.75,0.052,0.057,10.0
3,2023,1,16,20,12.7,7.98,9.95,1212.3,5.1,3.0,0.068,0.057,10.01
3,2023,1,17,0,12.4,7.84,9.05,1213.7,5.9,3.0,0.068,0.057,10.01
3,2023,1,17,4,12.4,7.82,9.02,1218.5,5.6,2.93,0.088,0.057,9.48
3,2023,1,17,8,12.3,7.8,8.98,1223.0,4.9,3.21,0.121,0.063,10.25
3,2023,1,17,12,12.8,7.98,10.48,1224.8,3.2,3.03,0.082,0.056,10.16
3,2023,1,17,16,13.2,8.21,11.14,1214.4,4.3,2.87,0.056,0.055,10.05
3,2023,1,17,20,13.1,8.0,9.83,1214.6,4.3,3.32,0.061,0.055,9.92
3,2023,1,18,0,12.8,7.85,9.28,1215.1,5.1,3.32,0.061,0.055,9.92
3,2023,1,18,4,12.6,7.83,9.14,1217.1,4.9,3.17,0.065,0.058,9.5
3,2023,1,18,8,12.5,7.8,9.06,1224.6,5.4,3.35,0.077,0.062,9.93
3,2023,1,18,12,13.1,7.97,10.51,1235.6,4.1,2.83,0.063,0.056,10.08
3,2023,1,18,16,13.6,8.2,11.1,1224.7,2.7,2.87,0.047,0.053,9.78
3,2023,1,18,20,13.3,7.99,9.98,1215.4,3.3,3.22,0.06,0.054,9.9
3,2023,1,19,0,12.9,7.83,8.98,1220.8,5.0,3.22,0.06,0.054,9.9
3,2023,1,19,4,12.8,7.81,8.76,1226.0,5.0,3.22,0.074,0.057,9.78
3,2023,1,19,8,12.7,7.77,8.9,1235.5,5.9,3.32,0.096,0.066,10.64
3,2023,1,28,8,11.9,7.82,8.98,1213.3,3.4,2.46,0.065,0.107,11.18
3,2023,1,28,12,12.3,8.05,10.81,1219.6,3.0,2.36,0.063,0.123,11.74
3,2023,1,28,16,13.2,8.31,11.52,1209.1,2.5,2.25,0.06,0.105,11.86
3,2023,1,28,20,12.7,8.01,10.06,1209.3,4.1,2.31,0.081,0.108,12.37
3,2023,1,29,0,12.3,7.81,8.77,1209.5,3.5,2.31,0.081,0.108,12.37
3,2023,1,29,4,12.0,7.8,8.6,1215.2,3.4,2.32,0.132,0.086,11.67
3,2023,1,29,8,12.0,7.78,8.68,1222.5,3.4,2.45,0.138,0.082,12.09
3,2023,1,29,12,12.8,8.01,10.66,1230.2,2.6,2.35,0.128,0.093,11.86
3,2023,1,29,16,13.4,8.29,11.36,1213.2,2.0,2.42,0.088,0.097,12.14
3,2023,1,29,20,13.1,8.01,9.82,1213.7,2.5,2.52,0.072,0.094,12.61
3,2023,1,30,4,12.6,7.78,8.56,1226.5,3.9,2.53,0.104,0.079,12.14
3,2023,1,30,8,12.4,7.76,8.68,1231.5,5.3,2.53,0.13,0.089,12.03
3,2023,1,30,12,13.1,7.99,10.37,1233.3,2.1,2.5,0.103,0.103,11.96
3,2023,1,30,16,13.8,8.28,11.29,1227.0,3.5,2.52,0.078,0.108,11.63
3,2023,1,30,20,13.6,8.01,9.62,1212.9,3.5,2.64,0.104,0.113,11.68
3,2023,1,31,0,13.0,7.78,8.51,1220.6,3.7,2.64,0.104,0.113,11.68
3,2023,1,31,4,12.7,7.76,8.37,1229.1,3.8,2.58,0.11,0.103,11.45
3,2023,1,31,8,12.6,7.76,8.54,1230.9,4.3,2.6,0.1,0.098,11.51
3,2023,1,31,12,13.3,8.01,10.31,1239.1,3.1,2.48,0.069,0.105,11.81
3,2023,1,31,16,14.3,8.29,11.22,1231.1,2.8,2.42,0.049,0.106,11.94
3,2023,1,31,20,13.7,8.03,9.51,1224.4,3.5,2.5,0.054,0.112,11.8
3,2023,2,1,0,12.8,7.84,8.58,1228.0,3.9,2.5,0.054,0.112,11.8
3,2023,2,1,4,12.1,7.82,8.76,1233.5,3.9,2.6,0.077,0.09,10.87
3,2023,2,1,8,11.8,7.8,8.95,1240.9,3.1,2.82,0.084,0.089,11.92
3,2023,2,1,12,12.4,8.01,10.66,1246.1,2.7,2.71,0.064,0.1,12.44
3,2023,2,1,16,13.2,8.35,11.73,1239.5,2.9,2.6,0.058,0.105,11.76
3,2023,2,1,20,12.9,8.05,10.05,1224.3,2.6,2.56,0.05,0.11,11.95
3,2023,2,2,0,12.6,7.83,8.76,1233.9,4.0,2.56,0.05,0.11,11.95
3,2023,2,2,4,12.4,7.79,8.66,1233.9,4.9,2.58,0.069,0.083,11.45
3,2023,2,2,8,12.4,7.77,8.8,1237.1,3.6,2.63,0.095,0.084,11.69
3,2023,2,2,12,12.8,8.0,10.54,1237.3,2.7,2.6,0.079,0.091,11.84
3,2023,2,2,16,13.4,8.31,11.49,1222.5,1.9,2.58,0.058,0.096,11.44
3,2023,2,2,20,13.3,8.04,9.98,1219.6,3.4,2.75,0.07,0.106,11.66
3,2023,2,3,0,12.8,7.82,8.66,1221.4,3.5,2.75,0.07,0.106,11.66
3,2023,2,3,4,12.6,7.79,8.54,1224.9,4.0,2.66,0.108,0.086,10.59
3,2023,2,3,8,12.5,7.78,8.66,1225.8,3.4,2.06,0.134,0.094,10.91
3,2023,2,3,12,13.0,7.98,10.38,1229.0,2.6,2.75,0.087,0.112,11.3
3,2023,2,3,16,13.9,8.32,11.43,1219.4,2.3,3.09,0.056,0.119,11.52
3,2023,2,3,20,13.6,8.04,9.79,1214.1,2.7,3.4,0.061,0.117,11.41
3,2023,2,4,0,13.1,7.82,8.59,1218.6,4.5,3.4,0.061,0.117,11.41
3,2023,2,4,4,12.8,7.79,8.58,1215.8,4.1,3.28,0.065,0.09,10.57
3,2023,2,4,8,12.7,7.76,8.48,1216.0,3.9,3.34,0.082,0.102,10.84
3,2023,2,4,12,13.4,8.01,10.54,1223.7,2.5,3.32,0.059,0.12,11.6
3,2023,2,4,16,14.3,8.33,11.46,1209.1,3.1,3.13,0.05,0.112,11.89
3,2023,2,4,20,13.7,8.04,9.76,1211.9,2.7,3.2,0.053,0.102,11.39
3,2023,2,5,0,13.3,7.8,8.56,1216.5,4.1,3.2,0.053,0.102,11.39
3,2023,2,5,4,13.1,7.78,8.35,1213.7,4.4,3.3,0.08,0.085,10.21
3,2023,2,5,8,12.9,7.75,8.49,1214.9,4.4,3.28,0.076,0.09,10.49
3,2023,2,5,12,13.5,8.0,10.46,1214.6,3.7,3.2,0.061,0.104,11.04
3,2023,2,5,16,14.2,8.31,11.48,1205.1,2.9,3.26,0.049,0.105,11.23
3,2023,2,5,20,13.8,8.02,9.98,1207.1,3.0,3.39,0.05,0.099,11.21
3,2023,2,6,0,13.4,7.76,8.59,1200.3,3.9,3.39,0.05,0.099,11.21
3,2023,2,6,4,13.3,7.72,8.32,1211.0,5.6,3.6,0.071,0.082,9.93
3,2023,2,6,8,12.9,7.71,8.55,1192.0,3.8,3.58,0.079,0.09,10.09
3,2023,2,6,12,13.7,8.0,10.41,1213.0,3.1,3.31,0.067,0.098,10.55
3,2023,2,6,16,14.5,8.26,11.83,1205.9,3.7,3.31,0.056,0.099,9.94
3,2023,2,6,20,14.1,7.98,10.44,1200.7,3.2,3.43,0.061,0.097,10.28
3,2023,2,7,0,13.4,7.79,8.85,1202.1,3.9,3.43,0.061,0.097,10.28
3,2023,2,7,4,13.1,7.78,8.5,1200.8,5.2,3.64,0.115,0.076,9.23
3,2023,2,7,8,12.9,7.76,8.72,1207.6,3.7,3.55,0.12,0.082,9.75
3,2023,2,7,12,13.4,8.03,10.74,1214.1,2.8,3.5,0.063,0.085,10.24
3,2023,2,7,16,14.2,8.35,11.91,1202.2,3.0,3.65,0.058,0.089,10.36
3,2023,2,7,20,13.9,8.06,10.27,1202.3,3.7,3.65,0.067,0.089,10.36
3,2023,2,8,0,13.3,7.8,8.75,1210.2,4.0,3.65,0.067,0.089,10.36
3,2023,2,8,4,13.3,7.79,8.62,1218.5,4.7,3.45,0.084,0.071,9.33
3,2023,2,8,8,13.1,7.79,8.7,1223.7,4.4,3.58,0.074,0.073,10.04
3,2023,2,8,12,14.0,8.03,10.65,1221.3,2.7,3.42,0.068,0.08,10.11
3,2023,2,8,16,14.7,8.32,11.87,1214.2,3.1,3.37,0.068,0.081,10.3
3,2023,2,8,20,14.2,8.05,9.98,1215.5,4.9,3.55,0.069,0.078,10.18
3,2023,2,9,0,13.8,7.84,8.52,1214.9,4.5,3.55,0.069,0.078,10.18
3,2023,2,9,4,13.5,7.8,8.3,1218.5,4.5,3.54,0.109,0.07,9.19
3,2023,2,9,12,13.6,7.87,9.35,1216.7,4.0,3.51,0.096,0.082,10.17
3,2023,2,9,16,13.6,7.94,9.5,1213.7,3.2,3.55,0.151,0.09,10.12
3,2023,2,9,20,13.5,7.86,8.85,1210.9,3.5,3.52,0.134,0.091,9.95
3,2023,2,10,0,13.4,7.83,8.48,1216.4,4.3,3.52,0.134,0.091,9.95
3,2023,2,10,4,13.5,7.82,8.26,1220.1,5.5,3.41,0.199,0.089,9.6
3,2023,2,10,8,13.1,7.75,8.28,1210.0,5.2,3.88,0.881,0.125,11.39
3,2023,2,10,12,13.6,7.96,10.3,1222.1,3.0,3.38,0.143,0.099,10.32
3,2023,2,10,16,14.2,8.26,11.36,1209.2,3.0,3.38,0.112,0.096,9.92
3,2023,2,10,20,14.1,8.01,9.78,1214.8,5.3,3.47,0.134,0.094,10.68
3,2023,2,11,0,13.7,7.8,8.39,1219.0,4.7,3.47,0.134,0.094,10.68
3,2023,2,11,4,13.7,7.74,7.94,1226.3,4.9,3.75,0.49,0.095,10.03
3,2023,2,11,8,13.8,7.72,7.84,1229.4,4.9,3.7,0.558,0.105,10.42
3,2023,2,11,12,13.8,7.76,8.49,1218.0,3.9,3.46,0.149,0.089,10.38
3,2023,2,11,16,14.1,7.88,9.25,1221.7,3.4,3.4,0.156,0.086,9.85
3,2023,2,11,20,14.0,7.82,8.86,1226.0,4.0,3.59,0.206,0.085,10.21
3,2023,2,12,0,14.1,7.75,8.03,1235.1,5.9,3.59,0.206,0.085,10.21
3,2023,2,12,4,14.0,7.8,8.16,1241.5,6.8,3.44,0.115,0.082,9.78
3,2023,2,12,8,14.0,7.8,8.3,1236.4,6.3,3.38,0.104,0.083,9.98
3,2023,2,12,12,13.8,7.82,8.64,1240.6,5.7,3.58,0.142,0.086,10.46
3,2023,2,12,16,14.0,7.88,9.39,1232.1,4.2,3.68,0.128,0.082,10.53
3,2023,2,12,20,14.0,7.82,8.62,1250.6,6.1,3.86,0.148,0.085,10.48
3,2023,2,13,0,14.0,7.77,8.29,1242.0,6.3,3.86,0.148,0.085,10.48
3,2023,2,13,4,13.7,7.77,8.14,1252.5,8.0,3.9,0.132,0.086,9.72
3,2023,2,13,8,13.2,7.75,8.49,1247.8,5.8,3.78,0.126,0.088,10.26
3,2023,2,13,12,13.8,7.95,10.74,1249.5,4.9,3.72,0.134,0.093,10.9
3,2023,2,13,20,14.0,7.96,9.95,1243.1,5.7,3.89,0.177,0.08,11.06
3,2023,2,14,0,13.4,7.79,8.84,1251.8,5.5,3.89,0.177,0.08,11.06
3,2023,2,14,4,13.3,7.79,8.63,1244.8,6.4,3.72,0.092,0.068,10.24
3,2023,2,14,8,13.3,7.77,8.77,1253.2,5.9,3.74,0.082,0.07,10.09
3,2023,2,14,12,13.8,7.96,10.39,1244.9,4.7,3.69,0.088,0.072,10.08
3,2023,2,14,16,14.3,8.23,11.51,1239.1,2.8,3.39,0.075,0.072,9.88
3,2023,2,14,20,14.1,8.02,10.08,1234.2,4.3,3.57,0.082,0.071,9.9
3,2023,2,15,0,13.7,7.83,8.77,1230.9,6.5,3.57,0.082,0.071,9.9
3,2023,2,15,4,13.4,7.82,8.68,1245.3,5.6,3.5,0.063,0.063,9.39
3,2023,2,15,8,13.3,7.77,8.76,1248.6,6.2,3.87,0.095,0.068,10.09
3,2023,2,15,12,13.6,7.96,10.64,1251.0,4.0,3.66,0.121,0.065,10.35
3,2023,2,15,16,14.5,8.24,11.78,1243.8,3.0,3.71,0.102,0.066,10.43
3,2023,2,15,20,14.1,7.99,10.0,1238.1,5.7,3.69,0.106,0.066,10.22
3,2023,2,16,0,13.7,7.79,8.63,1246.7,5.5,3.69,0.106,0.066,10.22
3,2023,2,16,4,13.4,7.78,8.54,1239.9,6.5,3.6,0.072,0.06,9.36
3,2023,2,16,8,13.3,7.76,8.67,1245.0,4.3,3.51,0.078,0.066,9.9
3,2023,2,16,12,14.0,7.96,10.39,1244.9,2.7,3.53,0.092,0.062,10.19
3,2023,2,16,16,15.0,8.22,11.65,1242.2,3.2,3.44,0.102,0.062,10.59
3,2023,2,16,20,14.6,7.94,9.88,1237.5,4.6,3.78,0.148,0.063,10.3
3,2023,2,17,0,14.1,7.79,8.42,1238.6,6.2,3.78,0.148,0.063,10.3
3,2023,2,17,4,13.8,7.76,8.34,1239.9,5.8,3.74,0.101,0.057,9.37
3,2023,2,17,8,13.7,7.73,8.29,1249.7,5.1,3.77,0.156,0.062,10.58
3,2023,2,17,12,14.1,7.9,9.73,1247.9,3.9,3.74,0.132,0.058,10.96
3,2023,2,17,16,14.6,8.11,10.59,1243.4,4.8,3.62,0.085,0.06,11.0
3,2023,2,17,20,14.4,7.93,9.34,1241.2,4.7,3.78,0.094,0.062,10.33
3,2023,2,18,0,14.1,7.82,8.39,1241.6,5.5,3.78,0.094,0.062,10.33
3,2023,2,18,4,14.1,7.79,8.33,1240.2,6.0,3.56,0.073,0.058,9.65
3,2023,2,18,8,14.0,7.77,8.28,1239.0,4.9,3.67,0.082,0.062,10.74
3,2023,2,18,12,14.2,7.84,8.93,1233.6,4.7,3.81,0.087,0.057,10.5
3,2023,2,18,16,14.5,7.95,9.6,1236.3,3.1,3.79,0.091,0.06,10.79
3,2023,2,18,20,13.8,7.9,9.24,1239.7,3.9,3.87,0.105,0.062,11.07
3,2023,2,19,0,13.2,7.82,8.5,1228.1,5.7,3.87,0.105,0.062,11.07
3,2023,2,19,4,13.3,7.82,8.54,1237.0,5.4,4.05,0.08,0.059,10.18
3,2023,2,19,8,13.2,7.79,8.62,1225.3,5.5,3.92,0.087,0.067,10.6
3,2023,2,19,12,14.1,7.97,10.67,1225.7,2.8,3.88,0.085,0.071,10.6
3,2023,2,19,16,15.3,8.3,11.52,1219.0,3.0,3.67,0.071,0.062,10.28
3,2023,2,19,20,14.7,8.04,9.95,1211.4,4.4,3.98,0.08,0.063,10.09
3,2023,2,20,0,14.1,7.84,8.9,1225.2,6.0,3.98,0.08,0.063,10.09
3,2023,2,20,4,13.7,7.82,8.52,1228.5,5.7,3.96,0.064,0.054,9.72
3,2023,2,20,8,13.5,7.79,8.7,1220.4,5.3,3.95,0.066,0.058,10.64
3,2023,2,20,12,14.2,8.02,10.59,1233.0,3.2,3.77,0.061,0.054,10.82
3,2023,2,20,16,15.2,8.3,11.8,1217.2,2.8,3.88,0.067,0.056,10.49
3,2023,2,20,20,14.7,8.02,10.05,1211.7,5.9,4.01,0.08,0.058,10.23
3,2023,2,21,0,13.9,7.83,8.75,1202.3,5.6,4.01,0.08,0.058,10.23
3,2023,2,21,4,13.4,7.81,8.62,1215.3,6.7,3.98,0.073,0.054,9.3
3,2023,2,21,8,13.3,7.8,8.7,1214.6,4.5,3.84,0.068,0.056,10.13
3,2023,2,21,12,14.0,8.06,10.98,1223.0,3.3,3.84,0.06,0.055,10.14
3,2023,2,21,16,14.6,8.34,11.94,1207.6,3.2,3.81,0.065,0.058,9.6
3,2023,2,21,20,14.5,8.05,9.94,1217.4,5.1,3.82,0.08,0.057,9.36
3,2023,2,22,0,13.0,7.89,9.0,1192.5,6.8,3.94,0.08,0.057,9.36
3,2023,2,22,4,13.3,7.86,8.57,1209.6,6.5,3.94,0.063,0.057,9.08
3,2023,2,22,8,13.7,7.82,8.5,1214.4,4.2,3.79,0.071,0.058,9.4
3,2023,2,22,12,14.4,8.08,10.64,1221.3,3.1,3.62,0.064,0.054,10.17
3,2023,2,22,16,15.6,8.38,11.86,1221.0,3.6,3.79,0.068,0.056,10.28
3,2023,2,22,20,15.3,8.09,9.86,1222.9,4.4,3.6,0.074,0.054,10.18
3,2023,2,23,0,14.6,7.84,8.4,1227.6,5.7,4.01,0.074,0.054,10.18
3,2023,2,23,4,14.3,7.8,8.13,1229.4,6.2,4.01,0.064,0.052,9.09
3,2023,2,23,8,14.2,7.79,8.14,1238.2,4.7,3.9,0.066,0.056,9.75
3,2023,2,23,12,14.8,8.02,10.38,1235.0,3.8,3.82,0.07,0.056,9.06
3,2023,2,23,16,15.8,8.33,11.62,1228.4,3.1,3.79,0.067,0.056,9.2
3,2023,2,23,20,15.6,8.05,10.01,1231.6,5.2,3.82,0.08,0.057,10.0
3,2023,2,24,0,14.9,7.8,8.68,1239.2,5.3,3.98,0.08,0.057,10.0
3,2023,2,24,4,14.6,7.8,8.43,1238.9,5.7,3.98,0.068,0.052,9.91
3,2023,2,24,8,14.2,7.79,8.63,1241.5,4.2,4.0,0.076,0.059,9.85
3,2023,2,24,12,14.8,8.05,10.65,1242.7,3.0,3.87,0.072,0.057,10.01
3,2023,2,24,16,15.8,8.36,11.94,1235.4,3.2,3.86,0.071,0.059,9.78
3,2023,2,24,20,15.2,8.09,10.24,1219.2,6.5,3.86,0.077,0.057,9.82
3,2023,2,25,0,14.3,7.85,9.01,1231.5,5.9,3.98,0.077,0.057,9.82
3,2023,2,25,4,13.8,7.84,8.79,1227.6,5.4,3.98,0.066,0.054,9.56
3,2023,2,25,8,13.6,7.79,8.78,1244.3,3.6,4.1,0.097,0.056,10.4
3,2023,2,25,12,14.5,8.04,10.95,1251.2,3.1,3.98,0.079,0.053,10.86
3,2023,2,25,16,15.9,8.37,12.27,1239.0,3.3,4.1,0.065,0.056,10.31
3,2023,2,25,20,15.2,8.08,10.28,1237.0,4.6,3.91,0.081,0.055,9.86
3,2023,2,26,0,14.3,7.83,8.72,1238.1,5.7,4.11,0.081,0.055,9.86
3,2023,2,26,4,14.0,7.82,8.41,1242.7,5.3,4.11,0.061,0.05,10.02
3,2023,2,26,8,13.8,7.79,8.56,1251.1,3.6,4.15,0.079,0.055,10.37
3,2023,2,26,12,14.6,8.07,10.84,1250.1,3.0,4.28,0.077,0.054,10.4
3,2023,2,26,16,15.6,8.41,12.06,1241.0,3.4,3.9,0.066,0.055,10.13
3,2023,2,26,20,15.3,8.14,10.24,1235.4,4.4,3.96,0.07,0.057,10.01
3,2023,2,27,0,14.7,7.86,8.47,1232.9,4.7,4.08,0.07,0.057,10.01
3,2023,2,27,4,14.4,7.82,8.16,1238.7,5.4,4.08,0.065,0.051,8.75
3,2023,2,27,8,14.3,7.81,8.41,1235.3,3.8,4.06,0.074,0.057,9.76
3,2023,2,27,12,15.0,8.05,10.48,1239.0,2.6,3.93,0.076,0.056,9.49
3,2023,2,27,20,15.6,8.14,10.23,1221.9,4.6,4.08,0.091,0.058,9.61
3,2023,2,28,0,15.1,7.85,8.39,1227.3,6.7,4.08,0.091,0.058,9.61
3,2023,2,28,4,14.8,7.82,7.87,1224.3,6.6,4.03,0.066,0.052,8.82
3,2023,2,28,12,15.4,8.1,10.55,1232.8,4.4,3.93,0.068,0.053,9.71
3,2023,2,28,16,16.2,8.49,12.12,1222.1,6.6,4.01,0.069,0.061,9.94
3,2023,2,28,20,15.6,8.09,9.68,1221.6,4.8,4.13,0.074,0.06,9.09
3,2023,3,1,0,14.8,7.89,8.23,1222.7,6.2,4.13,0.074,0.06,9.09
3,2023,3,1,4,14.6,7.84,7.87,1229.7,5.9,4.03,0.065,0.055,8.72
3,2023,3,1,8,14.4,7.84,8.12,1235.4,4.7,3.9,0.066,0.06,9.82
3,2023,3,1,16,15.7,8.46,12.05,1228.3,2.9,3.93,0.069,0.06,9.43
3,2023,3,1,20,15.2,8.18,10.21,1232.2,4.0,3.95,0.076,0.06,9.79
3,2023,3,2,0,14.7,7.9,8.26,1229.7,5.3,3.95,0.076,0.06,9.79
3,2023,3,2,4,14.3,7.86,8.02,1236.3,5.2,3.89,0.064,0.053,8.98
3,2023,3,2,8,14.2,7.84,8.17,1241.2,3.9,3.87,0.069,0.056,9.5
3,2023,3,2,12,15.1,8.14,10.61,1244.4,3.3,3.92,0.061,0.054,10.65
3,2023,3,2,16,16.1,8.49,12.04,1235.6,3.1,3.89,0.062,0.056,10.37
3,2023,3,2,20,15.8,8.2,10.22,1233.9,4.1,4.2,0.068,0.056,10.14
3,2023,3,3,0,15.0,7.88,8.05,1227.0,4.8,4.2,0.068,0.056,10.14
3,2023,3,3,4,14.8,7.83,7.68,1234.1,5.1,3.97,0.06,0.051,9.03
3,2023,3,3,8,14.7,7.8,7.97,1246.0,4.0,4.15,0.07,0.052,10.32
3,2023,3,3,12,15.6,8.12,10.45,1238.0,3.1,4.32,0.069,0.05,11.37
3,2023,3,3,16,17.0,8.52,11.99,1250.9,3.4,4.34,0.06,0.051,10.72
3,2023,3,3,20,16.6,8.14,9.69,1253.6,6.8,4.33,0.072,0.056,10.13
3,2023,3,4,0,15.2,7.89,8.27,1229.2,6.2,4.33,0.072,0.056,10.13
3,2023,3,4,4,15.4,7.8,7.6,1256.5,6.7,4.26,0.075,0.052,9.61
3,2023,3,4,8,15.2,7.78,7.96,1264.1,4.4,4.25,0.073,0.053,10.51
3,2023,3,4,12,16.0,8.09,10.4,1273.6,3.9,4.09,0.065,0.05,10.78
3,2023,3,4,16,17.1,8.46,11.84,1268.4,3.3,4.44,0.063,0.051,10.66
3,2023,3,4,20,16.8,8.19,9.95,1259.0,6.3,4.49,0.07,0.053,10.58
3,2023,3,5,0,16.0,7.86,8.06,1248.1,5.8,4.49,0.07,0.053,10.58
3,2023,3,5,4,15.4,7.8,7.7,1248.6,7.6,4.65,0.071,0.05,9.52
3,2023,3,5,8,15.0,7.82,7.82,1241.8,5.4,4.54,0.066,0.056,9.69
3,2023,3,5,12,15.7,8.12,10.4,1229.9,3.7,4.64,0.062,0.058,9.61
3,2023,3,5,16,16.7,8.49,11.98,1220.5,5.9,4.69,0.066,0.054,9.59
3,2023,3,5,20,16.6,8.25,10.26,1219.3,5.6,4.74,0.068,0.053,9.65
3,2023,3,6,0,16.1,7.88,8.19,1225.6,6.4,4.74,0.068,0.053,9.65
3,2023,3,6,4,15.6,7.79,7.5,1228.5,5.7,4.77,0.098,0.055,9.13
3,2023,3,6,8,15.4,7.76,7.75,1230.1,5.2,4.74,0.109,0.06,9.66
3,2023,3,6,12,16.5,8.09,10.39,1236.9,4.9,4.6,0.077,0.054,10.79
3,2023,3,6,16,17.9,8.5,11.93,1230.6,4.1,4.66,0.067,0.052,10.01
3,2023,3,6,20,17.7,8.2,9.95,1225.1,7.4,4.65,0.082,0.052,10.32
3,2023,3,7,0,16.7,7.83,7.63,1219.6,6.7,4.65,0.082,0.052,10.32
3,2023,3,7,4,16.0,7.77,7.26,1236.9,6.6,4.82,0.136,0.056,9.99
3,2023,3,7,8,15.9,7.75,7.55,1242.4,5.7,5.02,0.127,0.059,10.28
3,2023,3,7,12,16.6,8.06,10.02,1225.8,4.7,4.96,0.075,0.05,11.3
3,2023,3,7,20,17.6,8.21,9.82,1237.1,6.9,4.96,0.066,0.058,10.67
3,2023,3,8,0,17.0,7.84,7.65,1238.2,6.8,4.96,0.066,0.058,10.67
3,2023,3,8,4,16.6,7.77,7.08,1235.7,6.9,5.16,0.104,0.063,9.45
3,2023,3,8,8,16.4,7.75,7.4,1238.0,6.4,4.95,0.142,0.065,9.8
3,2023,3,8,12,17.2,8.09,10.08,1240.8,5.0,4.82,0.097,0.058,10.54
3,2023,3,8,16,18.1,8.57,11.76,1230.0,3.0,4.67,0.067,0.056,10.28
3,2023,3,8,20,17.5,8.51,10.12,1216.1,5.6,4.87,0.064,0.062,10.49
3,2023,3,9,0,16.7,8.03,8.16,1208.7,7.0,4.87,0.064,0.062,10.49
3,2023,3,9,4,16.1,7.79,7.14,1197.6,7.6,5.44,0.082,0.064,7.78
3,2023,3,9,8,15.9,7.85,7.54,1244.9,6.0,4.42,0.07,0.064,9.2
3,2023,3,9,12,16.8,8.17,10.01,1233.1,6.3,4.55,0.064,0.061,9.8
3,2023,3,9,16,18.0,8.52,11.49,1225.7,4.6,4.39,0.062,0.062,9.82
3,2023,3,9,20,17.9,8.39,9.94,1225.6,7.3,4.83,0.066,0.065,10.79
3,2023,3,10,0,17.3,7.89,7.92,1199.4,8.5,4.83,0.066,0.065,10.79
3,2023,3,10,4,16.6,7.81,7.44,1246.0,6.8,4.4,0.087,0.064,9.54
3,2023,3,10,8,16.4,7.82,7.8,1238.0,6.7,4.43,0.081,0.068,9.42
3,2023,3,10,12,17.4,8.17,10.11,1247.4,4.2,4.16,0.07,0.062,9.94
3,2023,3,10,16,18.6,8.58,11.44,1235.6,3.9,4.49,0.063,0.065,10.0
3,2023,3,10,20,18.3,8.35,9.67,1233.6,6.8,4.59,0.068,0.064,11.42
3,2023,3,11,0,17.3,7.89,7.85,1218.2,7.1,4.59,0.068,0.064,11.42
3,2023,3,11,4,16.6,7.83,7.46,1235.8,6.9,4.64,0.118,0.061,10.15
3,2023,3,11,8,16.3,7.85,7.87,1234.6,5.6,4.39,0.085,0.066,9.69
3,2023,3,11,12,16.6,8.04,9.47,1229.2,5.6,4.46,0.08,0.062,10.56
3,2023,3,11,16,17.0,8.33,10.77,1226.6,4.4,4.56,0.069,0.063,10.36
3,2023,3,11,20,16.8,8.17,9.56,1223.7,6.9,4.76,0.075,0.064,10.92
3,2023,3,12,0,16.1,7.92,8.22,1229.7,7.2,4.76,0.075,0.064,10.92
3,2023,3,12,4,15.0,7.87,8.0,1224.9,6.4,4.75,0.117,0.068,9.83
3,2023,3,12,8,14.5,7.9,8.69,1224.6,4.6,4.49,0.103,0.071,9.97
3,2023,3,12,12,15.5,8.22,11.02,1237.9,4.8,4.34,0.091,0.068,10.49
3,2023,3,12,16,16.9,8.58,12.01,1231.5,3.9,4.44,0.069,0.064,10.62
3,2023,3,12,20,16.6,8.34,10.26,1232.3,7.7,4.69,0.067,0.064,10.88
3,2023,3,13,0,16.0,7.93,8.29,1237.0,6.8,4.69,0.067,0.064,10.88
3,2023,3,13,4,15.4,7.85,7.77,1240.9,6.4,4.44,0.086,0.063,9.92
3,2023,3,13,8,15.2,7.83,8.01,1246.6,5.1,4.56,0.086,0.068,9.58
3,2023,3,13,12,15.7,8.06,9.87,1265.2,3.8,4.43,0.089,0.06,10.63
3,2023,3,13,16,16.7,8.44,11.28,1259.3,4.0,4.47,0.077,0.06,11.34
3,2023,3,13,20,16.8,8.26,9.93,1251.4,6.9,4.86,0.068,0.062,12.13
3,2023,3,14,0,16.5,7.91,7.99,1247.3,7.2,4.86,0.068,0.062,12.13
3,2023,3,14,4,15.9,7.81,7.39,1231.2,6.7,4.57,0.098,0.063,9.95
3,2023,3,14,8,15.7,7.82,7.73,1251.2,5.7,4.62,0.122,0.073,9.51
3,2023,3,14,12,16.8,8.15,10.17,1253.4,4.1,4.62,0.122,0.073,9.51
3,2023,3,14,16,17.7,8.56,11.48,1238.5,4.8,4.5,0.068,0.059,10.81
3,2023,3,14,20,16.8,8.42,9.91,1229.8,7.1,4.97,0.065,0.063,11.5
3,2023,3,15,0,15.8,7.94,8.14,1218.7,7.2,4.97,0.065,0.063,11.5
3,2023,3,15,4,14.8,7.88,7.84,1243.3,7.5,4.54,0.087,0.06,9.8
3,2023,3,15,8,14.7,7.89,8.25,1241.6,5.0,4.61,0.077,0.065,9.45
3,2023,3,15,12,15.5,8.24,10.77,1268.0,3.4,4.42,0.066,0.063,10.26
3,2023,3,15,16,16.7,8.64,12.19,1238.4,5.7,4.43,0.061,0.056,11.1
3,2023,3,15,20,16.4,8.46,10.45,1232.4,5.8,4.91,0.062,0.059,11.49
3,2023,3,16,0,15.8,7.98,8.36,1222.3,6.9,4.91,0.062,0.059,11.49
3,2023,3,16,4,15.1,7.88,7.78,1244.3,6.5,4.56,0.089,0.058,10.18
3,2023,3,16,8,14.9,7.9,8.2,1238.6,5.8,4.56,0.078,0.062,9.7
3,2023,3,16,12,15.8,8.17,10.49,1248.7,5.3,4.39,0.077,0.064,10.26
3,2023,3,16,20,16.6,8.3,10.39,1236.3,4.7,4.36,0.073,0.056,10.64
3,2023,3,17,0,15.6,8.06,8.84,1233.0,6.7,4.36,0.073,0.056,10.64
3,2023,3,17,4,15.2,7.85,7.94,1217.1,6.4,5.04,0.105,0.056,8.67
3,2023,3,17,8,15.4,7.88,8.21,1262.4,6.1,4.35,0.087,0.056,10.31
3,2023,3,17,12,15.7,8.02,9.52,1250.6,4.0,4.19,0.095,0.054,10.86
3,2023,3,17,16,16.5,8.39,11.44,1243.3,4.0,4.28,0.085,0.056,11.16
3,2023,3,17,20,16.5,8.29,10.14,1250.7,6.1,4.71,0.07,0.059,11.92
3,2023,3,17,20,16.5,8.29,10.14,1250.7,6.1,4.71,0.07,0.059,11.92
3,2023,3,18,4,15.8,7.86,7.65,1248.0,6.9,4.37,0.101,0.06,10.33
3,2023,3,18,8,15.5,7.86,8.2,1236.7,6.2,4.47,0.098,0.065,10.08
3,2023,3,18,12,16.7,8.17,10.55,1259.9,5.4,4.41,0.09,0.06,10.8
3,2023,3,18,16,18.2,8.53,11.68,1253.3,4.4,4.36,0.072,0.06,11.07
3,2023,3,18,20,18.0,8.35,10.11,1255.9,7.7,4.38,0.069,0.062,12.23
3,2023,3,19,0,17.0,7.92,8.09,1238.0,7.9,4.38,0.069,0.062,12.23
3,2023,3,19,4,16.0,7.84,7.35,1253.7,8.0,4.63,0.142,0.06,10.56
3,2023,3,19,8,15.9,7.82,7.68,1250.0,8.6,4.82,0.111,0.068,10.04
3,2023,3,19,16,17.5,8.42,11.42,1256.0,5.2,4.4,0.088,0.068,10.76
3,2023,3,19,20,17.6,8.36,10.0,1239.7,8.2,4.85,0.07,0.065,11.53
3,2023,3,20,0,17.1,7.93,7.85,1213.9,7.9,4.85,0.07,0.065,11.53
3,2023,3,20,4,16.5,7.83,7.03,1261.0,8.9,4.79,0.138,0.068,10.62
3,2023,3,20,8,16.5,7.86,7.42,1246.5,7.3,4.74,0.084,0.072,9.77
3,2023,3,20,12,17.1,8.05,9.15,1248.3,6.9,4.54,0.081,0.064,10.4
3,2023,3,20,16,18.1,8.34,10.79,1229.8,5.7,4.8,0.096,0.069,11.27
3,2023,3,20,20,17.9,8.28,9.89,1233.1,7.0,4.96,0.098,0.065,10.72
3,2023,3,21,0,17.3,8.0,8.11,1244.0,7.7,4.96,0.098,0.065,10.72
3,2023,3,21,4,17.0,7.85,7.18,1222.9,9.0,4.71,0.08,0.056,9.89
3,2023,3,21,8,16.9,7.88,7.52,1223.7,7.0,4.9,0.081,0.067,9.32
3,2023,3,21,12,17.7,8.15,9.73,1232.7,6.1,4.53,0.076,0.063,10.02
3,2023,3,21,16,18.3,8.41,10.49,1228.6,6.1,4.5,0.076,0.064,10.22
3,2023,3,21,20,18.4,8.18,9.14,1255.6,26.4,6.95,0.114,0.102,11.73
3,2023,3,22,0,17.7,7.77,7.03,1204.9,30.8,6.95,0.114,0.102,11.73
3,2023,3,22,4,15.7,7.98,7.48,1033.5,22.5,5.8,0.116,0.056,8.32
3,2023,3,22,8,14.7,8.04,8.14,1153.8,12.9,4.99,0.107,0.047,6.99
3,2023,3,22,12,16.9,8.11,9.44,1249.1,7.8,4.7,0.171,0.054,10.31
3,2023,3,22,16,17.8,8.02,11.71,1238.5,6.5,4.85,0.145,0.061,10.29
3,2023,3,22,20,17.7,7.88,10.27,1221.2,8.2,4.81,0.072,0.05,10.01
3,2023,3,23,0,17.0,7.62,8.76,1221.7,7.3,4.81,0.072,0.05,10.01
3,2023,3,23,4,16.4,7.52,8.14,1231.0,7.5,4.52,0.068,0.045,9.0
3,2023,3,23,8,15.7,7.52,8.32,1251.2,5.6,4.22,0.121,0.062,9.21
3,2023,3,23,12,16.4,7.88,11.11,1262.0,4.3,4.19,0.093,0.057,10.16
3,2023,3,23,16,17.1,8.18,12.27,1244.1,4.9,4.39,0.068,0.048,10.82
3,2023,3,23,20,17.2,7.94,10.64,1242.3,6.2,4.3,0.068,0.045,10.2
3,2023,3,24,0,16.7,7.56,8.58,1241.3,7.0,4.3,0.068,0.045,10.2
3,2023,3,24,4,16.1,7.44,8.1,1231.9,7.3,4.78,0.075,0.051,9.94
3,2023,3,24,8,15.5,7.47,8.55,1259.0,6.0,4.44,0.21,0.074,9.7
3,2023,3,24,12,16.4,7.76,10.72,1253.2,3.8,4.42,0.112,0.063,9.89
3,2023,3,24,16,17.5,8.11,12.17,1222.7,6.0,4.55,0.063,0.051,10.16
3,2023,3,24,20,17.4,7.89,10.52,1217.2,7.4,4.58,0.064,0.049,10.19
3,2023,3,25,0,16.7,7.59,8.61,1217.0,7.0,4.58,0.064,0.049,10.19
3,2023,3,25,4,16.0,7.51,7.98,1238.5,6.7,4.17,0.094,0.061,8.83
3,2023,3,25,8,16.0,7.48,8.12,1235.5,4.8,4.17,0.127,0.068,9.27
3,2023,3,25,12,17.0,7.78,10.69,1248.6,4.0,4.06,0.098,0.062,9.86
3,2023,3,25,16,18.4,8.12,12.2,1236.7,5.8,4.0,0.069,0.056,9.83
3,2023,3,25,20,18.1,7.91,10.38,1225.7,6.7,4.08,0.067,0.057,9.75
3,2023,3,26,0,17.0,7.61,8.63,1220.1,6.8,4.08,0.067,0.057,9.75
3,2023,3,26,4,16.3,7.52,7.71,1222.7,6.9,4.0,0.091,0.059,9.12
3,2023,3,26,8,16.2,7.52,8.24,1231.6,4.8,3.74,0.11,0.064,9.29
3,2023,3,26,12,17.2,7.82,10.92,1225.1,4.4,3.8,0.102,0.061,10.0
3,2023,3,26,16,18.5,8.14,12.15,1224.1,6.0,3.78,0.071,0.057,9.36
3,2023,3,26,20,18.2,7.92,10.35,1211.7,7.0,3.85,0.068,0.056,9.64
3,2023,3,27,0,17.2,7.62,8.22,1214.5,6.8,3.85,0.068,0.056,9.64
3,2023,3,27,4,16.5,7.52,7.55,1218.5,7.5,3.65,0.09,0.061,8.86
3,2023,3,27,8,16.5,7.53,8.03,1222.0,5.8,3.74,0.09,0.066,8.66
3,2023,3,27,12,17.6,7.83,10.76,1227.4,5.0,3.55,0.076,0.06,9.62
3,2023,3,27,16,19.1,8.15,12.22,1219.6,6.7,3.66,0.062,0.058,9.49
3,2023,3,27,20,18.7,7.92,10.26,1208.5,6.6,3.5,0.063,0.056,9.52
3,2023,3,28,0,17.7,7.59,8.12,1203.7,6.0,3.5,0.063,0.056,9.52
3,2023,3,28,4,16.8,7.5,7.3,1210.9,6.6,3.71,0.099,0.068,8.86
3,2023,3,28,8,16.5,7.52,7.78,1211.9,7.1,3.7,0.089,0.072,9.09
3,2023,3,28,12,17.6,7.83,10.7,1212.1,5.9,3.67,0.072,0.064,9.46
3,2023,3,28,16,18.9,8.18,12.23,1197.0,5.2,3.74,0.068,0.063,8.74
3,2023,3,28,20,19.0,7.95,10.12,1196.6,8.0,3.74,0.067,0.064,8.82
3,2023,3,29,0,18.2,7.62,8.07,1211.9,8.3,3.74,0.067,0.064,8.82
3,2023,3,29,8,17.4,7.5,7.59,1209.9,6.4,3.75,0.087,0.074,8.47
3,2023,3,29,8,17.4,7.5,7.59,1209.9,6.4,3.65,0.092,0.074,8.54
3,2023,3,29,16,19.8,8.17,12.11,1206.1,6.8,3.69,0.073,0.067,9.4
3,2023,3,29,20,19.6,7.96,10.22,1193.7,6.9,3.88,0.066,0.066,9.24
3,2023,3,29,20,19.6,7.96,10.22,1193.7,6.9,3.83,0.067,0.067,8.95
3,2023,3,30,0,18.7,7.64,8.06,1200.9,7.1,3.83,0.067,0.067,8.95
3,2023,3,30,8,17.6,7.52,7.53,1224.6,5.7,3.37,0.085,0.071,8.32
3,2023,3,30,12,18.7,7.83,10.41,1236.5,5.0,3.38,0.086,0.07,8.69
3,2023,3,30,16,19.9,8.17,12.14,1225.1,5.0,3.52,0.08,0.06,9.69
3,2023,3,30,20,19.7,8.01,10.42,1223.1,6.8,3.56,0.066,0.059,9.49
3,2023,3,31,0,18.9,7.7,8.27,1221.1,7.0,3.51,0.065,0.059,9.22
3,2023,3,31,4,18.0,7.53,7.13,1229.2,6.1,3.51,0.065,0.059,9.22
3,2023,3,31,8,17.6,7.52,7.63,1235.4,4.5,3.3,0.068,0.057,8.16
3,2023,3,31,12,18.7,7.84,10.46,1256.1,4.0,3.42,0.069,0.056,8.3
3,2023,3,31,16,19.7,8.16,12.28,1248.3,5.3,3.34,0.072,0.051,9.33
3,2023,3,31,20,19.4,7.97,10.21,1238.6,7.0,3.57,0.065,0.06,8.91
3,2023,4,1,0,18.4,7.61,8.06,1232.3,5.5,3.58,0.065,0.06,8.6
3,2023,4,1,4,18.0,7.5,7.09,1229.4,6.5,3.58,0.065,0.06,8.6
3,2023,4,1,8,17.8,7.47,7.42,1263.7,5.3,3.83,0.086,0.064,8.99
3,2023,4,1,12,18.8,7.78,10.39,1225.5,4.5,3.73,0.093,0.067,8.93
3,2023,4,1,16,19.8,8.05,11.45,1223.2,5.3,3.85,0.079,0.063,9.79
3,2023,4,1,20,19.7,7.85,9.84,1217.6,6.1,3.43,0.07,0.068,9.62
3,2023,4,2,0,18.8,7.54,7.82,1218.9,6.3,3.76,0.071,0.07,9.57
3,2023,4,2,4,18.3,7.46,6.97,1229.1,6.1,3.76,0.071,0.07,9.57
3,2023,4,2,8,18.2,7.46,7.22,1234.4,5.7,3.83,0.136,0.073,9.42
3,2023,4,2,12,18.5,7.61,8.87,1236.0,4.6,3.8,0.154,0.074,9.22
3,2023,4,2,16,18.8,7.71,9.57,1231.9,5.0,3.94,0.159,0.064,10.64
3,2023,4,2,20,18.8,7.63,8.69,1227.3,6.6,4.06,0.131,0.062,10.7
3,2023,4,3,0,18.6,7.5,7.61,1225.5,5.9,4.07,0.113,0.062,10.23
3,2023,4,3,4,18.1,7.45,7.09,1231.6,6.2,4.07,0.113,0.062,10.23
3,2023,4,3,8,18.0,7.46,7.34,1238.3,5.2,4.29,0.126,0.066,9.69
3,2023,4,3,12,18.2,7.57,8.79,1237.9,4.6,4.21,0.156,0.075,9.57
3,2023,4,3,16,18.5,7.74,9.94,1234.8,5.7,4.38,0.199,0.08,10.86
3,2023,4,3,20,18.4,7.68,9.04,1226.3,6.1,4.19,0.14,0.083,11.06
3,2023,4,4,0,18.2,7.53,7.9,1232.7,5.9,4.44,0.09,0.081,10.81
3,2023,4,4,4,18.0,7.46,7.21,1229.8,6.2,4.42,0.096,0.077,10.73
3,2023,4,4,8,17.8,7.46,7.27,1234.6,5.4,4.38,0.11,0.08,9.99
3,2023,4,4,12,17.7,7.54,8.39,1229.5,5.6,4.39,0.122,0.086,9.77
3,2023,4,4,16,17.5,7.61,8.85,1220.8,9.4,4.5,0.127,0.079,10.58
3,2023,4,4,20,17.3,7.55,8.37,1213.4,6.5,4.89,0.115,0.079,10.69
3,2023,4,5,0,17.2,7.43,7.32,1217.6,8.3,4.55,0.116,0.078,10.35
3,2023,4,5,4,17.2,7.45,7.18,1224.6,9.0,4.94,0.135,0.082,10.34
3,2023,4,5,8,17.2,7.37,7.16,1218.4,9.2,4.56,0.145,0.093,9.36
3,2023,4,5,12,17.7,7.46,8.64,1218.4,7.7,4.88,0.2,0.099,9.57
3,2023,4,5,16,18.6,7.72,11.12,1232.3,7.5,5.13,0.204,0.103,10.34
3,2023,4,5,20,18.6,7.67,9.92,1215.8,7.5,5.04,0.109,0.088,10.19
3,2023,4,6,0,18.1,7.5,7.95,1210.9,6.7,5.01,0.113,0.087,9.47
3,2023,4,6,4,17.6,7.4,6.84,1211.9,6.3,4.87,0.173,0.089,9.51
3,2023,4,6,8,17.4,7.43,7.33,1217.6,6.4,4.92,0.226,0.094,9.24
3,2023,4,6,12,18.2,7.7,10.08,1225.2,5.7,4.69,0.189,0.096,9.21
3,2023,4,6,16,19.1,7.98,11.47,1220.9,5.6,4.64,0.114,0.085,9.78
3,2023,4,7,0,17.4,7.57,8.08,1217.7,5.6,4.57,0.079,0.073,9.9
3,2023,4,7,4,16.6,7.47,7.47,1220.6,6.1,4.46,0.093,0.068,9.95
3,2023,4,7,8,16.5,7.5,7.83,1230.8,4.9,4.38,0.095,0.071,9.24
3,2023,4,7,12,17.8,7.74,10.28,1243.4,4.6,4.34,0.094,0.076,9.54
3,2023,4,7,16,18.8,8.02,11.61,1230.7,6.6,4.31,0.082,0.068,10.19
3,2023,4,7,20,18.3,7.83,9.86,1223.7,6.0,4.53,0.07,0.06,10.23
3,2023,4,8,0,17.6,7.58,8.32,1220.6,5.8,4.46,0.07,0.062,10.72
3,2023,4,8,4,16.8,7.48,7.16,1230.2,7.1,4.61,0.082,0.062,10.31
3,2023,4,8,8,16.8,7.47,7.83,1229.3,6.2,4.59,0.083,0.063,9.84
3,2023,4,8,12,18.3,7.74,10.16,1230.2,5.2,4.76,0.079,0.07,9.63
3,2023,4,8,16,19.6,7.98,11.42,1236.2,5.7,4.75,0.073,0.066,10.66
3,2023,4,8,20,19.3,7.79,9.78,1233.5,7.7,4.29,0.074,0.063,10.67
3,2023,4,9,0,18.3,7.54,7.92,1230.8,6.2,4.64,0.074,0.062,10.97
3,2023,4,9,4,17.5,7.45,6.82,1234.7,6.8,4.66,0.089,0.058,10.84
3,2023,4,9,8,17.5,7.46,7.26,1249.6,6.1,4.89,0.097,0.063,10.22
3,2023,4,9,12,18.8,7.71,9.87,1249.2,5.4,4.9,0.088,0.072,10.22
3,2023,4,9,16,19.7,7.94,10.97,1235.9,6.1,4.88,0.076,0.065,10.54
3,2023,4,9,20,19.7,7.79,9.53,1233.1,6.3,4.95,0.079,0.061,10.5
3,2023,4,10,0,19.0,7.54,7.48,1231.6,6.8,4.81,0.079,0.061,10.07
3,2023,4,10,4,18.4,7.44,6.48,1240.5,7.4,4.95,0.138,0.064,10.2
3,2023,4,10,8,18.3,7.47,6.99,1246.6,6.2,4.86,0.102,0.075,9.69
3,2023,4,10,12,19.4,7.72,9.75,1251.0,5.3,4.98,0.082,0.077,9.48
3,2023,4,10,16,20.2,7.94,10.7,1237.8,5.7,4.83,0.075,0.067,10.36
3,2023,4,10,20,19.9,7.79,9.26,1225.3,6.4,4.95,0.078,0.064,10.3
3,2023,4,11,0,18.6,7.59,7.59,1226.2,6.5,4.94,0.078,0.062,10.21
3,2023,4,11,4,17.8,7.49,6.74,1227.5,5.9,4.89,0.11,0.062,10.09
3,2023,4,11,8,17.1,7.52,7.29,1225.1,5.0,4.77,0.118,0.068,9.54
3,2023,4,11,12,18.3,7.78,9.98,1238.9,5.3,4.79,0.118,0.076,9.11
3,2023,4,11,16,18.7,8.08,11.85,1231.8,5.4,4.81,0.093,0.071,10.28
3,2023,4,11,20,18.5,7.99,10.47,1225.1,5.4,4.81,0.076,0.072,10.66
3,2023,4,12,0,18.0,7.74,8.11,1226.7,5.4,4.82,0.079,0.066,10.15
3,2023,4,12,4,17.5,7.65,7.09,1230.3,6.5,4.68,0.093,0.069,9.9
3,2023,4,12,8,17.4,7.65,7.51,1241.6,5.6,4.72,0.106,0.074,9.24
3,2023,4,12,12,18.6,7.92,10.33,1249.1,5.5,4.65,0.104,0.076,9.56
3,2023,4,12,16,19.5,8.1,11.61,1246.5,4.7,4.82,0.083,0.068,10.78
3,2023,4,12,20,19.4,7.98,9.98,1235.3,5.7,4.8,0.073,0.065,10.42
3,2023,4,13,0,18.8,7.76,7.94,1237.2,5.3,4.77,0.075,0.064,10.29
3,2023,4,13,4,18.2,7.66,6.67,1234.1,5.8,4.54,0.087,0.063,10.38
3,2023,4,13,8,18.2,7.68,7.12,1246.8,5.4,4.72,0.101,0.072,9.8
3,2023,4,13,12,19.0,7.84,9.69,1254.5,5.3,4.67,0.084,0.069,10.52
3,2023,4,13,16,19.7,8.06,11.06,1246.5,5.1,4.88,0.078,0.067,10.36
3,2023,4,13,20,19.7,7.94,9.54,1243.4,7.3,4.8,0.084,0.069,10.43
3,2023,4,14,0,19.3,7.79,7.73,1239.8,7.0,4.77,0.084,0.069,10.43
3,2023,4,14,4,18.8,7.71,6.42,1245.1,6.0,4.88,0.116,0.076,9.42
3,2023,4,14,8,18.6,7.67,6.74,1253.8,5.9,4.92,0.115,0.078,9.79
3,2023,4,14,12,19.2,7.88,9.6,1254.3,4.7,4.81,0.087,0.069,10.62
3,2023,4,14,16,19.7,8.13,11.57,1255.9,6.2,4.85,0.075,0.06,11.15
3,2023,4,14,20,19.2,8.05,9.99,1225.9,6.3,4.8,0.081,0.065,10.48
3,2023,4,15,0,18.5,7.82,7.98,1238.9,5.6,5.03,0.081,0.065,10.48
3,2023,4,15,4,17.8,7.71,6.72,1245.4,7.4,4.74,0.106,0.071,10.19
3,2023,4,15,8,17.7,7.77,7.08,1251.3,6.1,4.87,0.103,0.077,10.43
3,2023,4,15,12,18.8,7.95,9.98,1260.2,5.3,4.67,0.085,0.07,11.11
3,2023,4,15,16,19.4,8.12,11.34,1256.8,5.7,4.59,0.075,0.068,11.16
3,2023,4,15,20,19.2,8.0,9.77,1257.3,9.1,4.7,0.079,0.069,11.31
3,2023,4,16,0,18.3,7.82,7.76,1244.4,6.7,4.76,0.079,0.069,11.31
3,2023,4,16,4,17.6,7.68,6.68,1249.9,6.8,4.88,0.102,0.069,10.3
3,2023,4,16,8,17.6,7.7,7.24,1256.2,4.6,4.8,0.1,0.071,10.54
3,2023,4,16,12,19.0,7.9,10.08,1261.2,5.8,4.71,0.084,0.063,11.61
3,2023,4,16,16,20.2,8.16,11.59,1256.2,5.4,4.78,0.074,0.06,11.72
3,2023,4,16,20,20.0,8.03,10.06,1248.8,6.6,4.74,0.074,0.059,11.31
3,2023,4,17,0,18.9,7.79,7.92,1242.5,6.8,4.97,0.074,0.059,11.31
3,2023,4,17,8,18.0,7.7,6.91,1256.8,5.3,4.93,0.085,0.059,9.86
3,2023,4,17,12,19.1,7.89,9.63,1262.3,5.0,4.91,0.077,0.051,10.87
3,2023,4,17,16,19.9,8.09,11.27,1242.1,5.1,5.01,0.075,0.056,11.27
3,2023,4,17,20,20.0,8.02,10.03,1246.1,6.2,4.94,0.075,0.059,10.95
3,2023,4,18,0,19.6,7.77,8.02,1240.6,7.2,5.06,0.075,0.059,10.95
3,2023,4,18,4,18.8,7.64,6.48,1238.0,6.4,4.89,0.091,0.062,9.81
3,2023,4,18,8,18.7,7.66,6.99,1239.9,4.9,4.88,0.113,0.072,9.74
3,2023,4,18,12,19.9,7.85,9.81,1249.6,6.0,4.95,0.09,0.069,10.56
3,2023,4,18,16,21.4,8.14,11.72,1246.2,5.8,4.94,0.076,0.065,10.14
3,2023,4,18,20,21.2,8.04,10.0,1233.3,6.2,4.95,0.072,0.059,10.1
3,2023,4,19,0,20.0,7.77,7.69,1228.4,6.2,4.93,0.072,0.059,10.1
3,2023,4,19,4,19.0,7.68,6.44,1231.7,7.8,4.78,0.094,0.068,9.9
3,2023,4,19,8,18.7,7.66,6.92,1255.6,5.5,4.92,0.163,0.078,9.24
3,2023,4,19,12,19.8,7.9,9.83,1245.2,5.2,4.87,0.074,0.056,10.64
3,2023,4,19,16,21.0,8.14,11.31,1234.7,6.1,4.93,0.074,0.06,10.43
3,2023,4,19,20,21.1,8.04,9.86,1230.9,6.8,5.05,0.076,0.057,9.38
3,2023,4,20,0,20.6,7.84,7.8,1229.8,6.3,4.88,0.076,0.057,9.38
3,2023,4,20,4,19.6,7.7,6.36,1229.2,7.5,4.62,0.095,0.074,9.13
3,2023,4,20,8,18.9,7.68,6.73,1241.3,6.4,4.79,0.197,0.089,8.8
3,2023,4,20,12,18.6,7.76,7.68,1214.1,5.6,4.59,0.083,0.068,9.74
3,2023,4,20,16,18.7,7.86,8.84,1201.3,6.5,4.56,0.079,0.062,9.74
3,2023,4,20,20,18.7,7.77,8.25,1201.2,6.5,4.42,0.091,0.065,9.18
3,2023,4,21,0,18.6,7.71,7.32,1199.1,6.9,4.45,0.091,0.065,9.18
3,2023,4,21,4,18.1,7.68,6.87,1200.3,6.2,4.41,0.134,0.08,8.81
3,2023,4,21,8,17.7,7.68,6.9,1218.2,5.8,4.31,0.269,0.099,8.6
3,2023,4,21,12,18.3,7.89,9.42,1198.9,4.6,3.8,0.092,0.074,8.98
3,2023,4,21,16,19.1,7.93,11.47,1189.4,4.5,3.8,0.092,0.068,9.2
3,2023,4,21,20,19.0,7.86,10.18,1189.7,5.7,4.23,0.089,0.066,9.56
3,2023,4,22,0,18.4,7.66,8.3,1184.2,5.2,4.23,0.089,0.066,9.56
3,2023,4,22,4,17.8,7.54,6.99,1194.6,5.7,4.0,0.096,0.069,9.06
3,2023,4,22,8,17.6,7.52,6.95,1185.8,4.7,4.02,0.096,0.072,8.86
3,2023,4,22,12,17.9,7.68,8.97,1197.0,4.2,4.02,0.09,0.066,9.5
3,2023,4,22,16,18.8,7.92,10.92,1193.3,4.2,3.99,0.085,0.066,9.56
3,2023,4,22,20,18.9,7.89,10.46,1186.8,6.0,4.07,0.082,0.064,9.92
3,2023,4,23,0,18.7,7.72,8.72,1185.6,5.7,4.07,0.082,0.064,9.92
3,2023,4,23,4,17.8,7.57,7.06,1185.5,6.0,3.97,0.089,0.064,9.22
3,2023,4,23,8,17.7,7.56,7.5,1194.3,3.7,3.64,0.097,0.069,9.19
3,2023,4,23,12,18.3,7.73,9.67,1202.2,6.0,3.64,0.094,0.068,9.63
3,2023,4,23,16,18.8,7.91,10.87,1184.1,5.4,3.97,0.086,0.069,9.98
3,2023,4,23,20,18.8,7.84,9.96,1189.2,4.9,3.97,0.082,0.066,9.72
3,2023,4,24,0,18.3,7.68,8.29,1187.0,5.7,3.74,0.082,0.066,9.72
3,2023,4,24,4,17.7,7.57,6.91,1193.1,5.6,3.87,0.096,0.07,9.48
3,2023,4,24,8,17.6,7.57,7.38,1194.4,3.8,4.02,0.106,0.075,8.92
3,2023,4,24,12,18.8,7.84,10.28,1205.4,5.8,3.79,0.098,0.07,9.64
3,2023,4,24,16,19.6,8.08,11.85,1198.2,5.4,3.79,0.085,0.067,10.02
3,2023,4,24,20,19.6,7.94,10.34,1195.7,5.9,4.19,0.08,0.062,10.35
3,2023,4,25,0,18.9,7.69,8.2,1195.5,4.6,4.19,0.08,0.062,10.35
3,2023,4,25,4,18.2,7.54,6.66,1200.7,5.0,4.17,0.089,0.058,9.56
3,2023,4,25,8,18.0,7.51,6.82,1215.8,5.6,4.24,0.099,0.061,10.27
3,2023,4,25,12,19.1,7.78,9.63,1224.0,4.5,4.33,0.09,0.06,11.41
3,2023,4,25,16,19.8,8.08,11.52,1223.1,5.5,4.53,0.072,0.059,10.73
3,2023,4,25,20,19.6,7.97,10.79,1214.6,6.0,4.26,0.076,0.058,10.64
3,2023,4,26,0,18.8,7.7,8.59,1220.7,4.9,4.08,0.076,0.058,10.64
3,2023,4,26,4,17.6,7.56,7.04,1235.7,6.0,4.25,0.099,0.061,11.43
3,2023,4,26,8,17.6,7.53,7.35,1227.4,3.8,4.25,0.097,0.061,10.15
3,2023,4,26,12,18.8,7.8,10.02,1230.6,4.5,4.38,0.084,0.059,10.82
3,2023,4,26,16,19.4,8.03,11.47,1222.6,6.2,4.43,0.077,0.057,10.46
3,2023,4,26,20,19.6,7.94,10.33,1217.4,5.4,4.34,0.078,0.054,11.06
3,2023,4,27,0,19.2,7.68,8.14,1221.9,4.3,4.26,0.078,0.054,11.06
3,2023,4,27,4,18.6,7.53,6.56,1223.1,5.1,4.51,0.093,0.056,10.24
3,2023,4,27,8,18.3,7.56,6.92,1231.6,5.1,4.68,0.025,0.058,10.71
3,2023,4,27,12,18.7,7.64,8.29,1229.8,4.2,4.56,0.025,0.057,10.97
3,2023,4,27,16,19.2,7.84,9.94,1230.5,5.6,4.75,0.04,0.056,11.2
3,2023,4,27,20,19.6,7.77,9.32,1226.3,5.4,4.48,0.033,0.055,11.21
3,2023,4,28,0,19.4,7.59,7.45,1221.6,13.7,4.79,0.033,0.055,11.21
3,2023,4,28,4,19.1,7.48,6.06,1222.1,5.8,4.99,0.088,0.061,10.18
3,2023,4,28,8,18.8,7.46,6.36,1224.7,6.3,5.65,0.066,0.06,9.88
3,2023,4,28,12,19.8,7.68,9.37,1226.7,5.3,4.88,0.039,0.056,10.21
3,2023,4,28,16,20.6,8.0,11.17,1218.9,5.7,4.78,0.028,0.06,10.66
3,2023,4,28,20,20.3,7.8,9.29,1207.6,6.6,4.92,0.038,0.063,11.14
3,2023,4,29,0,19.1,7.44,5.63,1153.0,18.0,4.92,0.038,0.063,11.14
3,2023,4,29,4,18.3,7.34,5.34,1185.2,10.6,5.77,0.318,0.092,10.37
3,2023,4,29,8,18.2,7.4,6.28,1197.3,8.7,5.32,0.197,0.082,10.05
3,2023,4,29,12,19.4,7.66,9.18,1202.4,6.7,5.58,0.052,0.065,10.83
3,2023,4,29,16,20.8,7.95,11.44,1198.0,8.9,5.44,0.036,0.06,10.71
3,2023,4,29,20,20.8,7.78,9.87,1182.5,7.5,5.29,0.045,0.063,9.99
3,2023,4,30,0,19.8,7.52,7.23,1179.8,6.3,5.29,0.045,0.063,9.99
3,2023,4,30,4,18.9,7.47,5.91,1170.1,4.7,5.2,0.088,0.07,9.38
3,2023,4,30,8,18.6,7.46,6.43,1205.4,6.0,5.03,0.19,0.086,8.46
3,2023,4,30,12,19.7,7.7,9.32,1203.5,5.8,5.03,0.073,0.066,9.45
3,2023,4,30,16,21.1,8.06,11.52,1188.6,5.4,5.14,0.028,0.054,9.89
3,2023,4,30,20,21.2,7.9,9.89,1177.3,6.3,5.14,0.027,0.054,9.28
3,2023,5,1,0,20.4,7.64,7.56,1178.2,6.4,5.14,0.027,0.054,9.28
3,2023,5,1,4,19.2,7.5,6.12,1189.6,6.5,5.05,0.043,0.062,8.68
3,2023,5,1,8,19.1,7.56,6.91,1194.6,5.8,4.94,0.037,0.061,8.5
3,2023,5,1,12,20.2,7.8,9.56,1205.7,6.7,5.0,0.03,0.059,8.81
3,2023,5,1,16,21.4,8.06,11.49,1199.8,6.4,4.86,0.026,0.062,9.0
3,2023,5,1,20,21.6,7.89,9.64,1195.9,6.5,4.86,0.027,0.06,9.02
3,2023,5,2,0,20.8,7.63,7.42,1197.5,5.1,4.86,0.027,0.06,9.02
3,2023,5,2,4,19.9,7.51,6.12,1203.5,5.1,4.85,0.043,0.06,8.52
3,2023,5,2,8,19.7,7.57,6.84,1209.4,5.8,4.88,0.038,0.063,8.47
3,2023,5,2,12,20.8,7.86,9.63,1217.8,5.2,4.74,0.027,0.064,8.95
3,2023,5,2,16,22.0,8.15,11.22,1216.8,5.9,4.56,0.025,0.066,8.99
3,2023,5,2,20,22.1,7.94,9.92,1211.2,5.8,4.77,0.027,0.065,9.14
3,2023,5,3,0,21.3,7.65,7.49,1211.6,6.1,4.77,0.027,0.065,9.14
3,2023,5,3,4,20.4,7.53,6.12,1210.9,7.4,4.97,0.051,0.065,9.16
3,2023,5,3,8,20.0,7.55,6.85,1220.8,6.6,4.64,0.038,0.062,9.2
3,2023,5,3,12,21.1,7.84,9.48,1234.1,6.5,4.56,0.027,0.06,9.47
3,2023,5,3,16,22.3,8.11,11.44,1221.6,6.1,4.74,0.026,0.064,9.54
3,2023,5,3,20,22.3,7.93,9.52,1221.9,6.2,5.02,0.031,0.068,9.42
3,2023,5,4,0,21.5,7.64,7.39,1221.5,5.2,5.02,0.031,0.068,9.42
3,2023,5,4,4,20.5,7.54,6.16,1224.5,5.4,4.99,0.049,0.067,9.18
3,2023,5,4,8,20.2,7.53,6.16,1222.8,5.2,4.81,0.045,0.066,8.82
3,2023,5,4,12,20.4,7.57,6.93,1223.1,6.0,4.93,0.046,0.068,9.62
3,2023,5,4,16,20.5,7.66,7.91,1218.9,6.9,4.79,0.052,0.071,10.1
3,2023,5,4,20,20.4,7.6,7.37,1218.3,6.1,4.7,0.093,0.071,10.12
3,2023,5,5,0,20.3,7.56,6.58,1218.5,6.5,4.7,0.093,0.071,10.12
3,2023,5,5,4,20.1,7.49,5.99,1223.4,6.1,5.08,0.095,0.072,9.32
3,2023,5,5,8,20.1,7.52,6.59,1221.5,6.3,4.95,0.076,0.074,9.43
3,2023,5,5,12,20.3,7.66,8.04,1220.9,6.2,4.98,0.056,0.073,10.08
3,2023,5,5,16,20.6,7.83,9.34,1215.9,5.7,5.01,0.058,0.075,9.78
3,2023,5,5,20,20.4,7.72,8.43,1213.5,5.7,5.02,0.069,0.075,10.13
3,2023,5,6,0,19.9,7.58,7.12,1210.5,5.4,5.02,0.069,0.075,10.13
3,2023,5,6,4,19.6,7.51,6.18,1216.8,6.3,5.26,0.086,0.075,9.54
3,2023,5,6,8,19.4,7.56,7.15,1218.5,5.9,4.93,0.054,0.073,9.63
3,2023,5,6,12,20.0,7.84,9.62,1224.5,5.5,4.79,0.032,0.071,10.09
3,2023,5,6,16,21.0,8.06,10.92,1222.3,6.9,5.06,0.031,0.074,10.34
3,2023,5,6,20,21.1,7.85,9.49,1220.1,5.8,4.95,0.038,0.076,10.59
3,2023,5,7,0,20.6,7.61,7.42,1221.7,5.8,4.95,0.038,0.076,10.59
3,2023,5,7,4,19.9,7.51,6.33,1229.8,6.3,4.76,0.05,0.077,10.44
3,2023,5,7,8,19.6,7.57,7.17,1243.4,5.1,4.76,0.048,0.078,10.28
3,2023,5,7,12,20.6,7.75,9.95,1226.7,4.7,4.6,0.025,0.069,10.89
3,2023,5,7,16,21.9,8.05,11.29,1241.1,6.1,4.7,0.026,0.077,11.2
3,2023,5,7,20,22.0,7.84,9.68,1237.5,5.5,4.82,0.03,0.076,11.4
3,2023,5,8,0,21.1,7.61,7.62,1232.4,6.2,4.82,0.03,0.076,11.4
3,2023,5,8,4,20.0,7.49,6.28,1231.7,5.5,4.91,0.042,0.068,9.98
3,2023,5,8,8,19.9,7.53,7.12,1233.6,5.0,4.95,0.032,0.067,10.16
3,2023,5,8,12,21.2,7.81,9.75,1244.5,7.2,4.89,0.025,0.069,10.71
3,2023,5,8,16,22.6,8.05,11.32,1238.8,7.7,4.73,0.025,0.076,10.94
3,2023,5,8,20,22.5,7.83,9.69,1235.6,6.6,4.73,0.031,0.074,10.95
3,2023,5,9,0,21.5,7.6,7.51,1223.4,6.9,4.73,0.031,0.074,10.95
3,2023,5,9,4,20.5,7.48,6.11,1219.9,5.2,4.55,0.042,0.064,9.82
3,2023,5,9,8,20.3,7.53,6.98,1241.5,5.7,4.34,0.045,0.067,10.16
3,2023,5,9,12,21.4,7.83,9.77,1225.5,6.9,4.56,0.026,0.06,10.43
3,2023,5,9,16,22.5,8.07,11.15,1219.2,6.3,4.65,0.026,0.064,10.05
3,2023,5,10,16,22.7,8.08,11.06,1220.4,7.8,4.41,0.026,0.059,10.31
3,2023,5,10,20,22.6,7.86,9.46,1228.5,6.2,4.62,0.026,0.064,10.46
3,2023,5,11,0,21.7,7.6,7.24,1223.3,5.3,4.44,0.041,0.062,10.72
3,2023,5,11,4,20.8,7.47,6.09,1221.5,5.8,4.44,0.041,0.062,10.72
3,2023,5,11,8,20.8,7.54,6.79,1236.5,6.9,4.7,0.048,0.068,9.39
3,2023,5,11,12,21.5,7.82,9.58,1217.2,7.0,4.66,0.025,0.062,9.8
3,2023,5,11,16,22.2,8.02,10.78,1218.1,8.4,4.54,0.027,0.062,9.76
3,2023,5,11,20,22.2,7.84,9.25,1221.8,6.3,4.7,0.031,0.062,10.23
3,2023,5,12,0,21.4,7.59,7.03,1215.4,6.9,4.49,0.031,0.062,10.23
3,2023,5,12,4,20.6,7.47,5.88,1217.0,5.1,4.49,0.046,0.064,9.08
3,2023,5,12,8,20.5,7.52,6.61,1221.4,6.7,4.54,0.038,0.067,9.26
3,2023,5,12,12,21.4,7.77,9.32,1222.9,7.3,4.53,0.026,0.065,10.11
3,2023,5,12,16,21.7,7.76,9.1,1219.8,7.4,4.53,0.035,0.065,10.39
3,2023,5,12,20,21.7,7.61,7.98,1217.1,6.4,4.8,0.039,0.063,10.56
3,2023,5,13,0,21.0,7.52,6.52,1211.6,6.4,4.73,0.039,0.063,10.56
3,2023,5,13,4,20.6,7.46,6.03,1217.4,4.7,4.73,0.076,0.071,9.48
3,2023,5,13,8,20.4,7.54,7.07,1245.4,5.4,4.79,0.116,0.081,10.09
3,2023,5,13,20,23.1,7.85,9.12,1234.9,6.5,4.75,0.037,0.072,10.38
3,2023,5,14,0,22.1,7.6,7.2,1220.0,5.8,4.74,0.037,0.072,10.38
3,2023,5,14,4,21.1,7.47,6.12,1223.6,5.0,4.74,0.058,0.073,10.38
3,2023,5,14,8,21.0,7.56,6.79,1254.7,5.4,4.39,0.064,0.079,8.92
3,2023,5,14,12,22.0,7.77,9.45,1224.6,6.8,4.37,0.026,0.065,10.17
3,2023,5,14,16,23.2,7.94,10.69,1229.9,7.9,4.8,0.027,0.068,10.03
3,2023,5,14,20,23.2,7.76,8.55,1231.7,10.5,4.76,0.036,0.076,10.03
3,2023,5,15,0,22.3,7.55,6.5,1222.8,6.1,4.56,0.036,0.076,10.34
3,2023,5,15,4,21.5,7.46,5.68,1227.9,4.8,4.56,0.068,0.072,9.23
3,2023,5,15,8,21.4,7.55,6.66,1254.9,6.5,4.56,0.072,0.078,9.23
3,2023,5,15,12,22.5,7.86,9.69,1227.9,9.2,4.48,0.027,0.066,10.17
3,2023,5,15,16,24.0,8.09,10.92,1195.6,9.0,4.62,0.027,0.065,10.17
3,2023,5,15,20,24.0,7.85,8.93,1198.8,6.5,4.63,0.035,0.068,10.36
3,2023,5,16,0,23.2,7.58,6.54,1191.9,6.2,4.71,0.035,0.068,10.36
3,2023,5,16,4,22.3,7.46,5.43,1191.0,4.4,4.71,0.075,0.067,9.1
3,2023,5,16,8,22.3,7.53,6.18,1220.1,7.0,4.5,0.08,0.075,8.97
3,2023,5,16,12,23.4,7.81,9.05,1191.9,7.5,4.49,0.029,0.065,9.98
3,2023,5,17,12,23.1,7.81,9.02,1182.6,7.9,4.58,0.105,0.088,8.79
3,2023,5,17,16,23.7,7.94,9.81,1186.4,8.9,4.51,0.029,0.07,9.12
3,2023,5,17,20,23.3,7.78,8.42,1183.0,6.6,4.36,0.028,0.07,9.11
3,2023,5,18,0,22.3,7.58,6.81,1178.7,6.7,4.56,0.036,0.069,9.45
3,2023,5,18,4,21.6,7.49,5.86,1182.0,5.7,4.56,0.036,0.069,9.45
3,2023,5,18,8,21.4,7.54,6.65,1212.3,7.2,4.58,0.046,0.072,8.71
3,2023,5,18,8,21.4,7.54,6.65,1212.3,7.2,4.58,0.158,0.089,8.26
3,2023,5,18,12,22.5,7.59,9.4,1223.6,7.3,4.37,0.033,0.075,9.47
3,2023,5,18,16,23.8,8.13,11.33,1193.6,7.3,4.63,0.028,0.069,9.59
3,2023,5,18,20,23.6,7.92,9.35,1190.1,7.1,4.53,0.033,0.067,9.98
3,2023,5,19,0,22.7,7.64,7.19,1193.8,6.0,4.53,0.033,0.067,9.98
3,2023,5,19,4,21.9,7.48,5.67,1195.6,5.4,3.76,0.032,0.063,8.56
3,2023,5,19,8,21.5,7.48,5.72,1224.9,5.6,4.37,0.111,0.08,8.72
3,2023,5,19,12,21.7,7.51,6.2,1195.9,7.1,4.46,0.046,0.062,9.28
3,2023,5,19,16,21.6,7.52,6.31,1200.8,8.0,4.6,0.085,0.07,9.77
3,2023,5,19,20,21.5,7.48,5.86,1205.3,6.0,4.66,0.118,0.069,9.88
3,2023,5,20,0,21.5,7.47,5.67,1205.5,5.9,4.66,0.118,0.069,9.88
3,2023,5,20,4,21.0,7.47,5.59,1202.5,6.4,4.8,0.136,0.08,9.01
3,2023,5,20,8,20.5,7.56,6.54,1203.8,5.0,4.44,0.14,0.088,9.02
3,2023,5,20,12,20.6,7.76,8.9,1215.1,6.5,4.44,0.152,0.09,9.43
3,2023,5,20,16,20.6,7.85,9.48,1217.8,6.0,4.39,0.083,0.083,9.69
3,2023,5,20,20,20.4,7.73,8.12,1209.9,5.7,4.46,0.096,0.081,9.84
3,2023,5,21,0,20.2,7.58,6.71,1210.6,5.1,4.46,0.096,0.081,9.84
3,2023,5,21,4,19.7,7.53,6.12,1207.7,4.5,4.48,0.109,0.08,9.17
3,2023,5,21,8,19.7,7.59,7.06,1205.6,5.4,4.4,0.096,0.082,9.01
3,2023,5,21,12,20.7,7.85,9.76,1224.5,5.3,4.42,0.091,0.078,9.76
3,2023,5,21,16,22.0,8.06,10.73,1211.5,7.3,4.5,0.07,0.08,9.72
3,2023,5,21,20,22.1,7.87,9.09,1213.3,6.3,4.36,0.062,0.074,9.79
3,2023,5,22,0,21.2,7.63,7.08,1209.3,6.0,4.36,0.062,0.074,9.79
3,2023,5,22,4,20.5,7.53,6.04,1213.7,4.7,4.31,0.085,0.073,9.12
3,2023,5,22,8,20.4,7.6,6.98,1213.8,8.0,4.46,0.069,0.077,8.89
3,2023,5,22,12,21.5,7.88,9.68,1225.6,6.2,4.29,0.066,0.076,9.66
3,2023,5,22,16,23.1,8.12,11.02,1231.8,7.4,4.29,0.066,0.076,9.98
3,2023,5,22,20,23.2,7.88,9.24,1220.1,8.3,4.38,0.064,0.073,10.24
3,2023,5,23,0,22.2,7.62,6.88,1213.7,5.6,4.38,0.064,0.073,10.24
3,2023,5,23,4,21.2,7.5,6.09,1213.8,5.4,4.28,0.079,0.067,9.35
3,2023,5,23,8,21.0,7.57,6.9,1217.8,5.4,4.41,0.076,0.066,9.1
3,2023,5,24,16,23.2,8.08,10.41,1222.7,7.1,4.19,0.071,0.074,9.56
3,2023,5,25,12,21.8,7.87,9.33,1228.1,5.9,4.17,0.07,0.082,9.36
3,2023,5,25,16,22.5,7.94,9.65,1225.1,6.5,4.21,0.068,0.08,9.68
3,2023,5,25,20,22.6,7.84,8.57,1208.9,6.3,4.07,0.065,0.08,9.54
3,2023,5,26,0,22.0,7.61,6.89,1212.8,6.1,4.32,0.065,0.08,9.54
3,2023,5,26,4,21.4,7.5,6.04,1212.4,6.8,3.94,0.091,0.087,9.63
3,2023,5,26,8,21.3,7.38,5.8,1192.9,6.1,4.12,0.102,0.074,9.36
3,2023,5,26,12,22.2,7.71,9.26,1217.5,7.4,4.47,0.071,0.083,9.53
3,2023,5,26,16,23.4,7.96,10.54,1214.0,7.2,4.58,0.083,0.085,9.62
3,2023,5,26,20,23.5,7.84,9.26,1208.2,8.0,4.4,0.069,0.084,9.78
3,2023,5,27,0,22.8,7.57,7.01,1205.3,6.5,4.44,0.078,0.083,9.8
3,2023,5,27,4,22.0,7.43,5.65,1203.0,5.3,4.35,0.081,0.082,9.48
3,2023,5,27,8,21.7,7.42,5.62,1207.0,6.0,4.9,0.092,0.086,9.06
3,2023,5,27,12,21.9,7.51,6.82,1207.6,7.3,4.65,0.071,0.084,8.89
3,2023,5,27,16,22.1,7.55,7.61,1219.8,6.8,4.45,0.078,0.082,9.49
3,2023,5,27,20,22.0,7.46,6.53,1226.9,7.4,4.35,0.239,0.091,8.86
3,2023,5,28,0,21.7,7.28,4.43,1159.4,9.7,4.92,0.474,0.087,8.7
3,2023,5,28,4,21.5,7.26,4.44,1165.7,8.8,4.96,0.232,0.086,8.66
3,2023,5,28,8,21.4,7.3,4.44,1149.9,8.8,5.27,1.353,0.149,8.17
3,2023,5,28,12,22.1,7.52,7.58,1186.6,10.9,4.73,0.173,0.104,8.64
3,2023,5,28,16,23.5,7.82,9.94,1186.4,8.6,4.63,0.069,0.094,8.88
3,2023,5,28,20,23.8,7.68,8.82,1188.7,12.2,4.67,0.068,0.093,8.5
3,2023,5,29,0,23.1,7.51,6.58,1186.8,7.7,4.36,0.067,0.085,8.69
3,2023,5,29,4,22.2,7.39,5.22,1199.0,6.9,4.31,0.081,0.087,8.32
3,2023,5,29,12,23.1,7.7,8.83,1220.2,9.6,4.48,0.064,0.095,9.06
3,2023,5,29,16,24.4,7.88,10.26,1223.6,9.3,4.68,0.063,0.105,9.08
3,2023,5,29,20,24.3,7.67,8.72,1216.9,11.7,4.85,0.074,0.108,8.82
3,2023,5,30,0,23.5,7.63,5.95,1229.3,9.9,4.44,0.079,0.08,6.3
3,2023,5,30,4,23.1,7.53,4.92,1237.5,10.8,4.35,0.169,0.084,6.24
3,2023,5,30,8,22.6,7.47,5.06,1221.0,7.9,4.38,0.09,0.084,7.15
3,2023,5,30,12,22.6,7.55,6.57,1213.7,10.0,4.38,0.09,0.084,7.15
3,2023,5,30,12,22.6,7.55,6.57,1213.7,10.0,4.48,0.073,0.081,7.66
3,2023,5,30,16,22.8,7.66,7.82,1229.1,8.9,4.48,0.073,0.081,7.66
3,2023,5,30,16,22.8,7.66,7.82,1229.1,8.9,4.42,0.084,0.091,7.94
3,2023,5,30,20,22.8,7.6,6.92,1229.7,9.4,4.42,0.084,0.091,7.94
3,2023,5,30,20,22.8,7.6,6.92,1229.7,9.4,4.41,0.093,0.09,8.04
3,2023,5,31,0,22.5,7.52,5.91,1228.6,11.0,4.41,0.093,0.09,8.04
3,2023,5,31,0,22.5,7.52,5.91,1228.6,11.0,4.41,0.093,0.09,8.04
3,2023,5,31,4,22.1,7.48,5.54,1225.7,9.0,4.41,0.093,0.09,8.04
3,2023,5,31,4,22.1,7.48,5.54,1225.7,9.0,4.24,0.113,0.082,7.71
3,2023,5,31,8,21.9,7.5,6.07,1231.0,6.8,4.24,0.113,0.082,7.71
3,2023,5,31,12,22.4,7.71,8.36,1218.5,10.2,4.23,0.162,0.095,7.58
3,2023,5,31,12,22.4,7.71,8.36,1218.5,10.2,4.33,0.08,0.09,7.93
3,2023,5,31,16,22.9,7.8,8.98,1230.3,8.3,4.33,0.08,0.09,7.93
3,2023,5,31,16,22.9,7.8,8.98,1230.3,8.3,4.06,0.078,0.088,8.0
3,2023,5,31,20,22.9,7.72,7.81,1230.3,11.2,4.06,0.078,0.088,8.0
3,2023,5,31,20,22.9,7.72,7.81,1230.3,11.2,4.29,0.083,0.083,7.37
3,2023,6,1,0,22.5,7.59,6.28,1232.3,7.6,4.29,0.083,0.083,7.37
3,2023,6,1,0,22.5,7.59,6.28,1232.3,7.6,4.29,0.083,0.083,7.37
3,2023,6,1,4,22.1,7.55,5.76,1230.8,7.5,4.29,0.083,0.083,7.37
3,2023,6,1,4,22.1,7.55,5.76,1230.8,7.5,4.11,0.095,0.075,6.58
3,2023,6,1,8,22.1,7.56,6.47,1237.0,9.3,4.11,0.095,0.075,6.58
3,2023,6,1,8,22.1,7.56,6.47,1237.0,9.3,4.08,0.094,0.081,6.68
3,2023,6,1,12,23.0,7.78,8.52,1236.6,11.7,4.08,0.094,0.081,6.68
3,2023,6,1,12,23.0,7.78,8.52,1236.6,11.7,4.73,0.076,0.097,6.98
3,2023,6,1,16,23.6,7.97,9.55,1244.4,14.6,4.73,0.076,0.097,6.98
3,2023,6,1,16,23.6,7.97,9.55,1244.4,14.6,4.25,0.073,0.097,7.13
3,2023,6,2,12,22.5,7.79,9.27,1239.6,8.6,4.0,0.068,0.098,9.14
