point_id,year,month,day,hour,水温(℃),pH(无量纲),溶解氧(mg/L),电导率(μS/cm),浊度(NTU),高锰酸盐指数(mg/L),氨氮(mg/L),总磷(mg/L),总氮(mg/L)
17,2021,6,17,12,17.6,8.44,10.03,480.3,30.1,2.92,0.025,0.156,6.96
17,2021,6,17,12,17.6,8.44,10.03,480.3,30.1,2.92,0.025,0.156,6.96
17,2021,6,17,16,18.8,8.64,9.4,473.2,23.7,2.04,0.025,0.129,7.38
17,2021,6,17,16,18.8,8.64,9.4,473.2,23.7,2.03,0.025,0.119,7.17
17,2021,6,17,20,17.6,8.1,7.51,480.1,39.3,2.29,0.025,0.118,7.22
17,2021,6,18,0,16.0,7.84,7.83,478.1,43.9,2.29,0.025,0.118,7.22
17,2021,6,18,4,15.2,7.82,7.96,478.9,51.9,2.38,0.025,0.124,7.38
17,2021,6,18,4,15.2,7.82,7.96,478.9,51.9,2.26,0.025,0.131,7.57
17,2021,6,18,8,15.6,7.83,8.01,479.5,71.3,2.95,0.025,0.144,7.65
17,2021,6,18,12,18.1,8.51,10.43,462.7,33.3,2.95,0.025,0.144,7.65
17,2021,6,18,16,18.5,8.02,7.57,465.1,77.8,2.26,0.025,0.125,7.14
17,2021,6,18,16,18.5,8.02,7.57,465.1,77.8,2.9,0.025,0.152,7.46
17,2021,6,18,20,17.0,8.03,8.76,473.4,44.8,2.21,0.025,0.13,7.17
17,2021,6,19,0,15.4,7.86,8.98,475.7,42.1,2.21,0.025,0.13,7.17
17,2021,6,19,4,14.7,7.82,9.13,474.3,41.7,2.26,0.025,0.129,7.31
17,2021,6,19,4,14.7,7.82,9.13,474.3,41.7,2.24,0.025,0.13,7.42
17,2021,6,19,8,15.2,7.92,9.54,471.5,36.9,2.29,0.025,0.132,7.18
17,2021,6,19,12,17.8,8.49,10.52,456.8,31.3,2.03,0.025,0.123,6.75
17,2021,6,19,16,18.3,8.66,10.07,454.0,29.8,2.01,0.025,0.112,6.64
17,2021,6,19,20,17.3,8.15,7.65,474.4,41.0,2.01,0.025,0.112,6.64
17,2021,6,20,0,15.8,7.88,7.76,480.3,50.0,2.25,0.025,0.116,7.14
17,2021,6,20,0,15.8,7.88,7.76,480.3,50.0,2.25,0.025,0.116,7.14
17,2021,6,20,8,16.0,7.97,8.53,467.5,43.0,2.49,0.025,0.12,7.44
17,2021,6,20,12,18.6,8.57,10.52,452.6,29.7,2.23,0.025,0.122,7.04
17,2021,6,20,16,19.4,8.67,8.99,446.0,26.7,2.44,0.025,0.105,6.74
17,2021,7,2,20,20.3,7.95,6.98,548.7,76.1,4.31,0.025,0.199,10.21
17,2021,7,3,0,18.2,7.76,7.15,558.4,57.9,4.31,0.025,0.199,10.21
17,2021,7,3,4,17.6,7.77,7.3,537.7,57.6,4.15,0.153,0.219,10.52
17,2021,7,3,4,17.6,7.77,7.3,537.7,57.6,4.16,0.138,0.208,10.32
17,2021,7,3,8,17.1,7.73,8.02,532.2,18.2,2.68,0.025,0.128,9.63
17,2021,7,3,12,21.5,8.65,10.47,495.7,28.0,2.68,0.025,0.128,9.63
17,2021,7,3,16,22.1,8.54,8.15,505.1,59.9,2.64,0.025,0.125,8.95
17,2021,7,3,16,22.1,8.54,8.15,505.1,59.9,3.27,0.025,0.157,8.98
17,2021,7,3,20,20.3,7.93,6.99,529.7,78.9,4.35,0.025,0.211,10.01
17,2021,7,4,0,18.2,7.88,7.38,531.7,64.2,4.35,0.025,0.211,10.01
17,2021,7,4,4,18.0,7.73,7.01,505.1,60.9,3.93,0.025,0.186,9.84
17,2021,7,4,4,18.0,7.73,7.01,505.1,60.9,4.84,0.387,0.203,9.38
17,2021,7,4,8,17.6,7.7,7.98,505.7,24.1,3.27,0.23,0.145,9.0
17,2021,7,4,12,20.8,8.43,8.26,501.7,191.3,3.27,0.23,0.145,9.0
17,2021,7,4,16,20.7,7.72,6.53,468.8,591.5,6.07,0.025,0.273,10.22
17,2021,7,4,16,20.7,7.72,6.53,468.8,591.5,8.74,0.192,0.511,14.15
17,2021,7,4,20,20.5,7.75,6.72,433.2,706.8,8.83,0.025,0.45,15.53
17,2021,7,5,0,18.2,7.64,7.02,460.8,554.0,8.83,0.025,0.45,15.53
17,2021,7,5,4,17.6,7.83,7.61,449.7,633.7,8.44,0.025,0.37,15.42
17,2021,7,5,4,17.6,7.83,7.61,449.7,633.7,8.61,0.025,0.389,15.56
17,2021,7,5,12,19.0,7.7,7.13,508.6,186.8,6.05,0.025,0.15,12.85
17,2021,7,5,16,19.5,7.87,7.0,425.7,3701.8,6.05,0.025,0.15,12.85
17,2021,7,5,16,19.5,7.87,7.0,425.7,3701.8,10.04,0.025,0.778,22.82
17,2021,7,5,20,18.0,7.86,7.58,468.1,379.1,7.85,0.025,0.286,14.12
17,2021,7,6,0,17.8,7.76,7.28,404.3,1295.8,7.85,0.025,0.286,14.12
17,2021,7,6,4,17.6,7.73,7.36,430.3,1058.7,9.49,0.091,0.507,17.16
17,2021,7,26,12,17.8,7.88,7.91,523.4,54.7,4.63,0.025,0.098,9.42
17,2021,7,26,16,17.6,7.84,7.83,529.4,55.6,4.56,0.025,0.098,9.41
17,2021,7,26,20,17.5,7.86,7.82,512.3,234.3,4.56,0.025,0.098,9.41
17,2021,7,26,20,17.5,7.86,7.82,512.3,234.3,5.74,0.025,0.144,10.46
17,2021,7,27,0,16.8,7.74,7.82,533.7,100.9,5.74,0.025,0.144,10.46
17,2021,7,27,4,16.7,7.8,7.97,527.5,75.6,5.36,0.025,0.112,9.48
17,2021,7,27,8,16.6,7.77,7.92,541.1,57.8,5.36,0.025,0.112,9.48
17,2021,7,27,8,16.6,7.77,7.92,541.1,57.8,4.48,0.025,0.093,9.35
17,2021,7,27,12,17.3,7.91,8.13,528.1,78.3,4.48,0.025,0.093,9.35
17,2021,7,27,12,17.3,7.91,8.13,528.1,78.3,5.06,0.025,0.113,9.69
17,2021,7,27,16,19.0,7.94,7.75,519.7,58.4,4.45,0.025,0.094,9.31
17,2021,7,27,20,18.1,7.79,7.43,522.1,67.1,5.02,0.438,0.13,9.55
17,2021,7,28,0,17.5,7.8,7.77,516.0,85.9,5.02,0.438,0.13,9.55
17,2021,7,28,0,17.5,7.8,7.77,516.0,85.9,5.04,0.025,0.119,9.65
17,2021,7,28,4,16.9,7.68,7.16,528.4,93.5,5.04,0.025,0.119,9.65
17,2021,7,28,8,17.2,7.75,7.78,541.2,96.6,5.33,0.025,0.121,10.19
17,2021,7,28,12,16.8,7.86,8.21,528.9,62.6,5.33,0.025,0.121,10.19
17,2021,7,28,12,16.8,7.86,8.21,528.9,62.6,4.66,0.025,0.091,8.75
17,2021,7,28,16,17.6,7.8,7.71,550.1,73.3,4.92,0.215,0.125,10.09
17,2021,7,28,20,16.4,7.85,8.15,537.4,52.6,4.38,0.025,0.09,8.92
17,2021,7,29,0,16.6,7.84,8.12,540.7,61.4,4.38,0.025,0.09,8.92
17,2021,7,29,0,16.6,7.84,8.12,540.7,61.4,4.13,0.025,0.091,9.69
17,2021,7,29,4,16.4,7.73,7.96,554.8,50.3,3.65,0.025,0.082,9.5
17,2021,7,29,8,16.5,7.86,8.23,541.9,71.6,4.43,0.025,0.104,9.83
17,2021,7,29,12,17.3,7.91,8.15,534.1,52.0,4.43,0.025,0.09,9.83
17,2021,7,29,16,17.3,7.85,7.94,545.6,51.5,3.99,0.025,0.09,9.49
17,2021,7,29,16,17.3,7.85,7.94,545.6,51.5,3.76,0.025,0.087,9.45
17,2021,7,29,20,16.0,7.9,8.32,542.5,37.0,3.5,0.025,0.076,8.38
17,2021,7,30,0,16.4,7.88,8.11,534.0,55.2,3.5,0.025,0.076,8.38
17,2021,7,30,0,16.4,7.88,8.11,534.0,55.2,3.77,0.025,0.088,9.53
17,2021,7,30,4,16.5,7.83,8.02,540.0,46.8,3.73,0.025,0.081,9.59
17,2021,7,30,8,16.0,7.8,8.17,557.5,26.7,3.08,0.025,0.064,9.13
17,2021,7,30,12,16.4,7.96,8.56,536.1,38.9,3.08,0.025,0.064,9.13
17,2021,7,30,12,16.4,7.96,8.56,536.1,38.9,3.25,0.025,0.073,8.38
17,2021,8,6,8,16.3,7.77,7.97,556.5,2303.8,4.91,0.025,0.105,12.47
17,2021,8,6,8,16.3,7.77,7.97,556.5,2303.8,9.2,0.025,0.611,25.43
17,2021,9,23,12,15.5,8.02,8.92,492.6,93.3,3.64,0.025,0.101,9.0
17,2021,9,23,16,16.7,8.0,8.42,485.4,105.8,4.28,0.025,0.116,9.1
17,2021,9,23,20,16.1,7.91,8.36,503.0,77.1,3.86,0.025,0.111,9.31
17,2021,9,24,0,16.3,7.95,8.35,485.1,115.9,3.86,0.025,0.111,9.31
17,2021,9,24,4,16.2,7.9,8.34,505.2,75.0,3.93,0.025,0.089,9.54
17,2021,11,11,20,6.4,7.8,10.14,637.7,14.3,1.68,0.218,0.052,9.85
17,2021,11,12,0,5.1,7.88,10.7,615.3,69.4,1.31,0.107,0.035,9.47
17,2021,11,12,4,5.4,7.87,10.66,633.4,19.1,3.04,0.025,0.044,10.19
17,2021,11,26,12,5.7,8.52,14.27,638.2,14.8,1.55,0.025,0.033,10.37
17,2021,11,26,16,7.1,8.42,12.14,660.8,11.8,1.08,0.025,0.005,11.43
17,2021,11,26,20,6.7,7.82,9.84,691.2,5.0,0.84,0.025,0.005,10.99
17,2021,11,27,0,4.8,7.86,10.64,694.5,9.4,0.84,0.025,0.005,10.99
17,2021,11,27,4,4.6,7.9,10.88,696.5,14.5,1.22,0.025,0.005,11.42
17,2021,11,27,8,5.0,7.73,10.54,678.3,8.8,1.23,0.025,0.005,10.34
17,2021,11,27,12,6.7,8.03,13.06,659.2,3.9,3.53,0.025,0.036,10.13
17,2021,11,27,16,5.9,8.49,12.72,580.0,14.6,1.12,0.025,0.034,8.5
17,2021,11,27,20,5.3,8.04,10.87,657.3,8.0,1.23,0.025,0.005,10.5
17,2021,11,28,0,4.8,7.88,10.91,662.3,6.7,1.23,0.025,0.005,10.5
17,2021,11,28,4,5.0,7.9,10.84,665.5,9.5,1.25,0.025,0.005,10.54
17,2021,11,28,8,6.0,7.74,10.25,661.8,7.4,1.02,0.025,0.005,10.13
17,2021,11,28,12,7.5,8.03,12.87,655.3,3.1,2.83,0.025,0.03,9.85
17,2021,11,28,16,7.1,8.56,12.6,568.3,7.8,1.0,0.025,0.005,8.31
17,2021,11,28,20,6.2,8.06,10.52,651.3,8.6,1.28,0.025,0.005,10.49
17,2021,11,29,0,5.8,7.78,10.23,663.3,6.4,1.28,0.025,0.005,10.49
17,2021,11,29,4,5.3,7.89,10.63,644.5,6.9,1.27,0.025,0.005,10.16
17,2021,11,29,8,6.3,7.66,10.05,662.8,6.1,1.1,0.025,0.005,10.03
17,2021,11,29,12,6.7,7.94,11.7,656.3,2.6,0.86,0.025,0.005,9.8
17,2021,11,30,8,4.6,7.65,10.37,655.7,6.8,0.85,0.025,0.005,9.49
17,2021,11,30,12,5.6,8.01,12.88,657.4,3.6,0.74,0.025,0.005,9.89
17,2021,11,30,16,4.3,8.42,12.77,587.1,7.1,1.03,0.025,0.036,8.64
17,2021,11,30,20,4.2,8.05,11.04,660.7,7.7,1.29,0.196,0.005,10.27
17,2021,11,30,20,4.2,8.05,11.04,660.7,7.7,1.29,0.196,0.005,10.27
17,2021,12,1,4,3.3,7.9,11.08,667.2,11.1,1.39,0.292,0.031,10.62
17,2021,12,1,8,4.4,7.65,10.47,670.5,6.3,1.01,0.025,0.005,9.99
17,2021,12,1,12,4.6,8.34,14.06,644.7,7.9,3.25,0.025,0.037,10.08
17,2021,12,1,16,5.0,8.46,12.63,582.0,12.8,1.03,0.025,0.03,8.33
17,2021,12,1,20,4.4,7.98,10.8,673.3,7.1,1.16,0.025,0.005,10.84
17,2021,12,2,0,3.3,7.89,10.99,684.9,8.4,1.16,0.025,0.005,10.84
17,2021,12,2,4,3.9,7.89,10.72,691.2,8.6,1.74,0.725,0.059,11.18
17,2021,12,2,12,6.4,7.99,12.78,651.5,3.4,1.05,0.025,0.033,10.23
17,2021,12,3,12,6.6,8.0,12.92,676.6,3.4,1.24,0.223,0.005,10.45
17,2021,12,7,16,5.0,8.46,12.65,586.0,13.3,0.92,0.025,0.036,10.2
17,2021,12,7,20,5.1,7.9,10.37,671.2,7.7,0.87,0.025,0.005,8.81
17,2021,12,8,8,4.1,7.68,10.59,694.3,10.7,0.94,0.025,0.005,10.91
17,2021,12,8,12,5.0,8.1,13.25,666.5,7.1,0.93,0.025,0.005,11.33
17,2021,12,8,16,5.0,8.46,12.67,589.5,10.4,1.19,0.025,0.032,9.35
17,2021,12,8,20,4.7,8.04,10.82,680.6,10.5,1.55,0.369,0.039,11.58
17,2021,12,9,0,3.9,7.88,10.97,671.5,10.9,1.55,0.369,0.039,11.58
17,2021,12,9,4,4.6,7.85,10.61,662.1,8.6,1.12,0.135,0.005,11.31
17,2021,12,9,8,5.9,7.61,9.76,662.3,4.9,0.9,0.025,0.005,10.36
17,2021,12,9,16,6.2,8.52,12.55,580.9,9.8,1.19,0.025,0.005,10.22
17,2021,12,10,12,5.7,8.13,13.13,643.7,4.5,0.8,0.025,0.005,10.51
17,2021,12,10,16,5.7,8.5,12.6,579.1,10.1,0.77,0.025,0.005,9.75
17,2021,12,14,8,3.4,7.66,10.47,675.6,6.6,0.8,0.025,0.005,11.06
17,2021,12,14,12,3.1,8.19,13.35,643.4,8.9,1.07,0.025,0.036,10.77
17,2021,12,14,16,3.7,8.44,12.66,589.0,10.0,1.08,0.025,0.04,9.23
17,2021,12,14,20,4.6,7.83,10.19,672.9,5.6,0.79,0.025,0.005,10.64
17,2021,12,15,0,2.6,7.96,11.2,677.2,12.6,0.79,0.025,0.005,10.64
17,2021,12,15,4,2.7,7.96,11.21,693.7,13.0,1.0,0.025,0.032,12.3
17,2021,12,21,12,5.1,7.92,12.49,690.4,3.1,1.21,0.105,0.005,11.25
17,2021,12,21,16,4.0,8.36,12.34,610.8,13.0,1.07,0.163,0.005,10.64
17,2021,12,22,4,4.0,7.95,10.79,674.0,11.5,1.25,0.21,0.034,11.16
17,2021,12,22,12,5.7,8.01,12.6,662.3,2.6,1.05,0.025,0.005,10.66
17,2021,12,22,16,4.6,8.44,12.43,603.8,11.2,1.18,0.025,0.005,10.17
17,2021,12,22,20,4.9,7.86,10.11,673.3,7.6,1.05,0.025,0.035,9.14
17,2021,12,23,0,3.4,7.93,10.87,674.3,12.7,0.95,0.025,0.005,10.52
17,2021,12,23,4,3.7,7.96,10.87,693.9,13.9,0.97,0.025,0.03,10.98
17,2021,12,23,8,4.9,7.67,9.84,699.0,4.7,1.24,0.025,0.031,11.9
17,2021,12,23,12,5.3,7.91,12.15,678.2,2.6,1.23,0.131,0.005,10.73
17,2021,12,23,16,4.1,8.35,12.33,608.7,10.0,1.18,0.025,0.005,10.97
17,2021,12,23,20,3.8,8.07,11.06,661.9,11.3,1.21,0.116,0.033,10.6
17,2021,12,24,0,2.8,7.92,11.16,671.3,8.7,1.46,0.116,0.033,10.6
17,2021,12,24,4,2.3,7.94,11.16,674.9,8.3,1.13,0.164,0.005,10.83
17,2021,12,24,8,2.9,7.72,10.68,680.1,5.2,1.24,0.19,0.005,11.05
17,2021,12,24,12,2.8,8.01,12.82,672.5,3.4,0.97,0.025,0.005,10.59
17,2021,12,27,16,2.6,8.21,12.46,636.4,5.5,1.01,0.1,0.005,10.14
17,2021,12,27,20,2.4,8.02,11.51,677.1,4.8,1.18,0.025,0.042,9.79
17,2021,12,28,0,2.9,7.73,10.59,699.9,2.8,1.16,0.102,0.032,10.99
17,2021,12,28,4,2.4,7.88,11.26,687.2,3.1,1.22,0.223,0.005,10.99
17,2021,12,28,8,2.9,7.72,10.5,681.2,2.1,1.21,0.286,0.033,11.16
17,2021,12,28,12,3.8,7.85,11.96,678.1,2.2,0.95,0.104,0.005,10.77
17,2021,12,28,16,2.7,8.2,12.33,626.9,8.6,0.95,0.104,0.005,10.77
17,2021,12,30,12,4.2,7.83,11.89,690.0,1.8,0.95,0.025,0.005,10.84
17,2022,1,11,8,2.2,7.72,10.38,702.1,2.3,1.21,0.186,0.041,10.44
17,2022,1,11,12,3.1,7.83,11.4,694.8,2.7,1.18,0.187,0.032,10.79
17,2022,1,11,16,2.2,8.28,12.2,616.8,13.9,1.21,0.116,0.005,10.87
17,2022,1,12,8,2.9,7.7,10.38,698.0,2.0,1.02,0.025,0.035,9.9
17,2022,1,12,12,3.3,7.86,11.51,677.3,2.3,1.12,0.025,0.005,10.85
17,2022,1,12,16,2.0,8.3,12.24,608.7,13.0,1.2,0.025,0.005,10.26
17,2022,1,14,12,3.4,7.81,11.35,696.6,3.3,0.98,0.025,0.005,11.1
17,2022,1,14,16,2.1,8.29,12.06,608.2,21.3,1.23,0.025,0.057,9.47
17,2022,1,19,8,2.6,7.73,10.61,707.8,4.6,1.11,0.105,0.05,10.9
17,2022,1,19,12,3.8,7.83,11.51,699.6,3.2,0.88,0.092,0.031,11.21
17,2022,1,19,16,2.2,8.31,12.07,611.6,49.0,1.53,0.025,0.083,9.72
17,2022,1,19,20,2.8,8.08,11.33,708.9,26.8,1.65,0.248,0.061,12.32
17,2022,1,20,0,3.6,7.72,10.5,707.7,9.9,1.65,0.248,0.061,12.32
17,2022,1,20,4,2.6,7.93,11.13,663.1,18.2,1.13,0.103,0.048,10.61
17,2022,1,20,8,3.3,7.76,10.61,696.7,10.3,0.91,0.112,0.038,11.32
17,2022,1,20,12,3.7,7.88,11.51,684.1,8.3,0.92,0.025,0.005,10.72
17,2022,1,20,16,3.3,8.37,12.12,602.7,23.3,0.94,0.025,0.053,9.06
17,2022,1,20,20,3.2,8.04,11.09,707.0,15.7,1.4,0.219,0.049,11.89
17,2022,1,21,0,3.4,7.77,10.54,704.8,4.3,1.4,0.219,0.049,11.89
17,2022,1,21,4,3.1,7.84,10.79,655.8,7.9,0.93,0.025,0.035,9.97
17,2022,1,21,8,3.6,7.73,10.53,697.9,5.3,0.94,0.025,0.032,10.79
17,2022,1,21,12,3.7,7.88,11.38,679.2,7.6,0.88,0.025,0.005,10.56
17,2022,1,24,16,4.8,8.47,12.08,623.7,19.3,1.05,0.083,0.032,10.62
17,2022,2,10,8,2.8,7.78,10.69,692.8,4.0,0.85,0.025,0.005,11.6
17,2022,2,10,12,4.0,7.89,11.67,679.3,5.4,0.89,0.025,0.005,11.81
17,2022,2,11,8,2.9,7.78,10.73,687.2,4.7,0.83,0.025,0.005,11.61
17,2022,2,11,12,4.2,7.86,11.76,675.9,7.1,1.05,0.025,0.005,11.48
17,2022,2,11,16,4.2,8.39,12.07,602.4,24.4,1.24,0.025,0.052,9.81
17,2022,2,11,20,4.0,8.18,10.98,681.6,24.1,1.4,0.025,0.045,12.43
17,2022,2,12,0,3.7,7.83,10.52,688.5,5.8,1.4,0.025,0.045,12.43
17,2022,2,12,4,3.3,7.96,10.89,630.2,13.4,1.09,0.025,0.034,10.13
17,2022,2,12,8,3.8,7.78,10.59,678.6,5.9,1.07,0.025,0.005,11.52
17,2022,2,12,12,4.8,7.93,11.74,668.3,5.2,0.86,0.025,0.005,11.25
17,2022,2,12,16,4.8,8.5,12.13,594.0,19.4,1.31,0.025,0.044,9.62
17,2022,2,12,20,3.8,8.18,11.05,678.3,19.1,1.52,0.084,0.047,12.48
17,2022,2,13,0,3.2,7.83,10.6,687.7,5.7,1.52,0.084,0.047,12.48
17,2022,2,13,4,3.1,7.94,10.93,652.9,15.4,1.3,0.025,0.037,10.84
17,2022,2,13,8,3.3,7.77,10.67,679.2,9.4,1.16,0.025,0.005,11.45
17,2022,2,13,12,3.2,7.84,11.37,670.7,5.2,0.9,0.025,0.005,11.21
17,2022,2,13,16,2.6,8.33,12.24,604.8,22.0,1.51,0.025,0.052,9.64
17,2022,2,13,20,2.4,8.15,11.34,682.0,20.0,1.55,0.186,0.04,12.57
17,2022,2,14,0,2.4,7.84,10.71,690.0,3.9,1.55,0.186,0.04,12.57
17,2022,2,14,4,1.9,7.95,11.18,650.6,5.2,0.9,0.113,0.005,10.76
17,2022,2,18,8,2.7,7.77,10.71,694.5,2.3,0.84,0.025,0.005,10.84
17,2022,2,18,12,2.6,7.92,11.54,679.5,4.2,0.9,0.025,0.005,11.98
17,2022,2,18,16,2.2,8.35,12.19,602.0,28.0,1.09,0.025,0.005,11.93
17,2022,2,18,20,2.0,8.16,11.29,692.3,37.7,1.73,0.025,0.063,9.82
17,2022,2,19,0,2.3,7.81,10.63,708.3,4.7,1.94,0.025,0.067,12.8
17,2022,2,19,4,2.0,7.97,11.23,663.7,5.0,1.94,0.025,0.067,12.8
17,2022,2,19,8,2.2,7.83,10.91,711.5,3.8,0.99,0.025,0.005,11.04
17,2022,2,22,16,2.2,8.36,12.29,599.4,31.9,1.62,0.025,0.06,9.85
17,2022,2,22,20,2.5,8.17,11.4,695.2,25.7,1.65,0.025,0.06,9.85
17,2022,2,23,0,2.3,7.83,10.79,704.9,3.4,1.67,0.025,0.048,12.74
17,2022,2,23,4,1.6,8.03,11.5,653.9,5.1,1.09,0.025,0.005,12.02
17,2022,2,23,8,2.1,7.81,10.93,702.9,3.3,1.05,0.025,0.005,10.72
17,2022,2,23,12,2.1,8.16,12.34,668.8,7.5,1.36,0.025,0.005,11.75
17,2022,2,23,16,3.6,8.38,12.22,599.6,28.2,1.33,0.025,0.051,9.68
17,2022,3,1,8,3.6,7.84,10.79,671.4,7.1,1.22,0.025,0.005,11.47
17,2022,3,1,12,5.9,8.0,11.76,657.5,5.7,1.03,0.025,0.005,10.69
17,2022,3,1,16,6.3,8.59,12.3,578.3,15.7,1.33,0.025,0.034,9.26
17,2022,3,2,8,2.8,7.87,10.91,675.9,8.1,1.24,0.025,0.005,10.74
17,2022,3,2,12,6.4,8.04,11.81,640.1,4.7,1.51,0.025,0.005,11.74
17,2022,3,7,8,3.8,7.82,10.8,664.9,5.5,0.95,0.025,0.005,11.07
17,2022,3,7,12,6.9,8.3,12.29,631.4,4.3,1.07,0.025,0.005,10.43
17,2022,3,8,8,4.4,7.82,10.64,661.2,5.6,1.13,0.025,0.005,9.88
17,2022,3,8,12,7.5,8.05,11.82,641.5,6.6,0.99,0.025,0.005,10.88
17,2022,3,8,16,8.3,8.73,12.51,551.5,10.7,0.94,0.025,0.005,10.52
17,2022,3,8,20,6.8,8.36,10.28,632.2,13.8,1.27,0.025,0.04,8.46
17,2022,3,9,0,5.0,7.91,10.17,651.2,8.5,1.74,0.025,0.035,11.17
17,2022,3,9,4,4.9,7.93,10.21,642.6,10.9,1.3,0.025,0.005,11.38
17,2022,3,9,8,5.0,7.82,10.56,656.3,6.8,1.19,0.025,0.005,10.86
17,2022,3,9,8,5.0,7.82,10.56,656.3,6.8,1.14,0.025,0.005,10.94
17,2022,3,10,8,5.3,7.8,10.41,651.9,5.0,1.02,0.025,0.005,9.85
17,2022,3,10,12,8.0,7.82,11.88,623.0,4.2,1.04,0.025,0.005,10.69
17,2022,3,10,16,9.0,8.61,12.57,537.5,11.3,0.92,0.025,0.005,9.88
17,2022,3,11,8,6.4,7.56,9.75,648.2,5.0,1.52,0.025,0.005,9.67
17,2022,3,11,12,7.1,7.78,11.04,639.0,4.1,1.23,0.025,0.005,10.73
17,2022,3,11,16,7.0,8.22,11.53,578.4,11.9,1.14,0.025,0.005,9.55
17,2022,3,11,20,6.5,7.83,9.94,628.3,6.2,1.64,0.025,0.043,8.98
17,2022,3,12,16,8.9,8.57,12.62,577.8,14.4,1.7,0.025,0.034,9.51
17,2022,3,12,20,7.5,8.2,9.94,604.6,11.3,2.08,0.025,0.036,10.21
17,2022,3,13,0,6.2,7.86,9.89,619.6,15.2,2.08,0.025,0.036,10.21
17,2022,3,13,4,6.3,7.81,9.85,638.5,15.2,1.55,0.025,0.037,11.35
17,2022,3,13,8,6.4,7.6,10.11,657.7,4.8,1.29,0.025,0.005,11.01
17,2022,3,13,12,8.4,8.5,13.55,584.9,15.0,2.09,0.025,0.04,10.86
17,2022,3,13,16,8.7,8.6,12.81,546.6,13.3,1.68,0.025,0.038,9.23
17,2022,3,13,20,7.7,7.83,9.18,603.7,5.8,1.25,0.025,0.005,10.01
17,2022,3,14,0,7.1,7.75,9.41,611.3,9.7,1.25,0.025,0.005,10.01
17,2022,3,14,4,7.1,7.69,9.35,625.0,14.5,1.51,0.025,0.03,10.33
17,2022,3,14,8,6.2,7.56,9.94,667.8,4.5,1.27,0.025,0.005,11.31
17,2022,3,14,12,8.9,8.39,13.53,594.9,7.5,1.7,0.025,0.005,10.92
17,2022,3,14,16,9.7,8.6,12.67,539.0,12.8,1.47,0.025,0.047,9.3
17,2022,3,15,8,7.1,7.56,9.31,628.7,8.4,1.57,0.025,0.005,10.32
17,2022,3,15,16,10.5,8.48,12.23,540.5,21.3,2.51,0.025,0.051,9.55
17,2022,3,15,20,9.0,8.21,9.52,581.0,19.4,1.94,0.025,0.05,10.91
17,2022,3,16,0,7.7,7.77,9.23,613.1,12.7,1.58,0.025,0.036,10.03
17,2022,3,16,4,7.9,7.81,9.3,585.0,23.8,1.83,0.025,0.048,9.53
17,2022,3,16,8,8.0,7.67,9.8,614.8,10.9,1.57,0.025,0.034,9.86
17,2022,3,16,12,10.1,8.13,12.46,581.9,9.9,2.15,0.025,0.033,9.74
17,2022,3,16,16,10.0,8.65,12.55,508.3,16.6,3.34,0.025,0.06,9.06
17,2022,3,16,20,8.2,8.24,9.77,566.4,14.7,1.86,0.025,0.036,10.05
17,2022,3,17,0,7.1,7.68,9.26,619.4,6.1,1.28,0.025,0.005,9.97
17,2022,3,17,4,7.1,7.84,9.65,593.1,19.4,1.68,0.025,0.043,10.2
17,2022,3,17,8,6.7,7.74,10.16,616.8,12.2,1.66,0.025,0.033,11.0
17,2022,3,17,12,6.5,8.02,11.91,606.2,4.7,1.35,0.025,0.005,9.96
17,2022,3,17,16,5.6,8.44,12.38,560.5,14.7,1.73,0.025,0.039,9.09
17,2022,3,18,8,4.2,7.71,10.48,639.5,7.7,1.23,0.09,0.005,10.73
17,2022,3,18,12,4.8,7.9,11.65,630.6,4.5,1.35,0.025,0.005,10.47
17,2022,3,18,16,3.9,8.36,12.07,598.5,16.9,1.63,0.025,0.037,10.6
17,2022,3,23,12,6.4,8.05,11.57,638.6,5.4,1.34,0.025,0.005,10.74
17,2022,3,24,16,7.3,8.49,12.1,581.4,14.9,1.07,0.025,0.038,10.49
17,2022,3,24,20,6.9,7.8,9.42,633.8,5.6,1.71,0.025,0.005,10.21
17,2022,3,25,0,5.7,7.87,9.75,632.7,14.9,1.23,0.025,0.005,11.19
17,2022,3,25,4,5.6,7.8,9.71,667.4,14.9,1.56,0.025,0.042,10.87
17,2022,3,25,8,5.8,7.64,10.27,672.8,5.3,1.71,0.025,0.005,12.32
17,2022,3,25,12,7.4,8.26,13.28,623.5,10.3,1.21,0.025,0.03,11.98
17,2022,3,25,16,7.5,8.51,12.54,613.7,12.3,1.77,0.025,0.042,11.72
17,2022,3,25,20,6.4,8.18,10.32,608.6,13.7,1.99,0.025,0.033,11.34
17,2022,3,26,0,5.0,7.86,10.08,629.9,13.5,1.67,0.025,0.033,11.18
17,2022,3,26,4,4.8,7.88,10.14,633.5,14.3,1.34,0.025,0.033,11.1
17,2022,3,26,8,4.9,7.7,10.82,650.6,4.5,1.63,0.025,0.005,10.93
17,2022,3,26,12,8.4,8.26,13.18,592.6,12.6,1.28,0.025,0.035,10.86
17,2022,3,26,16,8.4,8.63,12.84,551.3,10.0,1.65,0.025,0.034,10.76
17,2022,3,26,20,7.0,7.83,9.4,614.1,5.1,1.6,0.025,0.005,10.28
17,2022,3,27,0,4.7,7.85,10.11,618.1,17.1,1.15,0.025,0.005,11.13
17,2022,3,27,4,5.0,7.72,9.71,626.6,8.3,1.76,0.025,0.005,11.52
17,2022,3,27,8,4.0,7.81,11.14,665.1,10.3,1.36,0.025,0.005,10.34
17,2022,3,27,12,7.9,7.97,12.38,612.3,4.4,1.55,0.025,0.005,11.59
17,2022,3,27,16,9.5,8.23,12.06,547.7,4.2,1.2,0.025,0.005,9.98
17,2022,3,27,20,8.9,8.28,9.2,487.5,26.3,1.22,0.025,0.065,9.44
17,2022,3,28,0,5.6,7.85,9.78,667.7,24.0,2.19,0.025,0.065,8.22
17,2022,3,28,4,4.4,7.77,9.94,649.4,16.1,2.42,0.324,0.054,12.01
17,2022,3,28,8,5.2,7.92,10.72,635.5,15.0,2.0,0.025,0.045,11.44
17,2022,3,28,12,8.7,8.08,12.43,610.0,4.7,1.36,0.025,0.005,10.74
17,2022,3,28,16,9.2,8.52,12.95,547.3,16.1,1.8,0.025,0.038,10.07
17,2022,3,28,20,7.9,7.74,8.99,596.7,5.3,1.36,0.025,0.005,11.07
17,2022,3,29,0,6.9,7.78,9.3,590.0,15.5,1.36,0.025,0.005,11.07
17,2022,3,29,4,6.5,7.81,9.47,628.4,16.4,2.13,0.025,0.046,11.44
17,2022,3,29,8,7.1,7.63,9.46,634.1,8.3,1.52,0.025,0.005,11.11
17,2022,3,29,12,7.7,7.84,11.35,621.4,4.1,1.19,0.025,0.005,10.83
17,2022,3,29,16,8.2,8.04,11.35,574.3,3.9,1.16,0.025,0.005,9.16
17,2022,3,29,20,7.6,8.02,9.33,572.8,64.0,3.43,0.025,0.107,10.26
17,2022,3,30,0,6.5,7.83,9.61,611.1,32.8,3.43,0.025,0.107,10.26
17,2022,3,30,4,6.3,7.83,9.7,627.1,20.7,2.05,0.101,0.043,11.39
17,2022,3,30,8,6.6,7.59,9.38,638.6,9.1,1.63,0.025,0.005,10.97
17,2022,3,30,12,6.0,8.19,11.57,603.4,20.0,2.6,0.025,0.056,10.89
17,2022,3,30,16,6.2,8.27,11.18,598.8,16.8,2.1,0.025,0.05,10.48
17,2022,3,30,20,6.2,7.72,9.43,637.8,6.6,1.37,0.025,0.005,10.69
17,2022,3,31,0,6.0,7.52,9.11,647.4,4.1,1.37,0.025,0.005,10.69
17,2022,3,31,4,5.1,7.91,10.26,602.0,15.5,1.58,0.025,0.038,10.05
17,2022,3,31,8,5.4,7.68,10.54,661.4,6.7,1.29,0.025,0.005,11.66
17,2022,3,31,12,7.4,8.41,13.65,597.8,13.1,1.61,0.025,0.039,10.97
17,2022,3,31,16,8.7,8.59,13.24,601.6,13.2,1.77,0.025,0.033,12.6
17,2022,3,31,20,7.2,7.84,9.37,614.0,5.5,1.41,0.025,0.005,10.76
17,2022,4,1,0,5.2,7.84,9.95,600.0,14.3,1.41,0.025,0.005,10.76
17,2022,4,1,4,4.8,7.84,10.04,628.9,16.6,2.04,0.235,0.04,11.03
17,2022,4,1,12,8.1,8.4,13.35,572.3,9.2,1.77,0.025,0.03,10.79
17,2022,4,1,16,8.7,8.54,12.88,543.2,9.3,1.63,0.025,0.031,10.19
17,2022,4,1,20,7.5,8.16,9.98,584.4,12.7,1.56,0.025,0.052,10.92
17,2022,4,2,0,6.3,7.61,9.09,637.2,5.3,1.56,0.025,0.052,10.92
17,2022,4,2,4,5.8,7.87,9.8,594.6,13.0,1.44,0.025,0.038,9.91
17,2022,4,2,8,6.5,7.73,10.22,631.5,9.5,1.44,0.025,0.038,9.91
17,2022,4,2,16,10.5,8.56,12.85,539.7,12.3,1.81,0.025,0.031,10.25
17,2022,4,2,20,8.4,7.87,9.28,596.9,6.8,1.81,0.025,0.031,10.25
17,2022,4,3,0,6.6,7.78,9.48,612.0,16.8,1.32,0.025,0.005,11.12
17,2022,4,3,4,6.5,7.75,9.24,634.6,25.5,1.82,0.54,0.03,11.28
17,2022,4,3,8,6.6,7.82,10.19,599.8,22.2,2.99,0.246,0.062,10.67
17,2022,4,3,12,9.1,8.44,13.3,546.9,16.1,2.73,0.025,0.053,10.1
17,2022,4,3,16,10.4,8.61,12.76,509.8,15.6,2.07,0.025,0.047,9.56
17,2022,4,3,20,8.3,8.17,9.71,544.2,14.3,1.85,0.025,0.036,9.14
17,2022,4,4,0,6.9,7.84,9.44,586.1,17.2,1.85,0.025,0.042,9.61
17,2022,4,4,4,7.1,7.79,9.28,579.5,16.5,1.9,0.025,0.038,9.64
17,2022,4,4,8,7.0,7.91,10.55,569.5,16.1,1.85,0.025,0.045,9.78
17,2022,4,4,12,9.4,8.48,13.53,545.1,10.5,1.96,0.025,0.04,9.26
17,2022,4,4,16,10.7,8.61,12.73,499.1,9.0,1.85,0.025,0.042,9.17
17,2022,4,4,20,8.9,8.1,9.47,549.1,12.6,1.7,0.025,0.031,8.98
17,2022,4,5,0,7.6,7.79,8.99,584.4,13.6,1.88,0.025,0.038,9.51
17,2022,4,5,4,7.6,7.73,8.89,575.6,13.9,1.86,0.025,0.041,9.37
17,2022,4,5,8,7.6,7.88,10.29,572.7,14.3,2.05,0.025,0.041,9.25
17,2022,4,5,12,9.9,8.43,12.89,556.6,24.7,2.07,0.025,0.034,9.31
17,2022,4,5,16,11.0,8.6,12.83,486.3,11.2,2.55,0.025,0.06,9.74
17,2022,4,5,20,9.4,8.14,9.43,521.0,16.7,1.87,0.025,0.04,8.79
17,2022,4,6,0,8.3,7.81,8.92,559.4,13.4,2.1,0.025,0.044,8.69
17,2022,4,6,4,8.6,7.74,8.77,560.0,14.1,2.11,0.025,0.041,8.61
17,2022,4,6,8,8.1,7.85,9.93,552.2,12.7,2.08,0.025,0.041,8.57
17,2022,4,6,12,9.4,8.49,13.35,530.2,10.5,2.16,0.025,0.041,8.41
17,2022,4,6,16,10.5,8.64,12.85,478.0,10.7,1.88,0.025,0.038,8.54
17,2022,4,6,20,8.9,8.16,9.55,512.9,11.3,1.84,0.025,0.033,8.71
17,2022,4,7,8,7.0,7.92,10.63,563.3,11.7,1.98,0.025,0.041,8.72
17,2022,4,7,12,9.7,8.51,13.46,531.7,10.6,2.18,0.025,0.033,8.31
17,2022,4,7,12,9.7,8.51,13.46,531.7,10.6,2.03,0.025,0.034,8.57
17,2022,4,7,16,11.0,8.61,12.55,475.2,9.9,1.88,0.025,0.034,8.54
17,2022,4,7,20,9.2,8.11,9.64,524.1,11.4,2.03,0.025,0.033,8.76
17,2022,4,8,0,7.9,7.8,8.86,574.1,12.7,2.01,0.025,0.035,8.88
17,2022,4,8,4,7.8,7.7,8.63,580.5,12.5,1.94,0.025,0.034,9.08
17,2022,4,8,8,7.3,7.7,10.24,600.9,6.6,1.8,0.025,0.005,9.26
17,2022,4,8,16,12.5,8.5,12.02,499.9,14.1,1.97,0.025,0.034,8.23
17,2022,4,8,20,10.4,7.7,8.07,544.7,4.3,2.14,0.025,0.031,9.94
17,2022,4,9,0,8.8,7.46,7.89,573.2,3.3,1.33,0.025,0.005,10.63
17,2022,4,9,4,8.7,7.75,8.44,608.8,11.9,1.29,0.025,0.005,10.57
17,2022,4,9,8,9.1,7.93,9.77,659.6,13.4,1.59,0.025,0.005,10.55
17,2022,4,9,12,12.0,8.48,13.12,553.6,10.4,1.9,0.025,0.03,12.42
17,2022,4,9,20,11.0,8.02,8.46,516.7,12.7,2.13,0.025,0.005,8.86
17,2022,4,10,0,9.9,7.79,8.1,571.8,10.9,1.93,0.025,0.031,8.77
17,2022,4,10,4,9.3,7.64,7.95,588.7,6.6,1.94,0.025,0.066,8.93
17,2022,4,10,8,8.8,7.74,9.93,597.1,5.6,1.84,0.025,0.005,8.99
17,2022,4,10,12,11.7,8.07,12.24,570.8,3.3,1.7,0.025,0.005,8.84
17,2022,4,10,16,13.0,8.21,11.05,494.5,4.6,1.52,0.025,0.005,8.7
17,2022,4,10,20,12.6,7.95,7.67,534.8,15.8,1.48,0.025,0.005,8.11
17,2022,4,11,0,10.5,7.76,7.88,582.8,13.4,2.24,0.025,0.042,9.09
17,2022,4,11,4,9.1,7.65,7.79,587.5,13.0,2.14,0.025,0.031,9.37
17,2022,4,11,8,9.2,7.68,8.32,590.2,15.9,2.26,0.025,0.03,9.26
17,2022,4,11,12,11.4,8.29,10.93,562.4,13.5,2.36,0.025,0.037,9.07
17,2022,4,11,16,8.8,8.25,8.8,536.7,6.8,2.67,0.025,0.047,9.27
17,2022,4,11,20,8.0,7.83,7.0,558.9,4.7,1.99,0.025,0.005,8.66
17,2022,4,12,0,9.1,7.59,7.15,3.3,4.6,1.78,0.025,0.005,8.67
17,2022,4,12,4,7.6,7.68,7.79,588.3,8.1,1.78,0.025,0.005,8.67
17,2022,4,12,8,7.5,7.74,8.6,584.3,9.7,1.85,0.025,0.005,9.27
17,2022,4,12,12,9.4,8.15,11.23,576.6,7.1,2.04,0.025,0.005,7.98
17,2022,4,12,16,11.6,7.78,9.89,564.6,4.5,1.84,0.025,0.005,8.49
17,2022,4,12,20,10.4,7.71,7.69,512.6,4.4,1.75,0.025,0.005,10.09
17,2022,4,13,0,7.9,7.84,10.63,548.2,25.7,1.58,0.025,0.005,9.72
17,2022,4,13,4,7.6,7.79,9.89,591.3,16.9,2.33,0.025,0.05,8.67
17,2022,4,13,8,7.9,7.87,10.86,584.8,13.0,2.35,0.025,0.045,9.18
17,2022,4,13,12,9.1,8.31,11.53,571.5,13.7,2.32,0.025,0.045,9.27
17,2022,4,13,16,8.9,8.38,11.7,586.9,8.4,2.15,0.025,0.042,9.14
17,2022,4,13,20,8.0,7.67,9.57,627.3,5.2,2.07,0.025,0.034,10.31
17,2022,4,14,0,7.2,7.45,9.21,633.3,2.9,1.54,0.025,0.005,10.06
17,2022,4,14,4,6.4,7.87,10.49,575.1,21.9,1.33,0.025,0.005,9.5
17,2022,4,14,20,8.2,8.25,10.37,550.8,14.3,2.04,0.025,0.046,9.21
17,2022,4,15,8,7.1,7.94,10.96,574.3,11.1,2.02,0.025,0.039,9.17
17,2022,4,15,12,9.4,7.92,11.37,596.8,22.6,2.09,0.025,0.054,9.71
17,2022,4,15,16,10.0,8.49,11.21,519.4,12.0,2.08,0.025,0.038,8.43
17,2022,4,15,20,9.0,8.22,10.05,557.4,11.4,2.09,0.025,0.036,9.07
17,2022,4,16,0,7.1,7.91,10.01,579.7,9.1,2.09,0.025,0.036,9.07
17,2022,4,16,4,6.9,7.86,10.03,579.0,12.2,1.99,0.025,0.037,8.81
17,2022,4,16,8,6.9,7.56,10.35,616.9,4.7,1.99,0.025,0.005,9.34
17,2022,4,16,12,10.4,8.35,12.19,559.2,11.3,1.99,0.025,0.034,7.85
17,2022,4,16,16,11.4,8.59,11.59,544.2,13.6,2.31,0.025,0.038,8.59
17,2022,4,16,20,9.3,8.23,9.86,573.5,10.8,2.02,0.025,0.04,8.9
17,2022,4,17,0,7.3,7.91,9.9,580.8,10.7,2.02,0.025,0.04,8.9
17,2022,4,17,0,7.3,7.91,9.9,580.8,10.7,2.02,0.025,0.04,8.9
17,2022,4,17,8,7.6,7.61,10.12,610.2,5.3,1.88,0.025,0.033,9.36
17,2022,4,17,12,9.7,8.3,11.81,558.2,9.6,2.09,0.025,0.034,8.77
17,2022,4,17,16,10.2,8.47,11.23,550.9,12.2,2.09,0.025,0.034,8.77
17,2022,4,17,20,9.3,8.16,9.72,568.6,9.3,1.84,0.025,0.035,9.25
17,2022,4,18,0,8.0,7.9,9.72,582.9,11.9,1.84,0.025,0.035,9.25
17,2022,4,18,4,7.8,7.88,9.66,580.7,11.5,1.86,0.025,0.039,9.07
17,2022,4,18,8,8.0,7.7,10.16,604.6,5.8,1.49,0.025,0.033,9.05
17,2022,4,18,12,12.0,8.27,11.69,558.1,7.0,2.0,0.025,0.038,8.64
17,2022,4,18,16,12.4,8.49,10.73,541.5,11.6,2.0,0.025,0.035,8.68
17,2022,4,18,20,10.2,8.08,9.08,569.6,12.6,2.13,0.025,0.042,8.52
17,2022,4,19,0,8.4,7.81,9.28,585.7,10.5,2.13,0.025,0.042,8.52
17,2022,4,19,4,8.1,7.8,9.35,569.9,9.8,1.85,0.025,0.039,8.84
17,2022,4,19,8,8.2,7.59,9.78,599.9,4.5,1.67,0.025,0.03,9.19
17,2022,4,19,12,11.8,7.88,10.94,582.2,4.5,1.66,0.025,0.005,9.21
17,2022,4,19,16,13.2,8.52,10.52,531.2,15.0,2.0,0.025,0.033,8.1
17,2022,4,19,20,11.3,8.14,8.81,563.8,15.0,2.34,0.082,0.043,8.87
17,2022,4,20,0,8.9,7.87,9.26,578.3,13.5,2.34,0.082,0.043,8.87
17,2022,4,20,4,8.1,7.87,9.45,576.3,13.9,2.0,0.101,0.036,9.02
17,2022,4,20,8,8.6,7.82,10.12,571.7,6.4,1.88,0.025,0.037,9.15
17,2022,4,20,12,11.8,7.9,10.95,584.9,3.0,1.36,0.025,0.005,8.9
17,2022,4,20,16,12.5,7.88,9.89,579.6,2.2,1.48,0.025,0.005,9.06
17,2022,4,20,20,12.4,8.24,7.97,537.4,15.5,2.1,0.025,0.043,7.4
17,2022,4,21,0,9.8,7.89,8.81,625.8,15.9,2.1,0.025,0.043,7.4
17,2022,4,21,4,9.2,7.87,9.0,596.0,10.7,1.93,0.025,0.047,9.98
17,2022,4,21,8,9.8,7.93,9.53,563.8,10.8,2.2,0.025,0.047,8.9
17,2022,4,21,12,11.4,8.23,10.91,560.8,8.7,1.92,0.025,0.043,7.8
17,2022,4,21,16,12.5,8.48,10.51,547.6,8.0,1.99,0.025,0.047,7.33
17,2022,4,21,20,10.4,7.85,8.36,593.0,6.8,1.66,0.025,0.036,9.15
17,2022,4,22,0,9.0,7.78,8.92,585.6,11.6,1.66,0.025,0.036,9.15
17,2022,4,22,4,8.4,7.85,9.37,571.3,21.7,2.27,0.025,0.056,8.61
17,2022,4,22,8,8.8,7.9,9.98,562.5,18.8,2.29,0.025,0.053,8.66
17,2022,4,22,12,11.1,8.2,11.26,548.5,14.2,2.22,0.025,0.051,8.11
17,2022,4,22,16,12.4,8.43,10.56,536.6,12.2,2.21,0.025,0.052,7.92
17,2022,4,22,20,10.7,8.13,8.88,549.2,14.9,2.14,0.025,0.048,7.98
17,2022,4,23,0,9.2,7.87,9.08,555.5,17.5,2.14,0.025,0.048,7.98
17,2022,4,23,4,9.0,7.82,9.29,556.7,21.0,2.41,0.025,0.072,8.05
17,2022,4,23,8,9.1,7.89,9.93,556.7,16.5,2.21,0.025,0.058,7.66
17,2022,4,23,12,11.6,8.23,11.14,542.1,13.1,2.21,0.025,0.058,7.66
17,2022,4,23,16,12.7,8.46,10.3,526.3,14.5,1.99,0.025,0.044,7.92
17,2022,4,23,20,11.2,8.04,8.43,543.0,115.6,2.09,0.025,0.051,7.55
17,2022,4,24,0,9.7,7.83,8.8,548.8,48.5,3.55,0.025,0.098,8.47
17,2022,4,24,4,9.5,7.78,8.67,551.9,29.5,3.55,0.025,0.098,8.47
17,2022,4,24,8,9.9,7.83,9.34,551.8,21.4,2.27,0.025,0.056,7.28
17,2022,4,24,12,11.9,8.03,9.42,539.2,108.2,2.35,0.025,0.054,8.09
17,2022,4,24,16,11.8,7.88,7.45,532.3,73.1,3.67,0.025,0.106,7.83
17,2022,4,24,20,12.9,8.09,7.92,534.7,38.5,3.8,0.025,0.127,7.92
17,2022,4,25,8,11.8,7.95,8.57,564.2,19.5,1.96,0.025,0.071,7.96
17,2022,4,25,12,12.4,8.27,9.99,580.3,14.2,1.89,0.025,0.067,9.05
17,2022,4,25,16,12.3,8.47,8.96,512.6,11.3,1.64,0.025,0.06,9.11
17,2022,4,25,20,11.4,8.22,6.98,526.3,15.4,1.93,0.025,0.058,7.29
17,2022,4,26,0,12.0,7.91,7.33,536.0,18.7,1.91,0.025,0.059,6.99
17,2022,4,26,4,10.8,7.82,7.71,537.3,19.7,2.1,0.025,0.065,7.23
17,2022,4,26,8,9.9,7.81,8.58,542.8,17.2,2.04,0.025,0.064,7.2
17,2022,4,26,12,13.1,8.35,11.17,517.1,28.8,2.1,0.025,0.063,7.28
17,2022,4,26,16,14.1,7.85,7.89,2.2,8.4,2.68,0.025,0.078,7.32
17,2022,4,26,20,9.1,8.38,8.55,522.5,16.4,2.68,0.025,0.078,7.32
17,2022,4,27,0,9.8,7.98,7.38,2.2,10.3,1.83,0.025,0.065,7.07
17,2022,4,27,4,8.7,7.85,7.61,513.1,11.0,1.83,0.025,0.065,7.07
17,2022,4,27,16,10.0,8.27,10.4,531.7,21.6,2.28,0.025,0.073,7.19
17,2022,4,27,20,9.3,8.03,9.32,538.2,26.1,2.12,0.025,0.066,7.34
17,2022,4,27,20,9.3,8.03,9.32,538.2,26.1,2.28,0.025,0.066,7.43
17,2022,4,28,0,9.0,7.92,9.33,537.7,39.4,2.39,0.025,0.066,7.22
17,2022,4,28,4,9.2,7.89,9.19,531.3,67.1,3.63,0.025,0.113,7.33
17,2022,4,28,8,9.3,8.01,10.14,535.8,23.0,2.46,0.025,0.065,7.15
17,2022,4,28,12,12.0,8.35,11.51,537.9,20.1,2.12,0.025,0.066,7.81
17,2022,4,28,16,13.1,8.6,11.47,514.8,22.6,2.2,0.025,0.058,7.36
17,2022,4,29,0,10.7,7.99,8.81,522.3,84.8,2.29,0.025,0.062,7.17
17,2022,4,29,4,11.6,7.92,8.56,532.4,56.2,3.63,0.025,0.116,7.38
17,2022,4,29,8,11.0,7.99,9.45,543.1,32.8,2.95,0.025,0.095,7.45
17,2022,4,29,12,12.4,8.28,10.75,537.5,15.9,2.95,0.025,0.095,7.45
17,2022,4,29,16,12.9,8.52,9.92,529.5,24.6,1.74,0.025,0.051,7.52
17,2022,4,29,20,10.9,8.19,9.09,557.2,20.0,1.89,0.025,0.058,7.76
17,2022,4,30,0,9.8,8.02,9.08,561.3,24.2,1.7,0.025,0.058,7.87
17,2022,4,30,4,9.1,7.96,9.28,566.7,23.5,1.76,0.025,0.055,7.97
17,2022,4,30,8,9.1,7.75,9.89,593.2,8.4,1.86,0.025,0.051,8.09
17,2022,4,30,12,12.5,8.46,11.16,536.4,16.7,1.31,0.025,0.037,8.54
17,2022,4,30,16,13.1,8.6,10.65,532.0,15.6,1.66,0.025,0.052,8.05
17,2022,4,30,20,10.7,7.84,8.36,601.7,7.2,1.59,0.025,0.046,7.98
17,2022,5,1,0,8.9,8.07,9.26,590.5,19.8,0.92,0.025,0.005,9.28
17,2022,5,1,4,8.8,7.97,9.22,572.5,43.4,1.29,0.025,0.045,9.4
17,2022,5,1,8,9.6,8.1,10.02,557.8,21.7,2.38,0.025,0.068,8.67
17,2022,5,1,12,11.5,8.35,10.87,544.9,14.3,2.09,0.025,0.056,7.82
17,2022,5,1,16,12.6,8.59,10.72,534.9,13.3,1.68,0.025,0.042,7.99
17,2022,5,1,20,11.1,8.22,8.79,562.8,13.6,1.57,0.025,0.039,7.88
17,2022,5,1,20,11.1,8.22,8.79,562.8,13.6,1.38,0.025,0.035,8.43
17,2022,5,2,4,8.9,7.97,9.2,566.0,25.3,1.66,0.025,0.049,8.16
17,2022,5,2,8,9.9,8.1,10.33,556.4,22.9,1.84,0.025,0.06,8.06
17,2022,5,2,12,13.4,8.01,10.74,572.9,7.6,2.01,0.025,0.051,7.73
17,2022,5,2,16,14.5,8.16,9.29,556.3,7.1,1.19,0.025,0.033,8.3
17,2022,5,2,20,13.3,7.82,7.48,541.0,5.6,1.22,0.025,0.005,8.4
17,2022,5,3,0,11.0,7.96,8.59,566.0,45.0,1.19,0.025,0.005,8.15
17,2022,5,3,4,9.8,7.94,8.94,566.4,26.6,2.4,0.098,0.076,8.37
17,2022,5,3,8,11.0,8.12,9.99,556.6,19.3,2.07,0.025,0.061,8.27
17,2022,5,3,12,15.0,8.5,11.24,532.1,19.4,2.09,0.025,0.052,8.09
17,2022,5,3,16,15.8,8.44,9.79,531.9,10.2,1.67,0.025,0.043,8.13
17,2022,5,5,8,13.8,8.02,9.54,559.0,18.8,2.34,0.025,0.059,8.4
17,2022,5,5,12,16.8,8.58,10.57,511.5,15.7,1.9,0.025,0.041,8.22
17,2022,5,5,16,16.7,8.6,10.05,504.4,15.4,2.04,0.025,0.043,7.63
17,2022,5,5,20,14.8,8.15,7.83,538.1,8.5,2.25,0.025,0.046,7.96
17,2022,5,6,0,13.1,7.74,7.72,572.3,5.4,1.7,0.025,0.041,7.74
17,2022,5,6,4,12.9,7.86,8.11,557.7,17.2,1.42,0.025,0.005,8.41
17,2022,5,6,8,12.6,7.91,8.98,558.8,12.2,1.66,0.025,0.044,7.98
17,2022,5,6,12,15.0,8.27,11.1,542.9,13.6,1.7,0.025,0.037,7.89
17,2022,5,6,16,15.9,8.24,10.0,533.4,11.6,1.86,0.025,0.043,8.07
17,2022,5,6,20,14.7,8.15,7.62,496.6,30.3,1.58,0.025,0.036,8.1
17,2022,5,7,0,11.8,7.84,8.4,567.3,15.1,2.0,0.025,0.049,7.54
17,2022,5,7,4,11.0,7.73,8.46,573.1,13.4,1.94,0.025,0.04,8.19
17,2022,5,7,8,11.5,7.85,9.82,564.4,9.6,1.57,0.025,0.037,8.32
17,2022,5,7,12,14.3,8.27,11.55,544.0,6.0,1.52,0.025,0.034,8.08
17,2022,5,7,16,13.8,8.44,10.6,524.4,8.3,1.48,0.025,0.005,8.02
17,2022,5,7,20,11.9,8.08,8.66,569.9,9.9,1.06,0.025,0.032,8.02
17,2022,5,8,0,10.5,7.72,8.39,584.7,5.6,1.54,0.025,0.005,9.07
17,2022,5,8,4,10.8,7.76,8.5,566.7,12.1,1.37,0.025,0.005,8.4
17,2022,5,8,8,11.2,7.76,8.79,555.0,8.3,1.87,0.025,0.034,8.08
17,2022,5,8,12,11.5,8.07,11.12,558.2,5.8,2.06,0.025,0.03,8.04
17,2022,5,8,16,12.5,8.3,10.68,542.0,7.8,1.57,0.025,0.005,7.98
17,2022,5,8,20,11.5,8.14,8.92,543.3,8.3,1.48,0.025,0.005,7.91
17,2022,5,9,0,10.1,7.82,8.83,572.1,7.8,1.65,0.025,0.005,8.16
17,2022,5,9,4,9.6,7.75,8.88,573.8,8.4,1.58,0.025,0.036,8.12
17,2022,5,9,8,10.5,8.02,10.53,560.4,8.1,1.59,0.025,0.037,8.25
17,2022,5,9,12,14.4,8.25,11.42,544.7,4.7,1.78,0.025,0.03,8.1
17,2022,5,9,16,15.3,8.44,10.16,514.4,7.3,1.77,0.025,0.005,7.71
17,2022,5,9,20,13.0,8.07,8.28,538.9,6.6,1.56,0.025,0.033,7.74
17,2022,5,10,0,11.0,7.77,8.4,570.3,6.5,1.78,0.025,0.033,8.12
17,2022,5,10,4,11.1,7.71,8.21,567.2,6.8,1.73,0.025,0.03,8.42
17,2022,5,10,8,10.8,7.64,8.76,579.9,3.6,1.64,0.025,0.005,8.19
17,2022,5,10,12,11.0,7.96,10.04,561.7,3.1,1.63,0.025,0.005,8.44
17,2022,5,10,12,11.0,7.96,10.04,561.7,3.1,1.43,0.025,0.005,8.39
17,2022,5,11,4,9.7,7.79,8.88,570.9,8.3,1.66,0.025,0.03,8.44
17,2022,5,11,8,9.8,7.95,10.71,574.1,5.6,1.66,0.025,0.033,8.43
17,2022,5,11,12,12.9,8.47,12.09,540.3,3.8,1.62,0.025,0.005,8.51
17,2022,5,11,16,14.3,8.48,11.2,506.0,4.7,1.47,0.025,0.005,7.94
17,2022,5,11,20,12.4,8.14,8.47,543.0,7.0,1.73,0.025,0.037,8.04
17,2022,5,12,0,10.7,7.8,8.54,565.0,7.4,1.77,0.025,0.032,8.23
17,2022,5,12,4,10.4,7.75,8.56,567.2,9.0,1.78,0.025,0.032,8.41
17,2022,5,12,8,10.9,7.95,9.91,549.6,6.3,1.72,0.025,0.038,8.18
17,2022,5,12,12,13.1,8.36,11.48,530.2,11.9,2.11,0.025,0.041,8.02
17,2022,5,16,8,10.4,7.72,9.63,574.8,4.5,1.77,0.025,0.005,8.13
17,2022,5,16,16,14.2,8.46,9.99,509.3,4.8,1.88,0.025,0.033,7.55
17,2022,5,16,20,12.9,8.06,7.82,541.4,6.3,1.67,0.025,0.033,7.86
17,2022,5,17,8,11.6,7.95,9.43,536.7,6.2,1.91,0.025,0.032,9.04
17,2022,5,17,12,14.0,8.29,11.31,533.0,4.5,2.03,0.025,0.039,8.06
17,2022,5,17,16,14.7,8.43,10.28,508.8,3.2,1.62,0.025,0.039,7.91
17,2022,5,17,20,14.9,8.4,8.0,486.1,11.7,1.52,0.025,0.005,7.86
17,2022,5,18,0,12.0,7.9,8.25,517.7,24.2,1.7,0.025,0.037,7.08
17,2022,5,18,0,12.0,7.9,8.25,517.7,24.2,2.77,0.025,0.072,6.98
17,2022,5,18,8,12.5,8.17,10.18,532.5,12.0,2.09,0.025,0.056,7.88
17,2022,5,18,12,15.3,8.68,12.44,504.7,8.4,2.19,0.025,0.051,7.65
17,2022,5,18,16,15.8,8.69,11.03,492.7,7.3,2.03,0.025,0.045,7.39
17,2022,5,18,20,13.9,7.92,7.6,518.8,3.5,1.95,0.025,0.04,7.39
17,2022,5,19,0,12.7,7.96,8.07,539.3,15.7,1.29,0.025,0.005,8.01
17,2022,5,19,4,12.4,7.84,8.01,543.4,15.5,1.73,0.025,0.044,7.81
17,2022,5,19,8,12.0,7.96,10.53,560.4,3.8,1.73,0.025,0.041,7.77
17,2022,5,19,12,16.4,8.73,12.69,474.7,3.7,1.43,0.025,0.005,7.83
17,2022,5,19,16,16.1,8.66,9.66,474.0,7.1,1.66,0.025,0.005,7.47
17,2022,5,19,20,14.1,8.1,7.72,565.2,11.5,1.65,0.025,0.036,6.86
17,2022,5,20,0,12.8,7.9,7.97,546.9,17.3,1.89,0.025,0.035,8.73
17,2022,5,20,4,12.4,7.89,8.1,546.2,15.2,1.91,0.025,0.036,8.23
17,2022,5,20,8,12.7,8.09,10.3,552.2,6.4,2.1,0.025,0.043,7.82
17,2022,5,20,8,12.7,8.09,10.3,552.2,6.4,1.95,0.025,0.032,7.89
17,2022,5,20,12,16.7,8.58,12.78,506.8,4.7,1.68,0.025,0.035,8.14
17,2022,5,20,16,17.6,8.71,10.3,468.0,8.1,1.64,0.025,0.037,7.44
17,2022,5,20,20,15.8,8.2,7.43,516.4,12.5,2.17,0.025,0.04,7.04
17,2022,5,21,0,13.6,7.92,7.75,538.7,12.2,1.84,0.025,0.047,7.8
17,2022,5,21,4,13.6,7.85,7.69,542.8,20.3,1.98,0.025,0.052,7.65
17,2022,5,21,8,14.1,8.12,9.88,543.6,9.7,1.88,0.025,0.037,7.71
17,2022,5,21,12,18.4,8.7,12.34,482.0,4.5,1.67,0.025,0.005,7.48
17,2022,5,21,16,18.9,8.74,10.53,453.5,9.8,1.71,0.025,0.043,6.98
17,2022,5,21,20,16.4,8.18,7.34,521.3,9.9,1.95,0.025,0.047,7.71
17,2022,5,22,0,14.3,7.91,7.44,541.5,13.6,1.91,0.025,0.036,7.67
17,2022,5,22,4,14.1,7.81,7.33,545.9,13.0,1.86,0.025,0.043,7.88
17,2022,5,22,8,13.5,7.97,10.13,561.6,4.1,1.65,0.025,0.005,7.66
17,2022,5,22,12,17.5,8.52,12.43,507.3,3.6,1.37,0.025,0.005,7.51
17,2022,5,22,16,16.7,8.44,8.71,501.3,11.0,1.65,0.025,0.039,7.26
17,2022,5,22,16,16.7,8.44,8.71,501.3,11.0,1.65,0.025,0.039,7.26
17,2022,5,22,16,16.7,8.44,8.71,501.3,11.0,1.65,0.025,0.039,7.26
17,2022,5,24,8,14.3,8.13,9.89,557.0,6.4,1.43,0.025,0.005,10.5
17,2022,5,24,12,17.1,7.08,12.8,501.0,3.2,2.3,0.025,0.04,7.79
17,2022,5,24,16,17.8,6.81,9.98,475.5,9.1,1.75,0.025,0.005,7.72
17,2022,5,24,20,16.7,6.8,7.51,508.8,10.1,1.81,0.025,0.036,7.13
17,2022,5,25,0,14.8,6.8,7.46,531.4,15.0,2.01,0.025,0.044,7.36
17,2022,5,25,4,13.4,6.79,7.42,554.3,6.5,2.01,0.025,0.044,7.36
17,2022,5,25,8,13.9,6.81,9.96,538.3,11.6,1.62,0.025,0.039,7.53
17,2022,5,25,12,17.0,6.88,13.07,493.3,4.2,1.98,0.025,0.043,7.45
17,2022,5,25,16,17.6,6.89,11.67,456.9,10.2,1.48,0.025,0.033,7.51
17,2022,5,25,20,16.2,6.87,7.71,513.2,10.2,1.87,0.025,0.036,7.1
17,2022,5,26,0,13.4,6.84,7.25,539.3,12.4,2.81,0.025,0.072,7.3
17,2022,5,26,4,12.8,6.85,7.76,538.2,16.7,2.81,0.025,0.072,7.3
17,2022,5,26,8,13.4,6.88,10.42,538.1,9.6,2.1,0.025,0.053,7.56
17,2022,5,26,12,16.3,6.93,13.02,491.7,6.8,1.87,0.025,0.04,7.47
17,2022,5,26,16,17.8,6.99,11.58,428.3,6.2,2.03,0.025,0.044,7.16
17,2022,5,26,20,16.1,6.93,7.43,482.8,4.5,2.15,0.025,0.035,6.82
17,2022,5,27,0,14.6,6.92,7.01,500.9,12.6,1.65,0.025,0.005,7.59
17,2022,5,27,4,13.1,6.89,7.57,536.5,14.4,2.04,0.025,0.047,7.29
17,2022,5,27,8,14.0,6.92,9.85,530.2,12.6,1.95,0.025,0.04,7.36
17,2022,5,27,16,18.5,7.02,11.39,425.1,3.9,2.07,0.025,0.033,7.2
17,2022,5,27,20,16.3,6.95,7.39,502.6,8.1,1.86,0.025,0.005,6.98
17,2022,5,28,0,13.5,6.89,6.89,560.8,4.3,1.67,0.025,0.036,7.39
17,2022,5,28,4,13.3,6.91,7.41,547.9,13.0,1.45,0.025,0.005,7.82
17,2022,5,28,8,14.3,6.93,10.12,572.5,5.5,1.58,0.025,0.039,7.52
17,2022,5,28,12,18.1,7.0,13.72,493.4,3.3,1.81,0.025,0.005,8.41
17,2022,5,28,16,18.9,7.04,11.97,439.0,6.4,1.54,0.025,0.005,7.87
17,2022,5,28,16,18.9,7.04,11.97,439.0,6.4,1.74,0.025,0.005,7.1
17,2022,5,28,20,17.3,6.99,6.66,491.6,3.3,1.74,0.025,0.005,7.1
17,2022,5,29,0,16.7,6.97,6.03,518.7,8.6,1.69,0.025,0.005,7.8
17,2022,5,29,4,15.3,6.93,6.34,610.2,12.1,1.64,0.025,0.005,7.91
17,2022,5,29,8,15.6,6.96,7.01,549.0,9.0,1.88,0.025,0.032,9.72
17,2022,5,29,12,15.4,6.96,11.48,556.8,3.3,2.35,0.025,0.037,7.47
17,2022,5,29,16,17.9,7.05,11.07,418.7,2.7,1.72,0.025,0.031,7.78
17,2022,5,29,20,14.7,7.04,5.13,3.0,2.3,2.11,0.025,0.005,6.92
17,2022,5,30,0,13.3,6.93,6.05,525.8,8.1,2.11,0.025,0.005,6.92
17,2022,5,30,4,12.4,6.92,6.79,528.1,10.2,2.15,0.025,0.048,7.21
17,2022,5,30,4,12.4,6.92,6.79,528.1,10.2,2.13,0.025,0.049,7.12
17,2022,5,30,12,15.6,6.99,13.43,497.6,10.5,3.04,0.025,0.131,7.61
17,2022,5,30,16,17.8,7.07,11.84,403.5,12.6,2.55,0.025,0.07,7.4
17,2022,5,30,16,17.8,7.07,11.84,403.5,12.6,2.61,0.025,0.054,7.05
17,2022,5,30,20,15.6,6.99,7.77,490.7,10.1,2.18,0.025,0.052,7.37
17,2022,5,31,0,13.5,6.93,7.34,532.4,11.8,2.18,0.025,0.052,7.37
17,2022,5,31,4,13.5,6.94,7.15,532.9,12.8,2.15,0.025,0.042,6.35
17,2022,5,31,8,12.8,6.92,9.75,562.7,4.7,1.6,0.025,0.005,7.73
17,2022,5,31,12,16.1,7.02,13.3,467.8,4.2,1.71,0.025,0.005,6.98
17,2022,5,31,16,15.5,7.0,9.82,484.0,8.2,1.72,0.025,0.032,7.05
17,2022,5,31,20,14.8,6.97,7.89,519.4,9.7,2.16,0.025,0.041,7.25
17,2022,6,1,0,13.2,6.95,7.57,533.3,13.1,2.16,0.025,0.041,7.25
17,2022,6,1,4,12.7,6.93,7.68,534.9,14.3,2.14,0.025,0.041,7.43
17,2022,6,1,8,13.2,6.95,9.75,532.0,12.2,2.14,0.025,0.041,7.25
17,2022,6,1,12,16.7,7.08,11.94,487.3,7.5,1.89,0.025,0.034,7.42
17,2022,6,1,12,16.7,7.08,11.94,487.3,7.5,1.89,0.025,0.034,7.42
17,2022,6,1,20,16.3,7.07,7.61,491.9,10.7,2.1,0.025,0.034,7.33
17,2022,6,2,0,14.3,7.04,7.26,534.2,16.9,2.1,0.025,0.034,7.33
17,2022,6,2,4,13.9,7.04,7.11,542.2,12.7,2.15,0.025,0.042,7.42
17,2022,6,2,8,13.2,7.04,9.69,568.3,5.5,1.69,0.025,0.032,7.69
17,2022,6,2,12,17.8,7.15,13.14,457.9,6.5,2.16,0.025,0.005,6.88
17,2022,6,2,16,18.4,7.17,11.52,448.6,10.5,2.11,0.025,0.039,6.83
17,2022,6,2,20,17.6,7.13,6.89,489.8,9.9,2.33,0.025,0.036,6.85
17,2022,6,3,0,15.6,7.96,6.82,537.2,12.8,1.94,0.025,0.032,6.99
17,2022,6,3,4,15.5,7.86,6.68,540.5,14.0,2.1,0.025,0.036,7.49
17,2022,6,3,8,15.2,7.81,7.89,568.1,7.6,2.12,0.025,0.033,7.9
17,2022,6,3,12,17.3,8.23,12.01,527.4,6.5,1.71,0.025,0.005,7.7
17,2022,6,3,16,19.2,8.59,10.41,459.6,10.6,2.59,0.025,0.036,7.02
17,2022,6,3,20,17.6,8.07,6.15,517.5,11.8,2.35,0.025,0.037,7.39
17,2022,6,4,0,15.8,7.75,6.26,559.5,7.4,1.89,0.025,0.005,7.8
17,2022,6,4,4,16.3,7.83,6.39,529.2,15.3,2.13,0.025,0.034,7.45
17,2022,6,4,8,16.8,7.92,6.71,527.5,14.2,2.75,0.025,0.059,7.38
17,2022,6,4,12,17.6,8.4,10.86,530.9,6.5,2.13,0.025,0.039,7.74
17,2022,6,4,16,21.2,8.87,9.52,426.7,12.2,3.54,0.025,0.07,6.98
17,2022,6,4,20,18.2,8.08,5.95,519.4,15.0,4.27,0.837,0.113,7.7
17,2022,6,5,0,16.2,7.85,6.16,532.2,16.5,3.05,0.771,0.079,7.81
17,2022,6,5,4,15.1,7.85,6.52,542.0,16.3,2.95,1.213,0.075,8.42
17,2022,6,5,8,15.8,8.07,8.4,517.0,16.7,3.01,0.55,0.075,7.89
17,2022,6,5,12,17.8,8.68,11.54,500.8,8.6,2.34,0.025,0.058,7.66
17,2022,6,5,16,17.6,8.53,9.13,477.0,9.8,1.91,0.025,0.047,7.79
17,2022,6,6,0,14.8,7.97,7.16,521.1,19.4,2.11,0.025,0.067,7.12
17,2022,6,6,4,14.9,7.94,6.95,519.3,18.2,2.11,0.025,0.067,7.12
17,2022,6,6,8,15.0,8.08,8.95,526.9,13.7,2.33,0.025,0.067,7.03
17,2022,6,6,8,15.0,8.08,8.95,526.9,13.7,2.33,0.025,0.067,7.03
17,2022,6,6,12,15.1,8.49,10.9,528.0,8.9,2.33,0.025,0.063,7.7
17,2022,6,6,16,16.6,8.82,10.44,490.6,16.1,1.68,0.025,0.044,7.53
17,2022,6,6,20,15.2,8.3,7.44,527.7,10.4,2.13,0.025,0.078,7.04
17,2022,6,7,0,13.1,7.66,6.69,578.6,7.9,1.9,0.025,0.052,7.25
17,2022,6,7,4,12.8,8.01,7.9,520.6,21.3,1.26,0.025,0.039,8.01
17,2022,6,7,8,13.7,8.21,9.45,517.7,19.0,2.15,0.025,0.074,6.79
17,2022,6,7,12,16.1,8.68,10.71,501.2,17.1,2.38,0.025,0.074,6.6
17,2022,6,7,16,17.9,8.98,10.39,479.2,17.7,2.37,0.025,0.067,6.67
17,2022,6,7,20,16.3,8.53,7.25,508.2,17.0,2.36,0.025,0.07,6.68
17,2022,6,7,20,16.3,8.53,7.25,508.2,17.0,2.36,0.025,0.07,6.68
17,2022,6,7,20,16.3,8.53,7.25,508.2,17.0,2.36,0.025,0.07,6.68
17,2022,6,8,12,18.5,8.91,10.1,484.3,45.9,1.26,0.025,0.037,7.67
17,2022,6,8,16,17.3,8.57,9.34,568.8,15.0,2.82,0.025,0.092,7.1
17,2022,6,8,20,16.4,8.35,7.6,535.4,24.5,2.13,0.025,0.082,9.0
17,2022,6,9,0,15.0,7.93,7.21,542.3,10.0,2.73,0.025,0.09,7.49
17,2022,6,9,4,14.6,7.98,7.7,541.3,18.6,1.97,0.025,0.067,7.12
17,2022,6,9,8,15.6,8.01,7.63,532.4,20.5,2.1,0.025,0.084,7.0
17,2022,6,9,12,14.9,8.09,8.73,530.8,7.1,2.6,0.085,0.092,7.27
17,2022,6,9,12,14.9,8.09,8.73,530.8,7.1,1.99,0.025,0.078,7.06
17,2022,6,9,16,14.6,8.3,8.75,530.6,12.9,2.04,0.025,0.082,6.88
17,2022,6,9,20,14.6,8.04,7.72,511.7,26.2,2.58,0.135,0.096,7.26
17,2022,6,10,0,14.2,8.02,7.97,530.0,27.9,2.58,0.135,0.096,7.26
17,2022,6,10,4,14.1,8.01,7.98,516.9,30.2,2.38,0.175,0.102,7.06
17,2022,6,10,8,14.7,8.05,8.34,492.6,24.8,2.54,0.176,0.116,6.45
17,2022,6,10,12,17.0,8.48,10.56,513.7,10.7,1.88,0.025,0.092,7.18
17,2022,6,10,16,18.7,8.75,8.6,511.0,18.4,1.96,0.025,0.091,7.38
17,2022,6,10,20,17.0,8.13,7.12,517.6,15.2,2.24,0.025,0.071,7.18
17,2022,6,11,0,16.2,7.98,7.16,520.4,25.9,2.24,0.025,0.071,7.18
17,2022,6,11,4,16.3,7.93,6.95,525.5,22.7,2.26,0.025,0.08,7.46
17,2022,6,11,8,16.4,8.0,7.17,520.8,23.9,2.64,0.086,0.094,6.97
17,2022,6,11,12,15.9,7.99,7.49,525.0,13.6,2.29,0.101,0.079,7.31
17,2022,6,11,16,15.8,8.13,7.7,532.1,17.0,2.17,0.092,0.091,7.33
17,2022,6,11,20,15.4,8.06,7.52,523.8,25.0,2.25,0.142,0.105,7.32
17,2022,6,12,0,14.9,8.03,7.64,525.2,33.2,2.25,0.142,0.105,7.32
17,2022,6,12,4,14.7,8.02,7.67,528.8,38.3,2.42,0.152,0.11,7.46
17,2022,6,12,8,14.3,7.94,8.23,563.9,7.4,1.95,0.124,0.078,8.15
17,2022,6,12,12,17.0,8.52,8.75,537.8,20.6,2.19,0.025,0.104,8.07
17,2022,6,12,16,16.9,8.24,7.16,509.1,54.0,2.92,0.082,0.128,7.5
17,2022,6,12,20,16.5,7.97,6.81,508.5,49.7,3.64,0.478,0.151,7.72
17,2022,6,13,0,15.8,7.97,8.12,525.9,37.1,3.64,0.478,0.151,7.72
17,2022,6,13,4,16.3,7.96,7.02,528.2,55.1,3.33,0.16,0.133,7.7
17,2022,6,13,8,16.4,7.99,7.07,527.3,37.7,3.15,0.18,0.125,7.72
17,2022,6,13,12,17.3,8.1,8.71,537.4,11.6,2.25,0.025,0.09,7.86
17,2022,6,13,16,18.3,8.28,8.53,528.7,11.6,2.18,0.025,0.074,7.91
17,2022,6,13,20,17.1,7.62,7.09,553.3,25.6,1.32,0.025,0.056,7.76
17,2022,6,14,0,15.8,7.99,7.27,525.4,37.6,1.32,0.025,0.056,7.76
17,2022,6,14,4,15.1,8.01,7.59,532.7,46.4,2.55,0.025,0.101,7.55
17,2022,6,14,8,15.1,7.98,8.07,538.3,25.3,2.2,0.025,0.092,7.24
17,2022,6,14,12,16.6,8.13,7.74,541.6,36.5,2.46,0.025,0.101,7.92
17,2022,6,14,16,17.9,8.03,8.11,533.2,17.9,2.22,0.025,0.082,7.62
17,2022,6,14,20,16.8,7.53,7.19,542.8,20.7,1.53,0.025,0.057,6.85
17,2022,6,15,0,15.1,7.89,7.32,550.7,12.0,1.53,0.025,0.057,6.85
17,2022,6,15,4,14.2,7.98,7.77,546.8,31.2,1.99,0.025,0.091,7.75
17,2022,6,15,8,13.9,7.98,8.9,572.0,9.8,1.99,0.025,0.091,7.75
17,2022,6,15,12,17.1,8.34,9.21,540.4,38.1,1.54,0.025,0.059,8.27
17,2022,6,15,16,18.8,8.13,7.78,569.0,36.6,2.07,0.025,0.101,7.52
17,2022,6,15,20,17.2,7.98,7.1,576.0,8.9,2.43,0.025,0.104,8.62
17,2022,6,16,0,16.6,7.8,7.03,585.6,14.4,1.79,0.025,0.071,9.02
17,2022,6,16,4,15.7,7.88,7.65,582.5,40.0,1.62,0.025,0.068,8.67
17,2022,6,16,8,15.0,7.88,8.9,604.5,6.5,1.74,0.025,0.103,9.05
17,2022,6,16,12,16.2,8.12,8.37,569.5,37.2,1.37,0.025,0.058,9.01
17,2022,6,16,16,17.7,8.16,8.22,590.7,16.5,1.8,0.025,0.088,8.18
17,2022,6,16,20,16.8,7.93,7.39,598.4,6.2,2.0,0.025,0.083,8.99
17,2022,6,17,0,16.8,8.0,7.31,571.3,83.6,1.56,0.025,0.063,9.29
17,2022,6,17,4,16.0,7.94,7.68,599.2,58.7,2.42,0.025,0.131,9.35
17,2022,6,17,8,15.8,7.84,8.35,607.0,12.9,2.37,0.025,0.121,9.73
17,2022,6,17,12,17.3,8.13,9.21,587.2,4.4,1.84,0.025,0.071,9.4
17,2022,6,17,16,19.1,8.34,8.84,553.3,4.2,1.47,0.025,0.056,8.95
17,2022,6,17,20,18.1,8.29,6.99,551.6,63.1,1.41,0.025,0.051,8.57
17,2022,6,18,0,16.4,7.93,7.33,598.5,49.1,2.24,0.025,0.111,8.62
17,2022,6,18,4,15.2,7.74,7.35,615.3,15.1,2.14,0.025,0.115,9.52
17,2022,6,18,8,15.4,7.84,8.75,617.4,5.1,1.54,0.025,0.079,9.94
17,2022,6,18,12,18.3,8.18,8.46,580.7,35.2,1.31,0.025,0.052,10.14
17,2022,6,18,16,19.9,8.3,7.83,610.0,13.6,1.98,0.025,0.096,9.19
17,2022,6,18,20,18.3,7.92,6.48,611.4,5.3,1.8,0.025,0.083,10.2
17,2022,6,19,0,17.6,7.83,6.64,585.3,19.1,1.48,0.025,0.056,9.8
17,2022,6,19,4,16.6,7.71,6.75,603.9,8.5,1.78,0.025,0.078,9.02
17,2022,6,19,8,16.2,7.81,8.16,616.4,3.0,1.14,0.025,0.056,8.65
17,2022,6,19,12,18.4,8.23,8.71,563.6,27.7,1.1,0.025,0.04,9.47
17,2022,6,19,16,21.0,8.35,8.15,604.1,13.3,1.8,0.025,0.078,8.26
17,2022,6,19,20,19.6,7.95,6.11,596.5,4.5,1.54,0.025,0.076,10.95
17,2022,6,20,0,20.0,7.86,5.8,582.7,31.6,1.35,0.025,0.053,10.75
17,2022,6,20,4,18.0,7.88,6.54,613.6,36.6,1.56,0.025,0.064,10.53
17,2022,6,20,8,17.5,7.84,7.95,611.0,6.8,2.02,0.025,0.087,9.99
17,2022,6,20,12,22.5,8.47,8.2,545.5,26.4,1.76,0.025,0.056,9.79
17,2022,6,20,16,21.8,8.32,7.74,549.6,9.0,2.19,0.025,0.071,9.51
17,2022,6,20,20,20.0,7.84,5.8,571.8,5.5,1.74,0.025,0.063,8.68
17,2022,6,21,0,19.9,7.9,5.98,574.3,38.8,1.47,0.025,0.048,9.43
17,2022,6,21,4,18.7,7.88,6.31,612.7,44.1,1.96,0.025,0.111,8.95
17,2022,6,21,8,18.7,7.8,7.28,540.3,16.5,2.35,0.025,0.103,10.14
17,2022,6,21,12,19.6,8.1,7.92,528.2,6.6,2.65,0.025,0.079,7.38
17,2022,6,22,4,17.8,7.8,6.51,543.0,42.0,2.57,0.025,0.113,8.09
17,2022,6,22,12,17.9,7.82,7.03,517.8,32.9,2.67,0.025,0.104,7.06
17,2022,6,22,16,17.5,7.83,7.28,525.2,20.7,2.79,0.106,0.101,7.87
17,2022,6,22,20,17.3,7.9,7.41,520.3,63.3,2.22,0.025,0.073,7.45
17,2022,6,23,0,17.1,7.84,7.16,511.9,232.6,2.77,0.025,0.118,8.03
17,2022,6,23,4,15.8,7.72,7.33,542.9,127.9,5.25,0.025,0.175,8.78
17,2022,6,23,8,16.5,7.93,7.6,521.0,185.0,4.2,0.025,0.155,9.24
17,2022,6,23,12,19.3,7.89,7.11,533.9,97.5,5.11,0.088,0.181,9.36
17,2022,6,23,16,20.0,7.9,6.13,525.3,68.6,4.41,0.483,0.181,8.76
17,2022,7,4,12,19.0,7.8,6.58,487.1,627.2,8.9,0.592,0.384,8.97
17,2022,7,4,16,20.2,7.87,7.15,473.4,442.4,8.9,0.592,0.384,8.97
17,2022,7,11,8,17.6,8.2,8.1,589.0,46.0,2.04,0.025,0.109,10.05
17,2022,7,11,12,19.6,8.45,8.75,572.6,48.5,2.36,0.025,0.107,9.84
17,2022,7,11,16,20.0,8.37,7.62,569.3,63.3,2.64,0.025,0.1,9.6
17,2022,7,13,4,15.8,8.13,7.99,565.1,65.6,1.67,0.025,0.087,8.39
17,2022,7,13,8,16.1,8.16,8.14,611.8,64.7,1.78,0.025,0.106,10.83
17,2022,7,13,12,19.3,8.37,8.55,591.5,106.9,2.35,0.025,0.115,10.27
17,2022,7,18,12,20.7,8.53,9.98,575.2,15.9,1.67,0.025,0.053,9.82
17,2022,7,18,16,22.0,8.53,8.93,557.0,10.3,1.61,0.025,0.046,9.72
17,2022,7,19,16,20.0,8.38,8.55,501.1,4.1,0.99,0.025,0.005,7.79
17,2022,7,20,8,16.5,8.02,8.89,608.5,8.2,1.72,0.025,0.042,10.11
17,2022,7,20,12,20.0,8.11,10.26,575.6,6.8,1.14,0.025,0.005,9.77
17,2022,7,20,16,21.4,8.08,9.07,519.6,5.8,0.96,0.025,0.005,9.4
17,2022,7,21,8,17.9,8.03,8.46,564.6,5.9,1.01,0.025,0.005,8.19
17,2022,7,21,12,21.2,8.39,10.42,531.9,5.2,1.17,0.025,0.005,8.08
17,2022,7,22,8,18.2,8.14,8.26,590.7,14.4,1.34,0.025,0.005,7.78
17,2022,7,22,12,20.0,8.5,10.13,568.1,7.3,1.35,0.025,0.005,9.17
17,2022,7,22,12,20.0,8.5,10.13,568.1,7.3,1.42,0.025,0.005,9.43
17,2022,7,22,20,18.9,7.76,6.47,512.4,6.7,1.18,0.025,0.005,9.18
17,2022,7,23,0,17.9,7.69,6.6,536.3,6.7,1.42,0.025,0.005,8.87
17,2022,7,23,4,17.3,7.91,7.14,542.0,15.7,1.16,0.025,0.005,8.37
17,2022,7,23,8,16.9,7.96,8.38,597.0,5.9,1.61,0.025,0.005,8.26
17,2022,7,23,12,20.6,8.37,10.64,553.4,4.7,1.05,0.025,0.005,9.01
17,2022,7,23,16,22.2,8.33,9.32,488.8,4.4,0.95,0.025,0.005,9.13
17,2022,7,23,20,20.2,7.84,6.41,494.5,4.8,0.96,0.025,0.005,8.53
17,2022,7,24,0,18.7,7.77,6.42,531.6,14.1,0.95,0.025,0.005,8.22
17,2022,7,24,4,17.3,8.01,7.17,585.7,23.7,0.98,0.025,0.005,8.15
17,2022,7,24,8,17.5,8.06,8.05,586.5,15.4,1.42,0.025,0.033,9.22
17,2022,7,24,12,20.6,8.53,10.97,555.9,8.2,2.57,0.192,0.059,9.53
17,2022,7,24,16,22.3,8.44,10.03,504.8,6.4,2.53,0.025,0.049,9.05
17,2022,7,24,20,20.3,7.83,6.17,511.4,6.3,1.95,0.025,0.005,8.75
17,2022,7,25,0,19.8,7.95,6.3,538.0,17.8,1.73,0.025,0.005,8.49
17,2022,7,25,4,17.8,7.98,6.93,580.6,22.0,1.64,0.025,0.03,8.04
17,2022,7,25,12,20.2,8.47,11.24,534.3,5.9,1.65,0.025,0.005,8.06
17,2022,7,25,20,19.6,8.2,7.03,524.0,15.9,2.46,0.025,0.051,7.16
17,2022,7,26,4,18.1,7.89,6.84,524.8,19.2,2.63,0.025,0.062,7.15
17,2022,7,26,8,17.8,8.02,8.78,541.8,7.3,2.63,0.025,0.058,7.04
17,2022,7,26,12,19.8,8.61,10.92,496.2,6.0,2.0,0.025,0.036,7.16
17,2022,7,26,16,21.2,8.65,9.74,477.1,12.9,1.94,0.025,0.035,6.89
17,2022,7,26,20,20.3,8.18,6.52,527.7,17.2,2.25,0.025,0.051,6.59
17,2022,7,27,0,19.6,7.94,6.44,562.4,19.3,2.42,0.025,0.054,7.54
17,2022,7,27,4,18.7,7.81,6.41,547.3,11.5,2.53,0.025,0.061,7.02
17,2022,7,27,8,18.2,7.85,7.24,552.4,7.3,2.1,0.025,0.05,7.02
17,2022,7,27,12,18.3,8.19,8.79,553.5,5.9,1.97,0.025,0.036,7.0
17,2022,7,27,16,19.4,8.08,6.72,524.3,59.8,1.69,0.025,0.032,7.1
17,2022,7,27,20,19.6,7.93,6.55,458.2,357.1,3.95,0.025,0.137,7.57
17,2022,7,27,20,19.6,7.93,6.55,458.2,357.1,8.15,0.025,0.246,7.68
17,2022,7,28,0,19.1,7.93,6.78,465.0,275.5,7.49,0.025,0.23,7.61
17,2022,7,28,8,19.3,7.96,6.84,464.3,92.2,7.13,0.105,0.256,6.07
17,2022,11,1,12,8.7,8.05,11.4,601.9,6.9,0.93,0.025,0.005,11.69
17,2022,11,1,16,8.5,8.37,10.72,573.2,15.5,1.13,0.025,0.04,11.69
17,2022,11,2,12,8.4,8.05,11.05,598.1,5.4,1.04,0.025,0.005,11.69
17,2022,11,2,20,8.5,8.09,9.42,605.8,11.1,0.9,0.025,0.038,11.69
17,2022,11,2,20,8.5,8.09,9.42,605.8,11.1,0.9,0.025,0.039,11.69
17,2022,11,2,20,8.5,8.09,9.42,605.8,11.1,0.9,0.025,0.039,11.69
17,2022,11,18,16,7.5,8.49,11.28,581.2,13.9,0.8,0.025,0.005,11.03
17,2022,11,18,20,7.2,8.21,10.02,643.0,14.8,0.96,0.025,0.005,9.78
17,2022,11,19,0,7.3,7.94,9.52,659.6,5.9,1.2,0.025,0.036,12.22
17,2022,11,19,4,7.0,8.12,9.99,628.8,14.8,0.71,0.025,0.005,11.76
17,2022,11,19,8,7.3,7.96,9.78,647.8,8.9,1.12,0.025,0.037,11.21
17,2022,11,19,12,8.8,8.13,11.83,639.4,6.6,0.82,0.025,0.005,11.27
17,2022,11,19,16,9.1,8.58,10.78,559.8,15.4,0.72,0.025,0.005,11.49
17,2022,11,19,20,7.9,8.24,9.69,650.0,13.2,1.05,0.025,0.032,9.11
17,2022,11,20,0,7.1,7.96,9.46,664.0,5.7,1.06,0.025,0.034,12.87
17,2022,11,20,4,6.2,8.11,10.09,631.4,16.2,1.09,0.025,0.005,11.91
17,2022,11,20,8,6.6,7.96,9.93,650.6,7.4,0.94,0.025,0.005,10.93
17,2022,11,20,12,6.9,8.0,10.38,654.0,6.1,0.91,0.025,0.005,11.09
17,2022,11,20,16,6.7,8.3,10.51,584.7,14.2,1.13,0.025,0.005,11.42
17,2022,11,20,20,6.8,8.2,10.09,657.2,10.6,0.82,0.025,0.03,9.04
17,2022,11,21,0,6.9,8.01,9.73,668.0,5.4,1.04,0.025,0.033,12.16
17,2022,11,21,4,6.2,8.14,10.23,629.9,19.0,0.79,0.025,0.005,12.37
17,2022,11,21,12,7.4,8.12,11.96,633.2,7.4,1.1,0.025,0.005,11.14
17,2022,11,21,16,7.4,8.57,11.28,569.8,12.4,0.85,0.025,0.04,10.79
17,2022,11,21,20,6.8,8.22,9.96,617.8,12.7,1.27,0.025,0.031,9.31
17,2022,11,22,0,5.5,8.16,10.4,623.0,20.3,1.08,0.025,0.031,10.26
17,2022,11,22,4,5.4,7.99,10.09,635.7,8.6,1.31,0.025,0.005,10.65
17,2022,11,22,8,5.3,7.91,10.31,637.9,4.2,0.87,0.025,0.005,10.66
17,2022,11,22,12,6.1,8.22,12.29,611.7,6.0,1.05,0.025,0.005,10.46
17,2022,11,22,16,6.6,8.49,11.18,571.0,10.3,0.83,0.025,0.033,10.36
17,2022,11,22,20,6.2,8.26,10.17,616.6,8.4,1.07,0.025,0.031,9.24
17,2022,11,23,0,6.2,7.96,9.82,632.6,4.9,1.06,0.025,0.031,10.55
17,2022,11,23,4,5.3,8.1,10.36,623.5,11.2,0.84,0.025,0.005,10.49
17,2022,11,23,8,5.9,8.0,10.17,629.8,10.3,0.95,0.025,0.005,10.08
17,2022,11,23,12,7.0,8.1,11.67,616.3,5.1,1.17,0.025,0.005,10.2
17,2022,11,23,16,6.9,8.49,11.16,589.5,11.9,1.17,0.025,0.03,10.2
17,2022,11,23,20,6.5,8.25,10.03,618.4,11.4,1.12,0.025,0.032,11.05
17,2022,11,24,0,6.0,7.94,9.72,634.8,4.7,1.12,0.025,0.032,11.05
17,2022,11,24,4,5.0,8.17,10.39,603.4,13.2,1.04,0.025,0.034,9.67
17,2022,11,24,8,6.0,7.97,9.9,628.3,7.8,0.94,0.025,0.005,10.37
17,2022,11,24,12,7.1,8.08,11.52,618.8,3.9,0.93,0.025,0.005,10.25
17,2022,11,24,16,6.9,8.47,11.01,587.6,13.4,1.09,0.025,0.005,9.87
17,2022,11,24,20,6.3,8.21,10.03,620.2,8.7,1.04,0.025,0.005,10.63
17,2022,11,25,0,6.3,7.93,9.61,628.2,4.4,1.04,0.025,0.005,10.63
17,2022,11,25,4,6.4,8.12,9.95,597.0,10.2,1.02,0.025,0.033,9.37
17,2022,11,25,8,6.5,8.01,9.77,624.1,13.7,1.05,0.025,0.034,10.26
17,2022,11,25,12,7.4,8.13,11.7,613.6,4.2,1.01,0.025,0.005,10.3
17,2022,11,25,12,7.4,8.13,11.7,613.6,4.2,1.01,0.025,0.005,10.3
17,2022,11,25,16,6.6,8.46,10.52,578.0,62.1,2.09,0.025,0.056,10.21
17,2022,11,25,20,5.6,8.22,10.04,621.3,13.1,1.39,0.025,0.032,10.56
17,2022,11,26,0,5.1,7.84,9.69,638.8,6.4,1.39,0.025,0.032,10.56
17,2022,11,26,4,3.3,8.15,10.83,615.3,20.6,2.02,0.025,0.052,10.41
17,2022,11,26,8,3.9,7.93,10.36,635.5,17.1,1.34,0.025,0.034,10.75
17,2022,11,26,12,5.5,7.96,11.46,626.9,6.6,0.96,0.025,0.005,10.28
17,2022,11,26,16,4.2,8.37,11.3,601.6,20.2,0.96,0.025,0.005,10.28
17,2022,11,28,8,5.4,7.79,9.54,642.5,9.1,1.02,0.025,0.048,9.27
17,2022,11,28,12,7.2,7.63,9.9,638.2,3.6,0.84,0.025,0.005,10.57
17,2022,11,28,16,5.8,8.46,10.94,588.5,19.7,0.89,0.025,0.005,9.99
17,2022,11,29,8,4.0,7.73,9.77,654.8,8.2,1.03,0.025,0.005,10.14
17,2022,11,29,12,4.8,7.74,10.73,649.6,4.1,0.84,0.025,0.005,10.55
17,2022,11,29,16,2.6,8.35,11.89,622.0,7.5,1.08,0.025,0.005,10.45
17,2022,11,29,16,2.6,8.35,11.89,622.0,7.5,1.08,0.025,0.005,10.45
17,2022,11,29,16,2.6,8.35,11.89,622.0,7.5,1.08,0.025,0.037,10.45
17,2022,11,29,20,4.0,7.8,9.85,667.5,3.2,1.23,0.025,0.005,9.65
17,2022,11,30,0,4.8,7.6,9.03,677.0,2.2,0.82,0.025,0.005,10.67
17,2022,11,30,4,2.3,8.15,11.05,670.4,6.0,1.15,0.025,0.037,10.76
17,2022,11,30,8,4.7,7.6,9.04,688.0,3.0,1.28,0.025,0.005,10.99
17,2022,11,30,12,5.2,7.67,10.05,677.7,3.8,0.85,0.025,0.005,10.95
17,2022,11,30,16,2.6,8.3,11.72,645.4,9.8,0.76,0.025,0.045,10.99
17,2022,11,30,20,2.4,8.17,10.92,671.8,5.5,1.47,0.025,0.033,10.65
17,2022,12,1,0,5.1,7.58,8.79,683.4,3.4,1.23,0.025,0.033,11.3
17,2022,12,1,4,2.6,8.12,10.98,671.4,4.5,0.84,0.025,0.033,11.0
17,2022,12,1,8,4.4,7.7,9.45,678.5,4.3,0.94,0.025,0.005,11.25
17,2022,12,1,12,5.6,7.64,9.9,666.2,2.4,1.15,0.025,0.005,10.81
17,2022,12,1,16,2.6,8.27,11.55,632.6,8.2,0.87,0.025,0.034,10.69
17,2022,12,1,20,3.0,8.07,10.59,653.4,5.0,1.24,0.025,0.03,10.47
17,2022,12,2,0,5.0,7.59,8.83,671.2,2.1,1.02,0.025,0.03,10.6
17,2022,12,2,4,2.3,8.11,10.85,659.7,4.6,0.73,0.025,0.03,10.52
17,2022,12,2,8,4.2,7.74,9.55,676.7,2.3,0.9,0.025,0.005,10.82
17,2022,12,2,12,5.6,7.62,9.66,665.6,2.0,0.76,0.025,0.005,10.71
17,2022,12,2,16,2.6,8.2,11.22,630.3,20.8,1.12,0.025,0.005,10.52
17,2022,12,2,20,2.4,8.18,10.78,648.4,4.4,1.48,0.025,0.032,10.51
17,2022,12,3,0,4.8,7.61,8.89,672.4,2.9,1.27,0.025,0.032,10.67
17,2022,12,3,4,2.6,8.04,10.65,663.7,4.7,0.77,0.025,0.005,10.78
17,2022,12,3,8,4.4,7.69,9.38,670.4,3.2,0.95,0.025,0.005,11.0
17,2022,12,3,12,5.5,7.65,9.73,663.1,2.4,0.94,0.025,0.005,10.59
17,2022,12,3,16,2.6,8.19,11.26,631.7,10.4,0.97,0.025,0.037,10.54
17,2022,12,3,20,2.4,8.18,10.87,651.0,4.9,1.29,0.025,0.037,10.65
17,2022,12,4,0,4.6,7.64,9.05,670.9,2.2,1.55,0.025,0.037,10.75
17,2022,12,4,4,2.5,8.02,10.63,672.0,4.3,0.96,0.025,0.005,10.68
17,2022,12,4,8,3.3,7.89,10.15,668.9,3.0,1.05,0.025,0.005,11.55
17,2022,12,4,12,5.6,7.63,9.63,663.1,1.9,0.85,0.025,0.005,10.79
17,2022,12,4,16,2.7,8.13,11.14,645.2,12.1,0.91,0.025,0.005,10.55
17,2022,12,4,20,2.3,8.2,10.9,645.1,4.4,1.26,0.025,0.036,11.1
17,2022,12,5,0,4.5,7.63,9.01,670.9,2.0,1.18,0.025,0.036,10.44
17,2022,12,5,4,2.2,8.09,10.81,669.5,4.5,0.75,0.025,0.005,10.49
17,2022,12,5,8,3.6,7.82,9.88,670.4,4.3,1.0,0.025,0.03,11.0
17,2022,12,5,12,5.6,7.63,9.58,664.4,1.7,0.84,0.025,0.005,10.79
17,2022,12,5,16,2.8,8.09,11.03,653.1,6.8,1.0,0.025,0.03,10.4
17,2022,12,5,20,2.6,8.2,10.9,639.6,5.3,0.96,0.025,0.033,11.27
17,2022,12,6,0,4.4,7.65,9.07,669.8,2.4,1.01,0.025,0.033,10.41
17,2022,12,6,4,2.6,8.0,10.5,674.6,4.1,1.02,0.025,0.005,10.7
17,2022,12,6,8,3.7,7.78,9.68,672.7,3.6,0.94,0.025,0.033,11.12
17,2022,12,6,12,5.0,7.75,10.21,659.2,2.7,0.87,0.025,0.005,10.9
17,2022,12,6,16,3.6,7.96,10.64,654.8,8.5,0.98,0.025,0.005,10.51
17,2022,12,6,20,2.3,8.21,10.93,633.5,4.7,0.83,0.025,0.033,10.98
17,2022,12,7,0,3.7,7.79,9.72,663.7,2.9,1.09,0.025,0.033,10.18
17,2022,12,7,4,2.4,8.04,10.71,670.6,4.7,0.8,0.025,0.005,10.62
17,2022,12,7,8,3.4,7.85,10.06,665.9,2.2,0.88,0.025,0.005,11.24
17,2022,12,7,12,4.8,7.82,10.5,656.4,1.8,0.81,0.025,0.005,10.59
17,2022,12,7,16,4.2,7.86,10.32,653.9,3.6,0.84,0.025,0.005,10.56
17,2022,12,7,20,2.4,8.19,11.03,619.7,10.0,1.17,0.025,0.04,10.95
17,2022,12,8,0,2.7,8.09,10.77,654.5,4.2,1.13,0.025,0.04,9.91
17,2022,12,8,4,3.5,7.86,10.08,669.0,2.2,0.96,0.025,0.005,10.97
17,2022,12,8,8,2.6,8.07,10.89,662.4,3.6,1.14,0.025,0.036,11.07
17,2022,12,8,12,4.3,7.93,10.92,646.3,2.4,1.06,0.025,0.005,10.96
17,2022,12,8,16,3.7,7.98,10.79,643.4,3.5,0.99,0.025,0.005,10.38
17,2022,12,8,20,2.3,8.18,10.96,616.8,8.3,1.16,0.025,0.04,10.76
17,2022,12,9,0,3.4,7.86,10.08,658.4,4.1,1.13,0.025,0.04,10.04
17,2022,12,9,4,3.8,7.75,9.76,664.7,2.4,1.12,0.025,0.005,10.77
17,2022,12,9,8,2.7,8.0,10.69,651.9,4.8,0.86,0.025,0.031,10.67
17,2022,12,9,12,4.2,7.91,10.85,638.5,3.5,0.8,0.025,0.005,10.32
17,2022,12,9,16,3.8,7.89,10.43,648.8,4.1,1.03,0.025,0.005,9.99
17,2022,12,9,20,2.3,8.2,10.9,615.1,8.3,0.84,0.025,0.039,10.63
17,2022,12,10,0,3.7,7.86,9.96,660.1,3.8,0.91,0.025,0.039,10.2
17,2022,12,10,4,3.9,7.79,9.81,667.9,2.3,0.95,0.025,0.005,11.28
17,2022,12,10,8,2.6,8.06,10.82,649.0,5.0,0.93,0.025,0.036,10.36
17,2022,12,10,12,4.3,7.88,10.77,649.1,3.3,1.0,0.025,0.005,10.3
17,2022,12,10,16,4.0,7.84,10.32,657.9,4.3,1.0,0.025,0.005,10.94
17,2022,12,10,20,2.6,8.12,10.97,635.1,6.2,0.91,0.025,0.035,10.45
17,2022,12,11,0,3.2,7.95,10.38,659.3,4.7,0.91,0.025,0.035,10.45
17,2022,12,11,4,3.7,7.79,9.88,674.5,3.0,1.18,0.025,0.005,10.87
17,2022,12,11,8,2.6,8.0,10.76,688.4,6.2,0.95,0.025,0.034,11.64
17,2022,12,11,12,4.2,7.9,10.81,659.6,2.4,0.99,0.025,0.005,10.35
17,2022,12,11,16,4.4,7.83,10.21,658.5,1.8,0.88,0.025,0.005,10.39
17,2022,12,11,20,2.7,8.11,10.9,638.2,5.4,0.88,0.025,0.036,10.61
17,2022,12,12,0,3.7,7.83,9.91,649.4,3.8,0.88,0.025,0.036,10.61
17,2022,12,12,4,4.0,7.78,9.69,659.1,2.1,1.04,0.025,0.005,10.91
17,2022,12,12,8,2.7,8.05,10.69,652.3,4.4,1.02,0.025,0.032,11.08
17,2022,12,12,12,4.3,7.84,10.54,656.5,2.2,0.81,0.025,0.005,10.93
17,2022,12,12,16,4.4,7.8,10.09,659.2,2.0,1.14,0.025,0.005,10.8
17,2022,12,12,20,2.5,8.13,10.84,648.7,5.5,0.91,0.025,0.035,10.93
17,2022,12,13,0,2.3,8.14,10.75,663.9,6.5,0.91,0.025,0.035,10.93
17,2022,12,13,4,3.7,7.75,9.66,680.4,2.3,0.84,0.025,0.005,10.96
17,2022,12,13,8,2.3,7.97,10.52,686.6,4.4,1.02,0.025,0.03,11.56
17,2022,12,13,12,3.5,7.85,10.6,670.1,3.5,0.91,0.025,0.03,11.15
17,2022,12,13,16,3.6,7.79,10.08,669.3,1.7,0.81,0.025,0.005,10.24
17,2022,12,13,20,3.6,7.73,9.52,676.3,2.1,0.9,0.025,0.005,10.72
17,2022,12,14,0,2.6,8.0,10.5,679.8,3.4,0.9,0.025,0.005,10.72
17,2022,12,14,4,3.4,7.78,9.67,683.8,2.0,0.92,0.025,0.005,10.91
17,2022,12,14,8,2.2,7.98,10.58,701.7,4.8,1.19,0.025,0.033,11.69
17,2022,12,14,12,3.7,7.86,10.45,689.3,1.8,0.98,0.025,0.005,11.24
17,2022,12,14,16,4.2,7.8,10.01,680.8,1.2,0.8,0.025,0.005,10.8
17,2022,12,14,20,3.7,7.77,9.66,688.1,1.6,0.83,0.025,0.005,11.57
17,2022,12,15,0,2.8,7.95,10.28,667.8,2.4,0.83,0.025,0.005,11.57
17,2022,12,15,4,3.2,7.86,9.99,674.7,1.5,0.81,0.025,0.005,11.05
17,2022,12,15,8,3.7,7.75,9.66,679.3,1.1,0.74,0.025,0.005,10.83
17,2022,12,15,12,4.5,7.82,10.6,674.9,0.7,1.03,0.025,0.005,10.88
17,2022,12,15,16,3.2,7.91,10.4,676.1,6.1,0.84,0.025,0.032,11.54
17,2022,12,15,20,2.3,8.06,10.75,664.4,3.9,1.04,0.025,0.033,10.79
17,2022,12,16,0,3.0,7.86,10.09,674.9,1.8,1.04,0.025,0.033,10.79
17,2022,12,16,4,3.3,7.8,9.85,681.5,1.3,0.77,0.025,0.005,11.31
17,2022,12,16,8,2.4,7.98,10.71,691.4,2.3,0.87,0.025,0.03,11.76
17,2022,12,16,12,3.8,7.92,10.87,682.2,1.3,1.05,0.025,0.033,11.27
17,2022,12,16,16,4.0,7.79,10.03,678.4,2.9,1.13,0.025,0.03,10.88
17,2022,12,16,20,3.3,7.83,9.99,690.2,1.8,0.82,0.025,0.005,11.11
17,2022,12,17,0,2.5,7.97,10.58,683.7,2.6,0.82,0.025,0.005,11.11
17,2022,12,17,4,2.8,7.94,10.44,687.6,1.9,1.08,0.025,0.03,11.07
17,2022,12,17,8,3.4,7.81,10.05,688.9,1.5,0.87,0.025,0.005,10.91
17,2022,12,17,12,4.7,7.76,10.57,679.9,1.4,1.04,0.025,0.005,10.85
17,2022,12,17,16,4.8,7.68,9.64,678.4,1.0,1.03,0.025,0.005,10.5
17,2022,12,17,20,3.0,7.87,10.38,694.4,3.7,1.14,0.025,0.036,11.36
17,2022,12,18,0,3.3,7.87,10.17,690.7,1.9,1.14,0.025,0.036,11.36
17,2022,12,18,4,3.5,7.79,9.8,688.8,1.7,0.91,0.025,0.005,11.1
17,2022,12,18,8,4.0,7.69,9.38,683.8,2.2,0.81,0.025,0.005,11.03
17,2022,12,18,12,3.5,7.91,10.72,695.3,1.7,1.17,0.025,0.03,11.79
17,2022,12,18,16,3.8,7.83,10.13,688.1,1.5,1.03,0.025,0.005,11.06
17,2022,12,18,20,4.0,7.72,9.43,685.3,1.4,0.88,0.025,0.005,10.92
17,2022,12,19,0,3.6,7.77,9.67,688.9,1.3,0.88,0.025,0.005,10.92
17,2022,12,19,4,2.6,7.96,10.42,675.0,3.3,1.15,0.025,0.036,10.83
17,2022,12,19,8,3.0,7.85,10.05,679.4,12.2,1.27,0.025,0.037,10.97
17,2022,12,19,12,4.7,7.78,10.36,673.0,0.9,0.91,0.025,0.005,10.83
17,2022,12,19,16,5.2,7.68,9.48,671.4,1.0,1.07,0.025,0.005,10.47
17,2022,12,19,20,5.0,7.61,8.83,674.8,1.1,0.81,0.025,0.005,10.55
17,2022,12,20,0,2.8,7.93,10.49,669.5,4.3,0.81,0.025,0.005,10.55
17,2022,12,20,4,3.2,7.85,10.06,673.5,1.9,1.11,0.025,0.03,10.95
17,2022,12,20,8,3.6,7.75,9.68,677.8,2.2,1.04,0.025,0.005,10.94
17,2022,12,20,12,3.7,7.87,10.54,680.2,1.5,1.25,0.025,0.005,11.64
17,2022,12,20,16,4.0,7.8,9.92,681.6,1.3,0.95,0.025,0.005,11.38
17,2022,12,20,20,4.4,7.69,9.27,678.6,1.1,0.91,0.025,0.005,11.03
17,2022,12,21,0,4.4,7.65,9.09,677.2,0.9,0.91,0.025,0.005,11.03
17,2022,12,21,4,2.7,7.95,10.42,660.6,3.3,0.93,0.025,0.005,10.82
17,2022,12,21,8,2.9,7.86,10.08,671.0,21.4,1.29,0.025,0.047,11.24
17,2022,12,21,12,4.3,7.82,10.35,671.6,2.3,1.11,0.025,0.005,11.3
17,2022,12,21,16,4.5,7.7,9.39,674.9,0.9,1.02,0.025,0.005,11.14
17,2022,12,21,20,4.7,7.62,8.92,678.2,1.0,0.9,0.025,0.005,11.21
17,2022,12,22,0,2.8,7.88,10.3,668.4,6.2,0.9,0.025,0.005,11.21
17,2022,12,22,4,3.2,7.85,10.09,669.6,2.0,1.16,0.025,0.005,10.99
17,2022,12,22,8,3.5,7.8,9.84,675.1,1.9,1.16,0.025,0.005,10.99
17,2022,12,22,8,3.5,7.8,9.84,675.1,1.9,1.17,0.025,0.005,11.06
17,2022,12,22,12,4.7,7.75,10.25,671.6,1.3,1.17,0.025,0.005,11.06
17,2022,12,22,12,4.7,7.75,10.25,671.6,1.3,0.97,0.025,0.005,11.04
17,2022,12,22,16,3.9,7.79,9.96,681.0,2.1,0.97,0.025,0.005,11.04
17,2022,12,22,20,3.9,7.71,9.41,680.6,1.2,1.15,0.025,0.005,11.37
17,2022,12,23,0,4.3,7.67,9.2,677.6,0.9,0.98,0.025,0.005,11.21
17,2022,12,23,4,4.4,7.65,9.09,675.4,0.7,0.83,0.025,0.005,11.01
17,2022,12,23,8,3.2,7.81,10.07,675.8,4.6,0.78,0.025,0.005,11.03
17,2022,12,23,12,4.3,7.82,10.43,674.5,2.3,1.05,0.025,0.005,10.94
17,2022,12,23,16,4.4,7.75,9.89,676.2,1.9,0.95,0.025,0.005,11.02
17,2022,12,23,20,4.3,7.67,9.21,679.6,1.2,0.91,0.025,0.005,11.02
17,2022,12,24,0,4.3,7.66,9.14,683.2,1.1,1.08,0.025,0.005,11.15
17,2022,12,24,4,3.1,7.84,10.23,684.1,3.0,0.96,0.025,0.005,11.17
17,2022,12,24,8,3.3,7.82,9.98,684.3,8.2,1.07,0.025,0.005,11.11
17,2022,12,24,12,4.8,7.77,10.31,677.6,1.2,1.23,0.025,0.032,11.32
17,2022,12,24,16,4.3,7.78,10.0,683.8,1.6,0.9,0.025,0.005,11.03
17,2022,12,24,20,4.2,7.71,9.6,684.5,1.7,0.98,0.025,0.005,11.49
17,2022,12,25,0,4.2,7.67,9.35,682.3,0.8,1.0,0.025,0.005,11.33
17,2022,12,25,4,4.3,7.65,9.21,680.7,0.8,0.8,0.025,0.005,11.2
17,2022,12,25,8,3.6,7.75,9.83,672.4,3.2,0.78,0.025,0.005,11.07
17,2022,12,25,12,3.9,7.82,10.46,668.7,2.0,0.92,0.025,0.005,10.93
17,2022,12,25,16,4.4,7.76,9.99,672.3,1.9,0.92,0.025,0.005,10.82
17,2022,12,25,20,4.5,7.68,9.28,675.9,0.7,0.85,0.025,0.005,10.9
17,2022,12,26,0,4.5,7.65,9.16,677.6,1.0,1.13,0.025,0.005,11.1
17,2022,12,26,4,3.4,7.82,10.15,672.6,3.4,0.96,0.025,0.005,10.98
17,2022,12,26,8,3.4,7.8,10.02,671.3,5.1,0.96,0.025,0.005,11.07
17,2022,12,26,12,4.7,7.76,10.29,667.6,2.2,1.06,0.025,0.005,11.22
17,2022,12,26,16,3.8,7.8,10.1,671.7,1.3,0.82,0.025,0.005,11.04
17,2022,12,26,20,3.7,7.72,9.56,674.1,1.3,1.04,0.025,0.005,11.22
17,2022,12,27,0,3.8,7.69,9.37,674.2,1.2,1.04,0.025,0.005,11.22
17,2022,12,27,4,3.8,7.67,9.3,672.8,1.1,0.87,0.025,0.005,10.84
17,2022,12,27,8,3.0,7.81,10.18,660.2,2.4,0.86,0.025,0.005,10.83
17,2022,12,27,12,3.8,7.83,10.49,661.0,1.3,0.95,0.025,0.005,10.93
17,2022,12,27,16,4.0,7.74,9.89,669.4,1.3,0.7,0.025,0.038,10.81
17,2022,12,27,20,4.0,7.68,9.38,674.1,0.9,1.17,0.025,0.005,11.02
17,2022,12,28,0,4.2,7.66,9.23,676.5,1.9,1.17,0.025,0.005,11.02
17,2022,12,28,4,3.0,7.8,10.21,666.6,2.8,0.95,0.025,0.005,11.16
17,2022,12,28,8,3.2,7.79,10.11,671.4,1.8,0.91,0.025,0.005,11.25
17,2022,12,28,12,4.5,7.77,10.44,669.0,1.1,1.1,0.025,0.005,11.26
17,2022,12,28,16,3.8,7.77,10.07,674.0,2.3,0.84,0.025,0.005,11.43
17,2022,12,28,20,3.8,7.7,9.55,674.6,1.1,0.79,0.025,0.005,11.06
17,2022,12,29,0,3.9,7.68,9.44,673.3,1.2,0.79,0.025,0.005,11.06
17,2022,12,29,4,3.9,7.67,9.4,671.8,1.0,1.18,0.025,0.005,11.02
17,2022,12,29,8,2.9,7.81,10.21,660.1,3.3,0.9,0.025,0.005,11.12
17,2022,12,29,12,3.8,7.81,10.56,661.8,1.9,0.77,0.025,0.005,11.04
17,2022,12,29,16,4.2,7.74,9.96,668.2,1.2,0.7,0.025,0.005,11.05
17,2022,12,29,20,3.8,7.69,9.43,673.7,1.4,1.01,0.025,0.005,11.04
17,2022,12,30,0,3.8,7.67,9.37,677.9,1.2,1.01,0.025,0.005,11.04
17,2022,12,30,4,2.4,7.86,10.34,664.5,3.4,0.88,0.025,0.005,10.85
17,2022,12,30,8,2.9,7.79,10.0,670.5,3.1,0.86,0.025,0.005,10.9
17,2022,12,30,12,4.6,7.76,10.41,666.9,1.3,0.81,0.025,0.005,10.93
17,2022,12,30,16,4.4,7.73,9.85,670.1,1.1,1.09,0.025,0.005,11.14
17,2022,12,30,20,3.5,7.72,9.57,675.7,1.1,0.83,0.025,0.005,11.19
17,2022,12,31,0,3.4,7.72,9.6,676.7,1.0,0.83,0.025,0.005,11.19
17,2022,12,31,4,3.4,7.71,9.55,674.8,1.3,0.99,0.025,0.005,11.08
17,2022,12,31,8,2.8,7.79,10.08,663.6,3.0,0.85,0.025,0.005,10.88
17,2022,12,31,12,4.0,7.8,10.48,663.0,1.8,0.76,0.025,0.005,10.74
17,2022,12,31,16,4.2,7.74,9.91,668.1,1.2,0.8,0.025,0.005,10.95
17,2022,12,31,20,3.9,7.7,9.43,674.5,0.9,1.02,0.025,0.005,10.9
17,2023,1,1,0,3.8,7.69,9.36,677.0,0.8,1.02,0.025,0.005,10.9
17,2023,1,1,4,2.9,7.79,10.04,664.4,3.3,0.88,0.097,0.005,11.11
17,2023,1,1,8,3.3,7.76,9.89,666.0,2.5,0.83,0.093,0.005,10.91
17,2023,1,1,12,4.6,7.76,10.39,663.2,1.5,1.1,0.085,0.005,11.14
17,2023,1,1,16,3.9,7.78,10.09,666.7,1.3,1.08,0.114,0.005,10.93
17,2023,1,1,20,4.0,7.7,9.56,668.0,1.0,0.92,0.108,0.005,11.05
17,2023,1,2,0,3.9,7.7,9.52,668.6,0.9,0.92,0.108,0.005,11.05
17,2023,1,2,4,3.8,7.7,9.5,663.9,0.9,0.75,0.104,0.005,10.88
17,2023,1,2,8,3.2,7.8,10.11,651.7,3.8,0.8,0.129,0.005,10.68
17,2023,1,2,12,4.3,7.78,10.45,655.7,2.1,1.05,0.13,0.005,10.63
17,2023,1,2,16,4.3,7.74,9.96,661.9,1.5,0.91,0.134,0.005,10.87
17,2023,1,2,20,4.0,7.69,9.49,666.9,1.2,0.93,0.15,0.005,11.01
17,2023,1,3,0,3.7,7.7,9.65,663.2,2.6,0.93,0.15,0.005,11.01
17,2023,1,3,4,3.4,7.79,10.05,655.6,2.4,1.13,0.164,0.005,11.02
17,2023,1,3,8,3.7,7.73,9.85,661.4,2.1,1.13,0.164,0.005,11.02
17,2023,1,3,12,4.7,7.74,10.27,662.4,1.0,0.81,0.145,0.005,11.14
17,2023,1,3,16,4.7,7.71,10.06,661.6,1.0,0.94,0.149,0.005,11.12
17,2023,1,3,20,4.5,7.67,9.66,664.6,1.1,1.13,0.15,0.005,10.78
17,2023,1,4,0,4.3,7.67,9.61,664.9,1.3,1.13,0.15,0.005,10.78
17,2023,1,4,4,4.2,7.67,9.59,658.1,1.2,1.11,0.139,0.005,10.9
17,2023,1,4,8,3.4,7.78,10.02,654.6,8.2,0.92,0.178,0.035,10.57
17,2023,1,4,12,4.5,7.76,10.31,661.1,1.7,1.07,0.196,0.005,10.91
17,2023,1,4,16,4.6,7.72,9.92,665.8,1.0,0.7,0.204,0.005,11.13
17,2023,1,4,20,4.4,7.67,9.47,670.8,0.8,0.92,0.214,0.005,11.27
17,2023,1,5,0,4.2,7.67,9.51,665.5,1.6,0.92,0.214,0.005,11.27
17,2023,1,5,4,3.6,7.77,9.93,654.2,2.6,0.85,0.203,0.005,10.65
17,2023,1,5,8,3.8,7.71,9.75,662.8,1.6,0.94,0.195,0.005,10.95
17,2023,1,5,12,4.7,7.71,10.28,662.8,1.1,0.73,0.191,0.005,10.94
17,2023,1,5,16,4.6,7.7,9.97,662.4,1.0,0.98,0.193,0.005,11.19
17,2023,1,5,20,4.2,7.68,9.54,664.5,1.1,1.11,0.189,0.005,11.24
17,2023,1,6,0,4.2,7.67,9.53,661.1,1.2,1.12,0.172,0.005,10.8
17,2023,1,6,4,3.8,7.7,9.53,647.3,3.0,1.09,0.158,0.005,10.58
17,2023,1,6,8,3.3,7.81,10.04,657.1,10.1,1.08,0.209,0.035,10.98
17,2023,1,6,12,4.4,7.77,10.18,664.2,1.4,0.89,0.194,0.005,11.15
17,2023,1,6,16,4.5,7.72,9.8,665.1,1.1,0.87,0.189,0.005,11.37
17,2023,1,6,20,4.3,7.67,9.4,665.9,1.1,0.74,0.181,0.005,10.92
17,2023,1,7,0,3.8,7.71,9.59,648.4,8.3,0.89,0.159,0.032,10.6
17,2023,1,7,4,3.6,7.78,9.91,654.2,3.3,0.92,0.197,0.03,10.86
17,2023,1,7,8,3.7,7.73,9.72,662.8,2.6,1.01,0.196,0.005,11.09
17,2023,1,7,12,4.5,7.74,10.15,657.0,1.5,1.06,0.176,0.005,11.03
17,2023,1,7,16,4.6,7.72,9.87,655.5,1.5,1.05,0.148,0.005,11.0
17,2023,1,7,20,4.2,7.69,9.47,655.0,1.4,0.88,0.125,0.005,10.96
17,2023,1,8,0,4.0,7.68,9.49,648.9,1.5,1.13,0.098,0.005,10.8
17,2023,1,8,4,2.8,7.9,10.27,632.3,9.5,0.92,0.123,0.035,10.65
17,2023,1,8,8,3.4,7.78,9.93,661.0,5.3,0.85,0.178,0.031,11.44
17,2023,1,8,12,4.6,7.76,10.19,662.2,1.7,1.19,0.168,0.005,11.43
17,2023,1,8,16,4.6,7.72,9.85,661.4,1.6,0.82,0.156,0.005,11.21
17,2023,1,8,20,4.3,7.68,9.5,657.3,1.0,0.76,0.134,0.005,11.03
17,2023,1,9,0,2.9,7.93,10.45,630.0,8.7,0.94,0.182,0.035,10.57
17,2023,1,9,4,3.8,7.76,9.93,654.9,2.8,0.96,0.222,0.005,11.14
17,2023,1,9,8,3.9,7.72,9.73,660.1,1.6,1.03,0.221,0.005,11.46
17,2023,1,9,12,4.4,7.79,10.43,645.3,2.4,0.81,0.217,0.005,10.84
17,2023,1,9,16,4.6,7.69,9.81,645.3,2.4,1.05,0.192,0.03,11.16
17,2023,1,9,20,4.3,7.62,9.43,649.3,1.7,1.01,0.185,0.005,10.78
17,2023,1,10,0,4.0,7.57,9.45,637.3,1.6,1.15,0.158,0.005,10.26
17,2023,1,10,8,3.5,7.92,9.87,661.5,4.5,0.8,0.276,0.034,10.88
17,2023,1,10,12,4.5,7.83,10.08,662.8,1.7,1.08,0.309,0.005,11.5
17,2023,1,10,16,4.7,7.84,9.74,662.1,1.7,0.97,0.277,0.03,11.54
17,2023,1,10,16,4.7,7.84,9.74,662.1,1.7,0.97,0.277,0.03,11.54
17,2023,1,10,20,3.3,8.0,10.22,626.6,10.7,0.89,0.232,0.005,11.3
17,2023,1,11,0,3.3,8.04,10.08,651.3,6.0,0.86,0.185,0.037,10.16
17,2023,1,11,4,3.7,7.92,9.65,664.1,2.7,0.8,0.201,0.033,11.27
17,2023,1,11,8,3.1,8.05,10.15,648.2,8.5,1.05,0.178,0.005,11.62
17,2023,1,11,12,4.3,7.77,10.18,654.7,2.7,0.7,0.198,0.036,10.83
17,2023,1,11,16,4.4,7.87,9.61,663.5,1.8,0.81,0.203,0.032,11.12
17,2023,1,11,20,4.4,7.85,9.34,658.2,1.7,0.79,0.216,0.005,11.24
17,2023,1,12,0,3.2,8.06,10.05,611.4,14.0,0.9,0.18,0.005,10.98
17,2023,1,12,4,3.0,8.09,10.08,654.8,7.3,0.82,0.146,0.035,9.62
17,2023,1,12,8,3.7,7.95,9.6,665.0,4.2,1.07,0.335,0.034,11.53
17,2023,1,12,12,4.0,7.92,9.53,662.9,2.1,1.19,0.285,0.005,11.63
17,2023,1,12,16,4.2,7.89,9.38,656.7,1.6,1.0,0.233,0.032,11.51
17,2023,1,12,20,2.8,8.12,10.12,620.7,13.2,1.17,0.175,0.005,10.81
17,2023,1,13,0,3.1,8.08,9.92,659.0,6.4,1.01,0.164,0.037,10.01
17,2023,1,13,4,3.7,7.95,9.53,665.3,2.2,1.16,0.353,0.032,11.47
17,2023,1,13,8,3.2,8.07,9.98,638.1,7.4,1.09,0.281,0.005,11.62
17,2023,1,13,12,3.9,7.99,9.85,653.3,3.2,1.06,0.206,0.033,10.7
17,2023,1,13,16,4.0,7.95,9.61,661.0,3.4,1.15,0.191,0.005,11.14
17,2023,1,13,20,3.9,7.95,9.55,637.0,3.0,0.78,0.188,0.005,11.13
17,2023,1,14,0,2.6,8.18,10.24,623.6,18.3,0.83,0.134,0.005,10.36
17,2023,1,14,4,3.0,8.11,10.04,667.8,5.7,0.82,0.191,0.005,9.82
17,2023,1,14,8,3.3,7.99,9.66,676.3,9.7,0.81,0.372,0.005,11.6
17,2023,1,14,12,4.3,7.93,10.1,674.9,2.8,0.86,0.337,0.037,12.05
17,2023,1,14,16,4.4,7.9,9.77,671.7,2.0,1.02,0.241,0.005,11.55
17,2023,1,14,20,2.7,8.2,10.73,647.1,14.1,0.75,0.169,0.005,11.28
17,2023,1,15,0,3.1,8.11,10.27,683.1,3.9,0.84,0.234,0.039,10.56
17,2023,1,15,4,3.7,7.95,9.71,688.4,2.8,0.9,0.351,0.03,12.02
17,2023,1,15,8,3.2,8.05,10.24,680.3,5.0,0.9,0.319,0.037,11.75
17,2023,1,15,12,3.7,8.07,10.43,679.6,4.0,1.17,0.306,0.033,11.72
17,2023,1,15,16,3.9,7.98,9.89,685.7,3.7,0.74,0.287,0.03,11.96
17,2023,1,15,20,3.6,7.97,9.84,674.7,2.5,0.85,0.249,0.005,11.44
17,2023,1,16,0,2.9,8.08,10.19,656.8,12.2,0.91,0.249,0.005,11.44
17,2023,1,16,4,2.8,8.14,10.31,687.1,5.6,0.82,0.462,0.034,12.2
17,2023,1,16,8,2.9,8.04,9.9,699.1,14.3,1.13,0.48,0.042,12.45
17,2023,1,16,12,4.4,7.97,10.05,689.5,2.5,1.02,0.393,0.03,12.45
17,2023,1,16,16,4.5,7.92,9.66,684.7,2.2,0.95,0.289,0.005,12.04
17,2023,1,16,20,3.4,7.99,9.84,657.3,8.9,1.02,0.226,0.034,10.93
17,2023,1,17,0,2.7,8.18,10.42,674.2,7.3,0.86,0.226,0.034,10.93
17,2023,1,17,4,3.5,8.02,9.86,692.1,3.3,0.85,0.474,0.032,12.08
17,2023,1,17,8,3.5,7.99,9.74,688.0,4.9,0.88,0.417,0.033,12.08
17,2023,1,17,12,3.9,8.02,10.19,674.0,3.0,0.76,0.387,0.03,11.63
17,2023,1,17,16,3.9,7.99,9.86,676.3,3.0,1.11,0.386,0.005,11.53
17,2023,1,17,20,3.6,7.95,9.61,665.8,2.2,1.01,0.31,0.005,11.27
17,2023,1,18,0,3.2,7.99,9.83,647.0,4.9,0.93,0.31,0.005,11.27
17,2023,1,18,4,2.4,8.14,10.35,667.7,5.6,0.92,0.369,0.034,10.62
17,2023,1,18,8,2.9,8.04,9.89,686.5,6.9,0.8,0.348,0.034,12.43
17,2023,1,18,12,4.2,7.98,10.01,683.4,2.1,0.87,0.292,0.03,12.07
17,2023,1,18,16,4.4,7.92,9.74,681.3,2.3,0.81,0.234,0.005,11.86
17,2023,1,18,20,3.7,7.92,9.49,656.8,3.6,1.08,0.178,0.005,11.86
17,2023,1,19,0,2.9,8.13,10.26,664.3,5.0,0.97,0.178,0.005,11.03
17,2023,1,19,4,3.4,7.98,9.66,678.3,3.3,0.86,0.312,0.03,11.82
17,2023,1,19,8,3.5,7.97,9.56,675.5,2.0,0.83,0.23,0.03,11.78
17,2023,1,19,12,3.6,8.01,10.11,663.5,2.6,1.19,0.192,0.034,11.34
17,2023,1,28,8,3.4,8.04,10.2,648.8,5.5,0.89,0.358,0.049,10.83
17,2023,1,28,12,4.1,8.04,10.46,651.5,5.8,0.8,0.315,0.049,11.39
17,2023,1,28,16,4.0,8.01,10.14,651.9,2.0,1.09,0.258,0.045,11.9
17,2023,1,28,20,3.7,7.97,9.79,642.4,2.0,0.83,0.184,0.04,11.62
17,2023,1,29,0,3.6,7.99,9.84,628.1,2.7,0.73,0.184,0.039,11.43
17,2023,1,29,4,3.4,8.05,10.09,637.9,5.5,0.76,0.112,0.036,10.91
17,2023,1,29,8,3.3,8.07,10.16,644.7,4.4,0.93,0.113,0.039,11.22
17,2023,1,29,12,4.0,8.06,10.44,638.8,2.9,0.79,0.106,0.037,11.62
17,2023,1,29,16,3.8,8.07,10.27,640.2,2.7,0.94,0.13,0.035,11.63
17,2023,1,29,20,3.5,8.02,9.89,637.0,2.8,0.96,0.13,0.035,11.61
17,2023,1,30,4,3.3,8.03,9.97,618.7,4.5,0.77,0.12,0.032,10.85
17,2023,1,30,8,2.9,8.11,10.36,637.3,11.4,1.04,0.22,0.045,10.94
17,2023,1,30,12,3.8,8.08,10.49,641.0,3.9,1.14,0.241,0.035,11.9
17,2023,1,30,16,3.9,8.04,10.16,638.0,2.2,0.91,0.219,0.033,11.78
17,2023,1,30,20,3.6,8.0,9.89,628.2,4.0,0.83,0.178,0.035,11.33
17,2023,1,31,0,3.3,8.03,9.96,619.5,6.1,0.83,0.178,0.035,11.33
17,2023,1,31,4,3.0,8.09,10.12,630.6,6.4,0.8,0.317,0.038,11.41
17,2023,1,31,8,3.2,8.06,10.03,633.9,4.4,0.75,0.291,0.035,11.59
17,2023,1,31,12,4.0,8.08,10.48,628.6,3.8,1.03,0.321,0.036,11.36
17,2023,1,31,16,3.7,8.06,10.24,633.1,3.9,0.83,0.342,0.036,11.77
17,2023,1,31,20,3.5,8.03,9.85,620.1,4.2,1.19,0.271,0.033,11.24
17,2023,2,1,0,3.4,8.03,9.79,608.9,4.2,1.19,0.271,0.033,11.24
17,2023,2,1,4,3.2,8.06,10.11,621.9,5.3,0.8,0.302,0.03,11.37
17,2023,2,1,8,3.0,8.11,10.31,635.3,8.8,0.85,0.383,0.042,12.04
17,2023,2,1,12,3.8,8.09,10.6,635.7,3.0,0.74,0.346,0.035,12.05
17,2023,2,1,16,4.0,8.02,10.26,637.2,3.3,0.81,0.245,0.034,11.74
17,2023,2,1,20,3.8,7.97,9.84,626.2,3.8,1.08,0.156,0.034,10.92
17,2023,2,2,0,3.2,8.06,10.27,624.8,10.9,1.08,0.156,0.034,10.92
17,2023,2,2,4,3.0,8.11,10.35,642.3,6.5,0.93,0.367,0.035,12.18
17,2023,2,2,8,3.1,8.07,10.28,641.4,3.1,0.82,0.3,0.031,11.6
17,2023,2,2,12,3.6,8.1,10.62,633.7,3.8,0.74,0.26,0.032,11.51
17,2023,2,2,16,3.6,8.06,10.36,639.4,2.6,1.01,0.253,0.034,11.6
17,2023,2,2,20,3.6,8.01,9.95,623.8,2.7,1.05,0.18,0.031,11.02
17,2023,2,3,0,3.5,8.01,9.92,613.7,2.8,1.05,0.18,0.031,11.02
17,2023,2,3,4,3.0,8.07,10.21,632.2,10.7,0.84,0.3,0.038,11.44
17,2023,2,3,4,3.0,8.07,10.21,632.2,10.7,0.84,0.3,0.038,11.44
17,2023,2,3,12,4.0,8.08,10.52,640.4,2.8,1.05,0.361,0.036,11.84
17,2023,2,3,16,3.9,8.04,10.27,628.4,1.8,1.05,0.25,0.033,11.84
17,2023,2,3,20,3.6,8.01,9.88,610.0,3.6,1.05,0.178,0.032,10.91
17,2023,2,4,0,3.2,8.09,10.23,619.5,13.0,1.05,0.178,0.032,10.91
17,2023,2,4,4,2.9,8.13,10.32,635.8,7.5,0.98,0.416,0.043,11.96
17,2023,2,4,8,2.9,8.08,10.23,628.9,6.7,0.83,0.344,0.042,11.82
17,2023,2,4,12,3.8,8.11,10.6,627.5,4.0,0.87,0.354,0.043,11.9
17,2023,2,4,16,3.7,8.07,10.31,633.0,5.1,0.8,0.301,0.037,11.84
17,2023,2,4,20,2.8,8.02,9.78,616.2,4.6,1.02,0.215,0.036,11.07
17,2023,2,5,0,2.6,8.04,9.81,601.7,12.1,1.02,0.215,0.036,11.07
17,2023,2,5,4,1.9,8.15,10.23,632.0,16.3,0.96,0.287,0.05,12.03
17,2023,2,5,8,2.3,8.09,10.12,638.3,6.2,0.96,0.324,0.05,12.03
17,2023,2,5,12,3.4,8.03,10.37,630.0,5.6,0.75,0.241,0.039,11.43
17,2023,2,5,16,3.4,8.03,10.2,629.5,5.4,0.85,0.197,0.039,11.39
17,2023,2,5,20,2.6,8.06,9.99,608.8,12.0,1.17,0.201,0.046,10.75
17,2023,2,6,0,2.0,8.17,10.22,627.8,21.2,1.17,0.201,0.046,10.75
17,2023,2,6,4,2.2,8.09,9.99,636.1,7.4,0.83,0.293,0.046,12.07
17,2023,2,6,8,2.2,8.11,10.2,622.9,7.5,0.83,0.329,0.047,11.38
17,2023,2,6,12,3.3,8.11,10.56,635.3,7.5,0.91,0.425,0.047,11.91
17,2023,2,6,16,3.4,8.05,10.22,635.0,6.3,0.81,0.33,0.043,11.7
17,2023,2,6,20,2.3,8.11,10.0,601.3,15.1,0.92,0.241,0.051,10.76
17,2023,2,7,0,2.1,8.16,10.06,632.4,11.3,0.92,0.241,0.051,10.76
17,2023,2,7,4,2.6,8.04,9.85,640.5,7.6,0.86,0.349,0.043,12.47
17,2023,2,7,8,2.0,8.15,10.23,618.1,25.3,1.06,0.407,0.062,10.9
17,2023,2,7,12,3.4,8.09,10.5,634.5,6.5,0.9,0.497,0.05,11.81
17,2023,2,7,16,3.3,8.04,10.11,631.1,6.7,0.8,0.378,0.046,11.67
17,2023,2,7,20,3.0,8.02,9.78,602.0,8.3,0.8,0.378,0.04,10.43
17,2023,2,8,0,2.2,8.14,10.05,600.7,26.4,0.8,0.378,0.04,10.43
17,2023,2,8,4,2.0,8.15,10.21,636.1,16.4,1.05,0.532,0.057,12.43
17,2023,2,8,8,2.4,8.07,10.14,642.2,9.7,1.01,0.495,0.055,12.18
17,2023,2,8,12,3.9,8.06,10.64,623.4,11.9,0.87,0.344,0.046,11.34
17,2023,2,8,16,3.3,8.05,10.26,622.3,16.3,0.93,0.314,0.048,11.49
17,2023,2,8,20,1.8,8.1,10.24,603.8,97.7,2.65,0.448,0.117,11.55
17,2023,2,9,0,2.1,8.14,10.21,633.5,22.3,2.65,0.448,0.117,11.55
17,2023,2,9,4,2.6,8.06,10.04,639.3,13.4,1.1,0.52,0.058,12.24
17,2023,2,9,8,1.8,8.17,10.12,622.9,30.6,1.57,0.57,0.075,11.73
17,2023,2,9,12,3.2,8.03,10.25,636.2,15.1,1.19,0.533,0.058,12.2
17,2023,2,9,16,2.9,8.05,10.15,619.1,34.5,1.56,0.402,0.076,11.93
17,2023,2,9,20,2.9,7.99,9.83,614.4,14.6,1.05,0.284,0.052,11.25
17,2023,2,10,0,1.6,8.22,10.22,606.2,65.2,1.05,0.284,0.052,11.25
17,2023,2,10,4,1.6,8.22,10.3,644.3,28.5,1.57,0.771,0.091,12.74
17,2023,2,10,8,2.4,8.06,10.08,648.8,16.2,1.13,0.568,0.069,12.62
17,2023,2,10,12,4.0,8.0,10.29,645.2,17.3,0.99,0.431,0.06,12.35
17,2023,2,10,16,2.9,8.1,10.39,619.6,25.4,1.32,0.331,0.062,11.04
17,2023,2,10,20,2.6,8.08,9.97,607.9,15.5,1.12,0.247,0.061,10.89
17,2023,2,11,0,1.8,8.23,10.03,592.4,49.3,1.12,0.247,0.061,10.89
17,2023,2,11,4,1.8,8.22,10.18,637.0,40.6,1.73,0.475,0.09,13.01
17,2023,2,11,8,2.6,8.09,9.97,637.4,27.6,1.47,0.506,0.082,12.48
17,2023,2,11,12,3.7,8.01,10.21,636.9,16.1,1.22,0.36,0.062,12.13
17,2023,2,11,16,2.9,8.12,10.12,594.2,34.0,1.38,0.216,0.067,10.59
17,2023,2,11,20,2.7,8.06,9.84,607.0,69.4,2.16,0.243,0.11,11.6
17,2023,2,12,0,1.7,8.27,9.83,577.1,98.4,2.16,0.243,0.11,11.6
17,2023,2,12,4,1.7,8.24,10.01,624.7,106.2,2.7,0.427,0.134,12.6
17,2023,2,12,8,2.4,8.1,9.86,633.9,63.0,2.14,0.583,0.119,12.84
17,2023,2,12,12,3.5,8.0,10.08,637.8,21.3,1.46,0.476,0.079,12.64
17,2023,2,12,16,2.8,8.1,10.06,604.3,47.4,1.66,0.284,0.084,11.08
17,2023,2,12,20,3.2,7.94,9.83,612.0,33.1,1.28,0.232,0.062,10.83
17,2023,2,13,0,1.6,7.43,10.11,590.8,94.5,1.28,0.232,0.062,10.83
17,2023,2,13,4,2.6,7.39,10.37,633.8,70.9,1.64,0.213,0.078,12.8
17,2023,2,13,8,3.0,8.0,10.22,637.4,22.7,1.07,0.149,0.046,12.44
17,2023,2,13,12,4.4,7.91,10.47,643.8,10.0,0.89,0.119,0.005,12.29
17,2023,2,13,20,3.3,8.03,10.08,622.1,44.9,1.4,0.112,0.055,11.6
17,2023,2,14,0,2.2,8.3,10.35,585.4,83.2,1.4,0.112,0.055,11.6
17,2023,2,14,4,2.2,8.25,10.63,638.6,62.6,1.91,0.3,0.092,13.08
17,2023,2,14,8,3.2,8.06,10.25,650.0,16.6,1.17,0.327,0.052,12.56
17,2023,2,14,8,3.2,8.06,10.25,650.0,16.6,1.17,0.327,0.052,12.56
17,2023,2,14,16,3.6,8.11,10.51,603.8,18.4,1.07,0.109,0.048,10.64
17,2023,2,14,20,2.6,8.26,10.34,598.0,131.6,2.61,0.166,0.124,11.25
17,2023,2,15,0,2.2,8.3,10.49,640.2,89.2,2.61,0.166,0.124,11.25
17,2023,2,15,0,2.2,8.3,10.49,640.2,89.2,2.41,0.454,0.121,12.7
17,2023,2,15,8,3.3,8.03,10.23,657.2,12.3,1.05,0.436,0.061,12.89
17,2023,2,15,12,4.4,7.99,10.45,658.8,10.2,1.03,0.329,0.047,12.76
17,2023,2,15,12,4.4,7.99,10.45,658.8,10.2,1.03,0.329,0.047,12.76
17,2023,2,15,12,4.4,7.99,10.45,658.8,10.2,1.03,0.329,0.047,12.76
17,2023,2,15,12,4.4,7.99,10.45,658.8,10.2,1.03,0.329,0.047,12.76
17,2023,2,15,12,4.4,7.99,10.45,658.8,10.2,1.03,0.329,0.047,12.76
17,2023,2,16,8,3.8,7.92,10.37,654.6,18.6,1.08,0.314,0.071,12.24
17,2023,2,16,12,4.7,8.0,10.49,662.1,8.5,1.3,0.283,0.047,12.42
17,2023,2,16,16,3.8,8.1,10.53,590.0,13.5,0.85,0.086,0.042,9.61
17,2023,2,16,20,2.3,8.34,10.03,552.7,128.6,2.54,0.139,0.127,9.76
17,2023,2,17,0,2.2,8.28,10.25,643.1,107.6,2.54,0.139,0.127,9.76
17,2023,2,17,4,2.9,8.11,10.12,647.4,32.6,1.52,0.534,0.087,12.92
17,2023,2,17,8,3.6,7.98,10.06,653.2,13.8,0.86,0.384,0.055,12.71
17,2023,2,17,12,4.3,8.0,10.43,648.5,12.4,0.86,0.29,0.051,12.34
17,2023,2,17,16,3.7,8.1,10.16,592.6,20.9,1.07,0.099,0.051,10.1
17,2023,2,17,20,2.3,8.33,9.97,564.7,226.3,3.38,0.109,0.169,10.21
17,2023,2,18,0,2.2,8.3,10.06,638.4,101.9,3.38,0.109,0.169,10.21
17,2023,2,18,4,3.0,8.09,10.04,645.1,35.2,1.48,0.469,0.086,12.83
17,2023,2,18,8,3.7,7.99,10.04,648.5,10.7,0.93,0.371,0.054,12.53
17,2023,2,18,12,2.9,8.15,10.43,628.9,112.5,2.16,0.314,0.116,12.66
17,2023,2,18,16,2.8,8.26,10.5,593.5,93.1,2.54,0.278,0.119,11.02
17,2023,2,18,20,2.2,7.51,10.4,622.5,79.8,1.81,0.478,0.09,12.32
17,2023,2,19,0,2.1,8.31,10.62,639.7,60.3,1.81,0.478,0.09,12.32
17,2023,2,19,4,3.0,8.08,10.18,650.5,18.7,1.19,0.642,0.067,12.94
17,2023,2,19,8,3.6,7.99,10.06,657.7,13.0,1.19,0.642,0.067,12.94
17,2023,2,19,8,3.6,7.99,10.06,657.7,13.0,1.19,0.642,0.067,12.94
17,2023,2,19,8,3.6,7.99,10.06,657.7,13.0,1.19,0.642,0.067,12.94
17,2023,2,19,8,3.6,7.99,10.06,657.7,13.0,1.19,0.642,0.067,12.94
17,2023,2,19,8,3.6,7.99,10.06,657.7,13.0,1.19,0.642,0.067,12.94
17,2023,2,19,8,3.6,7.99,10.06,657.7,13.0,1.19,0.642,0.067,12.94
17,2023,2,21,0,2.2,8.34,10.67,652.3,52.4,1.19,0.642,0.067,12.94
17,2023,2,21,4,2.9,8.03,10.2,657.8,12.5,1.95,0.645,0.075,13.51
17,2023,2,21,8,3.7,7.91,9.98,664.2,6.3,1.06,0.489,0.059,12.81
17,2023,2,21,12,4.3,7.98,10.36,655.4,5.6,1.17,0.489,0.059,12.48
17,2023,2,21,16,3.6,8.05,10.39,596.1,5.9,0.9,0.459,0.065,12.67
17,2023,2,21,20,4.2,8.03,9.87,619.3,8.7,0.88,0.111,0.043,9.87
17,2023,2,22,0,2.7,8.34,10.59,591.0,25.4,0.8,0.25,0.051,10.82
17,2023,2,22,4,1.7,8.33,10.84,652.1,34.4,1.13,0.231,0.063,9.83
17,2023,2,22,8,3.2,8.01,10.22,655.6,8.7,1.55,0.731,0.094,13.21
17,2023,2,22,12,4.7,8.04,10.57,645.4,5.2,0.97,0.627,0.077,12.73
17,2023,2,22,16,6.2,8.09,9.96,609.5,7.8,0.87,0.437,0.066,12.33
17,2023,2,22,20,5.6,8.06,9.52,615.0,6.0,0.75,0.176,0.047,10.81
17,2023,2,23,0,4.2,8.38,10.2,593.7,49.7,1.11,0.172,0.047,10.96
17,2023,2,23,4,2.9,8.32,10.59,642.5,21.3,1.47,0.258,0.082,10.68
17,2023,2,23,8,3.8,8.05,10.14,643.0,5.7,1.17,0.309,0.074,12.5
17,2023,2,23,12,6.1,8.0,10.3,637.3,2.5,0.81,0.125,0.051,11.98
17,2023,2,23,16,7.2,8.15,9.86,600.0,5.6,0.72,0.025,0.039,11.82
17,2023,2,23,20,6.1,8.14,9.55,608.8,6.7,0.86,0.025,0.038,10.29
17,2023,2,24,0,5.2,8.41,10.23,584.2,26.8,0.81,0.025,0.038,10.85
17,2023,2,24,4,3.5,8.35,10.54,635.9,20.8,1.28,0.025,0.058,9.66
17,2023,2,24,8,3.9,8.1,10.27,643.1,8.2,1.2,0.115,0.063,11.75
17,2023,2,24,12,5.9,8.08,10.59,635.3,5.4,0.9,0.085,0.046,11.72
17,2023,2,24,16,6.4,8.2,10.21,609.5,3.5,0.92,0.025,0.042,11.32
17,2023,2,24,20,5.2,8.19,9.88,609.1,4.0,0.79,0.025,0.035,10.48
17,2023,2,25,0,3.8,8.43,10.56,579.7,24.9,0.88,0.025,0.038,10.38
17,2023,2,25,4,3.6,8.34,10.94,637.4,15.8,0.99,0.025,0.055,9.59
17,2023,2,25,8,3.2,8.17,10.68,647.8,9.8,1.28,0.259,0.066,11.91
17,2023,2,25,12,5.8,8.08,10.74,641.1,4.2,1.05,0.26,0.057,12.12
17,2023,2,25,16,6.7,8.19,10.28,606.5,7.3,0.83,0.21,0.042,12.06
17,2023,2,25,20,4.8,8.25,10.11,611.8,8.7,1.01,0.081,0.036,10.36
17,2023,2,26,0,5.2,8.39,10.57,587.8,20.7,1.0,0.114,0.043,10.73
17,2023,2,26,4,4.4,8.34,11.04,642.4,11.2,1.22,0.195,0.058,10.05
17,2023,2,26,8,3.4,8.15,10.52,651.7,6.6,1.18,0.603,0.058,12.48
17,2023,2,26,12,6.0,8.1,10.71,643.0,4.7,0.92,0.423,0.049,12.48
17,2023,2,26,16,6.9,8.17,10.15,607.3,5.0,0.8,0.268,0.039,12.34
17,2023,2,26,20,5.4,8.19,9.82,600.5,7.8,0.87,0.098,0.035,10.5
17,2023,2,27,0,6.5,8.35,10.53,583.0,24.1,0.95,0.162,0.037,10.76
17,2023,2,27,4,5.2,8.31,10.86,639.8,14.0,1.25,0.252,0.056,9.79
17,2023,2,27,8,5.0,8.05,10.23,645.3,5.5,1.18,0.907,0.059,12.8
17,2023,2,27,12,6.7,7.71,10.84,637.7,4.6,0.89,0.382,0.036,11.83
17,2023,2,27,16,6.8,7.82,10.92,598.0,6.6,0.85,0.116,0.036,10.03
17,2023,2,27,20,6.4,7.88,10.41,597.6,6.2,1.03,0.155,0.033,10.16
17,2023,2,28,0,5.1,8.07,11.03,602.7,29.7,1.03,0.155,0.033,10.16
17,2023,2,28,4,3.9,8.03,11.28,647.2,19.1,1.28,1.065,0.053,13.21
17,2023,2,28,8,5.3,7.75,10.72,648.0,8.0,0.94,0.672,0.044,12.39
17,2023,2,28,12,7.6,7.66,10.92,640.0,3.4,0.81,0.399,0.03,11.76
17,2023,2,28,16,7.6,8.16,11.11,565.1,39.9,1.52,0.137,0.059,9.9
17,2023,2,28,20,6.1,8.13,10.91,627.2,29.5,1.72,0.864,0.06,12.15
17,2023,3,1,0,5.2,7.72,10.44,639.8,8.2,1.72,0.864,0.06,12.15
17,2023,3,1,4,4.5,7.62,10.42,646.4,3.4,0.8,0.403,0.005,12.01
17,2023,3,1,8,4.3,7.6,10.74,643.1,5.7,0.88,0.256,0.03,11.05
17,2023,3,1,12,3.7,8.08,12.19,595.6,30.6,1.18,0.136,0.045,10.03
17,2023,3,1,16,6.6,7.78,11.01,606.2,14.3,1.18,0.184,0.041,10.45
17,2023,3,1,20,4.2,8.08,11.17,629.4,186.5,1.16,0.785,0.174,13.66
17,2023,3,2,0,3.4,7.93,11.25,654.2,35.1,4.34,0.785,0.174,13.66
17,2023,3,2,4,3.5,7.72,10.85,650.9,10.7,1.7,0.514,0.044,12.31
17,2023,3,2,8,3.1,7.76,11.31,643.5,9.0,1.04,0.407,0.037,11.72
17,2023,3,2,12,5.3,7.77,11.69,615.2,8.8,0.86,0.234,0.034,10.65
17,2023,3,2,16,7.4,7.81,10.81,590.7,8.4,0.82,0.094,0.036,9.83
17,2023,3,2,20,6.3,7.84,10.23,578.0,11.4,0.83,0.025,0.034,9.68
17,2023,3,3,0,5.1,8.12,10.97,590.5,41.5,0.89,0.025,0.034,9.68
17,2023,3,3,4,3.0,8.06,11.48,642.4,24.7,1.58,0.541,0.059,12.58
17,2023,3,3,8,4.0,7.85,11.01,644.5,24.8,1.47,0.306,0.053,12.98
17,2023,3,3,12,7.4,7.75,11.21,636.8,8.2,0.88,0.175,0.037,12.17
17,2023,3,3,16,8.5,7.87,10.64,601.1,7.9,1.04,0.087,0.036,11.14
17,2023,3,3,20,7.2,7.86,10.01,588.3,8.4,1.1,0.025,0.033,10.3
17,2023,3,4,0,5.4,8.11,10.93,591.4,33.4,1.1,0.025,0.033,10.3
17,2023,3,4,4,4.0,7.99,11.07,636.8,16.9,1.12,0.427,0.048,13.86
17,2023,3,4,8,4.6,7.79,10.95,640.2,8.1,0.93,0.258,0.039,12.39
17,2023,3,4,12,7.5,7.77,11.38,628.9,4.8,0.71,0.156,0.005,11.79
17,2023,3,4,16,8.8,7.9,10.73,581.5,7.2,0.89,0.025,0.032,9.64
17,2023,3,4,20,7.3,7.87,10.0,571.3,6.4,1.02,0.025,0.005,9.87
17,2023,3,4,20,7.3,7.87,10.0,571.3,6.4,1.02,0.025,0.005,9.87
17,2023,3,5,4,4.0,8.05,11.25,635.7,18.4,1.33,0.528,0.053,12.52
17,2023,3,5,8,5.0,7.8,10.87,640.2,13.0,1.01,0.316,0.04,12.39
17,2023,3,5,12,7.5,7.79,11.42,632.9,5.2,0.86,0.195,0.033,11.9
17,2023,3,5,16,8.9,7.91,10.73,590.7,7.8,0.94,0.025,0.031,10.09
17,2023,3,5,20,7.7,7.87,9.88,584.1,5.4,0.95,0.025,0.005,10.0
17,2023,3,6,0,6.0,8.08,10.73,604.6,35.6,0.95,0.025,0.005,10.0
17,2023,3,6,4,4.4,8.01,11.03,629.6,22.2,1.33,0.351,0.052,12.46
17,2023,3,6,8,5.1,7.76,10.82,636.9,8.4,0.95,0.2,0.037,12.04
17,2023,3,6,12,8.0,7.76,11.4,626.8,5.5,0.92,0.117,0.005,11.55
17,2023,3,6,16,9.5,7.89,10.75,579.3,7.2,0.93,0.025,0.005,8.51
17,2023,3,6,20,8.1,7.87,9.75,565.2,6.1,1.0,0.025,0.005,9.57
17,2023,3,6,20,8.1,7.87,9.75,565.2,6.1,1.0,0.025,0.005,9.57
17,2023,3,7,4,4.5,8.05,11.07,636.3,26.3,1.29,0.51,0.05,11.73
17,2023,3,7,8,5.4,7.92,10.84,628.9,21.1,1.2,0.187,0.044,11.83
17,2023,3,7,12,8.6,7.82,11.4,627.2,5.6,0.9,0.11,0.03,11.83
17,2023,3,7,16,10.0,7.98,10.72,582.6,9.6,1.2,0.025,0.036,10.13
17,2023,3,7,20,8.5,7.84,9.68,552.1,6.4,1.17,0.025,0.031,9.98
17,2023,3,8,0,7.3,8.08,10.51,587.8,38.8,1.17,0.025,0.031,9.98
17,2023,3,8,4,6.0,7.96,10.57,628.3,19.1,1.22,0.397,0.048,12.86
17,2023,3,8,8,6.2,7.8,10.69,632.7,8.7,1.22,0.397,0.048,12.86
17,2023,3,8,8,6.2,7.8,10.69,632.7,8.7,1.22,0.397,0.048,12.86
17,2023,3,8,8,6.2,7.8,10.69,632.7,8.7,1.22,0.397,0.048,12.86
17,2023,3,8,20,9.0,8.06,9.77,527.3,9.0,1.17,0.025,0.033,9.02
17,2023,3,8,20,9.0,8.06,9.77,527.3,9.0,1.17,0.025,0.033,9.02
17,2023,3,9,4,5.9,8.01,10.67,623.8,20.7,1.54,0.497,0.049,12.18
17,2023,3,9,8,6.1,7.85,10.83,625.2,7.8,0.99,0.197,0.036,11.88
17,2023,3,9,12,9.1,7.92,11.87,614.5,6.3,0.98,0.025,0.005,10.35
17,2023,3,9,16,10.4,8.07,11.03,534.6,8.8,1.12,0.025,0.03,9.03
17,2023,3,9,20,9.3,8.03,9.62,529.6,7.7,1.04,0.025,0.032,9.29
17,2023,3,10,0,8.1,8.09,10.13,567.4,28.2,1.04,0.025,0.032,9.29
17,2023,3,10,4,6.0,8.02,10.6,618.1,22.4,1.34,0.461,0.048,11.86
17,2023,3,10,8,6.4,7.88,10.77,627.4,12.8,1.07,0.235,0.036,11.98
17,2023,3,10,12,9.2,7.93,11.83,617.9,4.8,1.18,0.088,0.005,11.47
17,2023,3,10,16,9.8,8.11,10.41,543.4,6.1,0.94,0.025,0.03,8.67
17,2023,3,10,20,8.2,8.08,9.59,522.1,8.5,1.14,0.025,0.005,8.06
17,2023,3,11,0,7.7,8.12,9.88,555.9,26.3,1.14,0.025,0.005,8.06
17,2023,3,11,4,6.2,8.02,10.25,613.0,21.9,1.47,0.429,0.044,12.01
17,2023,3,11,8,6.7,7.94,10.05,621.4,15.6,1.39,0.194,0.04,12.09
17,2023,3,11,12,7.7,7.93,11.07,619.4,5.2,0.96,0.089,0.005,12.72
17,2023,3,11,16,8.5,8.1,10.96,589.0,4.7,0.86,0.025,0.005,10.32
17,2023,3,11,20,7.4,8.08,9.82,575.4,6.1,1.0,0.025,0.005,10.35
17,2023,3,12,0,5.8,8.13,10.32,572.0,26.4,1.0,0.025,0.005,10.35
17,2023,3,12,4,3.9,7.99,10.6,624.2,17.7,1.26,0.25,0.043,11.91
17,2023,3,12,8,3.7,7.85,10.86,631.9,9.0,1.05,0.138,0.03,11.83
17,2023,3,12,12,6.7,7.87,11.42,617.9,4.3,0.86,0.025,0.005,11.88
17,2023,3,12,16,7.8,8.03,10.92,576.2,6.6,0.84,0.025,0.005,8.98
17,2023,3,12,20,6.8,8.05,9.81,562.7,6.2,0.89,0.025,0.005,9.3
17,2023,3,13,0,5.5,8.13,10.27,570.0,26.4,0.89,0.025,0.005,9.3
17,2023,3,13,4,3.3,8.05,10.72,632.3,15.6,1.3,0.319,0.041,12.13
17,2023,3,13,8,3.8,7.9,10.75,637.8,9.5,1.12,0.18,0.032,12.69
17,2023,3,13,12,7.6,7.9,11.25,621.8,3.2,0.85,0.025,0.005,11.34
17,2023,3,13,16,9.1,8.09,10.7,566.9,6.4,0.9,0.025,0.005,9.5
17,2023,3,13,20,7.8,7.89,9.27,564.5,5.5,1.02,0.025,0.005,10.04
17,2023,3,14,0,6.8,8.09,9.79,594.9,23.7,1.02,0.025,0.005,10.04
17,2023,3,14,4,5.2,8.02,10.13,632.2,19.9,1.32,0.24,0.039,12.88
17,2023,3,14,8,5.8,7.85,10.26,632.4,6.0,1.03,0.025,0.005,12.16
17,2023,3,14,12,9.1,8.03,11.33,613.7,5.5,1.03,0.025,0.005,12.16
17,2023,3,14,16,9.2,8.12,10.63,548.6,4.4,1.01,0.025,0.005,9.18
17,2023,3,14,20,7.0,8.11,9.58,550.4,5.2,0.9,0.025,0.005,9.79
17,2023,3,15,0,6.2,8.15,10.02,551.4,24.1,0.9,0.025,0.005,9.79
17,2023,3,15,4,4.3,8.05,10.47,632.3,20.0,1.41,0.278,0.038,12.57
17,2023,3,15,8,4.4,7.91,10.67,633.2,14.5,1.2,0.025,0.033,12.44
17,2023,3,15,12,7.0,7.95,11.57,620.2,5.6,0.97,0.025,0.005,11.89
17,2023,3,15,16,8.0,8.09,11.05,585.3,4.2,0.85,0.025,0.005,10.49
17,2023,3,15,20,6.2,8.06,9.89,579.2,5.5,0.85,0.025,0.005,10.52
17,2023,3,16,0,5.0,8.14,10.41,574.3,22.2,0.85,0.025,0.005,10.52
17,2023,3,16,4,3.3,7.99,10.71,632.7,10.9,1.12,0.093,0.03,13.33
17,2023,3,16,8,3.5,7.85,10.99,637.0,6.3,0.85,0.025,0.005,12.38
17,2023,3,16,12,6.9,7.94,11.69,617.7,2.6,0.98,0.025,0.005,12.04
17,2023,3,16,20,6.5,8.1,9.89,556.5,4.5,0.8,0.025,0.005,9.6
17,2023,3,17,0,5.2,8.1,10.37,612.9,24.1,0.8,0.025,0.005,9.6
17,2023,3,17,4,3.6,8.03,10.66,636.5,14.6,1.12,0.025,0.03,12.6
17,2023,3,17,8,4.5,7.87,10.75,638.3,6.0,0.85,0.025,0.005,12.21
17,2023,3,17,12,6.2,7.93,11.45,625.8,3.7,0.96,0.025,0.005,11.7
17,2023,3,17,16,8.0,8.11,11.14,577.8,5.7,1.02,0.025,0.005,10.27
17,2023,3,17,20,6.9,8.07,9.66,576.6,3.2,0.86,0.025,0.005,9.3
17,2023,3,18,0,5.9,8.13,10.15,580.9,18.4,0.86,0.025,0.005,9.3
17,2023,3,18,4,4.2,8.0,10.44,641.4,9.8,1.06,0.089,0.005,12.58
17,2023,3,18,8,4.3,7.87,10.78,637.4,5.4,0.83,0.025,0.005,12.25
17,2023,3,18,12,8.1,7.93,11.62,616.8,3.3,0.88,0.025,0.005,11.61
17,2023,3,18,16,9.5,8.11,10.94,560.3,4.2,0.81,0.025,0.005,9.39
17,2023,3,18,20,7.8,8.08,9.37,554.5,4.4,0.84,0.025,0.005,9.0
17,2023,3,19,0,6.9,8.1,9.82,542.4,19.2,0.84,0.025,0.005,9.0
17,2023,3,19,4,4.3,8.05,10.44,633.6,13.4,1.16,0.025,0.03,12.64
17,2023,3,19,8,4.7,7.92,10.73,639.5,6.6,0.94,0.025,0.005,12.48
17,2023,3,19,12,8.5,7.97,11.6,619.0,2.7,0.79,0.025,0.005,12.09
17,2023,3,19,16,9.8,8.16,10.98,565.9,4.1,0.93,0.025,0.005,9.95
17,2023,3,19,20,8.2,7.96,9.16,568.7,3.4,0.93,0.025,0.005,10.03
17,2023,3,20,0,7.3,8.11,9.74,573.0,17.9,0.93,0.025,0.005,10.03
17,2023,3,20,4,6.2,8.01,9.99,631.9,11.2,1.06,0.025,0.005,12.0
17,2023,3,20,8,7.1,7.84,9.97,633.7,4.0,1.01,0.025,0.005,12.17
17,2023,3,20,12,10.2,8.0,11.66,616.4,4.5,0.93,0.025,0.005,11.27
17,2023,3,20,16,11.6,8.19,10.64,546.4,3.2,0.91,0.025,0.005,9.46
17,2023,3,20,20,10.1,8.01,8.91,544.1,2.9,0.83,0.025,0.005,9.14
17,2023,3,21,0,9.1,8.08,9.42,546.7,20.0,0.83,0.025,0.005,9.14
17,2023,3,21,4,7.6,7.93,9.61,631.9,12.9,1.07,0.025,0.005,11.24
17,2023,3,21,8,8.0,7.78,9.56,628.5,2.8,0.81,0.025,0.005,11.75
17,2023,3,21,12,9.8,7.95,11.28,613.3,1.9,0.99,0.025,0.005,11.76
17,2023,3,21,16,10.8,8.1,10.13,562.2,3.8,0.8,0.025,0.005,9.33
17,2023,3,21,20,10.2,7.9,8.78,558.3,3.4,0.81,0.025,0.005,9.29
17,2023,3,22,0,9.3,8.06,9.4,556.6,18.5,0.81,0.025,0.005,9.29
17,2023,3,22,4,7.4,8.0,9.76,637.6,19.4,1.4,0.088,0.03,11.61
17,2023,3,22,8,6.9,7.87,10.41,628.6,5.6,1.08,0.025,0.005,11.39
17,2023,3,22,12,8.6,8.1,11.77,605.5,7.6,1.05,0.025,0.005,11.41
17,2023,3,22,16,10.0,8.12,11.07,555.7,3.5,0.83,0.025,0.005,9.03
17,2023,3,22,20,8.1,8.07,9.42,546.6,4.1,0.94,0.025,0.005,9.53
17,2023,3,23,0,7.0,8.11,9.89,544.5,13.6,0.94,0.025,0.005,9.53
17,2023,3,23,4,5.3,7.99,10.23,626.6,14.4,1.2,0.025,0.005,11.45
17,2023,3,23,8,5.0,7.85,10.79,632.4,5.0,0.98,0.025,0.005,11.63
17,2023,3,23,12,7.5,7.95,11.61,615.7,5.3,0.97,0.025,0.005,11.54
17,2023,3,23,16,9.2,8.08,11.13,561.8,2.9,1.15,0.025,0.005,9.08
17,2023,3,23,20,7.6,8.04,9.55,554.9,3.6,0.85,0.025,0.005,9.26
17,2023,3,24,0,6.2,8.1,10.12,575.0,15.6,0.85,0.025,0.005,9.26
17,2023,3,24,4,4.2,7.98,10.47,635.9,19.4,1.15,0.025,0.032,12.3
17,2023,3,24,8,4.5,7.86,11.0,635.6,4.0,0.8,0.025,0.005,11.5
17,2023,3,24,12,7.2,7.97,11.66,613.9,4.5,0.84,0.025,0.005,11.71
17,2023,3,24,16,8.4,8.04,11.21,570.0,2.9,0.8,0.025,0.005,9.08
17,2023,3,24,20,7.4,8.01,9.58,553.6,2.1,0.74,0.025,0.005,8.92
17,2023,3,25,0,6.6,8.11,10.05,544.2,18.1,0.74,0.025,0.005,8.92
17,2023,3,25,4,5.1,8.02,10.35,636.2,12.0,1.08,0.025,0.005,12.03
17,2023,3,25,8,5.8,7.85,10.57,634.0,3.5,0.81,0.025,0.005,12.03
17,2023,3,25,12,9.0,7.95,11.59,612.9,10.8,0.94,0.025,0.005,11.37
17,2023,3,25,16,10.3,8.08,10.9,571.0,4.7,0.93,0.025,0.005,9.61
17,2023,3,25,20,8.5,7.86,9.09,568.5,3.6,0.8,0.025,0.005,9.6
17,2023,3,26,0,6.9,8.09,9.8,550.0,11.9,0.8,0.025,0.005,9.6
17,2023,3,26,4,4.7,8.0,10.32,633.0,9.4,1.1,0.025,0.005,11.93
17,2023,3,26,8,5.2,7.79,10.69,634.5,3.3,0.82,0.025,0.005,12.11
17,2023,3,26,12,8.1,7.98,11.5,612.3,3.6,0.91,0.025,0.005,10.24
17,2023,3,26,16,10.1,7.93,10.77,578.9,2.3,0.89,0.025,0.005,9.73
17,2023,3,26,20,8.9,7.79,8.87,563.6,2.2,1.19,0.025,0.005,9.12
17,2023,3,27,0,7.2,8.06,9.73,581.0,14.5,1.19,0.025,0.005,9.12
17,2023,3,27,4,4.8,7.98,10.22,631.3,11.2,1.09,0.025,0.005,12.03
17,2023,3,27,8,5.5,7.77,10.5,632.2,2.5,0.8,0.025,0.005,11.43
17,2023,3,27,12,9.6,7.86,11.41,614.4,2.4,0.82,0.025,0.005,10.94
17,2023,3,27,16,11.4,7.94,10.57,568.6,2.2,0.81,0.025,0.005,8.99
17,2023,3,27,20,10.0,7.93,8.79,542.2,2.5,0.9,0.025,0.005,9.05
17,2023,3,28,0,8.0,8.06,9.54,567.3,18.3,0.9,0.025,0.005,9.05
17,2023,3,28,4,5.6,7.99,10.1,629.3,12.2,1.19,0.025,0.005,12.07
17,2023,3,28,8,6.3,7.8,10.45,623.1,3.4,0.93,0.025,0.005,11.3
17,2023,3,28,12,10.3,7.93,11.62,599.8,2.3,0.86,0.025,0.005,11.28
17,2023,3,28,16,11.8,8.06,10.56,562.1,2.2,1.12,0.025,0.005,9.1
17,2023,3,28,20,10.3,7.71,8.57,563.3,2.9,0.88,0.025,0.005,9.82
17,2023,3,29,0,8.1,8.03,9.49,553.3,18.3,0.88,0.025,0.005,9.82
17,2023,3,29,4,6.3,7.96,9.9,621.2,16.2,1.23,0.025,0.005,11.48
17,2023,3,29,8,6.7,7.84,10.45,616.4,3.8,0.91,0.025,0.005,11.12
17,2023,3,29,12,11.3,7.92,11.35,606.5,2.7,0.84,0.025,0.005,11.63
17,2023,3,29,16,13.2,8.33,10.41,558.5,4.7,0.89,0.025,0.005,10.11
17,2023,3,29,20,11.2,8.17,8.49,547.2,2.6,0.97,0.025,0.005,9.65
17,2023,3,30,0,9.4,8.24,9.05,523.6,18.0,0.97,0.025,0.005,9.65
17,2023,3,30,4,6.5,8.27,9.81,621.3,13.4,1.27,0.025,0.005,12.13
17,2023,3,30,8,6.7,8.2,10.47,624.0,5.4,1.11,0.025,0.005,12.33
17,2023,3,30,12,11.4,8.27,11.31,603.2,2.9,0.96,0.025,0.005,11.83
17,2023,3,30,16,14.0,8.36,10.32,565.1,2.3,0.95,0.025,0.005,11.24
17,2023,3,30,20,11.9,8.14,8.2,529.8,2.6,0.85,0.025,0.005,9.1
17,2023,3,31,0,10.1,8.25,8.92,512.5,15.4,1.43,0.025,0.03,8.43
17,2023,3,31,4,7.2,8.27,9.62,616.1,19.1,1.38,0.025,0.03,12.07
17,2023,3,31,8,7.4,8.2,10.44,617.8,5.8,1.03,0.025,0.005,11.78
17,2023,3,31,12,11.8,8.32,11.46,597.5,2.7,0.99,0.025,0.005,11.5
17,2023,3,31,16,12.9,8.36,10.38,555.3,1.9,0.86,0.025,0.005,9.71
17,2023,3,31,20,11.6,8.16,8.35,533.8,3.4,1.04,0.025,0.005,9.55
17,2023,4,1,0,10.4,8.27,8.86,516.0,19.3,1.52,0.025,0.032,7.8
17,2023,4,1,4,7.7,8.24,9.39,626.8,14.0,1.28,0.025,0.005,12.22
17,2023,4,1,8,7.6,8.16,10.34,626.7,3.9,0.98,0.025,0.005,12.01
17,2023,4,1,12,11.3,8.25,11.28,605.5,2.6,0.98,0.025,0.005,11.29
17,2023,4,1,16,12.8,8.33,10.15,555.1,1.6,0.87,0.025,0.005,8.62
17,2023,4,1,20,12.0,8.15,8.2,530.2,3.7,1.06,0.025,0.005,9.44
17,2023,4,2,0,11.4,8.26,8.68,517.5,15.1,1.4,0.025,0.005,8.67
17,2023,4,2,4,9.3,8.26,9.18,619.6,19.0,1.36,0.025,0.005,11.83
17,2023,4,2,8,9.8,8.17,9.82,615.7,4.3,1.02,0.025,0.005,12.57
17,2023,4,2,12,10.1,8.16,9.61,607.3,2.3,1.03,0.025,0.005,11.43
17,2023,4,2,16,9.9,8.21,9.58,587.6,2.3,0.82,0.025,0.005,10.39
17,2023,4,2,20,9.8,8.2,8.93,584.4,4.7,1.05,0.025,0.005,9.88
17,2023,4,3,0,9.3,8.28,9.22,560.5,16.9,1.38,0.025,0.005,8.94
17,2023,4,3,4,8.9,8.26,9.3,616.7,17.8,1.51,0.025,0.032,11.89
17,2023,4,3,12,9.3,8.38,11.01,603.0,4.5,1.17,0.083,0.005,11.73
17,2023,4,3,16,10.2,8.31,10.61,576.0,1.9,1.17,0.025,0.005,12.15
17,2023,4,3,20,10.1,8.5,9.32,534.5,14.8,0.8,0.025,0.005,10.32
17,2023,4,4,0,8.7,8.29,9.37,611.8,20.7,1.21,0.025,0.005,9.18
17,2023,4,4,4,8.1,8.19,9.16,631.7,25.5,1.59,0.197,0.005,11.74
17,2023,4,4,8,8.0,8.04,9.25,617.7,12.5,4.03,2.064,0.137,12.09
17,2023,4,4,12,8.4,8.21,10.41,587.0,8.9,3.63,2.34,0.129,12.49
17,2023,4,4,16,8.6,8.2,10.01,574.9,2.7,2.69,1.43,0.078,11.05
17,2023,4,4,20,8.1,8.3,9.51,539.9,30.1,1.15,0.314,0.005,10.3
17,2023,4,5,0,7.3,8.22,9.63,542.6,21.7,2.23,0.3,0.05,9.53
17,2023,4,5,4,7.0,8.22,9.68,543.7,20.0,1.96,0.265,0.055,9.75
17,2023,4,5,4,7.0,8.22,9.68,543.7,20.0,1.85,0.23,0.052,10.11
17,2023,4,5,4,7.0,8.22,9.68,543.7,20.0,1.85,0.23,0.052,10.11
17,2023,4,5,16,10.6,8.26,10.5,544.6,3.7,1.85,0.23,0.052,10.11
17,2023,4,5,20,9.8,8.2,8.79,557.3,2.7,1.28,0.025,0.005,9.73
17,2023,4,6,0,8.8,8.35,9.25,521.9,24.2,0.9,0.025,0.005,9.72
17,2023,4,6,4,7.3,8.24,9.62,566.2,23.5,1.46,0.025,0.038,8.57
17,2023,4,6,8,7.6,8.15,10.15,590.0,8.0,1.67,0.025,0.047,10.43
17,2023,4,6,12,10.4,8.39,10.83,574.4,6.1,1.16,0.025,0.005,10.82
17,2023,4,6,16,11.6,8.32,10.16,562.5,4.8,1.12,0.025,0.005,10.63
17,2023,4,6,20,9.0,8.53,9.42,529.9,26.9,0.87,0.025,0.005,10.02
17,2023,4,7,0,6.9,8.3,9.69,591.4,23.2,1.45,0.025,0.044,8.87
17,2023,4,7,4,6.1,8.3,9.89,603.7,16.1,1.54,0.025,0.044,11.11
17,2023,4,7,8,6.4,8.18,10.43,610.6,6.6,1.35,0.025,0.036,12.34
17,2023,4,7,12,10.3,8.29,11.24,591.7,3.3,0.98,0.025,0.005,11.7
17,2023,4,7,16,11.1,8.35,10.54,569.9,2.6,0.92,0.025,0.005,11.19
17,2023,4,7,20,9.3,8.58,9.42,536.2,22.5,0.86,0.025,0.005,9.88
17,2023,4,8,0,6.4,8.32,9.87,608.5,35.6,1.59,0.025,0.044,9.22
17,2023,4,8,4,5.9,8.23,9.77,613.4,21.3,1.81,0.025,0.053,12.07
17,2023,4,8,8,6.3,8.17,10.44,614.7,7.3,1.37,0.025,0.043,11.94
17,2023,4,8,12,11.3,8.3,11.17,591.2,6.4,1.0,0.025,0.005,11.68
17,2023,4,8,16,12.7,8.29,10.07,566.1,5.0,0.97,0.025,0.005,11.22
17,2023,4,8,20,11.0,8.09,8.31,554.4,4.8,0.85,0.025,0.005,9.73
17,2023,4,9,0,8.8,8.31,9.22,576.9,30.8,0.87,0.025,0.005,8.46
17,2023,4,9,4,6.6,8.29,9.67,606.0,19.9,1.72,0.025,0.039,10.82
17,2023,4,9,8,7.5,8.1,10.03,618.6,4.9,1.42,0.025,0.033,11.85
17,2023,4,9,12,11.8,8.43,10.89,595.4,5.6,1.01,0.025,0.005,11.41
17,2023,4,9,16,12.8,8.14,9.82,575.9,2.2,1.22,0.025,0.005,11.44
17,2023,4,9,20,11.8,8.06,8.06,555.3,3.0,0.85,0.025,0.005,9.52
17,2023,4,10,0,10.4,8.28,8.74,572.4,21.9,0.84,0.025,0.005,9.32
17,2023,4,10,4,8.2,8.25,9.21,608.2,20.8,1.67,0.113,0.041,9.65
17,2023,4,10,8,9.0,8.03,9.59,613.1,6.0,1.48,0.158,0.035,11.35
17,2023,4,10,12,12.7,8.42,10.89,590.8,11.3,1.03,0.025,0.005,10.63
17,2023,4,10,16,12.1,8.01,9.88,596.2,3.1,1.66,0.025,0.005,11.49
17,2023,4,10,20,11.1,7.93,7.86,559.0,7.8,0.82,0.025,0.005,10.57
17,2023,4,11,0,9.9,8.28,8.74,519.6,96.8,1.4,0.025,0.005,9.23
17,2023,4,11,4,8.1,8.14,8.96,647.3,50.7,2.44,0.025,0.082,8.24
17,2023,4,11,8,7.0,8.02,9.68,633.3,9.7,2.76,0.14,0.065,11.71
17,2023,4,11,12,9.6,8.39,10.85,600.6,10.6,1.36,0.025,0.005,10.81
17,2023,4,11,16,10.8,8.13,9.97,583.9,4.4,1.5,0.025,0.005,10.57
17,2023,4,11,20,9.8,8.5,9.22,547.4,34.8,1.09,0.025,0.005,9.53
17,2023,4,11,20,9.8,8.5,9.22,547.4,34.8,1.71,0.025,0.044,7.88
17,2023,4,12,4,6.6,8.29,9.62,584.6,27.6,1.83,0.438,0.041,11.45
17,2023,4,12,8,6.8,7.99,9.92,599.5,9.5,2.01,0.313,0.048,10.01
17,2023,4,12,12,10.8,8.27,10.71,567.9,8.0,1.35,0.187,0.005,9.66
17,2023,4,12,16,12.4,8.3,10.04,556.8,6.5,1.46,0.12,0.005,9.53
17,2023,4,12,20,10.4,8.38,9.03,543.0,25.1,1.07,0.025,0.005,9.24
17,2023,4,12,20,10.4,8.38,9.03,543.0,25.1,1.8,0.025,0.041,9.36
17,2023,4,13,4,8.4,8.24,9.22,554.1,14.6,1.79,0.025,0.033,9.57
17,2023,4,13,8,8.8,8.03,9.75,579.0,6.7,1.66,0.025,0.034,9.29
17,2023,4,13,12,12.0,8.09,10.45,572.4,3.1,1.18,0.025,0.005,9.08
17,2023,4,13,16,13.4,8.17,9.66,559.3,2.7,1.08,0.025,0.005,9.63
17,2023,4,13,20,12.3,8.39,8.53,543.8,18.3,0.88,0.025,0.005,9.06
17,2023,4,13,20,12.3,8.39,8.53,543.8,18.3,1.65,0.025,0.033,8.9
17,2023,4,14,4,10.0,8.2,8.89,554.6,14.3,1.6,0.025,0.037,8.87
17,2023,4,14,8,9.6,8.02,9.54,577.9,5.4,1.76,0.088,0.033,8.84
17,2023,4,14,12,12.2,8.25,10.53,558.8,12.2,1.34,0.025,0.005,8.91
17,2023,4,14,16,13.0,8.26,9.74,555.6,16.8,1.45,0.025,0.005,9.26
17,2023,4,14,20,11.6,8.46,8.83,529.8,66.0,1.14,0.025,0.005,9.13
17,2023,4,14,20,11.6,8.46,8.83,529.8,66.0,2.0,0.025,0.059,8.72
17,2023,4,15,4,8.0,8.25,9.29,557.1,60.4,1.87,0.025,0.05,9.17
17,2023,4,15,8,8.6,8.1,9.59,566.3,25.2,2.32,0.025,0.067,9.41
17,2023,4,15,12,11.4,8.18,10.54,565.7,13.6,1.63,0.025,0.044,9.19
17,2023,4,15,16,13.3,8.5,9.91,527.5,36.4,1.36,0.025,0.03,9.12
17,2023,4,15,20,10.0,8.36,8.93,543.6,76.0,1.71,0.025,0.041,9.14
17,2023,4,16,0,7.6,8.27,9.29,549.8,45.2,2.75,0.025,0.085,9.04
17,2023,4,16,4,7.7,8.2,9.1,556.8,40.3,2.22,0.129,0.071,9.3
17,2023,4,16,8,7.4,8.11,9.99,571.9,11.5,2.29,0.139,0.068,8.44
17,2023,4,16,12,12.2,8.22,10.76,559.3,8.8,1.5,0.025,0.034,9.01
17,2023,4,16,16,13.5,8.72,9.45,510.7,157.5,1.22,0.025,0.005,8.99
17,2023,4,16,20,10.3,8.37,8.93,536.6,45.7,3.65,0.025,0.136,8.88
17,2023,4,17,0,8.6,8.26,9.12,544.8,35.2,2.5,0.025,0.083,9.15
17,2023,4,17,4,9.2,7.99,8.5,567.6,13.8,2.04,0.134,0.055,8.74
17,2023,4,17,8,9.1,8.07,9.85,571.7,5.6,1.55,0.082,0.04,9.04
17,2023,4,17,12,13.1,8.3,10.74,555.3,5.2,1.3,0.025,0.005,9.22
17,2023,4,17,16,14.3,8.69,9.69,511.0,24.1,1.17,0.025,0.005,8.97
17,2023,4,17,20,12.2,8.42,8.55,534.4,28.9,1.66,0.025,0.045,7.76
17,2023,4,18,0,10.1,8.24,8.77,542.0,41.4,2.0,0.025,0.048,8.93
17,2023,4,18,4,9.9,8.0,8.42,562.5,16.1,2.15,0.084,0.054,8.89
17,2023,4,18,8,9.7,8.04,9.81,570.5,5.2,1.56,0.025,0.036,8.92
17,2023,4,18,16,16.1,8.47,8.66,506.2,114.6,1.49,0.025,0.005,8.46
17,2023,4,18,20,12.9,8.15,8.22,534.9,43.6,2.88,0.025,0.09,8.42
17,2023,4,19,0,10.5,7.98,8.65,543.8,30.2,2.46,0.025,0.059,9.29
17,2023,4,19,4,10.4,7.82,8.38,553.3,18.3,2.12,0.025,0.042,9.37
17,2023,4,19,8,10.0,7.82,9.88,566.7,7.3,1.79,0.025,0.036,9.35
17,2023,4,19,12,14.5,8.4,11.16,521.2,9.7,1.36,0.025,0.005,8.74
17,2023,4,19,16,15.9,8.56,9.93,491.5,25.5,1.59,0.025,0.005,8.59
17,2023,4,19,20,14.0,8.21,8.01,517.1,35.1,1.71,0.025,0.04,7.74
17,2023,4,20,0,11.8,7.98,8.35,534.7,24.3,2.01,0.025,0.046,8.27
17,2023,4,20,4,11.1,7.79,8.21,558.4,14.7,1.94,0.025,0.041,8.38
17,2023,4,20,8,10.0,7.75,8.95,571.5,5.5,1.78,0.025,0.005,8.23
17,2023,4,20,12,10.2,8.18,10.9,558.8,6.5,1.32,0.025,0.005,8.67
17,2023,4,20,16,10.1,8.36,10.0,533.8,25.9,1.35,0.025,0.005,8.73
17,2023,4,20,20,10.2,8.08,8.87,568.4,27.9,1.59,0.719,0.037,7.9
17,2023,4,21,0,8.9,8.01,9.23,532.0,24.2,2.79,0.719,0.067,9.25
17,2023,4,21,4,8.5,7.86,9.08,563.2,11.5,2.04,0.025,0.048,8.47
17,2023,4,21,8,8.2,7.9,10.29,576.8,5.2,1.64,0.025,0.04,8.99
17,2023,4,21,12,11.6,8.47,11.96,543.0,8.1,1.27,0.025,0.005,9.13
17,2023,4,21,16,12.8,8.62,10.96,507.3,18.5,1.31,0.025,0.005,9.23
17,2023,4,21,20,10.8,8.31,9.15,532.6,21.6,1.42,0.025,0.033,8.0
17,2023,4,22,0,9.2,8.04,9.13,542.0,23.3,1.83,0.025,0.04,8.76
17,2023,4,22,4,9.8,7.84,8.65,557.7,11.3,1.9,0.025,0.043,8.41
17,2023,4,22,8,9.3,7.85,9.82,567.3,4.4,1.55,0.025,0.032,8.67
17,2023,4,22,12,12.7,8.41,11.91,536.6,4.7,1.34,0.025,0.005,8.7
17,2023,4,22,16,14.8,8.64,10.75,495.0,19.7,1.23,0.025,0.005,8.15
17,2023,4,22,20,12.2,8.26,8.65,517.0,23.8,1.57,0.025,0.033,8.15
17,2023,4,23,0,10.0,8.02,8.9,538.1,18.9,1.91,0.025,0.041,8.29
17,2023,4,23,4,9.9,7.81,8.56,550.6,9.1,1.76,0.025,0.038,8.53
17,2023,4,23,8,9.5,7.9,10.5,559.5,4.1,1.48,0.025,0.005,8.58
17,2023,4,23,12,11.6,8.43,12.03,529.0,3.4,1.24,0.025,0.005,8.69
17,2023,4,23,16,12.7,8.63,11.17,503.2,20.4,1.24,0.025,0.005,8.12
17,2023,4,23,20,11.2,8.3,9.05,530.0,25.7,1.55,0.025,0.033,7.85
17,2023,4,24,0,9.0,8.05,9.17,542.3,22.2,2.03,0.025,0.041,8.0
17,2023,4,24,4,8.4,7.85,8.92,553.6,11.0,2.09,0.025,0.041,8.7
17,2023,4,24,8,8.0,7.95,10.97,561.3,5.0,1.5,0.025,0.032,8.49
17,2023,4,24,12,12.6,8.28,12.47,538.0,3.7,1.24,0.025,0.005,8.32
17,2023,4,24,16,14.1,8.67,11.02,485.1,17.6,1.12,0.025,0.005,8.52
17,2023,4,24,20,11.7,8.25,8.72,527.8,22.6,1.84,0.025,0.036,7.49
17,2023,4,25,0,9.6,8.01,8.91,541.0,17.4,2.17,0.025,0.041,8.94
17,2023,4,25,4,10.5,7.94,8.42,539.5,16.8,1.9,0.025,0.041,8.38
17,2023,4,25,8,10.2,7.88,10.07,556.3,5.1,1.81,0.025,0.033,8.15
17,2023,4,25,12,12.8,8.44,12.5,517.6,8.0,1.42,0.025,0.005,8.58
17,2023,4,25,16,14.0,8.68,11.15,482.7,22.7,1.57,0.025,0.005,8.17
17,2023,4,25,20,11.3,8.16,8.59,525.9,48.0,2.09,0.025,0.036,7.71
17,2023,4,26,0,8.9,8.05,8.98,537.2,31.8,2.65,0.025,0.054,8.08
17,2023,4,26,4,8.5,7.97,8.86,537.5,22.8,2.25,0.025,0.048,8.36
17,2023,4,26,8,7.9,7.95,10.86,555.7,7.7,2.06,0.025,0.049,8.26
17,2023,4,26,12,12.3,8.33,12.65,530.5,3.8,1.4,0.025,0.005,8.39
17,2023,4,26,16,13.2,8.69,11.15,476.7,21.8,1.24,0.025,0.005,8.37
17,2023,4,26,20,10.5,8.29,9.0,524.5,19.5,2.15,0.025,0.045,7.66
17,2023,4,27,0,8.8,8.05,9.0,538.4,24.9,2.07,0.025,0.045,7.85
17,2023,4,27,4,9.3,7.97,8.61,537.3,21.9,2.07,0.025,0.045,8.36
17,2023,4,27,8,9.1,7.93,10.72,558.6,6.0,1.96,0.025,0.043,8.1
17,2023,4,27,12,10.5,8.34,11.4,528.3,4.8,1.37,0.025,0.005,8.59
17,2023,4,27,16,10.5,8.47,9.77,504.5,23.3,1.38,0.025,0.005,8.64
17,2023,4,27,20,10.0,8.06,8.86,537.2,31.4,2.16,0.025,0.039,7.97
17,2023,4,28,0,9.3,8.01,8.96,543.2,23.1,2.34,0.025,0.053,8.27
17,2023,4,28,4,9.4,7.98,8.8,545.4,21.2,1.95,0.025,0.042,8.1
17,2023,4,28,8,9.3,8.0,10.92,559.7,5.9,1.34,0.025,0.005,8.35
17,2023,4,28,12,12.6,8.47,12.34,514.1,6.7,1.54,0.025,0.005,8.41
17,2023,4,28,16,12.1,8.47,9.94,495.0,19.2,1.54,0.025,0.005,8.41
17,2023,4,28,20,10.4,8.15,9.07,514.1,23.6,2.02,0.025,0.044,8.05
17,2023,4,29,0,9.1,8.02,9.21,522.3,21.4,2.02,0.025,0.044,8.05
17,2023,4,29,4,8.9,8.03,9.13,523.4,21.9,1.92,0.025,0.048,8.13
17,2023,4,29,8,8.6,7.97,10.89,543.5,6.2,1.34,0.025,0.005,8.69
17,2023,4,29,12,13.2,8.52,12.05,494.2,5.9,1.55,0.025,0.005,8.19
17,2023,4,29,16,13.2,8.63,10.76,479.7,17.9,1.59,0.025,0.032,8.13
17,2023,4,29,20,10.5,8.25,9.1,513.9,22.8,2.17,0.025,0.042,8.35
17,2023,4,30,0,8.7,7.97,9.07,541.8,22.3,2.17,0.025,0.042,8.35
17,2023,4,30,4,8.9,8.03,9.01,525.4,18.2,2.0,0.025,0.049,8.54
17,2023,4,30,8,8.9,7.98,10.72,543.4,8.8,1.6,0.025,0.036,8.15
17,2023,4,30,12,12.4,8.26,12.33,521.9,5.7,1.51,0.025,0.033,8.74
17,2023,4,30,16,15.7,8.68,10.95,448.6,20.9,2.01,0.025,0.041,8.17
17,2023,4,30,20,11.9,8.26,8.76,504.0,20.0,2.01,0.025,0.041,8.17
17,2023,5,1,0,9.3,8.04,9.02,528.9,18.0,2.1,0.025,0.048,7.96
17,2023,5,1,4,9.6,7.96,8.76,530.2,20.4,1.81,0.025,0.042,8.2
17,2023,5,1,8,9.4,7.92,10.76,549.8,4.7,1.36,0.025,0.005,8.48
17,2023,5,1,12,14.7,8.46,12.37,498.2,5.4,1.56,0.025,0.005,8.22
17,2023,5,1,16,16.3,8.62,10.16,457.0,15.6,1.96,0.025,0.037,7.44
17,2023,5,1,20,13.6,8.21,8.13,501.9,23.9,2.07,0.025,0.045,7.84
17,2023,5,2,0,11.8,8.0,8.47,525.2,22.0,2.07,0.025,0.045,7.84
17,2023,5,2,4,12.2,7.83,7.99,517.3,15.8,1.72,0.025,0.033,8.11
17,2023,5,2,8,11.8,7.9,10.45,537.1,4.1,1.39,0.025,0.005,8.3
17,2023,5,2,12,15.8,8.37,11.87,493.5,3.5,1.45,0.025,0.005,7.96
17,2023,5,2,16,18.1,8.63,9.92,431.0,19.2,1.95,0.025,0.03,7.16
17,2023,5,2,20,15.6,8.15,7.6,493.8,19.8,2.14,0.025,0.04,8.01
17,2023,5,3,0,13.2,7.96,7.97,525.3,28.9,2.14,0.025,0.04,8.01
17,2023,5,3,4,13.3,7.82,7.47,528.3,23.7,2.7,0.025,0.059,8.32
17,2023,5,3,8,12.5,7.86,10.03,541.4,4.9,1.73,0.025,0.005,8.58
17,2023,5,3,12,16.4,8.14,12.09,524.9,3.2,1.39,0.025,0.005,8.61
17,2023,5,3,16,18.1,8.52,9.52,452.8,18.0,1.82,0.025,0.036,7.45
17,2023,5,3,20,16.3,8.13,7.4,491.0,23.3,2.15,0.025,0.041,7.63
17,2023,5,4,0,14.0,7.93,7.61,518.3,20.9,2.15,0.025,0.041,7.63
17,2023,5,4,4,12.9,7.63,7.5,526.4,7.4,1.47,0.025,0.005,8.17
17,2023,5,4,8,12.5,7.74,9.37,534.6,3.4,1.38,0.025,0.005,8.2
17,2023,5,4,12,15.0,8.26,10.79,505.2,4.2,1.53,0.025,0.005,8.13
17,2023,5,4,16,15.6,8.43,9.76,488.8,17.6,1.8,0.025,0.032,7.46
17,2023,5,4,20,14.8,8.12,7.81,511.2,19.4,2.37,0.025,0.044,7.52
17,2023,5,5,0,13.6,7.96,7.94,527.2,25.0,2.37,0.025,0.044,7.52
17,2023,5,5,4,13.4,7.84,7.82,527.6,13.6,1.91,0.025,0.034,8.04
17,2023,5,5,8,12.6,7.75,8.96,547.8,4.4,1.46,0.025,0.005,8.11
17,2023,5,5,12,13.2,8.12,9.75,526.2,4.3,1.63,0.025,0.005,7.81
17,2023,5,5,16,13.0,8.29,9.38,519.8,22.1,1.88,0.025,0.033,7.88
17,2023,5,5,20,12.8,8.09,8.42,521.2,20.8,2.29,0.025,0.048,8.37
17,2023,5,6,0,12.2,7.99,8.46,529.9,25.8,2.29,0.025,0.048,8.37
17,2023,5,6,4,11.4,7.85,8.47,540.7,11.7,1.82,0.025,0.033,8.57
17,2023,5,6,8,10.9,7.87,10.5,554.4,3.2,1.35,0.025,0.005,8.57
17,2023,5,6,12,15.2,8.45,11.71,498.0,5.2,1.61,0.025,0.005,8.41
17,2023,5,6,16,15.2,8.57,9.66,477.0,18.1,1.81,0.025,0.036,7.51
17,2023,5,6,20,13.5,8.21,8.33,510.2,21.1,2.19,0.025,0.045,7.93
17,2023,5,7,0,11.8,7.99,8.48,527.1,19.0,2.19,0.025,0.045,7.93
17,2023,5,7,4,11.0,7.74,8.35,526.8,7.4,1.66,0.025,0.034,8.51
17,2023,5,7,8,10.5,7.79,10.35,543.2,3.5,1.3,0.025,0.005,8.56
17,2023,5,7,12,15.8,8.4,11.52,490.8,4.2,1.62,0.025,0.005,7.91
17,2023,5,7,16,16.8,8.54,9.87,478.9,17.1,1.81,0.025,0.03,7.82
17,2023,5,7,20,14.4,8.12,7.89,517.6,15.4,1.96,0.025,0.037,8.43
17,2023,5,8,0,11.4,7.67,7.95,562.2,3.6,1.96,0.025,0.037,8.43
17,2023,5,8,4,10.0,7.77,8.51,563.9,7.3,1.33,0.025,0.005,9.05
17,2023,5,8,8,9.6,7.81,10.38,574.7,2.0,0.81,0.025,0.005,9.05
17,2023,5,8,12,15.3,8.27,11.53,515.7,3.0,1.19,0.025,0.005,8.42
17,2023,5,8,16,18.4,8.46,9.64,458.5,22.2,1.81,0.025,0.005,7.77
17,2023,5,8,20,15.2,8.18,7.77,555.5,25.8,1.79,0.025,0.036,11.1
17,2023,5,9,0,12.2,7.71,7.81,585.8,5.3,1.79,0.025,0.036,11.1
17,2023,5,9,4,10.5,7.6,8.02,597.2,3.2,0.87,0.025,0.005,11.45
17,2023,5,9,8,10.4,7.84,10.23,589.2,1.7,0.87,0.025,0.005,11.45
17,2023,5,9,8,10.4,7.84,10.23,589.2,1.7,0.87,0.025,0.005,11.45
17,2023,5,9,8,10.4,7.84,10.23,589.2,1.7,0.95,0.025,0.005,10.31
17,2023,5,10,16,17.9,8.52,9.27,464.4,22.4,1.72,0.025,0.04,8.73
17,2023,5,10,20,15.9,8.18,7.44,491.9,24.8,2.18,0.025,0.048,7.7
17,2023,5,11,0,13.6,7.96,7.87,518.0,26.9,3.13,0.025,0.081,7.72
17,2023,5,11,4,12.4,7.69,7.8,523.3,7.8,2.72,0.025,0.068,7.61
17,2023,5,11,8,11.9,7.76,9.99,532.8,4.1,1.95,0.025,0.049,7.91
17,2023,5,11,12,15.5,8.32,10.79,489.6,5.5,1.72,0.025,0.039,8.21
17,2023,5,11,16,15.2,8.47,9.47,477.5,19.5,1.98,0.025,0.037,7.67
17,2023,5,11,20,14.3,8.13,7.86,503.1,26.7,2.26,0.025,0.045,7.51
17,2023,5,12,0,12.8,7.99,8.13,529.3,24.1,2.97,0.025,0.074,7.53
17,2023,5,12,4,11.3,7.72,8.14,553.0,6.4,2.39,0.025,0.063,8.32
17,2023,5,12,8,11.1,7.82,9.93,554.8,3.6,1.52,0.025,0.036,9.5
17,2023,5,12,12,13.8,7.85,10.42,552.1,2.4,1.38,0.025,0.005,9.25
17,2023,5,12,16,15.4,8.45,9.75,491.2,17.5,1.18,0.025,0.005,9.24
17,2023,5,12,20,14.1,8.23,8.26,492.5,23.2,1.82,0.025,0.048,7.32
17,2023,5,13,0,12.6,7.97,8.39,506.1,22.1,2.76,0.025,0.071,7.3
17,2023,5,13,4,12.4,7.96,8.46,495.8,24.4,2.82,0.025,0.079,7.6
17,2023,5,13,8,12.1,7.87,9.76,521.6,5.2,2.72,0.025,0.079,8.01
17,2023,5,13,12,16.0,7.9,10.34,526.1,3.9,1.76,0.025,0.043,8.06
17,2023,5,13,16,16.4,7.73,8.74,520.3,2.7,1.41,0.025,0.037,8.07
17,2023,5,13,20,16.2,8.12,7.46,505.5,21.2,1.34,0.025,0.033,9.01
17,2023,5,14,0,13.8,7.86,7.78,509.0,30.5,2.14,0.025,0.057,7.37
17,2023,5,14,4,13.4,7.91,7.91,501.2,30.3,3.36,0.4,0.107,7.99
17,2023,5,14,8,13.3,7.87,9.32,519.1,7.8,3.15,0.025,0.084,8.05
17,2023,5,14,12,16.8,7.93,10.3,523.6,3.6,2.02,0.025,0.053,8.12
17,2023,5,14,16,20.5,8.38,7.08,437.5,21.5,1.6,0.025,0.037,8.89
17,2023,5,14,20,16.6,8.05,7.29,499.2,22.6,2.73,0.025,0.068,7.94
17,2023,5,15,0,14.3,7.91,7.67,505.8,33.3,2.49,0.025,0.065,7.38
17,2023,5,15,4,14.0,7.92,7.74,495.7,27.5,2.69,0.025,0.073,7.38
17,2023,5,15,8,13.5,7.84,9.26,523.2,6.2,2.48,0.025,0.063,7.61
17,2023,5,15,12,18.1,8.09,10.33,504.3,4.8,1.68,0.025,0.037,7.94
17,2023,5,15,16,21.6,8.41,8.4,461.0,18.0,1.76,0.025,0.036,7.89
17,2023,5,15,20,18.1,8.05,6.8,500.7,21.3,2.13,0.025,0.048,7.63
17,2023,5,16,0,15.7,7.9,7.29,509.0,27.2,2.18,0.025,0.056,7.35
17,2023,5,16,4,15.4,7.9,7.34,496.2,33.9,2.34,0.025,0.06,7.6
17,2023,5,16,8,14.6,7.79,8.82,514.4,5.8,2.43,0.025,0.067,7.16
17,2023,5,16,12,17.6,7.8,9.81,526.6,2.4,1.61,0.025,0.033,7.4
17,2023,5,17,12,16.6,7.88,10.02,517.2,4.5,1.33,0.025,0.005,8.16
17,2023,5,17,16,19.2,8.45,8.34,467.8,20.5,1.32,0.025,0.005,8.18
17,2023,5,17,20,17.2,8.07,7.19,495.3,21.1,1.72,0.025,0.041,7.66
17,2023,5,18,0,15.2,7.93,7.55,510.7,34.2,2.23,0.025,0.056,6.97
17,2023,5,18,4,13.9,7.81,7.71,514.6,19.9,2.21,0.025,0.052,7.68
17,2023,5,18,8,13.3,7.77,9.27,528.5,3.4,1.82,0.025,0.048,7.73
17,2023,5,18,8,13.3,7.77,9.27,528.5,3.4,1.82,0.025,0.048,7.73
17,2023,5,18,12,17.3,7.97,9.96,516.0,4.4,1.22,0.025,0.005,8.24
17,2023,5,18,16,18.1,8.02,8.9,513.0,3.2,1.6,0.025,0.005,8.55
17,2023,5,18,20,17.4,8.13,7.24,506.9,22.0,1.94,0.025,0.051,7.45
17,2023,5,19,0,15.3,7.91,7.59,514.5,28.7,1.94,0.025,0.051,7.45
17,2023,5,19,4,14.6,7.91,7.73,513.0,35.1,2.58,0.025,0.053,7.4
17,2023,5,19,8,14.6,7.84,8.08,500.6,16.5,1.98,0.025,0.044,7.45
17,2023,5,19,12,14.0,7.85,9.22,523.9,4.4,1.43,0.025,0.03,7.83
17,2023,5,19,16,14.5,8.01,8.6,507.1,3.6,1.56,0.025,0.005,7.85
17,2023,5,19,20,14.5,8.05,8.0,513.6,36.2,2.02,0.025,0.061,7.49
17,2023,5,20,0,13.4,7.95,8.11,506.8,43.3,2.02,0.025,0.061,7.49
17,2023,5,20,4,12.4,7.91,8.27,511.7,38.6,3.39,0.554,0.095,7.79
17,2023,5,20,8,12.8,8.08,9.45,504.3,32.0,2.64,0.089,0.064,7.57
17,2023,5,20,12,15.6,8.2,10.79,500.6,7.2,2.25,0.025,0.055,7.59
17,2023,5,20,16,15.8,8.22,9.78,492.3,5.9,2.05,0.025,0.047,7.58
17,2023,5,20,20,14.4,8.19,7.84,508.3,34.7,2.66,0.133,0.092,8.03
17,2023,5,21,0,12.3,7.9,8.19,509.4,46.6,2.66,0.133,0.092,8.03
17,2023,5,21,4,12.1,7.95,8.38,502.5,43.0,2.88,0.025,0.089,7.82
17,2023,5,21,8,12.4,8.02,9.59,498.6,19.7,2.15,0.025,0.059,7.15
17,2023,5,21,12,14.8,8.16,10.66,501.0,5.0,1.55,0.025,0.046,7.45
17,2023,5,21,16,17.4,8.7,9.24,449.2,31.8,2.31,0.025,0.065,7.29
17,2023,5,21,20,14.6,8.14,8.03,500.6,27.5,2.11,0.025,0.067,7.28
17,2023,5,22,0,12.9,7.97,8.24,513.2,32.8,2.11,0.025,0.067,7.28
17,2023,5,22,4,12.9,7.83,7.92,524.2,20.8,2.33,0.247,0.063,8.25
17,2023,5,22,8,12.4,7.84,9.67,532.0,5.5,1.69,0.025,0.037,8.07
17,2023,5,22,12,17.2,8.4,10.64,491.0,7.9,1.72,0.025,0.037,7.87
17,2023,5,22,16,17.9,8.48,9.19,486.3,19.0,1.86,0.025,0.051,7.38
17,2023,5,22,20,16.0,8.16,7.65,498.3,26.3,2.14,0.025,0.049,7.5
17,2023,5,23,0,13.4,7.92,7.96,505.0,25.3,2.14,0.025,0.049,7.5
17,2023,5,23,4,12.4,7.94,8.29,506.3,26.4,2.23,0.025,0.059,7.39
17,2023,5,23,8,13.3,8.14,9.71,499.6,14.7,1.87,0.025,0.044,7.17
17,2023,5,24,16,16.3,8.16,8.46,488.7,7.2,1.73,0.025,0.035,7.36
17,2023,5,25,12,16.1,8.04,9.96,520.2,2.8,1.68,0.025,0.034,7.75
17,2023,5,25,16,17.0,8.43,9.16,496.8,16.7,1.38,0.025,0.005,7.99
17,2023,5,25,20,16.1,8.16,7.72,491.7,26.8,1.65,0.025,0.046,7.81
17,2023,5,26,0,14.3,7.93,7.85,502.2,25.1,2.04,0.025,0.053,6.9
17,2023,5,26,4,13.2,7.73,7.8,528.5,11.8,2.08,0.091,0.058,7.08
17,2023,5,26,8,12.5,7.65,9.41,548.8,2.7,1.94,0.025,0.048,7.85
17,2023,5,26,12,17.5,8.33,10.56,504.3,5.0,1.56,0.025,0.005,7.83
17,2023,5,26,16,18.4,8.52,9.46,488.8,20.4,1.63,0.025,0.045,7.36
17,2023,5,26,20,17.0,8.25,7.52,497.5,21.2,2.1,0.025,0.055,7.62
17,2023,5,27,0,15.0,7.92,7.63,501.6,23.7,2.02,0.025,0.052,7.1
17,2023,5,27,4,14.4,7.71,7.5,518.7,11.8,1.74,0.025,0.043,7.56
17,2023,5,27,8,14.0,7.67,8.45,535.5,4.2,1.33,0.025,0.005,7.94
17,2023,5,27,12,15.7,8.24,10.05,503.3,5.3,1.46,0.025,0.032,7.46
17,2023,5,27,16,16.7,8.54,9.81,483.4,14.9,1.59,0.025,0.041,6.78
17,2023,5,27,20,16.3,8.32,7.77,476.8,18.7,2.07,0.025,0.047,6.71
17,2023,5,28,0,14.6,7.95,7.75,500.2,22.8,2.01,0.025,0.052,6.93
17,2023,5,28,4,13.8,7.88,7.83,514.0,28.5,2.49,0.239,0.067,7.51
17,2023,5,28,8,13.6,7.85,9.34,519.9,6.2,1.69,0.025,0.041,7.59
17,2023,5,28,12,17.2,8.11,10.52,511.3,4.1,1.43,0.025,0.032,7.92
17,2023,5,28,16,22.0,8.77,8.85,427.9,24.8,2.42,0.025,0.053,7.41
17,2023,5,28,20,18.0,8.21,6.96,477.3,22.3,2.16,0.025,0.059,6.99
17,2023,5,29,0,15.9,7.9,7.32,496.1,22.4,2.13,0.025,0.053,6.96
17,2023,5,29,4,15.5,7.79,7.18,517.1,18.6,2.35,0.146,0.067,7.62
17,2023,5,29,12,18.3,8.02,10.06,519.7,2.9,1.52,0.025,0.032,8.16
17,2023,5,29,16,20.2,8.54,8.74,474.1,23.2,2.08,0.025,0.053,7.23
17,2023,5,29,20,18.0,8.01,6.77,494.0,9.4,1.89,0.025,0.044,7.07
17,2023,5,30,0,17.1,7.87,6.82,497.5,31.2,2.66,0.025,0.067,7.0
17,2023,5,30,4,16.2,7.72,6.98,509.4,13.8,1.96,0.025,0.05,7.27
17,2023,5,30,8,14.9,7.6,7.69,535.0,4.2,1.5,0.025,0.033,7.78
17,2023,5,30,8,14.9,7.6,7.69,535.0,4.2,1.5,0.025,0.033,7.78
17,2023,5,30,12,14.9,7.78,8.92,529.8,3.3,1.36,0.025,0.033,7.89
17,2023,5,30,12,14.9,7.78,8.92,529.8,3.3,1.36,0.025,0.033,7.89
17,2023,5,30,16,15.9,8.16,8.3,498.6,15.8,1.93,0.025,0.049,7.15
17,2023,5,30,16,15.9,8.16,8.3,498.6,15.8,1.93,0.025,0.049,7.15
17,2023,5,30,20,16.0,7.98,7.42,496.7,20.0,2.3,0.025,0.063,7.14
17,2023,5,30,20,16.0,7.98,7.42,496.7,20.0,2.3,0.025,0.063,7.14
17,2023,5,31,0,14.8,7.88,7.37,500.5,18.4,2.3,0.025,0.063,7.14
17,2023,5,31,0,14.8,7.88,7.37,500.5,18.4,2.11,0.025,0.06,7.05
17,2023,5,31,4,14.0,7.8,7.4,517.4,18.4,2.12,0.152,0.056,7.47
17,2023,5,31,4,14.0,7.8,7.4,517.4,18.4,2.12,0.152,0.056,7.47
17,2023,5,31,8,13.4,7.71,8.64,537.1,4.2,1.46,0.025,0.04,8.05
17,2023,5,31,8,13.4,7.71,8.64,537.1,4.2,1.46,0.025,0.04,8.05
17,2023,5,31,12,13.9,7.91,9.4,533.0,3.1,1.31,0.025,0.032,8.41
17,2023,5,31,12,13.9,7.91,9.4,533.0,3.1,1.31,0.025,0.032,8.41
17,2023,5,31,16,14.8,8.37,8.79,500.0,12.8,1.46,0.025,0.052,7.38
17,2023,5,31,16,14.8,8.37,8.79,500.0,12.8,1.46,0.025,0.052,7.38
17,2023,5,31,20,18.1,8.18,7.69,7.0,38.1,1.46,0.025,0.052,7.38
17,2023,5,31,20,18.1,8.18,7.69,7.0,38.1,1.46,0.025,0.052,7.38
17,2023,6,1,0,14.4,7.73,4.5,7.0,8.9,1.46,0.025,0.052,7.38
17,2023,6,1,0,14.4,7.73,4.5,7.0,8.9,1.46,0.025,0.052,7.38
17,2023,6,1,4,12.9,7.64,7.05,538.2,8.4,1.8,0.288,0.055,8.39
17,2023,6,1,4,12.9,7.64,7.05,538.2,8.4,1.8,0.288,0.055,8.39
17,2023,6,1,8,12.9,7.73,8.65,542.2,3.5,1.36,0.025,0.037,8.6
17,2023,6,1,8,12.9,7.73,8.65,542.2,3.5,1.36,0.025,0.037,8.6
17,2023,6,1,12,14.3,7.85,8.5,546.6,3.5,1.13,0.025,0.037,9.29
17,2023,6,1,12,14.3,7.85,8.5,546.6,3.5,1.13,0.025,0.037,9.29
17,2023,6,1,16,16.6,8.1,8.89,526.2,2.7,1.13,0.025,0.005,8.82
17,2023,6,2,12,18.4,8.46,10.18,522.6,4.7,1.29,0.025,0.005,9.1
