point_id,year,month,day,hour,水温(℃),pH(无量纲),溶解氧(mg/L),电导率(μS/cm),浊度(NTU),高锰酸盐指数(mg/L),氨氮(mg/L),总磷(mg/L),总氮(mg/L)
10,2021,8,6,8,26.8,7.89,6.6,986.1,53.9,6.52,0.026,0.232,7.3
10,2021,9,23,12,22.1,7.4,2.06,735.6,47.8,4.67,2.986,0.317,8.44
10,2021,9,23,16,22.9,7.47,4.42,2.1,46.4,4.83,2.81,0.313,8.44
10,2021,9,23,20,23.9,7.55,5.57,752.2,44.8,4.74,2.367,0.289,8.15
10,2021,9,24,0,24.3,7.58,5.54,760.6,47.1,4.74,2.367,0.289,8.15
10,2021,9,24,4,23.9,7.58,6.08,769.9,42.6,4.77,1.792,0.268,8.19
10,2021,10,28,12,13.4,7.72,3.78,1106.5,74.5,5.48,0.724,0.421,8.27
10,2021,10,28,16,14.3,7.72,4.19,1103.8,54.8,1.16,0.732,0.411,8.42
10,2021,10,28,20,14.3,7.79,4.98,1105.9,65.6,1.16,0.732,0.411,8.42
10,2021,10,29,0,14.1,7.77,5.25,1110.7,67.8,1.16,0.732,0.411,8.42
10,2021,10,29,4,14.1,7.78,4.78,1105.1,66.4,4.94,0.792,0.43,8.19
10,2021,10,29,8,14.0,7.75,3.87,1107.5,71.9,5.05,0.833,0.443,8.15
10,2021,10,29,12,14.2,7.73,3.72,1121.0,71.1,5.29,0.932,0.415,8.11
10,2021,11,5,8,12.4,8.01,6.47,1131.1,77.6,5.14,0.478,0.403,8.81
10,2021,11,5,12,12.6,7.87,5.19,1131.8,77.8,5.38,0.492,0.414,8.77
10,2021,11,5,16,13.1,7.88,5.37,1135.6,59.7,5.26,0.451,0.386,8.41
10,2021,11,5,20,13.0,7.97,6.38,1142.5,77.3,4.94,0.395,0.412,8.37
10,2021,11,6,0,13.1,8.2,9.47,1131.3,77.6,4.91,0.395,0.412,8.37
10,2021,11,6,4,12.5,8.11,7.68,1134.8,93.1,5.03,0.257,0.391,9.18
10,2021,11,6,8,12.0,8.04,6.93,1135.2,76.9,5.24,0.246,0.401,9.41
10,2021,11,6,12,12.7,7.92,7.19,1124.7,71.4,5.14,0.422,0.394,8.87
10,2021,11,6,16,13.4,8.07,7.15,1136.8,76.9,5.17,0.468,0.419,8.88
10,2021,11,6,20,12.4,8.17,8.78,1143.9,71.8,5.22,0.506,0.437,9.08
10,2021,11,7,0,10.3,8.22,8.95,1138.0,77.2,5.35,0.506,0.437,9.08
10,2021,11,7,4,6.8,8.11,8.6,1142.0,63.3,5.17,0.567,0.414,8.7
10,2021,11,7,4,6.8,8.11,8.6,1142.0,63.3,4.93,0.687,0.358,8.23
10,2021,11,7,12,2.0,8.23,10.96,1145.3,26.1,4.54,0.499,0.29,7.66
10,2021,11,7,16,2.5,8.19,11.24,1141.9,21.4,4.37,0.464,0.283,7.61
10,2021,11,7,20,2.2,8.26,12.15,1144.4,14.2,4.07,0.422,0.283,7.61
10,2021,11,8,0,2.4,8.27,12.23,1169.1,12.2,4.05,0.422,0.276,7.58
10,2021,11,8,4,1.7,8.3,11.98,1208.0,13.0,4.05,0.571,0.276,7.58
10,2021,11,8,8,1.4,8.45,12.67,1219.9,13.1,4.02,0.7,0.294,8.02
10,2021,11,8,12,2.3,8.39,12.51,1223.9,19.1,4.32,1.027,0.349,8.51
10,2021,11,8,16,4.5,8.28,12.52,1177.4,15.5,4.4,2.61,0.574,9.85
10,2021,11,8,20,4.9,8.29,12.23,1185.0,14.3,4.81,3.298,0.68,10.48
10,2021,11,9,0,4.0,8.3,11.4,1214.1,15.3,4.89,3.298,0.68,10.48
10,2021,11,9,4,3.5,8.33,11.11,1225.7,10.8,4.84,2.898,0.67,10.38
10,2021,11,9,8,3.1,8.35,11.01,1237.9,12.7,4.78,2.592,0.644,10.4
10,2021,11,9,12,4.1,8.29,11.44,1217.8,13.5,4.87,2.533,0.625,10.36
10,2021,11,9,16,6.1,8.31,12.39,1216.8,14.5,4.82,2.464,0.605,10.28
10,2021,11,9,20,7.6,8.32,11.91,1208.5,25.5,4.84,2.563,0.6,10.39
10,2021,11,10,0,6.5,8.26,10.77,1219.2,19.5,4.75,2.563,0.6,10.39
10,2021,11,10,4,5.5,8.2,9.9,1229.4,17.5,4.66,2.811,0.586,10.41
10,2021,11,10,8,5.2,8.22,9.71,1229.9,19.3,4.74,2.823,0.568,10.4
10,2021,11,10,12,6.0,8.31,10.96,1213.5,16.8,4.84,2.603,0.54,10.59
10,2021,11,10,16,7.8,8.4,12.82,1189.2,25.7,5.18,2.302,0.518,10.68
10,2021,11,10,20,8.9,8.47,12.33,1174.3,33.6,5.78,2.15,0.5,10.52
10,2021,11,11,0,8.0,8.35,10.57,1188.9,26.9,6.22,2.15,0.5,10.52
10,2021,11,11,4,6.5,8.22,9.3,1213.3,24.9,6.22,2.482,0.5,10.52
10,2021,11,11,8,5.8,8.12,8.67,1226.3,22.8,5.61,2.492,0.507,10.82
10,2021,11,11,12,6.1,8.24,10.0,1219.9,25.6,5.42,2.199,0.509,10.56
10,2021,11,11,16,6.6,8.24,10.36,1217.2,21.8,5.65,2.113,0.469,10.45
10,2021,11,11,20,7.2,8.38,12.51,1210.4,29.8,6.3,1.844,0.47,10.15
10,2021,11,12,0,7.6,8.42,12.07,1206.8,30.1,5.86,1.844,0.433,10.15
10,2021,11,12,4,7.2,8.32,10.14,1210.5,37.5,5.7,1.667,0.425,9.9
10,2021,11,26,12,5.5,7.93,12.31,1247.6,12.1,4.28,1.687,0.294,10.84
10,2021,11,26,16,7.8,8.25,15.89,1227.8,11.3,4.23,0.997,0.244,10.37
10,2021,11,26,20,7.2,8.5,14.76,1236.9,19.4,4.2,0.592,0.199,10.25
10,2021,11,27,0,6.5,8.53,13.11,1257.7,20.4,4.2,0.592,0.199,10.25
10,2021,11,27,4,5.8,8.23,10.98,1286.6,19.4,4.31,0.385,0.159,9.76
10,2021,11,27,8,5.1,7.98,9.58,1304.4,17.5,4.41,0.355,0.147,9.69
10,2021,11,27,12,6.0,8.11,12.37,1295.0,23.3,4.32,0.303,0.158,9.6
10,2021,11,27,16,8.3,8.47,17.25,1271.5,13.8,4.17,0.233,0.145,9.58
10,2021,11,27,20,7.8,8.63,15.77,1271.9,20.7,4.23,0.193,0.141,9.64
10,2021,11,28,0,7.1,8.58,13.48,1285.9,19.3,4.23,0.193,0.141,9.64
10,2021,11,28,4,6.8,8.24,10.93,1300.6,26.9,4.17,0.221,0.145,9.52
10,2021,11,28,8,6.8,7.99,9.52,1300.8,23.8,4.23,0.235,0.138,9.42
10,2021,11,28,12,7.7,8.13,11.94,1288.8,23.1,4.23,0.263,0.137,9.39
10,2021,11,28,16,9.0,8.45,16.17,1263.3,16.2,4.34,0.32,0.153,9.55
10,2021,11,28,20,8.6,8.54,14.51,1268.3,24.3,4.28,0.38,0.168,9.75
10,2021,11,29,0,7.8,8.46,12.34,1279.7,28.2,4.28,0.38,0.168,9.75
10,2021,11,29,4,7.4,8.15,10.28,1287.3,27.9,4.36,0.338,0.164,10.0
10,2021,11,29,8,6.9,7.95,9.1,1285.6,24.5,4.43,0.357,0.15,10.04
10,2021,11,29,12,7.3,8.02,10.01,1284.4,19.7,4.37,0.323,0.149,9.9
10,2021,11,30,8,4.5,8.0,9.68,1313.8,19.2,4.27,0.402,0.155,10.17
10,2021,11,30,8,4.5,8.0,9.68,1313.8,19.2,4.21,0.402,0.155,10.27
10,2021,11,30,16,5.6,8.36,14.12,1298.0,12.7,4.12,0.52,0.175,10.42
10,2021,11,30,20,4.9,8.49,13.44,1317.9,14.4,4.22,0.642,0.203,10.55
10,2021,11,30,20,4.9,8.49,13.44,1317.9,14.4,4.22,0.642,0.203,10.55
10,2021,12,1,4,3.5,8.22,11.05,1345.2,20.2,4.3,0.588,0.202,10.6
10,2021,12,1,8,2.9,8.11,10.57,1349.6,16.8,4.61,0.586,0.206,10.66
10,2021,12,1,12,3.5,8.2,11.93,1327.8,15.3,4.36,0.51,0.202,10.64
10,2021,12,1,16,5.5,8.38,14.49,1288.4,14.4,4.37,0.486,0.221,10.22
10,2021,12,1,20,5.0,8.52,13.96,1306.4,16.6,4.29,0.454,0.221,10.44
10,2021,12,2,0,4.4,8.56,12.84,1325.5,14.0,4.29,0.454,0.221,10.44
10,2021,12,2,4,3.7,8.38,11.57,1335.5,19.3,4.22,0.324,0.186,10.01
10,2021,12,2,12,3.8,8.17,11.58,1329.6,14.0,4.24,0.352,0.176,10.13
10,2021,12,3,12,4.5,8.12,11.41,1322.9,14.2,4.3,0.607,0.178,10.36
10,2021,12,7,16,7.1,8.35,14.57,1296.4,16.8,4.3,0.292,0.139,10.08
10,2021,12,7,20,6.5,8.63,15.07,1299.7,14.9,4.08,0.275,0.147,10.11
10,2021,12,8,8,5.0,8.08,10.24,1328.0,21.2,4.18,0.266,0.141,10.22
10,2021,12,8,12,6.0,8.11,11.26,1310.6,18.4,4.33,0.318,0.146,10.32
10,2021,12,8,16,7.2,8.43,14.73,1280.2,20.8,4.2,0.258,0.166,10.48
10,2021,12,8,20,6.8,8.61,14.62,1288.9,23.8,4.29,0.188,0.178,10.62
10,2021,12,9,0,6.5,8.53,13.06,1296.5,32.3,4.29,0.188,0.178,10.62
10,2021,12,9,4,6.8,8.24,11.21,1290.2,34.7,4.22,0.202,0.18,10.42
10,2021,12,9,8,6.8,8.07,10.07,1286.4,28.2,4.56,0.231,0.181,10.3
10,2021,12,9,16,7.7,8.14,11.63,1279.1,22.8,4.43,0.231,0.165,10.22
10,2021,12,10,12,7.1,8.06,10.96,1285.5,21.1,4.28,0.312,0.167,9.77
10,2021,12,10,16,8.5,8.24,14.06,1275.8,25.1,4.27,0.29,0.165,9.58
10,2021,12,14,8,1.7,8.2,11.34,1377.9,11.3,3.99,0.58,0.204,10.53
10,2021,12,14,12,2.3,8.19,11.99,1374.0,15.5,3.99,0.463,0.169,10.14
10,2021,12,14,16,4.0,8.72,14.91,1341.3,7.3,3.97,0.371,0.15,9.92
10,2021,12,14,20,3.7,8.91,15.22,1345.2,10.1,3.86,0.312,0.138,9.89
10,2021,12,15,0,3.3,9.02,14.54,1351.0,13.7,3.86,0.312,0.138,9.89
10,2021,12,15,4,2.7,8.78,12.52,1354.3,13.9,3.83,0.288,0.137,9.75
10,2021,12,21,12,1.7,8.1,10.93,1301.0,13.8,3.94,1.271,0.262,11.77
10,2021,12,21,16,3.4,8.23,12.98,1287.4,14.4,3.95,1.249,0.296,12.08
10,2021,12,22,8,3.4,8.17,10.49,1321.4,24.4,4.23,0.289,0.142,10.39
10,2021,12,22,12,4.0,8.35,11.14,1317.9,15.3,4.28,0.422,0.148,10.41
10,2021,12,22,16,5.4,8.34,14.04,1298.7,15.2,4.09,0.412,0.165,10.4
10,2021,12,22,20,4.8,8.44,14.79,1302.3,13.8,4.19,0.345,0.143,10.31
10,2021,12,23,0,4.0,8.51,14.07,1310.7,15.2,4.22,0.345,0.143,10.19
10,2021,12,23,4,3.6,8.65,13.94,1317.2,12.9,4.19,0.305,0.134,10.2
10,2021,12,23,8,3.6,8.54,12.99,1320.1,15.4,4.22,0.246,0.122,10.32
10,2021,12,23,12,3.4,8.32,11.68,1322.7,11.5,4.2,0.365,0.126,10.19
10,2021,12,23,16,3.3,8.23,11.08,1308.5,14.0,4.07,0.624,0.163,10.52
10,2021,12,23,20,2.9,8.11,10.29,1294.0,15.1,4.27,1.397,0.258,11.31
10,2021,12,24,0,2.9,8.08,10.43,1315.5,10.4,4.27,1.397,0.258,11.31
10,2021,12,24,4,2.8,8.24,11.7,1347.0,9.9,4.22,1.255,0.239,11.11
10,2021,12,24,8,2.0,8.29,11.43,1368.0,10.5,4.26,0.714,0.17,10.45
10,2021,12,24,12,1.8,8.23,10.84,1378.8,16.8,4.27,0.457,0.135,10.23
10,2021,12,27,16,1.1,8.3,14.01,1470.8,6.4,4.74,1.239,0.193,10.74
10,2021,12,27,20,1.0,8.27,14.31,1441.8,6.5,4.64,1.874,0.255,10.84
10,2021,12,28,0,1.0,8.29,14.53,1421.2,5.9,4.52,1.874,0.255,11.2
10,2021,12,28,4,0.9,8.37,15.13,1416.3,4.9,4.52,1.888,0.261,11.2
10,2021,12,28,8,0.8,8.42,15.15,1428.2,4.8,4.38,1.599,0.237,11.39
10,2021,12,28,12,1.1,8.46,15.38,1428.9,4.6,4.44,1.352,0.217,11.12
10,2021,12,28,16,1.4,8.43,15.01,1426.1,5.7,4.44,1.071,0.188,11.12
10,2021,12,30,12,1.0,8.14,11.09,1330.7,11.1,4.39,1.578,0.242,11.79
10,2022,1,11,8,0.9,8.34,11.81,1372.7,11.5,4.18,0.738,0.158,10.21
10,2022,1,11,12,1.1,8.29,12.38,1340.4,12.0,4.37,0.762,0.159,10.36
10,2022,1,11,16,1.3,8.26,12.93,1266.4,19.6,4.34,1.048,0.202,10.62
10,2022,1,12,8,0.8,8.41,13.18,1364.9,8.3,4.07,1.684,0.309,11.21
10,2022,1,12,12,1.0,8.45,13.39,1386.7,12.1,4.23,0.942,0.201,10.47
10,2022,1,12,16,1.3,8.36,13.51,1378.3,10.4,4.25,0.606,0.153,10.19
10,2022,1,14,12,1.0,8.49,14.27,1364.9,8.7,4.43,0.524,0.128,10.11
10,2022,1,14,16,1.2,8.45,14.53,1362.6,9.7,4.23,0.605,0.132,10.11
10,2022,1,19,8,1.0,8.35,13.62,1350.1,11.2,4.25,1.094,0.155,10.65
10,2022,1,19,12,1.2,8.33,13.79,1327.6,11.5,4.34,1.532,0.175,10.74
10,2022,1,19,16,1.4,8.27,13.74,1258.6,10.1,4.25,1.469,0.27,11.61
10,2022,1,19,16,1.4,8.27,13.74,1258.6,10.1,4.25,1.469,0.27,11.61
10,2022,1,19,16,1.4,8.27,13.74,1258.6,10.1,4.25,1.469,0.27,11.61
10,2022,1,20,4,1.0,8.37,13.81,1354.6,12.9,4.3,1.469,0.154,10.74
10,2022,1,20,16,1.3,8.53,14.63,1338.8,11.0,4.42,0.63,0.129,10.42
10,2022,1,20,20,1.3,8.44,14.02,1332.4,12.9,4.29,0.75,0.138,10.21
10,2022,1,21,0,1.2,8.33,13.06,1314.0,14.5,4.29,0.75,0.138,10.21
10,2022,1,21,4,1.0,8.2,12.4,1284.4,13.7,4.19,2.003,0.299,11.64
10,2022,1,21,8,0.8,8.27,13.18,1292.9,11.9,4.37,1.82,0.271,11.3
10,2022,1,21,12,0.9,8.39,13.26,1304.7,8.9,4.44,1.219,0.198,10.69
10,2022,1,24,8,0.7,8.29,11.12,1318.9,12.2,4.3,1.603,0.244,10.53
10,2022,1,24,12,1.0,8.25,11.3,1295.1,14.8,4.49,1.042,0.186,10.34
10,2022,1,24,16,1.0,8.25,11.93,1322.6,17.2,4.52,0.863,0.168,10.4
10,2022,2,10,8,2.8,8.27,11.02,1231.7,21.6,3.95,1.148,0.21,11.38
10,2022,2,10,12,3.9,8.31,11.75,1244.1,17.3,4.11,0.889,0.186,11.32
10,2022,2,11,8,3.6,8.29,11.09,1253.3,22.8,4.13,0.833,0.174,10.74
10,2022,2,11,12,4.6,8.31,11.73,1255.4,17.7,4.14,0.859,0.183,11.05
10,2022,2,11,16,6.5,8.48,14.14,1245.5,15.2,4.02,0.621,0.154,10.72
10,2022,2,11,20,6.5,8.62,14.59,1257.8,27.9,4.42,0.384,0.153,10.65
10,2022,2,12,0,5.4,8.47,12.76,1277.4,36.0,4.42,0.384,0.153,10.65
10,2022,2,12,4,4.7,8.35,11.69,1279.6,28.8,4.25,0.531,0.158,10.14
10,2022,2,12,8,4.4,8.25,10.82,1281.4,22.7,4.17,0.53,0.145,10.32
10,2022,2,12,12,4.2,8.23,10.86,1281.4,16.0,4.03,0.712,0.148,10.53
10,2022,2,12,16,4.9,8.36,12.53,1270.1,14.3,3.93,0.574,0.134,10.13
10,2022,2,12,20,4.8,8.46,13.03,1271.4,22.3,4.16,0.481,0.147,10.19
10,2022,2,13,0,4.5,8.38,12.13,1275.8,48.0,4.16,0.481,0.147,10.19
10,2022,2,13,4,4.0,8.33,11.89,1256.3,41.0,4.22,0.967,0.204,10.5
10,2022,2,13,8,3.5,8.16,10.54,1257.8,25.1,4.12,1.917,0.28,11.03
10,2022,2,13,12,3.5,8.21,10.9,1267.1,15.6,3.99,1.312,0.215,10.66
10,2022,2,13,16,3.5,8.39,12.32,1270.8,14.8,3.94,0.873,0.17,10.15
10,2022,2,13,20,3.3,8.43,12.63,1277.2,14.4,3.9,0.722,0.154,9.95
10,2022,2,14,0,3.2,8.34,12.01,1286.3,19.5,3.9,0.722,0.154,9.95
10,2022,2,14,4,2.4,8.28,11.68,1306.5,23.3,3.96,0.782,0.162,9.99
10,2022,2,18,8,2.0,8.51,12.09,1405.3,11.8,4.04,1.006,0.179,11.03
10,2022,2,18,12,3.2,8.56,12.89,1400.8,15.7,4.02,0.603,0.141,10.77
10,2022,2,18,16,4.5,8.65,14.83,1390.8,16.8,4.13,0.517,0.138,10.75
10,2022,2,18,20,4.1,8.67,14.79,1403.9,26.4,4.07,0.567,0.145,10.83
10,2022,2,19,0,2.7,8.55,13.35,1384.9,40.6,4.2,0.567,0.145,10.86
10,2022,2,19,4,1.2,8.39,12.09,1395.2,21.6,4.2,3.139,0.372,12.39
10,2022,2,19,8,0.7,8.41,11.78,1434.6,12.7,4.14,2.054,0.286,12.39
10,2022,2,22,12,2.4,8.38,12.35,1358.2,10.0,4.16,1.596,0.223,11.71
10,2022,2,22,12,2.4,8.38,12.35,1358.2,10.0,4.16,1.596,0.223,11.71
10,2022,2,22,16,5.0,8.54,14.76,1331.0,11.3,4.19,1.596,0.223,11.71
10,2022,2,22,16,5.0,8.54,14.76,1331.0,11.3,4.19,0.685,0.139,11.15
10,2022,2,22,20,5.2,8.6,14.85,1332.3,22.0,4.09,0.621,0.139,11.15
10,2022,2,23,0,4.2,8.48,13.45,1320.4,24.6,4.32,0.621,0.135,11.05
10,2022,2,23,4,3.0,8.44,12.47,1342.2,18.0,4.32,1.06,0.135,11.05
10,2022,2,23,8,1.9,8.36,11.3,1356.2,13.3,4.11,1.699,0.168,10.96
10,2022,2,23,12,3.5,8.35,12.43,1323.1,11.6,4.17,1.348,0.196,10.65
10,2022,2,23,16,6.2,8.46,14.92,1315.0,11.2,4.48,0.718,0.136,10.79
10,2022,3,1,8,7.8,8.34,10.44,1254.4,33.0,4.55,0.584,0.163,9.67
10,2022,3,1,12,8.1,8.32,11.55,1270.8,17.3,4.53,1.019,0.176,9.9
10,2022,3,1,16,10.3,8.54,14.46,1262.2,15.8,4.51,0.543,0.155,9.73
10,2022,3,2,8,6.6,8.25,9.66,1302.0,36.4,4.86,0.619,0.169,10.03
10,2022,3,2,12,8.4,8.36,11.59,1288.9,21.3,4.87,0.592,0.155,9.96
10,2022,3,7,8,7.6,8.41,11.44,1256.9,15.6,4.43,0.601,0.168,9.46
10,2022,3,7,12,8.0,8.45,12.05,1256.0,15.0,4.46,0.56,0.158,9.29
10,2022,3,8,8,9.4,8.51,12.86,1247.4,15.9,4.38,0.371,0.141,9.33
10,2022,3,8,12,9.7,8.44,10.88,1220.6,16.5,4.48,0.309,0.125,9.53
10,2022,3,8,16,10.2,8.38,11.35,1224.4,19.2,4.71,0.316,0.143,9.58
10,2022,3,8,20,11.3,8.48,13.93,1212.6,18.3,4.71,0.296,0.132,9.12
10,2022,3,9,0,12.4,8.54,14.46,1204.2,16.5,4.55,0.425,0.137,9.2
10,2022,3,9,4,11.6,8.34,11.58,1203.1,19.5,4.55,0.425,0.137,9.2
10,2022,3,9,8,10.6,8.18,9.36,1199.4,25.7,4.53,0.61,0.155,8.94
10,2022,3,9,12,10.4,8.25,9.8,1198.3,28.8,4.92,1.109,0.199,9.33
10,2022,3,9,16,10.5,8.24,9.73,1196.5,25.1,4.81,0.76,0.181,9.45
10,2022,3,10,8,10.7,8.18,9.34,1200.2,19.4,4.68,0.643,0.159,9.03
10,2022,3,10,12,11.0,8.2,9.75,1198.1,20.4,4.71,0.66,0.154,8.86
10,2022,3,10,16,11.3,8.17,9.38,1199.7,18.5,4.68,0.696,0.159,9.04
10,2022,3,11,8,13.1,8.24,10.13,1186.4,25.4,4.75,0.353,0.142,8.78
10,2022,3,11,12,12.7,8.22,9.28,1185.3,25.4,4.79,0.34,0.145,8.42
10,2022,3,11,16,12.6,8.23,9.25,1185.5,23.9,4.72,0.328,0.137,9.15
10,2022,3,11,20,12.5,8.23,9.2,1187.1,21.0,4.72,0.33,0.137,8.93
10,2022,3,12,16,12.1,8.21,9.46,1187.5,22.2,4.7,0.356,0.13,8.59
10,2022,3,12,16,12.1,8.21,9.46,1187.5,22.2,4.7,0.356,0.13,8.59
10,2022,3,12,16,12.1,8.21,9.46,1187.5,22.2,4.7,0.356,0.13,8.59
10,2022,3,13,4,11.9,8.22,9.52,1174.5,22.9,4.75,0.354,0.136,8.47
10,2022,3,13,8,11.1,8.12,8.37,1177.1,23.3,4.81,0.353,0.141,8.51
10,2022,3,13,12,10.9,8.12,8.66,1175.5,26.0,4.69,0.359,0.14,8.47
10,2022,3,13,16,11.3,8.2,9.75,1178.7,19.6,4.64,0.346,0.132,8.47
10,2022,3,13,20,11.6,8.32,11.4,1177.7,18.9,4.6,0.349,0.133,8.44
10,2022,3,14,0,12.1,8.43,12.4,1170.2,16.9,4.6,0.349,0.133,8.44
10,2022,3,14,4,11.7,8.25,9.87,1170.9,21.8,4.63,0.356,0.141,8.38
10,2022,3,14,8,11.2,8.14,8.81,1171.5,21.4,4.68,0.331,0.145,8.39
10,2022,3,14,12,11.9,8.15,9.16,1167.7,22.4,4.78,0.405,0.149,8.53
10,2022,3,14,16,12.4,8.2,10.06,1161.7,21.6,4.79,0.376,0.146,8.48
10,2022,3,15,8,10.8,8.16,8.6,1192.2,32.9,4.71,0.342,0.161,8.52
10,2022,3,15,16,14.1,8.52,13.59,1184.0,21.6,4.6,0.26,0.149,8.45
10,2022,3,15,20,14.7,8.56,13.15,1183.1,28.0,4.73,0.272,0.155,8.59
10,2022,3,16,0,14.0,8.33,9.79,1199.3,36.5,4.74,0.296,0.16,8.54
10,2022,3,16,4,13.4,8.19,8.59,1192.9,35.8,4.82,0.302,0.16,8.38
10,2022,3,16,12,12.6,8.32,10.33,1193.6,28.8,4.72,0.286,0.165,8.67
10,2022,3,16,16,14.3,8.58,13.82,1199.3,23.0,4.76,0.257,0.158,8.61
10,2022,3,16,20,13.8,8.6,12.53,1216.7,26.7,4.73,0.216,0.15,8.19
10,2022,3,17,0,12.6,8.4,9.88,1232.3,37.3,4.86,0.223,0.158,8.46
10,2022,3,17,4,11.7,8.27,9.07,1226.9,31.5,4.86,0.223,0.158,8.46
10,2022,3,17,8,11.0,8.27,8.74,1224.8,31.4,4.92,0.293,0.172,8.66
10,2022,3,17,12,10.8,8.41,9.97,1236.4,20.1,4.89,0.262,0.169,8.66
10,2022,3,17,16,10.4,8.55,11.97,1231.7,28.3,4.81,0.216,0.158,8.93
10,2022,3,17,20,9.8,8.48,10.78,1227.9,24.3,4.8,0.193,0.161,8.59
10,2022,3,18,8,8.8,8.31,9.2,1192.0,35.7,4.82,0.296,0.173,8.2
10,2022,3,18,12,9.5,8.45,11.6,1183.5,25.0,4.66,0.284,0.152,8.12
10,2022,3,18,16,9.0,8.54,12.08,1182.0,21.7,4.68,0.294,0.161,8.05
10,2022,3,23,12,9.7,8.55,10.14,1173.5,17.9,4.37,0.189,0.127,8.63
10,2022,3,24,16,10.5,8.43,10.21,1167.0,16.0,4.25,0.284,0.125,8.62
10,2022,3,24,20,10.6,8.47,10.9,1159.7,15.4,4.31,0.305,0.125,8.62
10,2022,3,24,20,10.6,8.47,10.9,1159.7,15.4,4.31,0.305,0.125,8.62
10,2022,3,25,4,10.3,8.43,9.43,1152.3,23.5,4.23,0.327,0.134,8.44
10,2022,3,25,8,10.3,8.31,8.57,1148.5,25.5,4.28,0.309,0.129,8.44
10,2022,3,25,12,10.7,8.37,10.39,1150.9,18.3,4.31,0.283,0.127,8.44
10,2022,3,25,16,11.1,8.57,13.59,1147.8,18.3,4.27,0.294,0.129,8.44
10,2022,3,25,20,11.0,8.55,12.99,1147.9,22.8,4.31,0.319,0.144,8.44
10,2022,3,26,0,10.3,8.28,9.56,1154.2,20.1,4.3,0.319,0.144,8.44
10,2022,3,26,4,9.3,8.14,8.27,1158.7,23.8,4.3,0.319,0.149,8.44
10,2022,3,27,0,10.9,8.23,8.99,1150.0,40.4,4.6,0.319,0.173,8.44
10,2022,3,27,4,10.0,8.19,8.79,1132.4,48.9,4.75,0.319,0.159,8.44
10,2022,3,28,0,11.4,8.49,9.81,1138.6,41.7,4.82,0.319,0.178,8.44
10,2022,3,28,4,10.5,8.3,8.71,1153.8,40.9,4.81,0.319,0.16,8.44
10,2022,3,29,0,12.9,8.59,9.79,1144.7,37.6,4.98,0.319,0.18,8.44
10,2022,3,29,4,12.2,8.34,8.08,1148.8,41.4,4.74,0.319,0.174,8.44
10,2022,3,30,0,11.9,8.34,8.08,1149.5,43.0,4.89,0.319,0.166,8.44
10,2022,3,30,4,11.7,8.27,7.72,1149.3,48.1,4.93,0.319,0.18,8.44
10,2022,3,31,0,12.4,8.19,8.34,1152.4,36.2,4.66,0.319,0.17,8.44
10,2022,3,31,4,11.6,8.12,7.71,1157.0,30.7,4.51,0.319,0.152,8.44
10,2022,4,1,0,13.1,8.62,11.55,1139.4,29.8,1.19,0.319,0.161,8.44
10,2022,4,1,4,11.8,8.34,8.94,1146.3,26.1,0.7,0.319,0.149,8.44
10,2022,4,2,0,13.6,8.71,11.48,1124.9,31.4,1.05,0.319,0.15,8.44
10,2022,4,2,4,12.6,8.46,8.88,1134.5,30.3,0.92,0.319,0.143,8.44
10,2022,4,3,0,15.5,8.88,13.83,1115.9,29.4,0.74,0.319,0.146,8.44
10,2022,4,3,4,14.0,8.54,9.31,1115.6,30.7,0.71,0.319,0.148,8.44
10,2022,4,3,12,14.6,8.47,9.69,1112.3,28.6,0.97,0.319,0.142,8.44
10,2022,4,3,12,14.6,8.47,9.69,1112.3,28.6,0.97,0.319,0.142,8.44
10,2022,4,3,12,14.6,8.47,9.69,1112.3,28.6,0.97,0.319,0.142,8.44
10,2022,4,3,12,14.6,8.47,9.69,1112.3,28.6,0.97,0.319,0.142,8.44
10,2022,4,3,12,14.6,8.47,9.69,1112.3,28.6,0.97,0.319,0.142,8.44
10,2022,4,3,12,14.6,8.47,9.69,1112.3,28.6,0.97,0.319,0.142,8.44
10,2022,4,3,12,14.6,8.47,9.69,1112.3,28.6,0.97,0.319,0.142,8.44
10,2022,4,3,12,14.6,8.47,9.69,1112.3,28.6,0.97,0.319,0.142,8.44
10,2022,4,3,12,14.6,8.47,9.69,1112.3,28.6,0.97,0.319,0.142,8.44
10,2022,4,3,12,14.6,8.47,9.69,1112.3,28.6,0.97,0.319,0.142,8.44
10,2022,4,3,12,14.6,8.47,9.69,1112.3,28.6,0.97,0.319,0.142,8.44
10,2022,4,3,12,14.6,8.47,9.69,1112.3,28.6,0.97,0.319,0.142,8.44
10,2022,4,11,0,19.7,8.47,8.12,1104.2,62.6,0.97,0.319,0.142,8.44
10,2022,4,11,4,19.2,8.36,7.2,1102.1,50.8,6.26,0.227,0.252,7.55
10,2022,4,11,8,19.2,8.41,7.45,1097.2,49.6,5.6,0.198,0.214,7.66
10,2022,4,11,12,20.8,8.57,9.05,1076.4,53.4,5.69,0.177,0.215,7.63
10,2022,4,11,16,21.6,8.66,9.96,1073.7,60.0,5.82,0.025,0.219,7.55
10,2022,4,11,20,19.7,8.51,8.29,1090.1,69.2,6.04,0.025,0.229,7.61
10,2022,4,12,0,18.3,8.36,7.18,1105.9,57.9,5.83,0.154,0.221,7.65
10,2022,4,12,4,18.0,8.38,7.17,1112.5,54.9,5.62,0.187,0.204,7.84
10,2022,4,12,8,17.6,8.46,7.42,1114.4,66.7,5.63,0.18,0.211,7.72
10,2022,4,12,12,19.1,8.6,8.81,1112.1,57.3,5.77,0.169,0.22,7.51
10,2022,4,12,16,20.9,8.65,10.09,1103.6,61.9,5.85,0.158,0.225,7.7
10,2022,4,12,20,19.6,8.54,9.24,1110.3,70.2,5.93,0.155,0.223,7.86
10,2022,4,13,0,17.9,8.4,8.11,1116.1,64.1,5.94,0.262,0.245,8.14
10,2022,4,13,4,17.1,8.36,7.8,1119.6,57.6,5.62,0.244,0.227,8.19
10,2022,4,13,8,16.9,8.43,8.24,1124.1,63.8,5.54,0.216,0.222,8.23
10,2022,4,13,12,18.7,8.6,9.89,1117.9,48.4,5.57,0.194,0.22,8.13
10,2022,4,13,16,20.6,8.75,11.51,1102.1,51.2,5.76,0.161,0.213,8.05
10,2022,4,13,20,19.1,8.67,10.34,1111.0,71.5,5.87,0.025,0.219,8.07
10,2022,4,14,0,17.2,8.53,8.9,1124.2,61.9,5.79,0.209,0.237,8.07
10,2022,4,14,4,16.2,8.45,8.2,1131.0,54.1,5.55,0.231,0.226,8.12
10,2022,4,14,8,16.0,8.54,8.66,1131.6,49.0,5.27,0.189,0.211,8.11
10,2022,4,14,12,18.0,8.75,10.35,1123.8,45.7,5.31,0.18,0.208,8.22
10,2022,4,14,16,19.8,8.93,12.7,1118.6,49.7,5.65,0.025,0.21,8.19
10,2022,4,14,20,18.5,8.9,11.99,1118.3,57.1,5.69,0.025,0.211,8.19
10,2022,4,15,8,15.1,8.62,8.86,1138.1,53.6,5.19,0.025,0.201,8.18
10,2022,4,15,12,17.9,8.84,11.34,1125.9,47.7,5.44,0.025,0.197,8.27
10,2022,4,15,16,20.4,9.02,13.73,1115.9,56.5,5.71,0.025,0.205,8.29
10,2022,4,15,20,18.8,8.95,12.44,1129.0,73.7,5.77,0.025,0.213,8.13
10,2022,4,16,0,16.7,8.79,9.92,1142.4,63.6,5.77,0.025,0.213,8.13
10,2022,4,16,4,15.8,8.71,9.02,1152.8,60.0,5.38,0.025,0.205,8.24
10,2022,4,16,8,15.9,8.78,9.33,1150.2,51.6,5.4,0.025,0.202,8.29
10,2022,4,16,12,18.9,8.94,11.68,1142.1,48.8,5.62,0.025,0.219,8.4
10,2022,4,16,16,21.2,9.05,12.11,1138.1,44.5,5.59,0.025,0.201,7.86
10,2022,4,16,20,20.4,9.09,11.92,1130.7,61.5,5.67,0.025,0.206,7.99
10,2022,4,17,0,17.8,8.87,10.18,1130.4,64.3,5.67,0.025,0.206,7.99
10,2022,4,17,0,17.8,8.87,10.18,1130.4,64.3,5.67,0.025,0.206,7.99
10,2022,4,17,12,17.9,8.88,11.18,1141.5,50.6,5.53,0.025,0.177,7.94
10,2022,4,17,16,19.5,9.04,13.8,1135.1,51.3,5.53,0.026,0.177,7.94
10,2022,4,17,20,19.0,9.01,13.02,1135.1,53.7,5.8,0.025,0.177,7.94
10,2022,4,18,0,17.7,8.83,10.24,1144.4,57.0,5.8,0.025,0.177,7.94
10,2022,4,18,4,16.6,8.69,8.71,1155.2,51.6,5.24,0.025,0.167,7.52
10,2022,4,18,8,16.3,8.69,8.98,1158.4,50.4,5.2,0.025,0.163,7.87
10,2022,4,18,12,17.7,8.79,11.28,1147.6,50.5,5.5,0.025,0.16,7.94
10,2022,4,18,16,20.1,8.98,14.69,1129.8,54.9,5.84,0.025,0.166,7.96
10,2022,4,18,16,20.1,8.98,14.69,1129.8,54.9,5.84,0.025,0.166,7.96
10,2022,4,18,16,20.1,8.98,14.69,1129.8,54.9,5.84,0.025,0.166,7.96
10,2022,4,19,4,17.6,8.62,8.71,1132.2,52.6,5.15,0.025,0.18,7.85
10,2022,4,19,8,17.0,8.62,9.12,1134.1,49.0,5.18,0.028,0.169,7.91
10,2022,4,19,12,19.1,8.81,12.01,1123.6,48.6,5.6,0.025,0.183,7.96
10,2022,4,19,16,22.3,9.07,16.41,1109.9,49.4,5.91,0.028,0.183,7.91
10,2022,4,19,20,22.2,8.99,16.33,1109.1,52.4,5.85,0.025,0.165,8.03
10,2022,4,20,0,20.0,8.82,11.18,1135.4,44.6,5.85,0.025,0.165,8.03
10,2022,4,20,4,18.2,8.59,8.62,1153.2,49.3,5.36,0.025,0.168,7.89
10,2022,4,20,8,18.3,8.59,9.63,1144.3,55.1,5.42,0.025,0.161,7.99
10,2022,4,20,12,21.4,8.9,14.53,1123.3,56.4,6.01,0.027,0.178,8.1
10,2022,4,20,16,23.6,9.0,17.4,1107.4,71.8,6.17,0.025,0.172,7.73
10,2022,4,20,20,22.0,8.86,14.5,1111.5,56.3,6.11,0.025,0.171,7.84
10,2022,4,21,0,20.2,8.71,10.36,1123.6,46.8,6.11,0.025,0.171,7.84
10,2022,4,21,4,18.9,8.55,7.86,1134.9,50.0,5.58,0.025,0.182,7.75
10,2022,4,21,8,18.2,8.52,7.7,1139.1,42.9,5.59,0.084,0.208,7.48
10,2022,4,21,12,19.3,8.84,12.91,1132.6,33.9,5.92,0.025,0.212,6.86
10,2022,4,21,16,21.2,9.13,21.6,1116.0,32.0,6.44,0.025,0.211,6.93
10,2022,4,21,20,20.6,8.99,21.15,1108.9,38.2,6.51,0.025,0.198,7.05
10,2022,4,21,20,20.6,8.99,21.15,1108.9,38.2,6.51,0.025,0.198,7.05
10,2022,4,22,4,18.4,8.64,14.42,1116.3,30.9,5.91,0.025,0.162,7.02
10,2022,4,22,8,18.0,8.74,15.82,1116.6,29.1,6.06,0.025,0.159,6.9
10,2022,4,22,12,19.0,9.02,24.05,1097.7,31.0,6.71,0.025,0.153,6.82
10,2022,4,22,16,19.4,8.92,28.15,1075.4,40.1,7.19,0.025,0.146,6.87
10,2022,4,22,20,19.7,8.71,24.81,1081.2,32.5,6.69,0.025,0.121,6.83
10,2022,4,23,0,19.4,8.64,19.04,1025.0,28.3,6.69,0.025,0.121,6.83
10,2022,4,23,4,18.8,8.6,15.8,990.8,25.9,6.06,0.025,0.126,6.52
10,2022,4,23,8,18.7,8.68,13.71,926.5,26.4,5.89,0.025,0.109,6.14
10,2022,4,23,12,19.1,8.87,16.52,928.6,27.9,5.89,0.025,0.109,6.14
10,2022,4,23,16,19.6,8.88,12.01,943.4,30.2,7.23,0.097,0.135,6.32
10,2022,4,23,20,19.6,8.72,12.56,952.2,24.2,6.96,0.025,0.124,6.32
10,2022,4,24,0,19.5,8.58,18.11,960.0,21.0,6.61,0.025,0.115,6.18
10,2022,4,24,4,19.4,8.46,18.23,971.4,17.3,6.61,0.025,0.109,6.18
10,2022,4,24,8,19.5,8.32,16.66,982.1,19.3,6.3,0.025,0.118,6.15
10,2022,4,24,12,19.8,8.54,19.46,1005.6,34.7,6.4,0.025,0.137,6.11
10,2022,4,24,16,22.4,8.99,25.46,1018.4,20.2,6.88,0.025,0.106,6.26
10,2022,4,24,20,22.3,8.99,25.14,1030.1,29.7,6.57,0.025,0.104,6.12
10,2022,4,25,8,21.0,8.85,20.42,1040.6,35.1,6.5,0.025,0.135,6.09
10,2022,4,25,12,21.9,9.1,24.08,1033.6,35.3,6.68,0.025,0.153,5.88
10,2022,4,25,16,23.4,9.2,25.98,1018.6,51.4,7.23,0.025,0.163,5.86
10,2022,4,25,20,23.4,9.15,22.96,1022.5,41.2,7.13,0.025,0.158,5.64
10,2022,4,26,0,22.7,9.07,17.69,1039.4,41.7,7.11,0.025,0.183,5.14
10,2022,4,26,4,21.9,8.81,16.36,1022.7,36.5,6.93,0.025,0.218,4.8
10,2022,4,26,8,21.0,8.88,20.51,1011.5,34.9,6.99,0.025,0.199,5.02
10,2022,4,26,12,21.5,8.79,18.6,982.4,25.6,7.09,0.025,0.184,5.31
10,2022,4,26,16,22.4,8.99,19.48,915.2,21.9,6.64,0.025,0.153,5.68
10,2022,4,26,20,21.6,8.83,14.27,858.4,21.4,6.63,0.025,0.132,5.86
10,2022,4,27,0,21.2,8.83,15.76,911.7,21.7,6.2,0.025,0.115,6.08
10,2022,4,27,4,20.7,8.77,19.55,988.3,23.6,6.12,0.025,0.121,5.85
10,2022,4,27,12,19.2,8.96,19.03,988.3,37.7,7.06,0.025,0.171,5.12
10,2022,4,27,16,18.3,9.1,19.68,1003.8,40.6,7.47,0.025,0.187,4.88
10,2022,4,27,20,17.3,9.15,17.97,1024.3,40.7,7.65,0.025,0.212,4.33
10,2022,4,28,0,16.3,9.03,13.1,1050.3,40.7,7.4,0.025,0.241,3.75
10,2022,4,28,4,15.4,8.75,8.25,1064.8,41.0,7.4,0.025,0.241,3.75
10,2022,4,28,8,14.8,8.67,6.99,1057.7,40.8,6.22,0.156,0.313,3.07
10,2022,4,28,12,15.0,8.73,8.1,1049.5,46.9,5.92,0.253,0.349,2.9
10,2022,4,28,16,17.3,8.81,10.1,1036.9,46.1,5.9,0.308,0.389,2.94
10,2022,4,28,20,16.8,8.81,9.82,1035.9,61.3,5.95,0.321,0.4,2.97
10,2022,4,29,0,15.8,8.77,9.13,1046.4,52.1,5.94,0.333,0.435,2.89
10,2022,4,29,4,15.3,8.77,9.24,1050.9,54.7,5.94,0.333,0.435,2.89
10,2022,4,29,8,15.3,9.15,17.03,1042.7,53.9,5.9,0.228,0.402,2.91
10,2022,4,29,12,17.4,9.45,25.79,1019.2,64.8,6.77,0.025,0.336,2.65
10,2022,4,29,16,17.9,9.18,20.15,1002.7,77.4,7.49,0.025,0.292,2.68
10,2022,4,29,20,18.0,8.46,10.16,932.1,78.6,7.49,0.025,0.21,3.77
10,2022,4,30,0,17.2,8.65,10.91,929.6,76.9,5.92,0.144,0.165,5.45
10,2022,4,30,4,16.7,8.58,9.73,938.3,79.9,5.92,0.144,0.165,5.45
10,2022,4,30,8,16.6,8.68,10.95,937.6,84.5,5.76,0.025,0.126,6.18
10,2022,4,30,12,18.4,8.86,13.72,916.3,92.0,5.92,0.025,0.118,6.09
10,2022,4,30,16,19.1,8.97,16.39,941.8,100.5,6.14,0.025,0.129,5.9
10,2022,4,30,20,20.1,9.26,22.82,963.3,117.8,6.35,0.025,0.139,5.03
10,2022,5,1,0,18.8,9.13,19.42,955.7,133.5,6.91,0.025,0.182,3.75
10,2022,5,1,4,18.1,9.06,16.26,973.3,140.7,6.6,0.025,0.179,3.9
10,2022,5,1,8,17.8,9.25,18.34,992.2,157.4,6.67,0.025,0.211,3.8
10,2022,5,1,12,19.9,9.3,16.41,995.7,162.3,7.03,0.025,0.286,3.06
10,2022,5,1,16,20.9,9.24,13.85,1015.5,151.2,6.16,0.025,0.33,3.37
10,2022,5,1,20,20.4,9.15,12.22,1030.2,147.6,5.9,0.025,0.339,3.83
10,2022,5,1,20,20.4,9.15,12.22,1030.2,147.6,5.77,0.025,0.352,4.04
10,2022,5,2,4,18.7,8.8,7.84,1075.1,132.7,6.03,0.025,0.368,3.88
10,2022,5,2,8,18.5,8.73,8.24,1080.1,129.5,5.4,0.129,0.433,4.42
10,2022,5,2,12,20.4,8.88,12.61,1061.3,123.0,5.45,0.209,0.524,4.55
10,2022,5,2,16,22.3,9.05,15.47,1051.7,124.9,5.66,0.268,0.562,4.8
10,2022,5,2,16,22.3,9.05,15.47,1051.7,124.9,5.98,0.178,0.429,4.97
10,2022,5,2,16,22.3,9.05,15.47,1051.7,124.9,5.98,0.178,0.429,4.97
10,2022,5,3,4,20.6,8.65,7.53,1068.4,119.9,5.76,0.176,0.361,4.94
10,2022,5,3,8,20.1,8.56,7.59,1070.8,112.9,5.71,0.203,0.35,4.77
10,2022,5,3,12,22.1,8.93,10.64,1051.3,112.5,5.83,0.235,0.352,4.88
10,2022,5,3,16,25.0,9.06,10.76,1032.4,113.6,5.71,0.163,0.346,4.71
10,2022,5,5,8,23.6,8.69,6.16,1036.6,102.3,5.98,0.17,0.381,4.13
10,2022,5,5,12,25.5,8.98,7.61,1019.1,97.0,6.1,0.207,0.397,4.17
10,2022,5,5,16,28.8,9.06,9.64,972.0,99.4,6.1,0.139,0.386,4.0
10,2022,5,5,20,28.6,8.95,10.62,985.0,105.3,6.25,0.109,0.369,3.88
10,2022,5,6,0,27.4,8.92,8.31,990.0,68.3,6.2,0.153,0.404,3.81
10,2022,5,6,4,24.8,8.92,4.46,991.5,62.2,6.31,0.218,0.44,3.79
10,2022,5,6,8,21.8,8.86,2.29,1000.4,50.1,6.44,0.274,0.451,3.61
10,2022,5,6,12,19.8,8.85,3.3,972.6,40.9,6.45,0.275,0.429,3.22
10,2022,5,6,16,18.2,8.69,4.81,970.9,34.1,6.57,0.368,0.436,3.23
10,2022,5,6,16,18.2,8.69,4.81,970.9,34.1,6.22,0.374,0.418,3.23
10,2022,5,6,16,18.2,8.69,4.81,970.9,34.1,6.22,0.374,0.418,3.23
10,2022,5,7,4,14.5,8.8,7.72,1011.2,31.5,5.76,0.228,0.449,2.72
10,2022,5,7,8,14.4,8.67,6.99,1042.5,21.8,5.68,0.196,0.461,2.48
10,2022,5,7,12,18.5,8.57,10.21,1046.4,23.0,5.51,0.153,0.475,2.6
10,2022,5,7,16,21.8,8.84,17.0,1031.3,36.0,5.45,0.14,0.521,2.67
10,2022,5,7,16,21.8,8.84,17.0,1031.3,36.0,5.69,0.141,0.562,2.77
10,2022,5,7,16,21.8,8.84,17.0,1031.3,36.0,5.69,0.141,0.562,2.77
10,2022,5,8,4,16.4,9.17,8.64,1039.4,32.2,5.69,0.141,0.562,2.77
10,2022,5,8,8,15.7,9.08,7.15,1018.0,23.1,5.16,0.143,0.524,3.14
10,2022,5,8,12,16.0,8.78,12.65,1048.7,24.2,4.85,0.119,0.491,3.18
10,2022,5,8,16,17.9,9.2,20.73,1037.8,22.5,4.99,0.088,0.484,3.67
10,2022,5,8,16,17.9,9.2,20.73,1037.8,22.5,5.34,0.025,0.454,4.24
10,2022,5,8,16,17.9,9.2,20.73,1037.8,22.5,5.34,0.025,0.454,4.24
10,2022,5,9,4,15.2,8.34,6.65,1118.3,21.1,5.34,0.025,0.454,4.24
10,2022,5,9,8,15.4,8.35,7.92,1132.3,21.4,5.12,0.389,0.296,5.44
10,2022,5,9,12,18.8,8.8,16.14,1104.9,23.5,4.66,0.169,0.253,5.91
10,2022,5,9,16,21.9,9.16,23.47,1084.2,24.4,4.75,0.025,0.237,6.13
10,2022,5,9,16,21.9,9.16,23.47,1084.2,24.4,4.75,0.025,0.233,6.13
10,2022,5,9,16,21.9,9.16,23.47,1084.2,24.4,4.75,0.025,0.233,6.13
10,2022,5,10,4,17.6,8.68,8.33,1121.3,14.7,4.75,0.025,0.233,6.13
10,2022,5,10,8,17.3,8.47,7.74,1126.6,17.0,4.5,0.025,0.221,6.16
10,2022,5,10,12,18.6,8.85,16.19,1110.4,15.3,4.44,0.025,0.212,6.16
10,2022,5,10,12,18.6,8.85,16.19,1110.4,15.3,4.7,0.025,0.205,6.16
10,2022,5,11,8,16.5,8.37,8.31,1150.6,13.9,4.29,0.025,0.226,6.54
10,2022,5,11,12,21.0,8.85,17.39,1112.9,20.1,4.4,0.025,0.226,6.65
10,2022,5,11,16,22.4,9.23,24.55,1077.4,21.1,4.73,0.025,0.24,6.82
10,2022,5,11,20,20.9,9.07,20.94,1080.5,29.2,5.34,0.025,0.222,6.68
10,2022,5,12,0,19.2,8.76,11.18,1114.0,26.0,5.28,0.025,0.205,6.63
10,2022,5,12,4,18.4,8.36,7.58,1133.2,28.8,5.28,0.025,0.205,6.63
10,2022,5,12,8,18.1,8.18,7.05,1145.7,21.3,4.97,0.025,0.225,6.82
10,2022,5,12,12,20.8,8.7,17.72,1125.3,26.4,5.06,0.025,0.209,7.12
10,2022,5,12,16,23.2,9.04,23.2,1092.2,57.1,5.16,0.025,0.201,7.15
10,2022,5,16,8,20.1,8.34,8.37,1147.7,17.7,4.81,0.025,0.152,7.59
10,2022,5,16,16,28.0,9.04,20.43,1083.1,22.7,4.96,0.025,0.151,7.4
10,2022,5,16,20,26.6,9.08,15.51,1058.9,35.3,5.03,0.025,0.157,7.38
10,2022,5,17,8,20.7,8.41,7.97,1152.5,22.1,5.04,0.025,0.165,7.46
10,2022,5,17,12,24.7,8.77,19.03,1131.1,24.1,5.02,0.025,0.156,7.42
10,2022,5,17,16,27.6,9.02,19.32,1096.1,25.2,5.05,0.025,0.148,7.36
10,2022,5,17,16,27.6,9.02,19.32,1096.1,25.2,5.04,0.025,0.144,7.03
10,2022,5,17,16,27.6,9.02,19.32,1096.1,25.2,5.04,0.025,0.144,7.03
10,2022,5,17,20,26.3,9.08,22.33,1075.5,35.1,5.1,0.025,0.157,6.99
10,2022,5,18,8,21.7,8.36,7.49,1162.8,23.0,5.02,0.025,0.165,7.38
10,2022,5,18,12,25.0,8.77,19.4,1132.3,25.6,4.99,0.025,0.16,7.4
10,2022,5,18,16,29.2,8.99,24.87,1095.1,27.7,5.03,0.025,0.151,7.27
10,2022,5,18,20,27.5,9.08,23.13,1080.8,26.2,5.22,0.025,0.153,6.95
10,2022,5,19,0,24.5,8.79,9.41,1104.3,25.6,5.23,0.025,0.16,6.29
10,2022,5,19,4,22.9,8.49,6.23,1126.1,23.3,5.12,0.088,0.169,6.9
10,2022,5,19,8,22.4,8.28,6.81,1135.2,20.7,5.05,0.092,0.179,7.31
10,2022,5,19,12,25.9,8.7,19.4,1110.3,34.1,5.07,0.025,0.171,7.27
10,2022,5,19,16,29.0,9.04,25.61,1079.3,21.2,5.21,0.025,0.169,7.26
10,2022,5,19,20,27.5,9.04,22.17,1075.4,27.6,5.24,0.025,0.16,6.98
10,2022,5,20,0,25.3,8.72,8.66,1103.0,19.6,5.24,0.025,0.166,6.96
10,2022,5,20,4,24.0,8.39,5.57,1119.0,20.0,5.24,0.091,0.176,7.12
10,2022,5,20,8,23.6,8.21,6.82,1122.9,16.8,5.11,0.108,0.181,7.3
10,2022,5,20,12,27.4,8.73,21.99,1090.6,20.3,5.08,0.096,0.178,7.13
10,2022,5,20,16,31.4,8.99,26.74,1060.7,26.4,5.09,0.025,0.165,6.96
10,2022,5,20,20,30.1,8.98,23.22,1053.6,29.9,5.26,0.025,0.173,6.87
10,2022,5,21,0,26.9,8.65,8.43,1083.9,22.3,5.25,0.092,0.173,6.52
10,2022,5,21,4,25.2,8.25,4.64,1107.1,23.4,5.24,0.105,0.177,6.94
10,2022,5,21,8,24.7,8.13,6.1,1114.4,21.3,5.14,0.136,0.199,6.89
10,2022,5,21,12,28.8,8.69,21.86,1086.7,22.9,5.11,0.124,0.199,6.76
10,2022,5,21,16,32.6,9.02,26.47,1059.6,22.1,5.08,0.025,0.189,6.56
10,2022,5,21,20,30.6,8.96,21.94,1056.0,33.9,5.21,0.025,0.18,6.45
10,2022,5,22,0,27.8,8.59,7.55,1088.7,29.0,5.34,0.099,0.187,6.53
10,2022,5,22,4,26.1,8.16,3.92,1112.8,29.6,5.41,0.113,0.202,6.65
10,2022,5,22,8,25.3,8.0,5.54,1119.5,31.2,5.21,0.158,0.229,6.95
10,2022,5,22,12,29.2,8.67,21.87,1087.3,35.3,5.07,0.147,0.204,6.88
10,2022,5,22,16,32.8,9.01,25.98,1059.5,38.8,5.44,0.025,0.194,6.58
10,2022,5,22,20,31.4,8.94,21.62,1058.5,68.7,5.43,0.025,0.194,6.49
10,2022,5,23,0,28.4,8.51,6.92,1090.2,54.7,5.53,0.097,0.198,6.39
10,2022,5,23,4,26.6,8.07,3.25,1111.5,52.6,5.42,0.121,0.208,6.47
10,2022,5,23,8,25.7,7.96,5.1,1112.8,49.6,5.34,0.145,0.225,6.54
10,2022,5,23,12,28.7,8.72,21.84,1083.7,57.3,5.48,0.025,0.217,6.38
10,2022,5,23,16,29.3,8.9,24.81,1078.1,53.7,5.84,0.025,0.207,6.36
10,2022,5,24,8,25.3,7.99,4.61,1100.6,79.7,5.85,0.116,0.24,6.94
10,2022,5,24,12,28.2,8.95,26.54,1060.4,82.5,5.69,0.115,0.248,6.77
10,2022,5,24,16,31.4,9.06,28.04,1013.4,107.9,6.74,0.025,0.243,6.75
10,2022,5,24,16,31.4,9.06,28.04,1013.4,107.9,7.12,0.025,0.224,6.67
10,2022,5,24,16,31.4,9.06,28.04,1013.4,107.9,7.12,0.025,0.224,6.67
10,2022,5,25,4,24.5,8.02,3.37,1093.0,87.9,7.12,0.025,0.224,6.67
10,2022,5,25,8,22.7,8.07,6.55,1095.6,82.5,5.91,0.167,0.254,7.07
10,2022,5,25,12,26.8,9.04,25.83,1055.1,88.2,6.1,0.115,0.241,7.0
10,2022,5,25,16,29.9,9.14,27.16,1027.1,107.0,7.31,0.025,0.265,6.9
10,2022,5,25,20,28.3,9.02,22.45,1031.0,108.7,7.61,0.025,0.275,7.07
10,2022,5,26,0,25.4,8.6,7.87,1081.1,98.7,7.1,0.025,0.245,6.85
10,2022,5,26,4,23.1,8.21,3.84,1109.9,83.1,7.1,0.025,0.245,6.85
10,2022,5,26,8,22.7,8.18,6.44,1101.0,78.5,6.04,0.107,0.246,6.94
10,2022,5,26,12,27.3,9.05,26.39,1051.6,92.9,6.15,0.025,0.236,6.81
10,2022,5,26,16,30.8,8.96,27.15,992.4,111.2,7.23,0.025,0.253,6.76
10,2022,5,26,16,30.8,8.96,27.15,992.4,111.2,7.47,0.025,0.237,6.87
10,2022,5,26,16,30.8,8.96,27.15,992.4,111.2,7.47,0.025,0.237,6.87
10,2022,5,27,4,24.1,8.17,4.13,1112.1,91.1,6.66,0.025,0.234,6.81
10,2022,5,27,8,23.6,8.23,7.27,1108.7,91.2,6.51,0.084,0.256,6.87
10,2022,5,27,16,32.1,8.91,28.57,1012.3,148.0,7.7,0.025,0.272,6.63
10,2022,5,27,20,29.6,8.95,22.96,1048.3,167.1,7.55,0.025,0.23,6.45
10,2022,5,28,0,27.0,8.55,7.66,1098.6,163.0,7.43,0.025,0.242,6.58
10,2022,5,28,4,25.4,8.16,4.25,1112.7,161.6,6.67,0.025,0.258,6.78
10,2022,5,28,8,25.0,8.17,7.44,1102.6,131.9,6.35,0.025,0.286,6.71
10,2022,5,28,12,29.2,9.09,29.82,1042.9,165.3,6.48,0.025,0.262,6.56
10,2022,5,29,4,26.8,7.87,3.91,1087.9,61.2,6.86,0.025,0.257,6.74
10,2022,5,29,8,25.9,7.78,4.84,1079.3,42.1,6.64,0.087,0.273,6.99
10,2022,5,29,12,27.2,8.94,24.11,1051.5,57.6,6.56,0.025,0.272,6.83
10,2022,5,29,16,28.1,9.09,27.13,1042.2,70.0,7.71,0.025,0.315,6.96
10,2022,5,29,20,26.7,8.9,22.03,1045.1,78.8,7.92,0.025,0.305,7.16
10,2022,5,30,0,24.3,8.56,8.63,1080.1,61.6,7.43,0.025,0.265,6.99
10,2022,5,30,4,22.2,8.21,5.52,1078.9,53.4,6.79,0.025,0.26,7.04
10,2022,5,30,4,22.2,8.21,5.52,1078.9,53.4,6.53,0.025,0.27,6.95
10,2022,5,30,12,24.3,8.97,25.29,1039.5,36.2,6.84,0.025,0.272,7.0
10,2022,5,31,4,24.6,8.08,5.69,1068.9,52.4,6.62,0.025,0.283,6.8
10,2022,5,31,8,23.8,8.14,9.24,1059.7,49.2,6.89,0.025,0.273,7.1
10,2022,6,1,8,26.6,7.66,23.46,992.2,47.0,6.82,0.025,0.189,6.91
10,2022,6,1,12,26.8,8.15,26.88,991.3,43.9,7.01,0.025,0.208,6.96
10,2022,6,1,16,26.9,8.07,25.44,993.6,49.1,7.36,0.025,0.207,7.0
10,2022,6,1,16,26.9,8.07,25.44,993.6,49.1,7.36,0.025,0.207,7.0
10,2022,6,1,16,26.9,8.07,25.44,993.6,49.1,7.36,0.025,0.207,7.0
10,2022,6,1,16,26.9,8.07,25.44,993.6,49.1,7.36,0.025,0.207,7.0
10,2022,6,2,20,27.2,8.2,12.39,1077.4,32.7,6.96,0.025,0.169,7.44
10,2022,6,3,0,28.3,8.11,15.98,1053.6,22.3,7.19,0.025,0.18,7.52
10,2022,6,3,4,27.9,7.93,19.98,1060.2,20.1,7.19,0.025,0.18,7.52
10,2022,6,3,8,27.2,7.84,17.29,1065.5,24.3,5.83,0.084,0.123,7.17
10,2022,6,3,12,27.7,8.18,23.18,1062.9,27.2,6.29,0.025,0.139,7.37
10,2022,6,3,16,28.0,7.9,19.61,1067.6,28.2,6.91,0.025,0.164,7.51
10,2022,6,3,16,28.0,7.9,19.61,1067.6,28.2,7.27,0.025,0.184,7.51
10,2022,6,3,16,28.0,7.9,19.61,1067.6,28.2,7.27,0.025,0.184,7.51
10,2022,6,4,4,28.0,8.1,22.35,1052.0,26.7,7.27,0.025,0.184,7.51
10,2022,6,4,8,27.6,7.76,17.86,1072.0,33.3,6.42,0.025,0.153,6.92
10,2022,6,4,12,28.1,7.73,19.43,1072.0,34.5,7.39,0.025,0.223,7.24
10,2022,6,4,16,28.5,7.92,17.15,1083.9,33.9,7.58,0.025,0.232,7.27
10,2022,6,4,20,28.8,7.8,13.76,1090.0,39.8,7.65,0.025,0.237,7.33
10,2022,6,5,0,26.9,8.11,13.68,1067.2,37.2,7.66,0.093,0.238,7.44
10,2022,6,5,4,26.5,7.93,11.69,1078.8,32.2,7.66,0.093,0.238,7.44
10,2022,6,5,8,27.6,8.04,14.6,1094.8,31.9,7.03,0.089,0.216,7.44
10,2022,6,5,12,28.8,8.61,19.56,1102.6,32.9,7.18,0.025,0.229,7.56
10,2022,6,5,16,29.1,8.73,22.97,1095.4,34.4,7.42,0.025,0.227,7.45
10,2022,6,5,16,29.1,8.73,22.97,1095.4,34.4,7.82,0.082,0.217,7.15
10,2022,6,5,16,29.1,8.73,22.97,1095.4,34.4,7.82,0.082,0.217,7.15
10,2022,6,6,4,28.0,7.92,20.1,1080.4,42.1,7.82,0.082,0.217,7.15
10,2022,6,6,8,27.5,8.23,15.62,1095.8,44.7,7.16,0.025,0.197,7.31
10,2022,6,6,8,27.5,8.23,15.62,1095.8,44.7,7.16,0.025,0.197,7.31
10,2022,6,6,12,26.7,8.33,11.88,1107.0,51.0,7.38,0.025,0.224,7.21
10,2022,6,6,16,26.3,8.66,19.31,1099.7,52.8,7.39,0.025,0.247,7.33
10,2022,6,6,20,26.2,8.62,18.44,1083.7,42.0,7.73,0.025,0.23,6.93
10,2022,6,7,0,26.2,8.32,21.73,1089.7,55.2,7.03,0.025,0.176,7.04
10,2022,6,7,4,25.9,8.2,14.75,1102.3,61.5,7.03,0.025,0.176,7.04
10,2022,6,7,8,24.4,8.17,11.43,1115.2,62.5,7.5,0.025,0.233,7.67
10,2022,6,7,12,24.7,8.84,20.79,1106.4,56.9,7.58,0.025,0.265,7.87
10,2022,6,7,16,25.9,8.72,25.46,1076.3,76.6,7.95,0.025,0.251,7.73
10,2022,6,7,20,27.5,8.58,26.76,1043.9,88.0,8.09,0.025,0.245,7.65
10,2022,6,8,0,26.6,8.34,18.45,1057.4,98.7,8.03,0.025,0.243,7.81
10,2022,6,8,4,24.6,7.81,8.28,1084.6,90.9,7.95,0.025,0.264,8.1
10,2022,6,8,8,23.5,8.12,9.42,1106.6,83.0,7.67,0.025,0.278,8.28
10,2022,6,8,12,25.0,8.9,22.75,1103.8,99.2,7.36,0.025,0.27,8.16
10,2022,6,8,16,27.1,8.84,27.06,1072.7,109.4,7.99,0.025,0.3,8.2
10,2022,6,8,20,26.6,8.68,24.53,1059.6,120.8,8.16,0.025,0.261,8.02
10,2022,6,9,0,24.9,8.51,16.05,1068.3,115.6,8.12,0.025,0.256,8.07
10,2022,6,9,4,23.5,8.07,9.18,1086.5,113.2,8.12,0.025,0.256,8.07
10,2022,6,9,8,22.9,8.18,10.04,1097.0,103.5,7.39,0.025,0.243,8.02
10,2022,6,9,12,24.5,8.97,18.25,1120.0,64.5,7.2,0.025,0.235,7.88
10,2022,6,9,12,24.5,8.97,18.25,1120.0,64.5,7.81,0.025,0.271,8.06
10,2022,6,9,16,26.4,8.84,24.03,1087.3,77.2,7.85,0.025,0.244,7.87
10,2022,6,9,16,26.4,8.84,24.03,1087.3,77.2,7.85,0.025,0.244,7.87
10,2022,6,9,16,26.4,8.84,24.03,1087.3,77.2,7.85,0.025,0.244,7.87
10,2022,6,10,4,23.6,7.94,8.21,1123.8,83.3,7.21,0.025,0.279,8.01
10,2022,6,10,8,23.1,8.22,9.93,1138.7,79.4,7.21,0.025,0.273,7.93
10,2022,6,10,12,26.8,8.86,22.84,1122.2,96.5,7.55,0.025,0.295,7.92
10,2022,6,10,16,29.4,8.82,26.7,1086.9,110.6,7.88,0.025,0.29,7.93
10,2022,6,10,16,29.4,8.82,26.7,1086.9,110.6,7.88,0.025,0.29,7.93
10,2022,6,10,16,29.4,8.82,26.7,1086.9,110.6,7.88,0.025,0.29,7.93
10,2022,6,11,4,24.7,7.82,7.1,1110.7,100.1,6.91,0.025,0.277,7.99
10,2022,6,11,8,24.0,7.96,7.62,1132.1,88.6,6.61,0.025,0.278,7.67
10,2022,6,11,12,25.4,8.59,15.88,1135.7,110.5,7.19,0.025,0.299,7.97
10,2022,6,11,16,27.4,8.83,24.91,1113.6,126.7,7.7,0.025,0.296,8.05
10,2022,6,11,16,27.4,8.83,24.91,1113.6,126.7,7.7,0.025,0.296,8.05
10,2022,6,11,16,27.4,8.83,24.91,1113.6,126.7,7.7,0.025,0.296,8.05
10,2022,6,12,4,23.6,7.96,5.84,1089.5,96.5,6.56,0.113,0.266,7.39
10,2022,6,12,8,23.3,7.94,5.17,1094.3,78.5,6.29,0.103,0.243,7.18
10,2022,6,12,12,23.6,8.21,7.74,1090.6,71.3,6.19,0.025,0.241,7.14
10,2022,6,12,16,23.9,8.46,10.37,1091.5,70.9,6.3,0.084,0.217,6.68
10,2022,6,12,16,23.9,8.46,10.37,1091.5,70.9,6.3,0.084,0.217,6.68
10,2022,6,12,16,23.9,8.46,10.37,1091.5,70.9,6.3,0.084,0.217,6.68
10,2022,6,13,4,24.6,8.36,9.15,1039.0,133.7,6.61,0.188,0.235,6.9
10,2022,6,13,8,23.6,8.19,4.77,1070.1,165.8,6.33,0.524,0.271,7.36
10,2022,6,13,12,22.4,8.1,4.96,977.2,177.4,5.95,0.641,0.278,7.26
10,2022,6,13,16,23.5,8.25,6.67,922.2,197.9,5.69,0.737,0.269,7.05
10,2022,6,13,20,23.8,8.1,5.98,880.5,230.7,5.86,0.874,0.339,6.64
10,2022,6,14,0,23.5,8.04,4.77,904.0,264.6,5.86,0.874,0.339,6.64
10,2022,6,14,4,23.0,7.84,2.66,902.2,284.8,6.81,2.259,0.539,6.91
10,2022,6,14,8,22.5,7.74,1.6,874.1,299.7,6.95,0.793,0.667,8.52
10,2022,6,14,12,23.2,7.74,2.73,805.0,292.9,6.71,0.793,0.716,8.92
10,2022,6,14,16,25.8,7.79,4.43,783.9,334.3,6.87,0.793,0.637,9.66
10,2022,6,14,16,25.8,7.79,4.43,783.9,334.3,6.87,0.793,0.637,9.66
10,2022,6,14,16,25.8,7.79,4.43,783.9,334.3,6.87,0.793,0.637,9.66
10,2022,6,15,4,23.2,7.78,3.51,752.0,146.4,7.07,0.793,0.593,8.53
10,2022,6,15,8,23.1,7.72,3.0,726.5,138.2,7.07,0.793,0.593,8.53
10,2022,6,15,12,25.2,7.88,6.34,724.8,117.1,6.83,0.486,0.556,8.2
10,2022,6,15,16,27.9,8.28,10.31,730.6,118.2,6.48,4.671,0.51,7.71
10,2022,6,15,20,27.2,8.38,9.7,741.8,156.9,6.63,4.671,0.475,7.57
10,2022,6,16,0,25.5,8.11,6.93,764.0,122.0,7.2,2.627,0.514,7.69
10,2022,6,16,4,24.6,7.94,5.64,786.9,130.8,7.2,2.627,0.514,7.69
10,2022,6,16,8,24.6,7.96,6.03,804.3,134.2,6.54,2.188,0.497,7.59
10,2022,6,16,12,27.4,8.49,12.34,811.0,116.9,6.54,1.89,0.465,6.85
10,2022,6,16,16,30.4,8.9,22.27,812.8,112.8,6.54,1.336,0.452,6.73
10,2022,6,16,20,28.9,8.83,15.68,826.3,154.4,8.46,0.938,0.431,6.41
10,2022,6,17,0,27.2,8.6,7.74,848.3,141.9,8.27,0.845,0.48,6.73
10,2022,6,17,4,25.9,8.34,5.33,864.5,133.0,8.27,0.845,0.48,6.73
10,2022,6,17,8,25.6,8.07,6.34,881.4,117.4,7.8,0.666,0.464,6.52
10,2022,6,17,12,28.6,8.66,17.25,885.8,117.0,7.42,0.521,0.406,6.4
10,2022,6,17,16,31.1,9.01,26.9,876.7,138.3,7.83,0.025,0.388,6.31
10,2022,6,17,16,31.1,9.01,26.9,876.7,138.3,8.38,0.025,0.38,6.35
10,2022,6,17,16,31.1,9.01,26.9,876.7,138.3,8.38,0.025,0.38,6.35
10,2022,6,18,4,26.2,8.27,5.11,962.2,124.6,8.38,0.025,0.38,6.35
10,2022,6,18,8,26.0,8.07,5.6,974.3,120.1,6.96,0.025,0.375,6.39
10,2022,6,18,12,29.8,8.69,18.04,960.4,116.2,6.74,0.188,0.339,6.37
10,2022,6,18,16,33.2,8.81,25.11,927.2,119.3,7.24,0.025,0.317,6.0
10,2022,6,18,20,31.4,8.67,17.68,939.6,186.4,7.74,0.025,0.296,5.93
10,2022,6,19,0,29.0,8.57,6.81,968.5,158.4,7.57,0.025,0.33,6.41
10,2022,6,19,4,27.4,8.26,4.06,980.0,164.1,7.57,0.025,0.33,6.41
10,2022,6,19,8,27.1,7.93,4.18,996.9,149.3,6.75,0.027,0.351,6.55
10,2022,6,19,12,30.5,8.59,13.85,993.7,137.7,6.43,0.025,0.311,6.34
10,2022,6,19,16,33.4,8.81,22.68,973.3,182.7,6.77,0.025,0.285,6.24
10,2022,6,19,16,33.4,8.81,22.68,973.3,182.7,6.77,0.025,0.285,6.24
10,2022,6,19,16,33.4,8.81,22.68,973.3,182.7,6.77,0.025,0.285,6.24
10,2022,6,20,4,28.2,8.08,2.05,1014.5,255.2,6.77,0.025,0.285,6.24
10,2022,6,20,8,27.7,7.81,2.56,1018.4,206.7,6.33,0.025,0.322,6.66
10,2022,6,20,12,31.2,8.39,11.93,1006.2,176.8,6.15,0.025,0.278,6.45
10,2022,6,20,16,34.6,8.6,18.8,989.3,159.7,6.49,0.025,0.26,6.18
10,2022,6,20,20,33.4,8.37,15.69,993.8,141.4,6.72,0.028,0.264,6.38
10,2022,6,21,0,31.2,8.09,6.41,1012.6,138.5,6.75,0.025,0.309,6.7
10,2022,6,21,4,29.6,7.81,3.57,1015.6,148.7,6.75,0.025,0.309,6.7
10,2022,6,21,8,29.2,7.6,4.33,1012.1,100.3,6.15,0.025,0.344,6.67
10,2022,6,21,12,32.6,7.9,15.4,1000.4,70.8,5.95,0.025,0.262,6.18
10,2022,6,22,8,29.1,7.81,2.89,995.5,75.7,5.99,0.025,0.259,6.27
10,2022,6,22,12,29.1,7.82,4.38,998.0,71.8,6.0,0.025,0.234,5.85
10,2022,6,22,16,28.8,7.89,6.82,1016.1,67.9,5.91,0.025,0.236,5.93
10,2022,6,22,16,28.8,7.89,6.82,1016.1,67.9,5.91,0.025,0.236,5.93
10,2022,6,22,16,28.8,7.89,6.82,1016.1,67.9,5.91,0.025,0.236,5.93
10,2022,6,23,4,28.0,7.59,5.85,1034.5,95.8,5.91,0.025,0.236,5.93
10,2022,6,23,8,27.9,7.6,6.07,1035.3,88.1,5.42,0.025,0.21,5.67
10,2022,6,23,12,28.6,8.33,13.55,1032.3,30.8,5.29,0.025,0.204,5.81
10,2022,6,23,16,28.9,8.49,12.87,1083.3,31.6,6.2,0.025,0.245,5.75
10,2022,7,4,12,25.9,7.65,0.91,335.8,173.6,5.56,2.569,0.47,7.58
10,2022,7,4,16,26.7,7.61,1.24,347.2,156.8,5.56,2.569,0.47,7.58
10,2022,7,11,8,26.8,7.86,4.3,911.2,33.5,5.28,0.358,0.292,6.14
10,2022,7,11,12,28.7,8.33,11.66,907.4,43.1,5.2,0.501,0.296,5.97
10,2022,7,11,16,29.0,8.38,11.3,906.4,47.8,5.1,0.605,0.289,6.32
10,2022,7,13,8,25.8,7.67,2.61,818.8,41.5,5.19,1.064,0.304,6.36
10,2022,7,13,12,29.5,8.02,8.91,828.9,51.6,5.18,1.243,0.32,6.62
10,2022,7,13,16,32.8,8.17,10.14,838.0,46.9,5.27,1.069,0.337,5.94
10,2022,7,18,12,33.3,8.8,22.71,982.9,58.9,4.76,0.025,0.197,5.52
10,2022,7,18,16,36.9,9.01,26.47,956.8,79.2,5.28,0.025,0.211,5.49
10,2022,7,19,16,33.7,8.96,25.17,993.3,83.6,5.14,0.025,0.217,5.67
10,2022,7,20,12,32.7,8.66,21.24,1028.2,68.7,4.67,0.025,0.192,5.76
10,2022,7,20,16,35.9,8.93,25.72,1010.3,80.9,4.88,0.025,0.207,5.48
10,2022,7,21,8,28.0,7.9,3.4,1040.5,76.0,4.65,0.025,0.173,5.49
10,2022,7,21,12,31.4,8.53,18.36,1019.1,100.6,4.83,0.025,0.187,5.32
10,2022,7,22,8,28.5,7.83,2.72,1044.3,159.6,4.78,0.217,0.197,5.28
10,2022,7,22,12,30.7,8.32,13.7,1033.5,185.8,4.75,0.177,0.186,5.11
10,2022,7,22,16,32.4,8.59,18.56,1017.5,195.3,4.92,0.025,0.2,4.73
10,2022,7,22,16,32.4,8.59,18.56,1017.5,195.3,4.92,0.025,0.2,4.73
10,2022,7,23,4,27.2,7.85,1.87,1017.6,170.1,4.92,0.025,0.2,4.73
10,2022,7,23,8,27.3,7.83,3.18,1018.6,145.1,4.62,0.264,0.201,5.31
10,2022,7,23,12,31.5,8.26,14.65,1010.9,136.6,4.59,0.217,0.198,5.01
10,2022,7,23,16,35.3,8.57,19.91,993.0,136.8,4.55,0.025,0.201,4.63
10,2022,7,23,20,33.8,8.53,11.09,1007.1,72.7,5.03,0.025,0.227,4.83
10,2022,7,24,0,30.5,8.17,6.31,1030.0,70.8,5.08,0.025,0.229,5.29
10,2022,7,24,4,28.8,8.06,4.38,1047.9,77.3,4.8,0.025,0.218,5.6
10,2022,7,24,8,28.3,7.89,3.95,1042.0,42.7,4.79,0.025,0.241,5.11
10,2022,7,24,12,31.5,8.18,13.89,995.9,57.7,4.73,0.025,0.25,5.19
10,2022,7,24,16,34.8,8.58,20.72,948.1,56.5,4.94,0.025,0.257,5.46
10,2022,7,24,20,33.5,8.58,13.3,935.0,73.2,4.92,0.025,0.249,5.62
10,2022,7,25,0,30.9,8.29,5.01,928.9,66.5,5.01,0.249,0.255,5.9
10,2022,7,25,4,29.0,8.03,2.82,900.5,58.4,5.03,0.518,0.269,5.94
10,2022,7,25,12,31.8,8.47,14.46,827.8,57.6,5.12,1.023,0.259,5.47
10,2022,7,25,16,34.6,8.86,21.65,818.7,58.8,5.66,0.799,0.297,5.2
10,2022,7,25,16,34.6,8.86,21.65,818.7,58.8,5.66,0.513,0.281,5.09
10,2022,7,25,16,34.6,8.86,21.65,818.7,58.8,5.66,0.513,0.281,5.09
10,2022,7,26,4,29.0,7.98,2.35,917.7,54.5,5.66,0.513,0.281,5.09
10,2022,7,26,8,28.5,7.87,2.97,941.1,44.8,5.58,0.561,0.312,5.94
10,2022,7,26,12,31.6,8.45,14.03,935.8,72.4,5.38,0.507,0.308,5.81
10,2022,7,26,16,33.6,8.86,20.09,922.0,71.3,5.63,0.198,0.302,5.68
10,2022,7,26,20,32.4,8.81,13.7,930.1,84.4,5.77,0.025,0.288,5.66
10,2022,7,27,0,30.1,8.43,5.4,957.5,75.7,5.77,0.025,0.296,6.01
10,2022,7,27,4,28.5,8.02,3.33,974.8,65.4,5.53,0.16,0.291,5.8
10,2022,7,27,8,27.9,7.88,3.13,982.5,57.2,5.23,0.229,0.28,5.59
10,2022,7,27,12,29.2,8.2,8.62,978.8,73.8,5.07,0.242,0.272,5.42
10,2022,7,27,16,28.5,7.82,2.7,982.9,46.6,5.25,0.025,0.26,5.35
10,2022,7,27,20,28.3,7.63,0.04,969.3,26.4,6.86,0.025,0.282,5.46
10,2022,7,27,20,28.3,7.63,0.04,969.3,26.4,7.75,0.025,0.297,5.2
10,2022,7,28,0,29.4,8.29,8.71,971.4,47.8,5.13,0.028,0.232,5.09
10,2022,7,28,8,26.6,7.77,1.37,972.1,20.8,4.95,0.268,0.28,5.39
10,2022,11,1,12,11.9,8.28,10.33,1263.7,24.6,3.55,0.071,0.112,9.32
10,2022,11,1,16,13.7,8.89,15.8,1245.7,30.6,3.56,0.038,0.116,9.37
10,2022,11,2,12,13.3,8.29,9.88,1266.1,26.3,3.55,0.046,0.096,9.43
10,2022,11,2,20,14.7,8.89,13.98,1245.0,32.3,3.75,0.031,0.104,9.09
10,2022,11,3,0,14.4,8.72,11.34,1251.1,36.0,3.78,0.044,0.114,9.44
10,2022,11,3,4,13.8,8.52,9.47,1261.6,29.5,3.74,0.05,0.104,9.96
10,2022,11,3,12,13.0,8.46,10.87,1263.0,23.1,3.64,0.042,0.096,9.92
10,2022,11,3,16,14.3,9.02,16.98,1241.4,25.9,3.52,0.037,0.095,9.76
10,2022,11,3,20,13.8,9.03,16.04,1237.9,22.7,3.59,0.038,0.102,9.68
10,2022,11,4,0,12.9,8.92,13.64,1245.4,27.3,3.72,0.038,0.111,9.82
10,2022,11,4,4,12.1,8.78,11.62,1260.1,22.3,3.72,0.032,0.111,9.82
10,2022,11,4,8,11.3,8.56,9.89,1276.3,25.1,3.47,0.025,0.091,9.25
10,2022,11,4,12,11.2,8.29,8.57,1283.2,19.0,3.52,0.025,0.088,9.15
10,2022,11,4,16,11.3,8.3,9.41,1280.8,18.2,3.53,0.025,0.084,5.95
10,2022,11,4,20,11.7,8.56,12.26,1273.1,16.6,3.5,0.086,0.089,9.4
10,2022,11,5,0,12.4,8.99,17.09,1252.7,17.2,3.6,0.086,0.111,9.78
10,2022,11,5,4,12.4,9.04,17.12,1241.4,15.7,3.6,0.037,0.111,9.78
10,2022,11,5,8,11.9,8.96,15.66,1241.1,15.7,3.47,0.025,0.091,9.53
10,2022,11,5,12,12.0,8.89,14.51,1245.0,19.0,3.47,0.025,0.075,10.1
10,2022,11,5,16,11.9,8.69,11.66,1256.1,18.2,3.44,0.025,0.077,9.83
10,2022,11,5,20,11.7,8.39,9.7,1266.2,15.4,3.41,0.04,0.075,9.8
10,2022,11,6,0,12.6,8.94,16.77,1241.3,15.7,3.39,0.04,0.077,9.62
10,2022,11,6,4,12.4,8.86,13.77,1238.2,19.7,3.39,0.031,0.077,9.62
10,2022,11,6,8,11.4,8.38,8.71,1262.2,24.8,3.54,0.04,0.078,9.86
10,2022,11,6,12,11.7,8.48,10.76,1263.6,22.8,3.58,0.038,0.083,9.63
10,2022,11,6,16,12.3,8.88,14.93,1257.2,16.4,3.49,0.031,0.082,9.66
10,2022,11,6,20,12.0,8.91,14.16,1262.8,21.0,3.43,0.034,0.078,9.34
10,2022,11,7,0,11.4,8.78,11.88,1269.9,22.4,3.46,0.034,0.079,9.89
10,2022,11,7,4,10.7,8.57,9.84,1277.7,21.1,3.46,0.037,0.079,9.89
10,2022,11,7,8,10.2,8.31,8.51,1277.6,15.9,3.38,0.042,0.074,9.83
10,2022,11,7,12,10.8,8.6,11.99,1265.2,17.9,3.34,0.039,0.077,9.83
10,2022,11,7,16,12.3,9.1,18.16,1239.6,19.1,3.44,0.032,0.082,8.35
10,2022,11,7,20,12.1,9.08,17.45,1231.2,19.8,3.41,0.031,0.083,8.35
10,2022,11,8,0,11.4,8.95,14.79,1234.0,14.1,3.47,0.031,0.075,8.6
10,2022,11,8,4,10.8,8.83,12.35,1240.9,19.0,3.47,0.03,0.075,8.6
10,2022,11,8,8,10.2,8.56,9.88,1254.0,15.9,3.33,0.031,0.063,8.79
10,2022,11,8,12,10.1,8.37,9.35,1254.2,13.1,3.27,0.025,0.064,8.73
10,2022,11,8,16,11.7,8.95,14.01,1230.0,13.1,3.34,0.025,0.069,8.74
10,2022,11,8,20,12.1,9.05,13.22,1214.6,15.2,3.4,0.031,0.071,8.75
10,2022,11,9,0,11.5,8.84,12.23,1222.2,15.5,3.41,0.031,0.07,8.89
10,2022,11,9,4,10.9,8.6,10.94,1243.3,14.5,3.41,0.035,0.07,8.89
10,2022,11,9,8,10.3,8.25,8.52,1258.0,16.0,3.38,0.04,0.069,8.98
10,2022,11,9,12,11.0,8.49,11.96,1254.4,14.7,3.45,0.034,0.071,8.9
10,2022,11,9,16,12.1,8.94,15.38,1237.4,12.8,3.45,0.036,0.07,9.03
10,2022,11,9,16,12.1,8.94,15.38,1237.4,12.8,3.41,0.036,0.071,9.05
10,2022,11,9,16,12.1,8.94,15.38,1237.4,12.8,3.41,0.036,0.071,9.05
10,2022,11,10,4,12.4,8.53,10.16,1243.9,21.9,3.41,0.033,0.071,9.05
10,2022,11,10,8,12.0,8.4,9.23,1247.5,16.2,3.51,0.039,0.07,9.28
10,2022,11,10,12,12.3,8.28,8.55,1248.7,12.5,3.63,0.032,0.069,9.24
10,2022,11,10,16,12.5,8.33,9.5,1245.8,12.6,3.43,0.025,0.066,9.18
10,2022,11,10,20,12.7,8.74,14.53,1238.4,11.2,3.52,0.034,0.066,9.18
10,2022,11,11,0,13.3,9.01,18.05,1223.0,12.3,3.38,0.034,0.071,9.01
10,2022,11,11,4,13.4,8.96,16.94,1218.4,11.8,3.38,0.035,0.071,9.01
10,2022,11,11,8,13.4,8.8,13.85,1224.5,12.3,3.37,0.032,0.066,9.17
10,2022,11,11,12,13.3,8.48,9.9,1236.6,13.8,3.41,0.04,0.066,9.21
10,2022,11,11,16,13.2,8.2,7.55,1237.4,12.2,3.51,0.052,0.067,9.18
10,2022,11,11,20,13.3,8.21,7.87,1234.4,13.2,3.38,0.052,0.069,9.0
10,2022,11,12,0,13.5,8.29,8.66,1220.1,17.6,3.46,0.052,0.071,8.88
10,2022,11,12,4,13.4,8.26,8.43,1185.7,18.8,3.46,0.23,0.071,8.88
10,2022,11,12,8,12.9,8.23,8.13,1180.9,21.9,3.37,0.25,0.086,8.99
10,2022,11,12,12,12.6,8.26,8.53,1185.3,18.2,3.5,0.24,0.097,8.91
10,2022,11,12,16,12.6,8.46,10.6,1186.7,16.0,3.45,0.173,0.097,8.93
10,2022,11,12,20,12.2,8.68,12.81,1188.6,15.4,3.36,0.139,0.097,8.91
10,2022,11,13,0,11.8,8.41,9.89,1190.2,15.0,3.45,0.139,0.098,8.87
10,2022,11,13,4,11.8,8.25,8.35,1184.2,15.6,3.45,0.289,0.098,8.87
10,2022,11,13,8,11.6,8.21,7.9,1181.3,17.3,3.44,0.359,0.1,8.94
10,2022,11,13,12,11.0,8.83,13.71,1202.2,12.3,3.6,0.087,0.107,9.0
10,2022,11,13,16,10.7,8.41,9.96,1196.1,13.9,3.55,0.152,0.095,9.02
10,2022,11,13,20,11.0,8.86,14.81,1211.0,19.4,3.45,0.085,0.098,9.06
10,2022,11,14,0,10.6,8.92,13.5,1214.9,17.5,3.53,0.085,0.102,9.05
10,2022,11,14,4,9.9,8.54,10.55,1215.5,19.4,3.53,0.193,0.102,9.05
10,2022,11,14,8,9.0,8.13,8.06,1216.3,15.4,3.56,0.43,0.095,8.93
10,2022,11,14,12,9.8,8.41,11.47,1219.2,13.9,3.62,0.4,0.102,8.79
10,2022,11,14,16,11.3,9.06,18.46,1206.9,15.8,3.59,0.218,0.112,8.84
10,2022,11,14,16,11.3,9.06,18.46,1206.9,15.8,3.59,0.218,0.112,8.84
10,2022,11,14,20,11.3,8.95,15.67,1152.4,23.6,3.87,0.222,0.12,8.68
10,2022,11,15,0,10.7,8.44,10.83,1102.2,25.0,3.87,0.222,0.12,8.68
10,2022,11,15,4,9.7,8.13,8.45,1116.9,17.8,3.77,0.457,0.117,9.1
10,2022,11,15,8,9.0,7.96,7.11,1106.2,16.8,3.87,0.609,0.117,9.13
10,2022,11,15,12,10.0,8.14,10.96,1095.8,18.5,4.18,0.813,0.129,9.31
10,2022,11,15,16,11.8,8.62,14.79,1041.7,42.2,4.84,1.701,0.197,9.66
10,2022,11,16,12,10.3,8.02,9.4,1005.2,24.4,4.66,2.173,0.217,9.72
10,2022,11,16,16,11.4,8.59,14.71,1008.0,19.1,4.63,2.15,0.213,9.38
10,2022,11,16,20,11.0,8.37,12.02,1025.5,23.5,4.59,1.872,0.203,9.4
10,2022,11,17,0,10.2,8.15,9.77,1037.6,17.8,4.44,1.664,0.189,8.41
10,2022,11,17,4,9.5,8.01,8.37,1046.3,17.0,4.29,1.49,0.172,9.01
10,2022,11,17,8,9.0,7.95,7.63,1054.2,17.0,4.34,1.374,0.161,9.01
10,2022,11,17,12,9.8,8.3,11.57,1057.5,19.5,4.25,1.211,0.152,8.79
10,2022,11,17,20,11.0,9.05,16.91,1045.6,18.8,4.0,0.563,0.12,8.23
10,2022,11,18,0,10.4,8.73,12.77,1059.3,19.0,3.89,0.425,0.114,7.89
10,2022,11,18,4,9.9,8.36,9.98,1073.3,17.6,3.68,0.36,0.1,8.08
10,2022,11,18,8,9.4,8.04,8.49,1086.2,13.2,3.52,0.365,0.088,8.21
10,2022,11,18,12,10.2,8.37,11.98,1084.4,11.9,3.59,0.37,0.083,8.19
10,2022,11,18,16,11.2,9.06,18.4,1073.3,13.8,3.47,0.285,0.077,8.34
10,2022,11,18,20,11.1,9.03,16.64,1078.5,18.0,3.53,0.157,0.081,8.57
10,2022,11,19,0,10.9,8.75,13.05,1089.0,18.6,3.6,0.121,0.082,8.55
10,2022,11,19,4,10.8,8.41,9.94,1098.7,12.4,3.56,0.113,0.074,8.48
10,2022,11,19,8,10.7,8.14,8.11,1111.5,14.6,3.41,0.097,0.067,8.43
10,2022,11,19,12,11.4,8.2,9.66,1122.2,11.3,3.42,0.09,0.062,8.29
10,2022,11,19,16,12.4,9.18,21.1,1111.4,12.0,3.33,0.079,0.058,8.23
10,2022,11,19,20,12.1,9.18,21.53,1107.0,14.9,3.4,0.053,0.058,8.29
10,2022,11,19,20,12.1,9.18,21.53,1107.0,14.9,3.4,0.053,0.058,8.29
10,2022,11,20,4,10.8,8.46,10.16,1166.7,18.2,3.54,0.042,0.062,8.49
10,2022,11,20,8,10.7,8.1,7.75,1167.7,14.8,3.45,0.039,0.067,8.54
10,2022,11,20,12,11.0,8.21,9.71,1170.3,12.3,3.56,0.042,0.069,8.5
10,2022,11,20,16,11.3,8.55,12.82,1169.0,12.4,3.46,0.038,0.065,8.42
10,2022,11,20,20,11.4,8.49,11.32,1169.0,17.3,3.42,0.043,0.067,8.52
10,2022,11,21,0,11.2,8.25,9.1,1173.8,19.6,3.56,0.045,0.074,8.67
10,2022,11,21,4,10.8,8.13,8.03,1180.0,16.3,3.44,0.077,0.075,8.77
10,2022,11,21,12,10.6,8.48,12.54,1187.1,10.6,3.35,0.099,0.078,8.48
10,2022,11,21,16,11.7,9.21,21.97,1163.9,10.8,3.35,0.037,0.079,8.45
10,2022,11,21,20,11.8,9.1,18.64,1161.6,19.8,3.57,0.032,0.085,8.79
10,2022,11,22,0,11.4,8.73,12.51,1187.0,21.7,3.57,0.032,0.085,8.79
10,2022,11,22,4,10.8,8.28,8.99,1198.4,19.9,3.46,0.035,0.082,8.8
10,2022,11,22,8,10.3,8.06,7.61,1201.6,16.7,3.48,0.039,0.078,8.71
10,2022,11,22,12,11.1,8.49,12.47,1186.2,12.2,3.38,0.039,0.082,8.46
10,2022,11,22,16,12.0,9.06,19.06,1176.6,17.1,3.41,0.037,0.077,8.72
10,2022,11,22,20,11.5,8.94,13.97,1182.9,17.9,3.45,0.037,0.082,8.53
10,2022,11,23,0,10.8,8.57,11.77,1199.0,20.1,3.45,0.037,0.082,8.53
10,2022,11,23,4,10.0,8.17,8.97,1209.1,15.7,3.44,0.104,0.078,8.43
10,2022,11,23,8,9.3,7.98,8.97,1216.0,10.6,3.41,0.179,0.08,8.46
10,2022,11,23,12,10.1,8.4,12.44,1208.1,9.2,3.41,0.14,0.084,8.49
10,2022,11,23,16,11.6,9.12,18.14,1180.0,10.8,3.44,0.058,0.092,8.51
10,2022,11,23,20,11.3,9.03,17.99,1178.8,15.7,3.56,0.046,0.092,8.35
10,2022,11,24,0,10.7,8.74,12.73,1185.7,17.5,3.56,0.046,0.092,8.35
10,2022,11,24,4,10.4,8.34,9.26,1193.9,15.4,3.41,0.093,0.085,8.44
10,2022,11,24,8,10.2,8.05,7.39,1198.1,14.1,3.45,0.135,0.085,8.53
10,2022,11,24,12,10.5,8.14,8.79,1198.7,12.5,3.63,0.12,0.081,8.68
10,2022,11,24,16,11.0,8.49,12.19,1195.8,12.3,3.62,0.109,0.093,8.78
10,2022,11,24,20,10.9,8.5,11.47,1199.4,19.0,3.62,0.109,0.093,8.78
10,2022,11,25,0,11.1,8.34,9.66,1215.4,46.5,3.62,0.109,0.093,8.78
10,2022,11,25,4,10.8,8.13,8.12,1188.7,43.4,4.02,0.294,0.162,8.79
10,2022,11,25,8,9.7,8.08,7.74,1185.6,24.1,3.79,0.643,0.165,9.05
10,2022,11,25,12,9.9,8.3,10.54,1194.3,20.9,3.85,0.53,0.159,8.95
10,2022,11,25,12,9.9,8.3,10.54,1194.3,20.9,3.85,0.53,0.159,8.95
10,2022,11,25,16,9.7,8.81,14.95,1191.3,12.8,3.82,0.351,0.153,8.48
10,2022,11,25,20,9.1,9.07,16.21,1190.5,11.6,3.89,0.256,0.158,8.61
10,2022,11,26,0,7.6,9.21,15.75,1195.3,10.1,3.89,0.256,0.158,8.61
10,2022,11,26,4,5.7,8.91,11.3,1218.1,9.6,3.6,0.104,0.135,8.37
10,2022,11,26,8,4.9,8.68,9.75,1249.1,12.8,3.66,0.104,0.136,8.53
10,2022,11,26,12,5.4,8.51,10.89,1276.5,13.0,3.55,0.059,0.105,8.66
10,2022,11,26,16,6.3,8.99,17.19,1259.4,10.4,3.55,0.059,0.105,8.66
10,2022,11,28,8,8.7,8.17,7.9,1259.0,8.3,3.42,0.047,0.073,8.95
10,2022,11,28,12,9.2,8.36,10.42,1256.2,10.6,3.44,0.065,0.076,8.9
10,2022,11,28,16,10.0,8.95,16.47,1241.1,6.8,3.42,0.05,0.081,8.85
10,2022,11,29,8,3.4,8.36,9.87,1311.6,6.9,3.31,0.069,0.079,9.2
10,2022,11,29,12,3.4,8.6,12.48,1310.1,7.6,3.48,0.064,0.081,9.21
10,2022,11,29,16,3.7,8.97,15.63,1296.5,6.9,3.47,0.048,0.082,9.23
10,2022,11,29,20,2.7,9.04,14.99,1308.8,6.7,3.33,0.041,0.081,9.32
10,2022,11,30,0,2.0,8.98,13.56,1318.9,6.1,3.35,0.041,0.081,9.32
10,2022,11,30,4,1.5,8.76,11.97,1334.3,7.3,3.32,0.052,0.086,9.28
10,2022,11,30,8,1.2,8.5,11.0,1346.1,6.6,3.32,0.078,0.084,9.49
10,2022,11,30,12,1.4,8.6,12.67,1339.3,6.2,3.32,0.075,0.085,9.45
10,2022,11,30,16,2.7,8.92,15.71,1316.7,5.9,3.26,0.067,0.085,9.42
10,2022,11,30,20,2.9,9.03,15.39,1307.8,4.5,3.22,0.056,0.085,9.42
10,2022,12,1,0,2.4,9.01,13.95,1315.5,4.6,3.21,0.056,0.085,9.42
10,2022,12,1,4,1.6,8.77,12.3,1331.0,5.4,3.22,0.051,0.085,9.57
10,2022,12,1,12,1.6,8.57,12.58,1328.4,7.1,3.12,0.077,0.09,9.59
10,2022,12,1,16,3.0,8.84,15.78,1304.6,4.3,3.23,0.061,0.09,9.55
10,2022,12,2,0,2.2,8.91,14.16,1313.2,5.7,3.06,0.048,0.086,9.58
10,2022,12,2,4,1.5,8.67,12.57,1328.5,5.4,3.0,0.06,0.089,9.69
10,2022,12,2,8,1.1,8.44,11.43,1339.9,5.9,3.05,0.089,0.093,9.74
10,2022,12,2,12,1.3,8.59,13.07,1326.0,5.8,3.06,0.093,0.098,9.63
10,2022,12,2,16,2.4,8.86,15.81,1308.7,4.2,3.0,0.085,0.097,9.49
10,2022,12,2,20,2.2,8.93,15.43,1313.3,3.2,3.0,0.09,0.096,9.4
10,2022,12,3,0,1.6,8.86,14.2,1326.3,4.3,3.04,0.09,0.096,9.4
10,2022,12,3,4,1.1,8.64,12.65,1341.6,5.5,3.11,0.147,0.096,9.57
10,2022,12,3,8,1.0,8.47,11.7,1349.9,5.2,3.19,0.182,0.1,9.69
10,2022,12,3,12,1.3,8.54,12.81,1338.7,5.9,3.13,0.184,0.101,9.68
10,2022,12,3,16,2.2,8.85,15.81,1320.3,3.9,3.14,0.173,0.104,9.74
10,2022,12,3,20,2.1,8.89,15.34,1324.0,3.5,3.16,0.158,0.105,9.7
10,2022,12,4,0,1.4,8.81,13.96,1340.6,3.7,3.14,0.158,0.105,9.7
10,2022,12,4,0,1.4,8.81,13.96,1340.6,3.7,3.11,0.139,0.105,9.83
10,2022,12,4,12,1.1,8.54,13.02,1368.5,7.3,3.24,0.155,0.106,10.43
10,2022,12,4,16,1.1,8.78,14.77,1334.3,6.5,3.22,0.137,0.106,10.43
10,2022,12,4,20,1.5,8.9,15.28,1328.3,4.3,3.25,0.104,0.102,10.29
10,2022,12,5,0,1.4,8.86,14.29,1336.7,4.5,3.14,0.104,0.102,10.29
10,2022,12,5,4,1.1,8.66,12.8,1350.3,5.9,3.12,0.103,0.098,10.39
10,2022,12,5,8,1.0,8.43,11.79,1365.5,7.2,3.26,0.129,0.102,10.33
10,2022,12,5,12,1.2,8.51,12.82,1348.3,11.6,3.21,0.131,0.105,10.42
10,2022,12,5,16,1.9,8.8,15.23,1320.0,7.3,3.21,0.109,0.105,10.19
10,2022,12,6,0,2.3,8.56,12.83,1362.1,7.6,3.23,0.144,0.114,10.27
10,2022,12,6,4,1.5,8.38,11.6,1364.2,6.5,3.43,0.244,0.143,10.76
10,2022,12,6,8,1.1,8.34,11.41,1354.2,7.4,3.29,0.292,0.144,10.87
10,2022,12,6,12,2.0,8.49,13.17,1332.7,7.3,3.22,0.296,0.139,10.95
10,2022,12,6,16,3.3,8.73,15.41,1309.0,5.9,3.22,0.287,0.135,10.88
10,2022,12,6,20,3.1,8.78,14.9,1302.5,5.0,3.14,0.251,0.135,10.91
10,2022,12,7,0,2.7,8.68,13.26,1306.7,5.8,3.15,0.251,0.135,10.91
10,2022,12,7,4,1.9,8.39,11.35,1323.2,6.9,3.06,0.314,0.128,11.07
10,2022,12,7,8,1.4,8.3,11.02,1330.3,8.9,3.15,0.369,0.136,11.08
10,2022,12,7,12,2.3,8.46,12.93,1318.6,8.8,3.15,0.337,0.134,11.03
10,2022,12,7,16,3.8,8.78,15.97,1287.5,7.4,3.3,0.296,0.126,10.99
10,2022,12,7,20,3.8,8.85,15.47,1281.5,6.7,3.17,0.232,0.118,10.92
10,2022,12,8,0,3.4,8.78,13.68,1283.5,7.8,3.2,0.232,0.118,10.92
10,2022,12,8,4,2.8,8.47,11.42,1297.1,8.8,3.14,0.263,0.109,10.73
10,2022,12,8,8,2.8,8.29,10.54,1302.6,8.5,3.11,0.263,0.106,10.49
10,2022,12,8,12,3.6,8.48,12.76,1279.9,9.1,3.11,0.326,0.119,10.51
10,2022,12,8,16,4.6,8.73,13.8,1252.3,6.8,3.17,0.332,0.134,10.3
10,2022,12,9,4,3.0,8.27,9.25,1284.0,9.1,3.1,0.555,0.148,10.5
10,2022,12,9,8,2.6,8.21,9.15,1286.9,9.5,3.1,0.472,0.142,10.54
10,2022,12,9,12,3.4,8.45,13.16,1277.0,8.6,3.14,0.38,0.138,10.34
10,2022,12,9,16,4.8,8.84,17.5,1253.9,6.6,3.25,0.285,0.13,10.37
10,2022,12,9,20,4.9,8.84,15.56,1253.4,6.8,3.22,0.228,0.122,10.32
10,2022,12,10,0,4.8,8.67,13.08,1262.1,7.5,3.26,0.228,0.122,10.32
10,2022,12,10,4,4.3,8.34,10.35,1277.3,8.2,3.26,0.278,0.105,10.04
10,2022,12,10,8,3.4,8.26,9.8,1286.4,9.1,3.15,0.274,0.101,10.03
10,2022,12,10,12,3.2,8.48,12.73,1285.3,8.4,3.24,0.245,0.106,10.14
10,2022,12,10,16,4.2,8.9,17.71,1262.2,8.0,3.22,0.212,0.108,10.08
10,2022,12,10,20,3.8,8.93,16.16,1263.6,6.9,3.09,0.177,0.105,10.09
10,2022,12,10,20,3.8,8.93,16.16,1263.6,6.9,3.09,0.177,0.105,10.09
10,2022,12,11,4,2.5,8.45,10.75,1296.8,8.4,3.04,0.243,0.096,10.0
10,2022,12,11,8,2.2,8.32,10.24,1298.1,16.2,3.31,0.264,0.106,10.02
10,2022,12,11,12,2.6,8.54,13.05,1289.7,10.4,3.18,0.275,0.106,10.03
10,2022,12,11,16,4.1,8.94,18.16,1262.6,5.9,3.12,0.224,0.106,9.91
10,2022,12,11,20,4.1,8.94,16.09,1265.5,5.6,3.18,0.192,0.105,9.95
10,2022,12,12,0,3.9,8.78,13.57,1271.4,6.8,3.18,0.192,0.105,9.95
10,2022,12,12,4,3.5,8.42,10.88,1277.8,8.3,3.17,0.279,0.104,9.78
10,2022,12,12,8,3.0,8.27,9.99,1280.2,9.2,3.06,0.298,0.097,9.65
10,2022,12,12,12,3.2,8.57,13.46,1274.5,9.5,3.16,0.249,0.1,9.81
10,2022,12,12,16,3.8,9.0,18.17,1255.9,5.8,3.12,0.173,0.1,9.57
10,2022,12,12,20,3.5,8.95,15.72,1264.0,6.2,3.19,0.164,0.096,9.75
10,2022,12,13,0,3.0,8.75,12.93,1281.2,7.0,3.19,0.164,0.096,9.75
10,2022,12,13,4,2.1,8.4,10.85,1301.1,10.1,3.11,0.259,0.093,9.97
10,2022,12,13,8,2.9,8.53,12.51,1.3,10.8,3.11,0.259,0.093,9.97
10,2022,12,13,12,0.8,8.5,12.83,1318.7,26.1,3.69,0.372,0.16,10.51
10,2022,12,13,16,0.8,8.83,15.84,1318.3,8.7,3.16,0.343,0.128,10.3
10,2022,12,13,20,0.8,8.93,15.84,1325.9,10.4,3.27,0.296,0.123,10.26
10,2022,12,14,0,0.9,8.9,14.83,1339.2,8.4,3.27,0.296,0.123,10.26
10,2022,12,14,4,0.8,8.84,13.9,1353.4,7.5,3.28,0.256,0.106,10.4
10,2022,12,14,8,0.9,8.7,12.9,1371.6,6.1,3.26,0.25,0.1,10.49
10,2022,12,14,12,0.9,8.52,12.74,1364.3,6.2,3.41,0.42,0.109,10.62
10,2022,12,14,16,0.9,8.8,15.56,1330.4,7.5,3.31,0.354,0.109,10.35
10,2022,12,14,20,1.0,8.78,14.72,1321.2,7.0,3.31,0.313,0.097,10.19
10,2022,12,15,0,0.9,8.83,14.75,1322.2,7.4,3.31,0.313,0.097,10.19
10,2022,12,15,4,0.9,8.57,12.29,1347.1,8.7,3.31,0.452,0.107,10.52
10,2022,12,15,8,0.9,8.41,11.22,1350.9,9.4,3.35,0.489,0.113,10.64
10,2022,12,15,12,1.2,8.53,13.08,1344.2,8.2,3.32,0.441,0.121,10.71
10,2022,12,15,16,1.0,8.74,15.82,1332.6,7.3,3.32,0.377,0.114,10.37
10,2022,12,15,20,0.9,8.82,15.9,1322.8,6.7,3.22,0.363,0.114,10.51
10,2022,12,16,0,0.9,8.82,14.86,1337.4,6.2,3.22,0.363,0.114,10.51
10,2022,12,16,4,0.9,8.64,12.92,1356.5,10.5,3.29,0.365,0.11,10.67
10,2022,12,16,8,0.9,8.44,11.63,1373.9,7.7,3.32,0.375,0.11,10.78
10,2022,12,16,12,1.1,8.51,13.06,1363.1,7.3,3.26,0.379,0.105,10.6
10,2022,12,16,16,0.9,8.68,15.14,1338.2,8.3,3.22,0.351,0.108,10.68
10,2022,12,16,20,0.9,8.69,14.72,1335.8,6.5,3.2,0.362,0.113,10.56
10,2022,12,17,0,0.9,8.76,14.86,1339.2,7.2,3.2,0.362,0.113,10.56
10,2022,12,17,4,0.9,8.67,13.54,1364.6,7.7,3.16,0.334,0.106,10.4
10,2022,12,17,8,0.9,8.51,12.44,1393.6,7.8,3.2,0.376,0.105,10.57
10,2022,12,17,12,1.1,8.46,13.09,1404.2,5.0,3.21,0.389,0.098,10.65
10,2022,12,17,16,0.9,8.68,15.52,1375.5,8.4,3.3,0.375,0.114,10.68
10,2022,12,17,20,0.9,8.58,14.07,1371.0,8.4,3.22,0.401,0.116,10.81
10,2022,12,18,0,0.9,8.62,13.74,1369.8,5.8,3.22,0.401,0.116,10.81
10,2022,12,18,4,0.8,8.52,12.76,1387.0,4.4,3.14,0.335,0.101,10.64
10,2022,12,18,8,0.9,8.39,11.75,1403.7,4.9,3.03,0.44,0.109,10.76
10,2022,12,18,12,1.1,8.53,13.87,1382.1,5.9,3.14,0.379,0.109,10.91
10,2022,12,18,16,0.9,8.82,17.09,1355.4,4.2,3.12,0.342,0.108,10.69
10,2022,12,18,20,0.9,8.69,14.81,1354.0,5.1,3.09,0.331,0.108,10.45
10,2022,12,19,0,0.9,8.63,13.95,1355.8,4.9,3.09,0.331,0.108,10.45
10,2022,12,19,4,0.8,8.41,12.18,1378.4,4.7,3.03,0.538,0.131,10.86
10,2022,12,19,8,0.8,8.33,11.59,1394.4,5.1,3.07,0.524,0.123,10.97
10,2022,12,19,12,1.1,8.48,13.65,1391.1,4.6,3.17,0.473,0.118,11.11
10,2022,12,19,16,0.9,8.79,17.0,1367.7,4.1,3.15,0.42,0.113,10.94
10,2022,12,19,20,0.8,8.71,15.3,1363.9,4.3,3.09,0.459,0.116,10.95
10,2022,12,20,0,0.9,8.66,14.55,1358.8,4.4,3.09,0.459,0.116,10.95
10,2022,12,20,4,0.8,8.45,12.44,1364.0,5.3,3.12,0.578,0.121,10.76
10,2022,12,20,8,0.8,8.31,11.45,1362.9,4.7,2.98,0.612,0.119,11.06
10,2022,12,20,12,1.0,8.49,13.77,1353.8,5.1,3.14,0.591,0.115,10.76
10,2022,12,20,16,1.0,8.76,16.82,1330.2,4.5,3.02,0.481,0.114,10.85
10,2022,12,20,20,0.9,8.69,15.29,1319.1,4.5,3.06,0.447,0.114,10.92
10,2022,12,21,0,0.8,8.6,14.07,1308.5,5.2,3.06,0.447,0.114,10.92
10,2022,12,21,4,0.9,8.4,12.14,1321.8,4.5,2.97,0.494,0.106,10.96
10,2022,12,21,8,0.8,8.28,11.06,1338.2,5.8,3.0,0.544,0.113,11.18
10,2022,12,21,12,1.0,8.5,13.59,1343.2,6.0,3.07,0.518,0.11,11.24
10,2022,12,21,16,0.9,8.81,17.01,1323.7,5.4,3.07,0.431,0.109,11.07
10,2022,12,21,20,0.8,8.77,15.44,1314.8,4.8,2.84,0.383,0.106,10.87
10,2022,12,22,0,0.8,8.68,14.13,1308.9,5.0,2.84,0.383,0.106,10.87
10,2022,12,22,4,0.8,8.48,12.02,1329.4,5.3,2.86,0.399,0.098,10.76
10,2022,12,22,8,0.8,8.35,11.11,1341.0,5.6,2.86,0.423,0.098,10.72
10,2022,12,22,8,0.8,8.35,11.11,1341.0,5.6,2.82,0.423,0.098,10.72
10,2022,12,22,12,1.0,8.47,12.91,1334.2,5.6,2.82,0.415,0.097,10.72
10,2022,12,22,12,1.0,8.47,12.91,1334.2,5.6,2.94,0.415,0.097,7.26
10,2022,12,22,16,0.8,8.79,16.95,1324.1,5.0,2.94,0.369,0.094,10.58
10,2022,12,22,20,0.8,8.68,14.77,1334.8,5.3,2.96,0.355,0.097,10.59
10,2022,12,23,0,0.8,8.65,13.97,1338.4,4.9,2.96,0.355,0.097,10.59
10,2022,12,23,4,0.8,8.45,12.46,1354.2,5.3,2.9,0.444,0.096,10.63
10,2022,12,23,8,0.8,8.3,11.41,1369.4,5.3,3.0,0.442,0.097,10.52
10,2022,12,23,12,1.0,8.45,13.31,1364.5,4.6,2.94,0.448,0.093,10.57
10,2022,12,23,16,0.9,8.82,17.85,1326.9,4.7,3.08,0.37,0.092,10.41
10,2022,12,23,20,0.8,8.62,14.01,1333.3,6.1,3.02,0.404,0.097,10.33
10,2022,12,24,0,0.8,8.59,13.71,1328.0,4.4,3.04,0.404,0.097,10.33
10,2022,12,24,4,0.8,8.44,12.09,1334.7,5.3,2.95,0.386,0.091,10.14
10,2022,12,24,8,0.9,8.32,11.24,1337.4,5.3,2.93,0.438,0.096,10.26
10,2022,12,24,12,1.0,8.45,13.56,1326.2,5.3,2.92,0.437,0.092,10.17
10,2022,12,24,16,0.9,8.66,16.1,1304.1,5.3,2.96,0.42,0.104,10.29
10,2022,12,24,20,0.9,8.63,14.94,1288.5,4.6,3.14,0.422,0.106,10.18
10,2022,12,25,0,0.8,8.65,14.33,1291.9,5.2,2.86,0.422,0.106,10.18
10,2022,12,25,4,0.8,8.45,12.18,1314.9,6.4,2.91,0.44,0.094,10.04
10,2022,12,25,8,0.8,8.31,11.27,1329.9,6.7,2.84,0.496,0.098,10.11
10,2022,12,25,12,1.0,8.49,14.16,1326.5,5.1,2.95,0.458,0.093,10.31
10,2022,12,25,16,0.9,8.74,17.35,1305.7,5.1,2.97,0.385,0.095,10.18
10,2022,12,25,20,0.8,8.63,14.84,1301.2,4.8,2.9,0.385,0.101,10.11
10,2022,12,26,0,0.8,8.57,13.42,1300.4,6.6,2.82,0.385,0.101,10.11
10,2022,12,26,4,0.8,8.4,11.6,1317.1,6.7,2.86,0.402,0.095,10.16
10,2022,12,26,8,0.8,8.3,11.08,1344.0,7.5,2.88,0.426,0.1,10.41
10,2022,12,26,12,1.0,8.51,14.09,1355.5,5.9,2.81,0.38,0.08,10.45
10,2022,12,26,16,0.9,8.82,18.02,1342.2,5.6,2.89,0.332,0.09,10.68
10,2022,12,26,20,0.8,8.75,15.71,1339.0,4.9,2.93,0.344,0.096,10.66
10,2022,12,27,0,0.8,8.71,14.37,1340.2,6.5,2.93,0.344,0.096,10.66
10,2022,12,27,4,0.8,8.49,12.1,1360.1,6.2,2.93,0.42,0.092,10.37
10,2022,12,27,8,0.8,8.34,11.19,1371.9,7.3,2.94,0.457,0.089,10.44
10,2022,12,27,12,1.0,8.52,14.17,1365.7,7.3,2.94,0.432,0.095,10.26
10,2022,12,27,16,0.9,8.79,17.48,1342.3,5.6,3.21,0.358,0.081,10.25
10,2022,12,27,20,0.9,8.73,15.48,1337.5,5.4,3.24,0.368,0.085,10.23
10,2022,12,28,0,0.8,8.68,14.01,1346.0,6.9,3.24,0.368,0.085,10.23
10,2022,12,28,4,0.8,8.45,12.01,1367.6,7.0,3.14,0.425,0.091,10.31
10,2022,12,28,8,0.8,8.29,11.04,1369.6,6.9,3.14,0.555,0.095,10.2
10,2022,12,28,12,1.0,8.49,14.03,1360.2,5.9,3.23,0.563,0.092,10.29
10,2022,12,28,16,0.9,8.77,17.43,1341.0,5.7,3.28,0.47,0.09,10.01
10,2022,12,28,20,0.8,8.72,15.21,1328.3,5.2,3.16,0.447,0.095,9.91
10,2022,12,28,20,0.8,8.72,15.21,1328.3,5.2,3.16,0.447,0.095,9.91
10,2022,12,29,4,0.8,8.5,11.84,1355.0,9.6,3.17,0.405,0.09,10.17
10,2022,12,29,8,0.8,8.36,10.96,1360.6,9.5,3.17,0.49,0.091,10.03
10,2022,12,29,12,0.9,8.52,13.79,1358.7,7.9,3.28,0.492,0.092,10.23
10,2022,12,29,16,0.9,8.79,17.31,1336.8,6.1,3.2,0.389,0.09,10.03
10,2022,12,29,20,0.8,8.77,15.29,1318.0,5.7,3.14,0.349,0.086,9.68
10,2022,12,30,0,0.8,8.73,13.86,1316.9,7.9,3.14,0.349,0.086,9.68
10,2022,12,30,4,0.8,8.49,11.78,1336.6,8.8,3.17,0.497,0.095,9.94
10,2022,12,30,8,0.8,8.37,10.98,1348.1,9.4,3.11,0.532,0.1,9.93
10,2022,12,30,12,1.0,8.52,14.19,1345.9,7.7,3.34,0.527,0.103,9.92
10,2022,12,30,16,0.9,8.74,16.63,1321.7,6.6,3.23,0.438,0.102,9.7
10,2022,12,30,20,0.8,8.73,14.9,1305.1,5.4,3.14,0.387,0.095,9.63
10,2022,12,31,0,0.8,8.74,14.07,1308.4,7.2,3.14,0.387,0.095,9.63
10,2022,12,31,4,0.8,8.48,11.66,1324.7,10.9,3.17,0.322,0.086,9.56
10,2022,12,31,8,0.8,8.33,10.85,1335.9,12.0,3.19,0.389,0.095,9.66
10,2022,12,31,12,1.0,8.51,14.06,1339.2,8.1,3.28,0.396,0.09,9.68
10,2022,12,31,16,0.9,8.74,16.83,1314.8,6.9,3.18,0.318,0.087,9.56
10,2022,12,31,20,0.8,8.73,14.91,1294.4,5.9,3.09,0.293,0.088,9.25
10,2023,1,1,0,0.8,8.75,13.88,1294.1,7.5,3.09,0.293,0.088,9.25
10,2023,1,1,4,0.8,8.49,11.56,1317.0,12.4,3.06,0.271,0.086,9.27
10,2023,1,1,8,0.8,8.34,10.78,1330.9,13.2,3.15,0.33,0.089,9.42
10,2023,1,1,12,1.1,8.48,13.14,1289.3,11.8,3.26,0.341,0.085,9.35
10,2023,1,1,16,0.9,8.72,16.97,1299.8,7.6,3.17,0.277,0.087,9.23
10,2023,1,1,20,0.9,8.73,15.17,1287.9,6.3,3.18,0.27,0.091,9.09
10,2023,1,2,0,0.8,8.71,13.7,1291.7,7.0,3.18,0.27,0.091,9.09
10,2023,1,2,4,0.8,8.46,11.96,1305.0,12.3,3.15,0.33,0.091,9.21
10,2023,1,2,8,0.8,8.31,10.74,1313.3,12.8,3.24,0.347,0.094,9.33
10,2023,1,2,12,0.9,8.43,13.1,1310.6,12.6,3.33,0.361,0.091,9.4
10,2023,1,2,16,0.9,8.65,15.31,1279.7,7.4,3.37,0.312,0.095,9.21
10,2023,1,2,20,0.9,8.7,14.64,1268.4,6.3,3.19,0.294,0.095,9.09
10,2023,1,3,0,0.9,8.71,13.78,1273.4,7.0,3.19,0.294,0.095,9.09
10,2023,1,3,4,0.8,8.46,11.72,1295.6,11.3,3.25,0.396,0.098,9.15
10,2023,1,3,8,0.8,8.32,11.41,1312.8,13.4,3.25,0.396,0.098,9.15
10,2023,1,3,12,0.9,8.42,13.17,1317.9,13.2,3.41,0.399,0.1,9.27
10,2023,1,3,16,1.0,8.67,16.05,1288.1,8.5,3.3,0.341,0.098,9.09
10,2023,1,3,20,1.0,8.76,14.97,1281.6,5.6,3.28,0.305,0.093,9.03
10,2023,1,4,0,1.0,8.75,13.85,1288.0,8.1,3.28,0.305,0.093,9.03
10,2023,1,4,4,0.9,8.44,11.44,1309.2,12.3,3.35,0.399,0.107,9.33
10,2023,1,4,8,0.8,8.32,10.7,1324.6,14.2,3.23,0.4,0.11,9.58
10,2023,1,4,12,1.0,8.43,12.95,1325.6,13.7,3.5,0.4,0.111,9.5
10,2023,1,4,16,1.2,8.66,15.92,1301.7,8.1,3.5,0.387,0.104,9.12
10,2023,1,4,20,1.2,8.73,14.8,1294.8,6.0,3.29,0.444,0.106,9.14
10,2023,1,5,0,1.0,8.73,13.63,1297.1,8.9,3.29,0.444,0.106,9.14
10,2023,1,5,4,0.9,8.47,11.4,1319.6,8.1,3.23,0.516,0.107,9.3
10,2023,1,5,8,0.8,8.3,10.6,1337.4,14.1,3.43,0.535,0.11,9.31
10,2023,1,5,12,1.1,8.43,13.21,1339.0,12.9,3.35,0.485,0.102,9.27
10,2023,1,5,16,1.3,8.69,16.63,1313.7,6.9,3.35,0.437,0.096,9.18
10,2023,1,5,20,1.3,8.74,14.96,1304.2,5.7,3.38,0.393,0.095,9.1
10,2023,1,6,0,1.2,8.74,13.59,1303.5,10.2,3.38,0.347,0.099,9.19
10,2023,1,6,4,1.1,8.45,11.28,1313.9,8.7,3.43,0.387,0.099,9.08
10,2023,1,6,8,1.1,8.29,10.37,1325.1,13.4,3.55,0.419,0.1,9.22
10,2023,1,6,12,1.3,8.41,12.72,1323.2,13.6,3.51,0.396,0.086,9.11
10,2023,1,6,16,1.9,8.64,15.58,1301.2,6.9,3.48,0.364,0.095,9.05
10,2023,1,6,20,2.0,8.71,14.29,1296.6,6.1,3.71,0.32,0.102,8.95
10,2023,1,7,0,1.9,8.73,13.17,1293.0,8.0,3.6,0.32,0.099,8.81
10,2023,1,7,4,1.5,8.45,10.95,1308.9,11.2,3.45,0.37,0.102,8.97
10,2023,1,7,8,1.3,8.31,10.32,1321.3,11.8,3.42,0.38,0.099,8.98
10,2023,1,7,12,1.6,8.44,12.88,1320.6,9.8,3.55,0.394,0.103,8.94
10,2023,1,7,16,2.4,8.64,15.67,1306.7,6.1,3.52,0.372,0.098,8.88
10,2023,1,7,20,2.4,8.68,14.28,1303.2,6.0,3.4,0.343,0.096,8.95
10,2023,1,8,0,2.1,8.68,13.16,1300.8,11.6,3.43,0.325,0.102,8.87
10,2023,1,8,4,1.7,8.43,10.99,1314.9,15.6,3.43,0.388,0.107,9.12
10,2023,1,8,8,1.5,8.3,10.33,1325.4,17.4,3.45,0.38,0.104,9.14
10,2023,1,8,12,2.3,8.08,12.43,1319.3,10.6,3.51,0.383,0.104,9.04
10,2023,1,8,16,3.7,8.39,16.19,1297.5,6.4,3.53,0.327,0.097,8.87
10,2023,1,8,20,3.8,8.51,15.27,1284.2,5.7,3.51,0.285,0.103,9.0
10,2023,1,9,0,3.6,8.5,13.52,1280.9,9.4,3.4,0.301,0.107,8.87
10,2023,1,9,4,3.0,8.15,10.69,1298.6,13.9,3.36,0.41,0.106,8.86
10,2023,1,9,8,2.7,8.01,10.13,1308.8,13.9,3.45,0.431,0.106,8.82
10,2023,1,9,12,3.0,8.16,12.85,1310.7,8.8,3.46,0.425,0.097,8.57
10,2023,1,9,16,4.2,8.44,16.77,1289.3,5.7,3.44,0.364,0.099,8.54
10,2023,1,9,20,4.2,8.52,15.55,1278.6,5.8,3.46,0.347,0.096,8.66
10,2023,1,10,0,3.7,8.48,13.64,1278.1,8.4,3.41,0.343,0.109,8.73
10,2023,1,10,8,2.5,8.0,10.2,1307.8,15.9,3.4,0.436,0.105,8.85
10,2023,1,10,12,2.8,8.16,12.97,1304.6,8.8,3.44,0.464,0.111,8.81
10,2023,1,10,16,4.4,8.41,16.71,1276.8,7.4,3.5,0.445,0.106,8.78
10,2023,1,10,16,4.4,8.41,16.71,1276.8,7.4,3.5,0.445,0.106,8.78
10,2023,1,10,20,4.4,8.51,15.58,1266.7,6.2,3.54,0.439,0.108,8.64
10,2023,1,11,0,3.9,8.49,13.88,1268.0,12.0,3.4,0.438,0.11,8.73
10,2023,1,11,4,3.1,8.13,10.66,1289.5,12.0,3.44,0.471,0.123,8.9
10,2023,1,11,8,2.8,7.99,9.94,1311.0,14.3,3.46,0.534,0.115,8.79
10,2023,1,11,12,3.2,8.14,12.42,1314.3,31.0,3.49,0.512,0.112,8.7
10,2023,1,11,16,4.1,8.35,14.91,1297.3,6.9,3.79,0.423,0.147,8.62
10,2023,1,11,20,4.4,8.4,13.85,1284.8,5.3,3.45,0.38,0.111,8.57
10,2023,1,12,0,4.6,8.28,11.95,1278.8,11.1,3.44,0.38,0.111,8.48
10,2023,1,12,4,4.6,8.02,9.9,1282.0,11.4,3.44,0.496,0.111,8.48
10,2023,1,12,8,4.7,7.94,9.31,1287.0,13.1,3.47,0.496,0.112,8.65
10,2023,1,12,12,4.7,7.97,9.86,1293.6,11.1,3.57,0.516,0.122,8.66
10,2023,1,12,16,4.9,8.11,11.28,1298.5,7.0,3.51,0.524,0.121,8.72
10,2023,1,12,20,5.0,8.15,10.85,1291.4,7.9,3.48,0.57,0.12,8.59
10,2023,1,13,0,5.1,8.09,10.07,1286.7,10.3,3.53,0.57,0.123,9.01
10,2023,1,13,4,5.1,7.98,9.23,1290.7,12.3,3.53,0.635,0.123,9.01
10,2023,1,13,8,4.8,7.93,8.92,1296.4,13.4,3.47,0.606,0.127,8.85
10,2023,1,13,12,4.9,8.08,11.22,1289.0,8.0,3.55,0.575,0.129,8.83
10,2023,1,13,16,5.2,8.14,11.62,1283.2,6.9,3.54,0.581,0.13,8.81
10,2023,1,13,20,5.0,8.15,11.0,1287.6,6.9,3.62,0.589,0.124,8.81
10,2023,1,14,0,4.2,8.07,10.0,1298.3,12.4,3.6,0.589,0.119,7.97
10,2023,1,14,4,3.1,8.0,9.59,1314.8,14.4,3.6,0.74,0.119,7.97
10,2023,1,14,8,1.9,8.0,9.76,1329.7,12.6,3.6,0.812,0.136,8.88
10,2023,1,14,12,1.9,8.18,12.35,1327.2,18.5,3.65,0.782,0.145,8.98
10,2023,1,14,16,2.2,8.37,14.52,1323.4,17.6,3.81,0.691,0.161,8.73
10,2023,1,14,20,1.7,8.4,13.62,1336.1,9.4,3.91,0.63,0.15,8.82
10,2023,1,15,0,1.1,8.38,12.91,1349.9,14.1,3.73,0.63,0.136,8.6
10,2023,1,15,4,1.0,8.16,11.27,1359.0,13.2,3.73,0.617,0.136,8.6
10,2023,1,15,8,1.0,8.05,10.56,1366.4,12.9,3.61,0.617,0.136,8.99
10,2023,1,15,12,1.1,8.12,11.84,1358.8,13.6,3.63,0.588,0.136,9.1
10,2023,1,15,16,1.1,8.26,12.99,1329.2,9.6,3.65,0.473,0.136,8.82
10,2023,1,15,20,1.3,8.37,13.32,1331.1,7.0,3.52,0.489,0.123,8.71
10,2023,1,16,0,1.3,8.35,12.66,1340.8,15.4,3.51,0.489,0.126,8.75
10,2023,1,16,4,1.0,8.1,10.84,1350.3,16.5,3.66,0.548,0.132,8.95
10,2023,1,16,12,1.1,8.1,11.89,1350.7,12.1,3.58,0.704,0.159,9.72
10,2023,1,16,16,1.1,8.23,12.91,1318.2,10.0,3.69,0.676,0.156,9.56
10,2023,1,16,20,1.4,8.39,13.66,1320.7,6.5,3.56,0.676,0.159,9.38
10,2023,1,17,0,1.3,8.39,13.15,1330.0,15.9,3.52,0.712,0.156,9.39
10,2023,1,17,4,1.1,8.18,11.56,1347.1,19.2,3.52,0.712,0.156,9.39
10,2023,1,17,8,1.0,8.12,11.34,1361.2,13.4,3.75,0.863,0.181,9.8
10,2023,1,17,12,1.2,8.2,12.43,1353.3,20.3,3.66,0.863,0.169,9.92
10,2023,1,17,16,1.3,8.33,13.49,1333.3,9.1,3.86,0.627,0.165,9.88
10,2023,1,17,20,1.6,8.45,13.96,1327.9,6.9,3.7,0.606,0.15,9.22
10,2023,1,18,0,1.4,8.5,13.45,1334.6,15.8,3.53,0.606,0.148,9.18
10,2023,1,18,4,1.1,8.27,11.96,1352.6,14.9,3.53,0.609,0.148,9.18
10,2023,1,18,8,1.0,8.17,11.65,1362.1,10.4,3.64,0.609,0.158,9.61
10,2023,1,18,12,1.2,8.23,12.43,1346.5,22.1,3.61,0.555,0.144,9.76
10,2023,1,18,16,1.3,8.28,13.17,1313.3,9.4,3.84,0.549,0.151,9.75
10,2023,1,18,20,1.7,8.48,14.08,1316.8,8.0,3.6,0.549,0.14,9.47
10,2023,1,19,0,1.6,8.5,13.6,1324.2,13.3,3.48,0.51,0.132,9.33
10,2023,1,19,4,1.1,8.27,11.93,1338.9,13.7,3.48,0.51,0.132,9.33
10,2023,1,19,8,1.0,8.17,11.6,1349.4,14.7,3.61,0.465,0.14,9.22
10,2023,1,28,8,1.0,8.4,13.86,1360.2,6.6,2.91,0.358,0.097,9.71
10,2023,1,28,12,1.2,8.38,14.26,1345.6,7.1,2.91,0.341,0.099,9.66
10,2023,1,28,16,1.1,8.41,14.56,1335.8,5.9,2.91,0.319,0.088,9.39
10,2023,1,28,20,1.0,8.5,15.29,1325.8,8.5,3.02,0.375,0.094,9.68
10,2023,1,29,0,1.0,8.53,15.22,1312.8,6.0,3.0,0.375,0.094,9.68
10,2023,1,29,4,1.0,8.37,13.57,1333.9,6.2,2.95,0.323,0.093,10.0
10,2023,1,29,8,1.0,8.29,13.17,1339.0,6.4,3.0,0.331,0.097,10.17
10,2023,1,29,12,1.2,8.37,13.87,1328.9,9.2,3.07,0.331,0.094,10.12
10,2023,1,29,16,1.1,8.43,14.02,1313.4,6.9,3.12,0.329,0.09,10.12
10,2023,1,29,20,1.0,8.51,14.49,1290.9,5.8,3.03,0.361,0.088,9.97
10,2023,1,30,4,1.0,8.44,13.29,1307.3,12.5,3.05,0.267,0.084,10.01
10,2023,1,30,8,1.0,8.3,12.82,1324.2,11.1,3.05,0.285,0.084,10.27
10,2023,1,30,12,1.2,8.32,13.15,1303.7,9.7,3.13,0.305,0.086,10.29
10,2023,1,30,16,1.2,8.36,13.41,1279.8,10.2,3.25,0.316,0.085,10.09
10,2023,1,30,20,1.0,8.43,13.63,1265.8,7.9,3.23,0.307,0.081,10.01
10,2023,1,30,20,1.0,8.43,13.63,1265.8,7.9,3.23,0.307,0.081,10.01
10,2023,1,31,4,1.0,8.37,12.34,1292.3,12.9,3.25,0.299,0.084,10.25
10,2023,1,31,8,1.0,8.25,11.84,1311.7,15.7,3.33,0.344,0.093,10.47
10,2023,1,31,12,1.2,8.32,12.72,1302.1,14.6,3.45,0.36,0.089,10.45
10,2023,1,31,12,1.2,8.32,12.72,1302.1,14.6,3.45,0.36,0.089,10.45
10,2023,1,31,12,1.2,8.32,12.72,1302.1,14.6,3.45,0.36,0.089,10.45
10,2023,1,31,12,1.2,8.32,12.72,1302.1,14.6,3.45,0.36,0.089,10.45
10,2023,1,31,12,1.2,8.32,12.72,1302.1,14.6,3.45,0.36,0.089,10.45
10,2023,2,1,16,1.4,8.31,12.8,1245.2,18.2,3.5,0.291,0.097,9.93
10,2023,2,1,20,1.4,8.44,12.87,1247.2,13.1,3.29,0.285,0.09,10.2
10,2023,2,2,0,1.4,8.57,13.1,1265.9,24.0,3.29,0.285,0.09,10.2
10,2023,2,2,4,1.2,8.36,11.87,1295.1,26.9,3.49,0.273,0.113,10.35
10,2023,2,2,8,1.1,8.17,11.21,1310.8,30.7,3.52,0.309,0.109,10.47
10,2023,2,2,12,1.4,8.23,12.34,1285.9,22.5,3.47,0.284,0.105,10.6
10,2023,2,2,16,2.0,8.38,13.2,1254.9,13.8,3.24,0.256,0.091,10.34
10,2023,2,2,20,2.0,8.54,13.22,1258.8,10.4,3.29,0.269,0.092,10.13
10,2023,2,2,20,2.0,8.54,13.22,1258.8,10.4,3.29,0.269,0.092,10.13
10,2023,2,3,4,1.5,8.35,11.55,1291.3,26.4,3.5,0.263,0.113,10.37
10,2023,2,3,8,1.1,8.16,10.78,1304.3,25.8,3.51,0.31,0.109,10.38
10,2023,2,3,12,1.5,8.23,12.17,1286.5,22.2,3.52,0.288,0.104,10.39
10,2023,2,3,16,2.9,8.35,13.52,1259.5,14.4,3.49,0.253,0.095,10.21
10,2023,2,3,20,3.4,8.54,14.01,1259.7,15.3,3.52,0.232,0.102,10.09
10,2023,2,4,0,2.9,8.65,13.86,1276.9,28.4,3.52,0.232,0.102,10.09
10,2023,2,4,4,1.9,8.34,11.76,1292.8,32.3,3.8,0.269,0.121,10.31
10,2023,2,4,8,1.1,8.16,11.01,1304.7,42.6,3.73,0.307,0.136,10.43
10,2023,2,4,12,1.9,8.21,12.29,1286.8,17.1,3.72,0.279,0.108,10.48
10,2023,2,4,16,4.3,8.37,14.38,1258.7,11.4,3.41,0.265,0.103,10.21
10,2023,2,4,20,4.7,8.55,14.7,1263.3,12.6,3.46,0.277,0.101,10.12
10,2023,2,4,20,4.7,8.55,14.7,1263.3,12.6,3.46,0.277,0.101,10.12
10,2023,2,5,4,2.9,8.31,11.69,1295.4,34.0,3.71,0.28,0.127,9.96
10,2023,2,5,8,1.9,8.13,10.83,1305.8,42.0,3.71,0.28,0.127,9.96
10,2023,2,5,12,3.2,8.23,12.54,1279.9,13.8,3.46,0.267,0.101,10.16
10,2023,2,5,16,5.2,8.38,13.84,1255.1,12.3,3.5,0.244,0.092,10.11
10,2023,2,5,20,4.9,8.55,13.5,1263.2,10.5,3.47,0.278,0.099,10.11
10,2023,2,6,0,4.2,8.57,13.58,1278.7,22.6,3.47,0.278,0.099,10.11
10,2023,2,6,4,3.2,8.32,11.62,1297.0,28.7,3.75,0.266,0.124,10.34
10,2023,2,6,8,2.7,8.15,10.82,1293.9,28.7,3.94,0.292,0.123,10.5
10,2023,2,6,12,3.8,8.24,12.52,1272.4,14.8,3.72,0.286,0.098,10.27
10,2023,2,6,16,5.9,8.35,14.6,1252.0,11.8,3.54,0.282,0.097,10.27
10,2023,2,6,20,5.8,8.55,15.03,1253.8,11.1,3.57,0.261,0.098,10.19
10,2023,2,7,0,4.8,8.61,14.35,1261.4,26.3,3.57,0.261,0.098,10.19
10,2023,2,7,4,3.6,8.28,11.5,1279.6,28.5,3.64,0.296,0.129,10.14
10,2023,2,7,8,2.5,8.12,10.52,1282.8,35.8,3.77,0.288,0.133,10.09
10,2023,2,7,12,3.6,8.2,12.14,1258.6,25.7,3.7,0.276,0.115,9.96
10,2023,2,7,16,5.8,8.37,14.87,1234.9,10.3,3.51,0.257,0.093,9.78
10,2023,2,7,20,5.8,8.58,15.45,1240.9,13.6,3.58,0.257,0.093,9.78
10,2023,2,8,0,4.9,8.62,14.56,1254.9,22.0,3.58,0.257,0.093,9.78
10,2023,2,8,4,3.6,8.26,11.28,1276.7,25.9,3.53,0.272,0.111,9.77
10,2023,2,8,8,2.6,8.09,10.17,1284.5,32.0,3.75,0.285,0.124,9.71
10,2023,2,8,12,4.0,8.18,12.21,1258.7,25.7,3.71,0.279,0.114,9.43
10,2023,2,8,16,6.6,8.4,15.23,1234.4,10.0,3.29,0.259,0.098,9.41
10,2023,2,8,20,6.7,8.64,15.85,1235.6,14.1,3.29,0.259,0.098,9.41
10,2023,2,8,20,6.7,8.64,15.85,1235.6,14.1,3.29,0.259,0.098,9.41
10,2023,2,9,4,5.0,8.26,11.2,1262.4,27.5,3.75,0.355,0.137,9.59
10,2023,2,9,12,5.2,8.2,11.99,1260.1,11.7,3.6,0.355,0.11,9.32
10,2023,2,9,16,5.7,8.38,13.63,1256.1,8.7,3.53,0.325,0.102,9.22
10,2023,2,9,20,5.3,8.45,13.19,1258.4,11.8,3.53,0.392,0.11,9.41
10,2023,2,10,0,4.9,8.33,11.4,1256.7,27.6,3.53,0.392,0.11,9.41
10,2023,2,10,4,4.2,8.12,9.69,1264.3,28.4,3.77,0.561,0.134,9.53
10,2023,2,10,8,3.7,8.06,9.65,1269.8,33.7,3.77,0.543,0.138,9.21
10,2023,2,10,8,3.7,8.06,9.65,1269.8,33.7,3.77,0.543,0.138,9.21
10,2023,2,10,8,3.7,8.06,9.65,1269.8,33.7,3.77,0.543,0.138,9.21
10,2023,2,10,20,5.9,8.58,14.7,1241.1,11.1,2.67,0.4,0.112,9.36
10,2023,2,11,0,5.6,8.5,13.03,1245.1,24.0,2.67,0.4,0.112,9.36
10,2023,2,11,4,5.3,8.14,9.97,1253.8,24.8,3.34,0.425,0.122,9.29
10,2023,2,11,8,5.2,8.03,9.38,1254.4,28.5,3.35,0.427,0.129,9.12
10,2023,2,11,12,5.6,8.11,10.62,1249.7,13.9,3.13,0.379,0.106,9.21
10,2023,2,11,16,6.4,8.26,12.57,1241.5,9.1,3.28,0.349,0.106,8.88
10,2023,2,12,4,5.9,8.01,9.59,1256.9,20.6,3.49,0.412,0.121,8.94
10,2023,2,12,8,5.6,7.93,11.05,1261.2,23.7,3.64,0.428,0.124,8.72
10,2023,2,12,12,5.7,8.01,11.52,1254.0,13.3,3.5,0.438,0.114,8.82
10,2023,2,12,16,5.9,8.22,12.61,1241.8,8.9,3.3,0.416,0.107,8.95
10,2023,2,12,20,5.8,8.32,12.84,1245.3,14.2,3.5,0.399,0.118,9.01
10,2023,2,12,20,5.8,8.32,12.84,1245.3,14.2,3.5,0.399,0.118,9.01
10,2023,2,13,4,4.6,8.1,10.09,1261.1,24.5,3.48,0.399,0.128,9.07
10,2023,2,13,8,3.8,8.0,9.46,1270.3,22.4,3.46,0.447,0.129,9.07
10,2023,2,13,12,4.6,8.14,11.84,1261.7,10.7,3.55,0.434,0.119,9.09
10,2023,2,13,20,6.5,8.62,16.59,1253.0,10.2,3.48,0.367,0.131,9.19
10,2023,2,14,0,5.3,8.54,14.1,1266.0,19.2,3.48,0.367,0.131,9.19
10,2023,2,14,4,4.1,8.13,10.4,1282.6,17.8,3.48,0.491,0.14,9.1
10,2023,2,14,8,3.6,8.02,9.7,1287.1,21.3,3.49,0.517,0.139,9.04
10,2023,2,14,12,5.0,8.19,12.7,1270.3,10.6,3.47,0.461,0.128,9.09
10,2023,2,14,16,6.6,8.44,16.66,1258.0,7.8,3.53,0.455,0.127,9.21
10,2023,2,14,20,6.1,8.58,16.46,1261.2,12.7,3.53,0.455,0.127,9.21
10,2023,2,14,20,6.1,8.58,16.46,1261.2,12.7,3.53,0.455,0.127,9.21
10,2023,2,15,4,4.3,8.11,10.51,1279.8,20.0,3.69,0.679,0.14,9.45
10,2023,2,15,8,3.5,8.01,9.92,1287.3,24.3,3.69,0.743,0.149,9.38
10,2023,2,15,12,4.8,8.18,12.76,1273.4,8.7,3.49,0.668,0.134,9.36
10,2023,2,15,16,7.2,8.49,17.03,1255.4,7.6,3.49,0.587,0.13,9.4
10,2023,2,15,20,6.9,8.71,17.7,1254.6,9.5,3.75,0.527,0.146,9.36
10,2023,2,16,0,5.7,8.65,15.31,1263.1,22.4,3.75,0.527,0.146,9.36
10,2023,2,16,4,4.4,8.22,11.06,1285.7,23.4,3.74,0.793,0.155,9.49
10,2023,2,16,8,3.5,8.05,9.92,1297.2,18.4,3.97,0.839,0.149,9.37
10,2023,2,16,12,4.8,8.2,12.71,1276.4,8.3,3.69,0.654,0.128,9.34
10,2023,2,16,16,7.3,8.5,16.97,1251.8,6.7,3.62,0.511,0.127,9.32
10,2023,2,16,20,7.1,8.75,17.96,1253.3,10.5,3.73,0.386,0.126,9.25
10,2023,2,16,20,7.1,8.75,17.96,1253.3,10.5,3.73,0.386,0.126,9.25
10,2023,2,17,4,4.9,8.24,11.06,1291.0,20.8,3.73,0.393,0.128,9.2
10,2023,2,17,8,4.2,8.06,10.04,1297.4,16.1,3.79,0.401,0.123,8.9
10,2023,2,17,12,5.6,8.23,12.92,1279.8,7.6,3.51,0.38,0.113,9.14
10,2023,2,17,16,7.0,8.51,16.48,1268.7,7.5,3.7,0.352,0.114,8.7
10,2023,2,17,20,6.6,8.73,17.43,1273.0,13.9,3.7,0.352,0.114,8.7
10,2023,2,17,20,6.6,8.73,17.43,1273.0,13.9,3.7,0.352,0.114,8.7
10,2023,2,18,4,5.4,8.21,10.8,1306.9,17.4,3.72,0.423,0.127,9.13
10,2023,2,18,8,4.9,8.07,9.92,1309.3,12.4,3.74,0.53,0.126,9.04
10,2023,2,18,12,5.8,8.22,12.16,1299.4,8.3,3.7,0.482,0.117,9.01
10,2023,2,18,16,6.2,8.41,14.2,1291.4,6.3,3.74,0.456,0.106,8.95
10,2023,2,18,20,5.7,8.53,14.2,1295.8,9.7,3.73,0.398,0.106,8.8
10,2023,2,19,0,4.6,8.46,12.36,1309.5,17.0,3.73,0.398,0.106,8.8
10,2023,2,19,4,3.8,8.2,10.33,1319.1,18.5,3.76,0.421,0.118,8.76
10,2023,2,19,8,3.2,8.13,10.03,1321.0,18.9,3.7,0.436,0.121,8.83
10,2023,2,19,12,4.8,8.27,12.44,1298.9,8.6,3.7,0.414,0.117,8.98
10,2023,2,19,16,7.6,8.58,17.39,1269.4,7.9,3.72,0.379,0.118,8.93
10,2023,2,19,20,7.5,8.85,18.63,1265.1,12.0,3.7,0.321,0.124,8.89
10,2023,2,20,0,6.6,8.78,16.21,1272.5,17.0,3.7,0.321,0.124,8.89
10,2023,2,20,4,5.3,8.27,11.1,1296.9,20.3,3.79,0.326,0.127,9.02
10,2023,2,20,8,4.4,8.08,9.62,1304.4,14.4,3.68,0.36,0.114,8.95
10,2023,2,20,12,5.7,8.27,12.76,1286.4,7.4,3.68,0.364,0.106,8.79
10,2023,2,20,16,8.2,8.59,18.43,1257.9,8.7,3.71,0.37,0.114,8.63
10,2023,2,20,16,8.2,8.59,18.43,1257.9,8.7,3.71,0.37,0.114,8.63
10,2023,2,20,16,8.2,8.59,18.43,1257.9,8.7,3.71,0.37,0.114,8.63
10,2023,2,21,4,4.6,8.26,11.21,1318.4,19.4,3.98,0.692,0.135,8.93
10,2023,2,21,8,3.7,8.04,9.89,1326.6,17.0,4.09,0.648,0.124,9.0
10,2023,2,21,12,5.4,8.24,13.27,1306.1,7.6,3.92,0.519,0.112,9.0
10,2023,2,21,16,7.8,8.59,18.78,1282.2,7.4,3.81,0.398,0.109,8.88
10,2023,2,21,20,7.3,8.87,20.45,1267.8,15.0,3.71,0.344,0.125,8.97
10,2023,2,22,0,6.3,8.76,16.94,1256.9,19.7,3.72,0.344,0.125,8.96
10,2023,2,22,4,5.4,8.26,11.34,1274.4,22.4,3.72,0.509,0.131,8.96
10,2023,2,22,8,5.1,8.04,9.71,1285.7,13.8,3.96,0.589,0.118,8.64
10,2023,2,22,12,6.5,8.22,12.77,1270.4,7.3,3.9,0.547,0.108,8.8
10,2023,2,22,16,8.9,8.61,18.97,1251.3,7.2,3.72,0.432,0.105,8.78
10,2023,2,22,20,8.6,8.91,21.97,1252.4,12.4,3.67,0.286,0.114,8.84
10,2023,2,23,0,7.5,8.81,17.63,1266.1,22.4,3.72,0.286,0.114,8.96
10,2023,2,23,4,6.2,8.3,11.33,1294.0,48.7,3.72,0.301,0.126,8.96
10,2023,2,23,8,5.4,8.05,9.55,1299.3,14.2,3.95,0.331,0.103,9.01
10,2023,2,23,12,6.9,8.25,12.64,1280.0,7.3,3.73,0.347,0.103,8.94
10,2023,2,23,16,9.0,8.62,18.54,1253.1,7.3,3.7,0.348,0.1,8.84
10,2023,2,23,20,8.9,8.9,21.78,1239.5,22.9,3.75,0.348,0.1,8.81
10,2023,2,23,20,8.9,8.9,21.78,1239.5,22.9,3.75,0.348,0.1,8.81
10,2023,2,24,4,6.5,8.36,11.58,1283.4,27.0,3.75,0.191,0.114,8.81
10,2023,2,24,8,5.7,8.02,9.03,1292.4,13.6,3.81,0.256,0.092,8.77
10,2023,2,24,12,7.0,8.24,12.57,1273.3,6.8,3.74,0.22,0.084,8.71
10,2023,2,24,16,9.5,8.69,19.72,1244.0,11.3,3.83,0.198,0.101,8.26
10,2023,2,24,20,9.2,8.97,23.86,1231.6,25.7,3.71,0.156,0.106,8.46
10,2023,2,25,0,7.6,8.88,19.38,1239.4,25.1,3.73,0.156,0.106,8.29
10,2023,2,25,4,5.8,8.37,11.52,1282.9,17.6,3.73,0.184,0.103,8.29
10,2023,2,25,8,4.6,8.04,9.13,1298.8,14.9,3.78,0.204,0.088,8.64
10,2023,2,25,12,6.2,8.23,12.3,1271.9,8.6,3.7,0.177,0.085,8.41
10,2023,2,25,16,9.4,8.68,19.92,1232.9,5.9,3.69,0.139,0.091,8.0
10,2023,2,25,20,9.3,8.94,23.58,1223.7,19.9,3.65,0.111,0.104,8.15
10,2023,2,26,0,7.8,8.86,18.53,1231.2,28.9,3.82,0.111,0.104,8.21
10,2023,2,26,4,6.3,8.37,11.78,1271.1,31.7,3.82,0.15,0.115,8.21
10,2023,2,26,8,5.1,8.03,9.14,1293.4,12.9,3.93,0.199,0.092,8.21
10,2023,2,26,12,7.1,8.22,12.43,1269.4,7.9,3.63,0.164,0.085,7.94
10,2023,2,26,16,10.2,8.7,20.15,1238.1,7.4,3.5,0.13,0.092,8.05
10,2023,2,26,20,10.1,8.94,23.42,1226.9,34.2,3.49,0.128,0.121,7.97
10,2023,2,27,0,8.6,8.79,18.38,1232.5,38.6,3.93,0.128,0.121,8.16
10,2023,2,27,4,7.3,8.32,11.4,1263.0,37.0,3.93,0.169,0.125,8.16
10,2023,2,27,8,6.4,8.03,8.89,1278.6,14.4,3.97,0.215,0.1,8.4
10,2023,2,27,12,8.2,8.2,11.87,1240.0,6.8,3.91,0.198,0.096,8.05
10,2023,2,27,20,10.6,8.93,19.99,1217.2,38.0,4.24,0.17,0.136,7.86
10,2023,2,28,0,9.2,8.79,14.81,1224.0,50.9,4.24,0.17,0.136,7.86
10,2023,2,28,4,8.1,8.27,11.27,1259.2,40.1,4.25,0.243,0.129,8.33
10,2023,2,28,12,8.9,8.15,11.07,1253.9,9.3,3.99,0.227,0.092,8.03
10,2023,2,28,12,8.9,8.15,11.07,1253.9,9.3,3.99,0.227,0.092,8.03
10,2023,2,28,12,8.9,8.15,11.07,1253.9,9.3,3.99,0.227,0.092,8.03
10,2023,2,28,12,8.9,8.15,11.07,1253.9,9.3,3.99,0.227,0.092,8.03
10,2023,2,28,12,8.9,8.15,11.07,1253.9,9.3,3.99,0.227,0.092,8.03
10,2023,3,1,16,10.8,8.69,16.32,1236.6,6.3,3.8,0.159,0.094,8.26
10,2023,3,1,20,10.4,8.91,22.38,1223.7,30.7,4.18,0.115,0.114,8.51
10,2023,3,2,0,8.4,8.78,17.19,1236.5,29.5,4.18,0.115,0.114,8.51
10,2023,3,2,4,6.8,8.32,10.73,1269.7,21.8,4.18,0.28,0.1,8.81
10,2023,3,2,8,5.8,7.98,8.19,1289.0,10.4,3.99,0.421,0.082,8.81
10,2023,3,2,12,7.9,8.19,11.77,1267.7,6.8,3.99,0.317,0.087,8.74
10,2023,3,2,16,11.2,8.71,19.59,1231.9,17.2,4.21,0.213,0.096,8.82
10,2023,3,2,20,11.3,8.9,22.75,1217.9,26.1,4.13,0.152,0.116,8.73
10,2023,3,3,0,9.6,8.74,17.14,1225.6,24.5,4.13,0.152,0.116,8.73
10,2023,3,3,4,8.2,8.3,10.71,1251.7,23.7,4.12,0.164,0.1,8.83
10,2023,3,3,8,6.9,7.97,7.8,1272.5,8.8,3.92,0.195,0.087,8.47
10,2023,3,3,12,8.9,8.22,11.93,1251.1,6.4,3.92,0.153,0.098,8.26
10,2023,3,3,16,12.7,8.76,20.82,1212.1,8.2,4.06,0.131,0.091,8.28
10,2023,3,3,20,12.7,8.88,23.43,1191.4,20.4,4.18,0.116,0.104,8.12
10,2023,3,4,0,10.7,8.7,16.88,1200.9,17.3,4.18,0.116,0.104,8.12
10,2023,3,4,4,9.2,8.27,10.42,1241.7,19.5,3.97,0.165,0.095,8.33
10,2023,3,4,8,8.1,7.98,7.74,1267.5,8.9,4.0,0.269,0.088,8.59
10,2023,3,4,12,9.7,8.27,12.48,1245.6,8.5,4.15,0.224,0.088,8.52
10,2023,3,4,16,12.8,8.82,22.17,1206.6,8.2,4.18,0.146,0.092,7.98
10,2023,3,4,16,12.8,8.82,22.17,1206.6,8.2,4.18,0.146,0.092,7.98
10,2023,3,4,16,12.8,8.82,22.17,1206.6,8.2,4.18,0.146,0.092,7.98
10,2023,3,5,4,9.3,8.3,10.4,1234.9,20.8,4.2,0.123,0.098,8.26
10,2023,3,5,8,8.5,8.02,7.87,1256.0,11.2,4.0,0.182,0.085,8.24
10,2023,3,5,12,9.6,8.21,11.08,1248.7,10.8,4.18,0.204,0.094,8.2
10,2023,3,5,16,12.2,8.78,21.09,1215.0,7.8,4.18,0.195,0.092,7.96
10,2023,3,5,16,12.2,8.78,21.09,1215.0,7.8,4.18,0.195,0.092,7.96
10,2023,3,5,16,12.2,8.78,21.09,1215.0,7.8,4.18,0.195,0.092,7.96
10,2023,3,6,4,9.2,8.27,10.06,1242.4,15.0,3.97,0.181,0.094,7.81
10,2023,3,6,8,8.4,8.01,7.72,1263.6,9.6,4.1,0.252,0.087,7.97
10,2023,3,6,12,10.4,8.24,12.31,1246.4,6.9,4.36,0.216,0.091,8.0
10,2023,3,6,16,14.4,8.87,25.85,1202.2,9.0,4.35,0.128,0.098,8.02
10,2023,3,6,20,14.3,8.86,21.78,1187.6,19.2,4.41,0.103,0.104,7.92
10,2023,3,7,0,12.3,8.6,13.18,1203.5,15.1,4.41,0.103,0.104,7.92
10,2023,3,7,4,10.9,8.17,9.29,1230.9,15.8,4.2,0.16,0.097,7.6
10,2023,3,7,8,9.8,7.93,7.17,1252.1,10.1,4.2,0.237,0.092,7.84
10,2023,3,7,12,11.8,8.3,13.62,1242.0,9.1,4.28,0.222,0.094,8.04
10,2023,3,7,16,15.0,8.82,24.86,1206.0,10.9,4.42,0.166,0.097,8.18
10,2023,3,7,16,15.0,8.82,24.86,1206.0,10.9,4.42,0.166,0.097,8.18
10,2023,3,8,4,12.0,8.05,8.24,1240.2,20.7,4.42,0.271,0.134,8.18
10,2023,3,8,8,11.2,7.9,7.2,1256.4,13.0,4.42,0.339,0.108,8.29
10,2023,3,8,12,13.3,8.31,13.75,1254.2,9.3,4.59,0.316,0.108,8.2
10,2023,3,8,16,15.8,8.76,22.03,1239.6,9.8,4.6,0.221,0.108,8.22
10,2023,3,8,16,15.8,8.76,22.03,1239.6,9.8,4.6,0.221,0.108,8.22
10,2023,3,8,16,15.8,8.76,22.03,1239.6,9.8,4.6,0.221,0.108,8.22
10,2023,3,9,4,11.5,8.11,8.41,1264.7,15.0,4.21,0.283,0.108,8.15
10,2023,3,9,8,10.9,7.99,7.62,1264.1,11.0,4.39,0.313,0.11,8.28
10,2023,3,9,12,12.8,8.37,13.85,1247.9,9.4,4.58,0.27,0.105,8.32
10,2023,3,9,16,15.2,8.69,19.54,1214.6,9.8,4.58,0.217,0.108,7.96
10,2023,3,9,20,14.3,8.48,14.34,1194.0,17.2,4.62,0.249,0.116,8.02
10,2023,3,10,0,13.1,8.18,9.65,1210.2,16.2,4.62,0.249,0.116,8.02
10,2023,3,10,4,12.3,8.02,7.8,1224.0,15.5,4.39,0.364,0.118,8.07
10,2023,3,10,8,11.7,7.98,7.53,1229.5,10.6,4.62,0.383,0.116,7.98
10,2023,3,10,12,14.2,8.43,14.6,1211.5,8.3,4.59,0.383,0.113,8.1
10,2023,3,10,16,17.1,8.76,21.75,1203.9,9.1,4.93,0.211,0.114,7.94
10,2023,3,10,20,15.7,8.48,13.42,1229.4,13.9,4.61,0.246,0.113,7.95
10,2023,3,11,0,14.2,8.2,9.14,1251.0,14.7,4.61,0.246,0.113,7.95
10,2023,3,11,4,13.4,8.07,7.75,1257.5,14.5,4.62,0.362,0.122,8.06
10,2023,3,11,8,12.7,8.04,7.52,1257.0,12.9,4.63,0.372,0.124,8.07
10,2023,3,11,12,13.8,8.48,13.85,1239.4,8.7,4.63,0.225,0.12,7.94
10,2023,3,11,16,14.5,8.73,17.52,1229.2,11.9,4.63,0.174,0.119,7.88
10,2023,3,11,20,13.4,8.45,12.15,1238.3,13.0,4.62,0.201,0.121,7.93
10,2023,3,12,0,12.3,8.17,9.0,1249.5,16.7,4.62,0.201,0.121,7.93
10,2023,3,12,4,10.6,8.11,8.52,1248.4,13.4,4.45,0.287,0.109,7.93
10,2023,3,12,8,9.2,8.1,8.61,1248.6,8.4,4.44,0.318,0.115,7.93
10,2023,3,12,12,11.1,8.52,14.92,1229.3,7.3,4.57,0.279,0.107,7.26
10,2023,3,12,16,13.6,8.78,16.98,1198.4,7.6,4.6,0.269,0.109,7.85
10,2023,3,12,20,12.3,8.59,12.99,1208.9,13.2,4.63,0.258,0.104,7.83
10,2023,3,13,0,11.4,8.29,10.69,1226.5,13.4,4.63,0.258,0.104,7.83
10,2023,3,13,4,10.6,8.15,9.33,1267.5,24.5,4.45,0.266,0.106,8.16
10,2023,3,13,8,10.5,8.19,9.53,1275.7,24.0,4.65,0.184,0.108,8.19
10,2023,3,13,12,12.3,8.5,13.99,1262.0,16.1,4.64,0.151,0.107,8.09
10,2023,3,13,16,14.0,8.73,17.2,1248.5,13.8,4.84,0.149,0.101,8.11
10,2023,3,13,20,12.3,8.46,12.36,1271.7,17.2,4.63,0.161,0.105,7.76
10,2023,3,14,0,10.9,8.2,9.2,1293.2,18.2,4.63,0.161,0.105,7.76
10,2023,3,14,4,10.8,8.2,9.03,1289.8,18.8,4.48,0.361,0.108,7.88
10,2023,3,14,8,10.8,8.2,9.36,1251.0,17.8,4.66,0.319,0.113,7.93
10,2023,3,14,12,12.3,8.5,14.76,1216.2,13.8,4.62,0.249,0.112,7.53
10,2023,3,14,16,14.4,8.69,17.79,1216.5,14.0,4.62,0.22,0.114,7.62
10,2023,3,14,20,12.3,8.51,12.85,1250.4,18.6,4.63,0.254,0.118,7.58
10,2023,3,15,0,10.5,8.32,9.95,1269.7,16.7,4.63,0.254,0.118,7.58
10,2023,3,15,4,9.8,8.36,9.38,1266.1,18.3,4.45,0.248,0.118,7.39
10,2023,3,15,8,9.2,8.35,9.33,1257.2,17.2,4.44,0.27,0.119,7.86
10,2023,3,15,12,10.6,8.63,15.41,1241.0,13.9,4.43,0.191,0.109,7.7
10,2023,3,15,16,12.4,8.81,18.73,1236.4,10.3,4.21,0.158,0.1,7.69
10,2023,3,15,20,10.9,8.71,15.06,1251.4,13.7,4.19,0.138,0.098,7.73
10,2023,3,16,0,9.5,8.5,10.66,1264.1,15.7,4.19,0.138,0.098,7.73
10,2023,3,16,4,9.4,8.38,9.46,1264.4,17.2,4.21,0.176,0.097,7.75
10,2023,3,16,8,9.1,8.34,9.64,1261.5,19.6,4.21,0.164,0.096,7.92
10,2023,3,16,12,10.7,8.63,15.78,1244.3,12.4,4.19,0.162,0.092,7.8
10,2023,3,16,20,11.1,8.62,14.32,1249.7,14.4,4.17,0.194,0.098,7.87
10,2023,3,17,0,9.7,8.39,10.28,1261.5,17.0,4.17,0.194,0.098,7.87
10,2023,3,17,4,9.7,8.4,9.93,1241.2,16.4,4.19,0.11,0.097,7.84
10,2023,3,17,8,9.7,8.47,10.32,1235.4,16.4,4.27,0.102,0.101,7.82
10,2023,3,17,12,10.3,8.73,15.48,1234.2,13.2,4.4,0.094,0.097,7.76
10,2023,3,17,16,11.4,8.88,19.37,1219.1,11.2,4.39,0.094,0.098,7.61
10,2023,3,17,20,10.7,8.72,14.76,1233.3,16.0,4.36,0.11,0.094,7.61
10,2023,3,18,0,10.0,8.5,10.88,1250.3,15.5,4.36,0.11,0.094,7.61
10,2023,3,18,4,9.7,8.49,10.65,1251.5,15.1,4.17,0.13,0.1,7.68
10,2023,3,18,8,9.4,8.53,11.02,1246.7,17.7,4.18,0.113,0.104,7.66
10,2023,3,18,12,11.6,8.83,18.32,1227.5,11.4,4.8,0.096,0.1,7.59
10,2023,3,18,16,14.2,8.97,23.54,1208.5,11.7,4.87,0.085,0.1,7.55
10,2023,3,18,20,12.5,8.71,15.7,1227.9,16.2,4.45,0.093,0.097,7.42
10,2023,3,19,0,10.6,8.42,10.75,1265.7,17.6,4.45,0.093,0.097,7.42
10,2023,3,19,4,10.6,8.44,10.46,1284.3,17.7,4.43,0.127,0.146,7.59
10,2023,3,19,8,10.7,8.5,10.76,1275.7,15.3,4.45,0.138,0.115,7.95
10,2023,3,19,16,13.2,8.87,20.23,1231.0,12.7,4.9,0.084,0.11,8.15
10,2023,3,19,20,11.8,8.69,14.96,1255.6,16.0,4.88,0.07,0.108,8.04
10,2023,3,20,0,10.8,8.42,11.3,1279.9,17.0,4.88,0.07,0.108,8.04
10,2023,3,20,4,11.1,8.42,11.07,1281.0,20.0,4.68,0.067,0.097,7.9
10,2023,3,20,8,11.4,8.5,11.17,1273.7,15.9,4.69,0.077,0.101,7.93
10,2023,3,20,12,12.5,8.82,17.61,1246.5,13.5,4.92,0.044,0.103,7.99
10,2023,3,20,16,14.3,8.95,22.21,1231.0,14.3,5.26,0.044,0.101,7.98
10,2023,3,20,20,13.6,8.73,13.56,1255.1,21.0,4.91,0.059,0.106,7.92
10,2023,3,21,0,12.2,8.47,10.91,1274.8,22.2,4.91,0.059,0.106,7.92
10,2023,3,21,4,12.3,8.41,10.39,1265.2,23.7,4.64,0.101,0.105,7.91
10,2023,3,21,8,12.5,8.46,10.58,1243.0,22.0,4.81,0.152,0.109,8.13
10,2023,3,21,12,14.1,8.84,17.74,1230.4,16.7,5.2,0.072,0.111,7.86
10,2023,3,21,16,15.6,8.99,22.35,1223.5,16.0,5.25,0.046,0.106,7.71
10,2023,3,21,20,14.6,8.74,14.84,1249.3,22.3,5.1,0.049,0.113,7.99
10,2023,3,22,0,13.9,8.5,10.45,1263.0,22.2,5.1,0.049,0.113,7.99
10,2023,3,22,4,13.9,8.48,10.3,1270.4,25.1,4.88,0.048,0.115,7.9
10,2023,3,22,8,13.5,8.52,10.56,1260.9,23.5,4.92,0.061,0.126,8.05
10,2023,3,22,12,13.7,8.84,17.11,1246.3,20.4,5.34,0.042,0.118,8.17
10,2023,3,22,16,14.8,8.9,18.88,1247.2,23.3,5.47,0.047,0.122,8.24
10,2023,3,22,20,13.6,8.77,15.01,1247.3,27.6,5.32,0.05,0.123,8.12
10,2023,3,23,0,12.4,8.5,10.59,1261.2,27.8,5.32,0.05,0.123,8.12
10,2023,3,23,4,11.9,8.52,10.33,1256.7,28.5,5.0,0.043,0.12,8.13
10,2023,3,23,8,11.7,8.59,10.9,1248.3,25.5,5.17,0.036,0.123,8.23
10,2023,3,23,12,13.0,8.91,18.79,1237.3,19.9,5.28,0.043,0.109,8.24
10,2023,3,23,16,14.8,9.0,23.26,1228.9,19.1,5.29,0.045,0.113,8.26
10,2023,3,23,20,13.7,8.83,16.36,1264.5,22.6,5.22,0.042,0.115,8.2
10,2023,3,24,0,12.3,8.64,11.25,1301.8,25.1,5.22,0.042,0.115,8.2
10,2023,3,24,4,12.1,8.58,10.42,1298.4,25.9,5.11,0.041,0.112,8.44
10,2023,3,24,8,11.9,8.54,10.93,1284.8,24.9,5.32,0.042,0.115,8.48
10,2023,3,24,12,13.6,8.82,19.41,1255.2,19.9,5.5,0.035,0.124,8.03
10,2023,3,24,16,15.2,9.01,15.55,1252.6,34.4,5.97,0.042,0.112,7.67
10,2023,3,24,20,13.7,8.92,14.05,1263.6,24.0,5.78,0.025,0.132,7.68
10,2023,3,25,0,11.6,8.73,12.54,1280.7,25.4,5.78,0.025,0.132,7.68
10,2023,3,25,4,11.9,8.63,12.79,1267.2,30.8,5.92,0.025,0.135,7.72
10,2023,3,25,8,12.0,8.56,12.21,1241.2,29.2,5.72,0.035,0.137,7.83
10,2023,3,25,12,13.2,8.86,16.21,1218.3,21.5,5.92,0.038,0.135,7.95
10,2023,3,25,16,15.4,9.02,26.05,1190.0,50.1,6.17,0.038,0.136,7.63
10,2023,3,25,20,14.0,8.87,18.31,1191.7,30.5,5.99,0.031,0.142,7.77
10,2023,3,26,0,12.2,8.69,12.68,1203.9,28.5,5.99,0.031,0.142,7.77
10,2023,3,26,4,11.8,8.6,11.49,1202.7,26.4,5.49,0.038,0.135,7.79
10,2023,3,26,8,11.6,8.6,11.99,1210.1,31.4,5.56,0.04,0.132,7.73
10,2023,3,26,12,13.6,8.91,19.82,1210.8,21.5,5.77,0.031,0.132,8.31
10,2023,3,26,16,15.8,9.1,28.6,1192.8,48.0,6.6,0.04,0.137,7.9
10,2023,3,26,20,14.3,8.88,23.35,1191.8,36.0,6.39,0.034,0.15,7.98
10,2023,3,27,0,12.6,8.57,15.86,1196.9,33.4,6.39,0.034,0.15,7.98
10,2023,3,27,4,12.5,8.31,13.3,1185.8,38.3,5.62,0.036,0.135,7.9
10,2023,3,27,8,12.2,8.44,13.15,1183.8,34.3,5.62,0.036,0.137,7.8
10,2023,3,27,12,14.3,8.94,21.43,1181.7,30.1,5.8,0.04,0.128,7.55
10,2023,3,27,16,16.8,8.99,27.36,1174.0,42.0,6.19,0.041,0.132,7.49
10,2023,3,27,20,15.3,8.84,20.95,1183.3,38.3,5.99,0.036,0.142,7.2
10,2023,3,28,0,13.4,8.63,13.76,1206.7,39.7,5.99,0.036,0.142,7.2
10,2023,3,28,4,13.0,8.38,11.68,1209.1,38.3,5.75,0.034,0.135,7.62
10,2023,3,28,8,12.6,8.45,12.05,1208.4,37.9,5.69,0.039,0.137,7.83
10,2023,3,28,12,14.3,8.91,20.49,1201.8,33.2,6.09,0.04,0.128,7.81
10,2023,3,28,16,16.8,8.91,26.05,1189.1,34.4,6.07,0.042,0.132,7.78
10,2023,3,28,20,15.8,8.77,18.84,1200.2,40.0,6.03,0.038,0.147,7.82
10,2023,3,29,0,14.5,8.62,12.69,1217.5,45.4,6.03,0.038,0.147,7.82
10,2023,3,29,4,14.4,8.47,10.76,1217.3,43.6,5.65,0.046,0.134,7.89
10,2023,3,29,8,14.3,8.47,10.96,1213.4,43.8,5.54,0.053,0.136,7.92
10,2023,3,29,16,19.0,8.83,24.2,1186.6,42.3,5.95,0.043,0.132,7.85
10,2023,3,29,20,17.6,8.73,17.03,1200.8,50.3,6.15,0.04,0.133,7.75
10,2023,3,29,20,17.6,8.73,17.03,1200.8,50.3,5.99,0.037,0.144,7.82
10,2023,3,30,0,15.9,8.59,10.77,1222.7,49.3,5.99,0.037,0.144,7.82
10,2023,3,30,8,15.4,8.48,9.75,1207.9,51.2,5.17,0.106,0.133,7.65
10,2023,3,30,12,17.3,8.81,16.11,1197.9,40.0,5.32,0.117,0.147,7.69
10,2023,3,30,16,19.5,8.85,22.47,1180.5,43.7,5.86,0.049,0.139,7.31
10,2023,3,30,20,18.1,8.71,18.48,1178.0,57.0,6.27,0.043,0.143,7.6
10,2023,3,31,0,16.5,8.46,12.91,1182.0,59.3,6.25,0.034,0.168,7.58
10,2023,3,31,4,16.3,8.22,11.44,1171.9,52.4,6.25,0.034,0.168,7.58
10,2023,3,31,8,16.2,8.27,12.21,1165.9,59.9,5.75,0.041,0.154,7.57
10,2023,3,31,12,18.3,8.88,22.02,1166.2,42.3,5.95,0.041,0.153,7.58
10,2023,3,31,16,19.9,8.8,24.73,1160.4,49.4,6.44,0.039,0.157,7.58
10,2023,3,31,20,18.1,8.7,16.62,1175.8,64.3,6.46,0.049,0.161,7.58
10,2023,4,1,0,16.7,8.58,11.13,1195.6,63.6,6.24,0.041,0.177,7.66
10,2023,4,1,4,16.6,8.43,9.73,1194.4,59.0,6.24,0.041,0.177,7.66
10,2023,4,1,8,16.6,8.47,9.96,1191.0,60.3,5.42,0.067,0.154,7.33
10,2023,4,1,12,18.3,8.77,14.82,1187.0,50.4,5.52,0.073,0.16,7.43
10,2023,4,1,16,20.1,8.82,18.38,1178.7,55.3,5.89,0.048,0.161,7.35
10,2023,4,1,20,18.7,8.73,14.1,1184.5,70.7,6.02,0.052,0.175,7.27
10,2023,4,2,0,17.4,8.59,9.97,1196.2,61.5,5.84,0.065,0.178,7.17
10,2023,4,2,4,17.2,8.52,8.9,1197.8,58.9,5.84,0.065,0.178,7.17
10,2023,4,2,8,17.1,8.52,9.12,1195.2,61.8,5.22,0.077,0.164,7.05
10,2023,4,2,12,17.7,8.63,11.18,1187.6,61.6,5.32,0.091,0.17,7.06
10,2023,4,2,16,18.7,8.72,13.24,1181.8,73.9,5.49,0.066,0.168,7.17
10,2023,4,2,16,18.7,8.72,13.24,1181.8,73.9,5.49,0.075,0.186,7.17
10,2023,4,2,16,18.7,8.72,13.24,1181.8,73.9,5.49,0.075,0.186,7.17
10,2023,4,3,4,15.9,8.58,8.96,1185.4,65.6,5.49,0.075,0.186,7.17
10,2023,4,3,8,15.9,8.6,9.31,1183.2,63.1,5.32,0.086,0.182,6.91
10,2023,4,3,12,16.3,8.77,12.14,1185.7,55.7,5.34,0.087,0.183,6.96
10,2023,4,3,16,16.9,8.92,15.05,1193.3,55.6,5.5,0.06,0.18,6.77
10,2023,4,3,20,16.2,8.87,12.28,1204.7,74.4,5.71,0.069,0.206,6.82
10,2023,4,4,0,15.8,8.73,9.58,1214.0,61.2,5.7,0.08,0.195,7.12
10,2023,4,4,4,15.5,8.66,8.79,1210.9,56.0,5.73,0.085,0.191,7.13
10,2023,4,4,8,15.2,8.65,8.68,1212.6,59.9,5.32,0.241,0.198,7.02
10,2023,4,4,12,15.2,8.71,10.72,1213.9,48.2,5.54,0.365,0.21,7.24
10,2023,4,4,16,15.0,8.71,10.93,1232.0,64.6,5.79,0.2,0.195,6.99
10,2023,4,4,20,14.4,8.59,9.65,1225.9,68.6,5.77,0.151,0.187,6.87
10,2023,4,5,0,13.9,8.47,8.67,1228.3,66.5,5.66,0.168,0.195,6.93
10,2023,4,5,4,13.6,8.44,8.59,1229.8,59.6,5.4,0.174,0.2,6.79
10,2023,4,5,8,13.6,8.43,8.7,1237.6,55.1,5.05,0.191,0.195,6.58
10,2023,4,5,12,14.2,8.51,10.23,1244.5,42.9,5.07,0.196,0.189,6.62
10,2023,4,5,16,16.1,8.66,13.12,1239.7,58.6,4.83,0.216,0.188,6.66
10,2023,4,5,20,15.6,8.61,12.03,1233.4,72.6,5.04,0.211,0.185,6.71
10,2023,4,6,0,14.6,8.4,9.46,1237.5,67.1,5.06,0.227,0.209,6.81
10,2023,4,6,4,14.4,8.32,8.65,1250.5,55.8,4.81,0.239,0.204,6.92
10,2023,4,6,8,14.6,8.36,8.95,1256.3,58.1,4.63,0.228,0.195,6.87
10,2023,4,6,12,16.2,8.58,12.41,1251.6,44.9,4.74,0.226,0.189,6.77
10,2023,4,6,16,17.9,8.72,14.71,1244.0,51.9,4.69,0.208,0.182,6.89
10,2023,4,6,16,17.9,8.72,14.71,1244.0,51.9,4.87,0.206,0.179,6.95
10,2023,4,7,4,13.4,8.33,9.14,1268.4,45.1,4.44,0.242,0.183,6.91
10,2023,4,7,8,13.4,8.38,9.76,1270.9,43.4,4.35,0.26,0.179,6.93
10,2023,4,7,12,15.7,8.59,13.59,1258.8,41.6,4.5,0.257,0.177,6.77
10,2023,4,7,16,16.8,8.72,14.79,1254.2,48.7,4.43,0.251,0.174,7.06
10,2023,4,7,20,14.6,8.68,13.43,1264.7,53.3,4.72,0.24,0.178,7.14
10,2023,4,8,0,13.3,8.49,10.68,1279.6,46.7,4.65,0.227,0.184,7.21
10,2023,4,8,4,13.1,8.46,9.8,1285.6,43.3,4.5,0.209,0.174,7.05
10,2023,4,8,8,13.5,8.56,10.54,1279.9,42.3,4.31,0.169,0.171,7.26
10,2023,4,8,12,16.3,8.77,15.22,1262.3,40.1,4.46,0.137,0.159,7.39
10,2023,4,8,16,18.2,8.87,17.61,1244.1,39.9,4.68,0.093,0.164,7.55
10,2023,4,8,16,18.2,8.87,17.61,1244.1,39.9,4.89,0.09,0.168,7.64
10,2023,4,8,16,18.2,8.87,17.61,1244.1,39.9,4.89,0.09,0.168,7.64
10,2023,4,9,4,14.4,8.52,10.03,1239.3,39.4,4.92,0.088,0.162,7.79
10,2023,4,9,8,15.0,8.62,10.47,1230.4,50.3,4.94,0.083,0.162,7.57
10,2023,4,9,12,17.2,8.85,15.74,1216.2,39.9,5.17,0.081,0.157,7.69
10,2023,4,9,16,18.5,8.97,18.11,1206.9,39.0,5.35,0.073,0.154,7.79
10,2023,4,9,20,17.0,8.89,15.33,1215.4,56.3,5.32,0.048,0.146,7.69
10,2023,4,10,0,15.8,8.73,11.25,1229.4,47.0,5.5,0.053,0.157,7.66
10,2023,4,10,4,15.7,8.68,10.02,1236.1,41.1,4.87,0.046,0.15,7.65
10,2023,4,10,8,16.1,8.73,10.71,1232.7,39.5,4.88,0.057,0.138,7.33
10,2023,4,10,12,18.5,8.94,16.64,1216.8,30.4,4.9,0.054,0.138,7.7
10,2023,4,10,16,19.9,9.04,21.51,1201.7,36.7,5.4,0.044,0.137,6.99
10,2023,4,10,20,18.6,8.95,16.64,1207.7,39.7,5.27,0.043,0.137,7.61
10,2023,4,11,0,16.8,8.78,11.14,1226.2,39.3,5.32,0.046,0.138,7.54
10,2023,4,11,4,16.0,8.72,9.73,1235.1,43.2,5.01,0.039,0.134,7.48
10,2023,4,11,8,15.2,8.74,10.08,1236.8,42.5,4.89,0.043,0.135,7.15
10,2023,4,11,12,16.3,8.95,15.09,1223.8,32.7,4.87,0.045,0.133,7.36
10,2023,4,11,16,17.5,9.09,18.51,1210.7,32.7,4.91,0.032,0.128,7.38
10,2023,4,11,20,15.6,9.03,16.1,1208.9,41.3,5.08,0.037,0.126,7.4
10,2023,4,12,0,14.1,8.86,11.9,1227.0,35.6,5.0,0.037,0.125,7.2
10,2023,4,12,4,13.8,8.77,9.86,1229.5,34.8,4.9,0.039,0.12,7.12
10,2023,4,12,8,14.1,8.81,10.45,1222.0,30.4,4.83,0.035,0.121,7.25
10,2023,4,12,12,16.5,9.03,17.24,1200.7,27.9,4.71,0.038,0.12,7.17
10,2023,4,12,16,18.1,9.11,22.33,1183.4,30.0,4.85,0.034,0.118,7.02
10,2023,4,12,20,17.0,8.98,17.41,1182.9,38.4,5.07,0.034,0.111,7.04
10,2023,4,13,0,16.0,8.8,11.82,1203.1,37.9,5.19,0.033,0.112,7.02
10,2023,4,13,4,15.9,8.67,10.13,1204.8,35.4,5.03,0.033,0.116,6.91
10,2023,4,13,8,16.2,8.67,10.98,1201.4,33.3,4.79,0.039,0.115,6.91
10,2023,4,13,12,17.8,8.96,17.6,1198.0,32.1,4.72,0.034,0.112,6.87
10,2023,4,13,16,18.9,9.05,22.35,1191.3,31.6,5.04,0.033,0.111,6.92
10,2023,4,13,20,18.0,8.93,17.35,1201.7,37.4,5.07,0.033,0.112,6.92
10,2023,4,14,0,16.9,8.76,11.66,1223.9,34.6,4.96,0.033,0.112,7.16
10,2023,4,14,4,16.5,8.67,9.85,1222.9,33.8,4.86,0.037,0.116,6.92
10,2023,4,14,8,16.7,8.7,10.54,1218.1,30.1,4.66,0.041,0.115,7.13
10,2023,4,14,12,18.1,8.92,16.33,1210.3,28.2,4.82,0.036,0.112,7.23
10,2023,4,14,16,18.9,9.05,21.87,1199.3,33.1,4.88,0.034,0.116,7.23
10,2023,4,14,20,17.6,8.96,17.74,1204.5,33.5,4.85,0.041,0.116,7.23
10,2023,4,15,0,16.1,8.8,11.85,1219.7,32.0,4.9,0.041,0.116,7.38
10,2023,4,15,4,15.4,8.7,9.69,1230.8,30.0,4.68,0.041,0.103,7.23
10,2023,4,15,8,15.5,8.76,10.56,1225.0,26.7,4.72,0.041,0.103,7.35
10,2023,4,15,12,17.8,8.98,17.36,1213.1,23.7,4.52,0.035,0.107,7.41
10,2023,4,15,16,18.4,9.07,22.96,1198.9,25.1,4.52,0.037,0.104,7.34
10,2023,4,15,20,17.2,8.98,17.9,1208.8,24.6,4.65,0.041,0.103,7.41
10,2023,4,16,0,15.8,8.81,12.23,1225.9,24.3,4.68,0.041,0.103,7.53
10,2023,4,16,4,15.1,8.69,9.93,1228.6,25.2,4.67,0.041,0.098,7.47
10,2023,4,16,8,15.5,8.76,11.38,1227.3,20.8,4.5,0.043,0.094,7.46
10,2023,4,16,12,18.6,9.0,19.77,1207.4,20.4,4.51,0.04,0.101,7.38
10,2023,4,16,16,20.5,9.08,28.44,1184.6,20.7,4.82,0.042,0.094,7.34
10,2023,4,16,20,18.8,8.98,23.16,1192.3,19.5,4.84,0.038,0.092,7.17
10,2023,4,16,20,18.8,8.98,23.16,1192.3,19.5,4.69,0.038,0.092,7.13
10,2023,4,17,8,16.8,8.59,11.65,1213.9,20.3,4.56,0.025,0.095,7.0
10,2023,4,17,12,18.5,9.0,23.09,1188.9,20.0,4.66,0.042,0.093,6.91
10,2023,4,17,20,18.7,8.96,25.54,1175.9,19.8,5.09,0.031,0.086,6.57
10,2023,4,18,0,17.4,8.73,13.69,1201.7,22.4,5.01,0.031,0.086,6.77
10,2023,4,18,4,16.6,8.54,10.39,1208.3,21.5,5.02,0.035,0.092,6.68
10,2023,4,18,8,16.9,8.58,13.19,1195.4,20.9,4.67,0.034,0.097,6.66
10,2023,4,18,12,20.0,9.06,28.37,1167.0,23.2,4.87,0.035,0.102,6.57
10,2023,4,18,20,20.6,8.96,29.91,1140.5,30.0,5.69,0.025,0.095,6.4
10,2023,4,19,0,18.6,8.66,15.91,1171.4,28.9,5.69,0.025,0.095,6.53
10,2023,4,19,4,17.6,8.37,11.01,1185.2,33.2,5.31,0.035,0.101,6.55
10,2023,4,19,8,17.8,8.41,13.23,1173.9,34.8,5.22,0.039,0.106,6.53
10,2023,4,19,12,20.4,9.04,16.64,1158.4,19.4,5.33,0.037,0.115,6.52
10,2023,4,19,16,22.3,9.13,21.51,1134.2,35.8,6.11,0.025,0.105,6.66
10,2023,4,19,20,21.2,8.97,19.32,1145.1,18.4,5.74,0.025,0.098,6.63
10,2023,4,20,0,20.0,8.65,15.76,1171.0,16.8,5.8,0.025,0.098,6.7
10,2023,4,20,4,19.0,8.33,10.86,1186.3,17.6,5.54,0.034,0.105,6.71
10,2023,4,20,8,18.7,8.27,11.28,1185.8,16.9,5.3,0.039,0.109,6.76
10,2023,4,20,12,18.8,8.68,16.11,1180.8,17.9,5.44,0.03,0.104,6.83
10,2023,4,20,16,18.8,9.06,16.87,1181.6,17.7,5.4,0.032,0.106,7.13
10,2023,4,20,20,18.0,8.85,14.41,1201.2,16.8,5.61,0.034,0.098,7.11
10,2023,4,21,0,17.4,8.58,9.31,1219.7,15.0,5.31,0.034,0.098,7.11
10,2023,4,21,4,17.0,8.48,7.92,1218.6,14.7,5.04,0.07,0.097,7.18
10,2023,4,21,8,16.4,8.57,8.78,1223.3,15.0,4.92,0.057,0.102,7.26
10,2023,4,21,12,17.6,9.0,17.45,1208.4,15.1,5.08,0.041,0.105,7.23
10,2023,4,21,16,19.0,9.11,20.31,1202.1,20.4,5.4,0.04,0.111,7.4
10,2023,4,21,20,18.1,8.98,14.62,1210.2,20.1,5.6,0.046,0.109,7.45
10,2023,4,22,0,17.2,8.83,10.63,1212.7,21.0,5.19,0.046,0.109,7.45
10,2023,4,22,4,16.7,8.71,8.93,1218.7,18.2,5.0,0.054,0.103,7.44
10,2023,4,22,8,16.5,8.65,8.37,1239.2,16.5,4.7,0.063,0.103,7.26
10,2023,4,22,12,17.2,8.85,12.56,1239.1,17.7,4.67,0.063,0.102,7.57
10,2023,4,22,16,18.1,9.02,17.85,1228.4,18.3,4.64,0.057,0.104,7.65
10,2023,4,22,20,17.5,8.95,15.19,1227.3,14.5,4.66,0.055,0.101,7.67
10,2023,4,23,0,16.5,8.69,10.86,1231.5,15.7,4.65,0.055,0.101,7.67
10,2023,4,23,4,15.7,8.42,8.48,1241.5,15.6,4.38,0.057,0.091,7.45
10,2023,4,23,8,15.8,8.44,9.15,1233.3,16.9,4.3,0.05,0.094,7.28
10,2023,4,23,12,16.8,8.79,14.44,1227.7,18.6,4.5,0.048,0.102,7.01
10,2023,4,23,16,17.5,8.99,19.67,1220.4,17.7,4.47,0.046,0.099,7.24
10,2023,4,23,16,17.5,8.99,19.67,1220.4,17.7,4.48,0.046,0.099,7.24
10,2023,4,23,16,17.5,8.99,19.67,1220.4,17.7,4.48,0.046,0.099,7.24
10,2023,4,24,4,14.8,8.35,8.5,1258.3,15.9,4.27,0.059,0.091,7.16
10,2023,4,24,8,14.8,8.4,9.21,1255.7,14.9,4.25,0.049,0.094,7.11
10,2023,4,24,12,17.7,8.91,18.72,1248.0,16.4,4.39,0.038,0.098,7.23
10,2023,4,24,16,19.0,9.14,26.34,1224.4,19.2,4.46,0.04,0.097,7.21
10,2023,4,24,16,19.0,9.14,26.34,1224.4,19.2,4.65,0.04,0.097,7.21
10,2023,4,24,16,19.0,9.14,26.34,1224.4,19.2,4.65,0.04,0.097,7.21
10,2023,4,25,4,15.9,8.43,8.57,1256.3,15.7,4.45,0.05,0.087,7.14
10,2023,4,25,8,16.0,8.43,8.42,1254.2,18.1,4.26,0.042,0.087,7.19
10,2023,4,25,12,18.7,8.9,16.54,1231.5,22.4,4.2,0.047,0.108,7.05
10,2023,4,25,16,19.9,9.14,20.94,1209.0,22.6,5.09,0.045,0.097,7.02
10,2023,4,25,20,18.4,9.08,21.21,1206.9,21.4,4.9,0.046,0.08,6.92
10,2023,4,26,0,16.8,8.8,12.61,1230.3,17.3,4.7,0.046,0.08,6.92
10,2023,4,26,4,15.5,8.58,9.57,1246.9,17.1,4.68,0.041,0.084,6.89
10,2023,4,26,8,15.3,8.63,9.79,1252.4,17.5,4.64,0.036,0.084,6.78
10,2023,4,26,12,18.1,9.01,18.55,1224.2,20.0,4.91,0.041,0.087,6.89
10,2023,4,26,16,18.9,9.16,24.94,1205.6,20.6,4.87,0.037,0.084,6.92
10,2023,4,26,20,17.8,9.05,21.23,1212.5,16.9,4.91,0.045,0.079,6.8
10,2023,4,27,0,17.0,8.8,13.4,1242.0,16.4,4.67,0.045,0.079,6.8
10,2023,4,27,4,16.2,8.61,9.38,1256.4,16.8,4.68,0.038,0.076,6.89
10,2023,4,27,8,16.2,8.61,9.31,1257.1,17.1,4.65,0.038,0.076,6.8
10,2023,4,27,12,17.5,8.95,15.67,1234.8,17.6,4.72,0.042,0.077,7.05
10,2023,4,27,16,18.0,9.1,19.56,1219.0,17.9,4.93,0.047,0.081,7.15
10,2023,4,27,16,18.0,9.1,19.56,1219.0,17.9,4.86,0.047,0.081,7.15
10,2023,4,27,16,18.0,9.1,19.56,1219.0,17.9,4.86,0.047,0.081,7.15
10,2023,4,28,4,17.0,8.66,8.72,1192.1,14.7,4.44,0.053,0.069,6.75
10,2023,4,28,8,17.0,8.6,8.53,1179.1,16.0,4.6,0.044,0.071,6.7
10,2023,4,28,12,19.3,9.03,18.5,1153.0,19.9,4.68,0.046,0.084,6.59
10,2023,4,28,16,21.0,9.19,26.34,1127.5,28.5,4.87,0.047,0.089,6.28
10,2023,4,28,20,19.6,9.11,20.82,1108.9,21.1,4.48,0.057,0.078,6.43
10,2023,4,29,0,18.1,8.81,11.48,1111.9,17.3,4.48,0.057,0.078,6.43
10,2023,4,29,4,16.6,8.53,7.84,1122.9,15.1,4.45,0.055,0.076,6.32
10,2023,4,29,8,16.4,8.47,8.05,1149.2,15.7,4.48,0.051,0.08,6.46
10,2023,4,29,12,19.2,9.03,18.84,1135.5,17.9,4.64,0.043,0.083,6.64
10,2023,4,29,16,21.4,9.26,28.54,1104.3,17.9,4.62,0.047,0.084,6.62
10,2023,4,29,20,20.5,9.21,27.45,1094.7,17.5,4.66,0.045,0.076,6.6
10,2023,4,30,0,18.9,8.93,15.61,1120.5,16.2,4.66,0.045,0.076,6.6
10,2023,4,30,4,17.7,8.64,9.52,1154.6,12.7,4.23,0.045,0.064,6.55
10,2023,4,30,8,17.6,8.48,8.44,1178.2,14.8,4.29,0.042,0.068,6.51
10,2023,4,30,12,20.7,9.0,20.4,1166.7,19.1,4.67,0.041,0.081,6.49
10,2023,4,30,20,21.8,9.12,27.0,1134.7,19.0,4.9,0.044,0.076,6.3
10,2023,5,1,0,20.2,8.84,14.56,1160.0,19.1,4.85,0.044,0.076,6.3
10,2023,5,1,4,19.0,8.53,8.42,1193.1,16.0,4.45,0.041,0.071,6.5
10,2023,5,1,8,18.5,8.35,7.29,1206.5,17.7,4.47,0.044,0.072,6.62
10,2023,5,1,12,21.1,8.86,18.85,1186.2,22.0,4.61,0.044,0.083,6.61
10,2023,5,1,20,22.2,8.99,27.64,1127.0,24.0,4.62,0.044,0.079,6.84
10,2023,5,2,0,20.7,8.75,13.63,1145.1,21.4,4.62,0.044,0.079,6.84
10,2023,5,2,4,19.7,8.48,7.92,1169.5,21.5,4.69,0.042,0.075,6.74
10,2023,5,2,8,19.5,8.33,6.78,1181.1,22.0,4.7,0.045,0.077,6.73
10,2023,5,2,12,22.0,8.88,18.96,1159.4,24.2,4.86,0.04,0.083,6.62
10,2023,5,2,20,23.7,8.97,27.2,1097.9,30.7,5.03,0.044,0.081,6.64
10,2023,5,3,0,22.5,8.68,14.01,1111.3,25.4,5.03,0.044,0.081,6.64
10,2023,5,3,4,21.6,8.38,7.15,1131.7,23.3,4.84,0.048,0.072,6.56
10,2023,5,3,8,20.9,8.31,6.6,1141.5,24.1,4.9,0.045,0.078,6.52
10,2023,5,3,12,23.0,8.91,14.53,1129.4,22.3,5.16,0.046,0.081,6.54
10,2023,5,3,16,25.3,9.09,21.78,1087.3,26.7,5.08,0.038,0.072,6.25
10,2023,5,3,20,24.5,8.92,23.31,1080.1,17.7,4.89,0.041,0.069,6.75
10,2023,5,4,0,23.0,8.63,14.8,1107.1,16.5,4.89,0.041,0.069,6.75
10,2023,5,4,4,21.8,8.31,7.11,1137.0,15.6,4.9,0.037,0.067,6.59
10,2023,5,4,8,21.1,8.12,4.94,1152.5,15.3,5.08,0.044,0.071,6.63
10,2023,5,4,12,21.2,8.26,6.75,1158.6,17.0,5.08,0.048,0.074,6.52
10,2023,5,4,16,21.3,8.49,9.12,1153.4,24.6,5.07,0.056,0.08,6.38
10,2023,5,4,20,20.9,8.46,8.03,1160.0,18.9,4.87,0.089,0.08,6.34
10,2023,5,5,0,20.4,8.28,5.71,1173.6,16.4,4.87,0.089,0.08,6.34
10,2023,5,5,4,20.0,8.1,3.98,1182.9,12.0,4.88,0.18,0.078,6.61
10,2023,5,5,8,20.0,8.16,5.05,1186.5,12.0,4.9,0.156,0.078,6.57
10,2023,5,5,12,20.6,8.59,10.2,1180.4,15.1,4.91,0.122,0.082,6.5
10,2023,5,5,16,21.2,8.99,18.25,1164.9,14.8,4.91,0.089,0.082,6.5
10,2023,5,5,16,21.2,8.99,18.25,1164.9,14.8,4.91,0.089,0.082,6.5
10,2023,5,5,16,21.2,8.99,18.25,1164.9,14.8,4.91,0.089,0.082,6.5
10,2023,5,6,4,19.6,8.17,5.04,1180.5,10.8,4.92,0.158,0.079,6.25
10,2023,5,6,8,19.5,8.34,7.37,1176.1,12.0,4.87,0.142,0.087,6.16
10,2023,5,6,12,21.1,9.08,23.16,1153.7,16.9,4.91,0.078,0.088,5.98
10,2023,5,7,4,20.1,8.26,6.24,1177.9,10.5,4.69,0.042,0.086,5.5
10,2023,5,7,8,19.7,8.3,8.03,1187.3,11.6,4.71,0.043,0.086,5.45
10,2023,5,7,12,22.1,9.09,27.78,1173.2,19.5,4.87,0.04,0.083,5.45
10,2023,5,7,20,23.2,8.87,28.94,1140.8,12.0,4.69,0.034,0.066,5.68
10,2023,5,8,0,22.0,8.68,13.17,1171.7,11.5,4.69,0.034,0.066,5.68
10,2023,5,8,4,20.9,8.29,6.22,1195.0,13.2,4.9,0.032,0.096,5.25
10,2023,5,8,8,20.4,8.37,8.6,1209.0,11.7,4.71,0.042,0.1,5.36
10,2023,5,9,4,21.7,8.32,6.68,1206.1,9.2,4.48,0.042,0.074,5.54
10,2023,5,9,8,21.1,8.39,8.48,1212.7,9.8,4.69,0.031,0.08,5.52
10,2023,5,11,4,22.7,8.24,6.46,1193.5,6.2,4.45,0.045,0.042,5.46
10,2023,5,11,8,22.3,8.3,6.76,1207.2,6.6,4.67,0.042,0.047,5.75
10,2023,5,11,12,23.6,8.99,26.3,1181.6,6.9,4.68,0.044,0.055,5.68
10,2023,5,11,20,24.2,8.69,27.58,1132.0,8.8,4.43,0.042,0.043,5.39
10,2023,5,12,0,23.2,8.45,12.09,1167.3,7.8,4.43,0.042,0.042,5.74
10,2023,5,12,4,22.1,8.24,5.56,1199.6,5.9,4.43,0.042,0.042,5.74
10,2023,5,12,8,21.7,8.36,7.05,1204.0,6.5,4.59,0.044,0.05,5.42
10,2023,5,12,16,24.0,8.78,29.74,1128.9,7.3,4.64,0.049,0.058,5.63
10,2023,5,12,16,24.0,8.78,29.74,1128.9,7.3,4.42,0.049,0.05,5.63
10,2023,5,12,16,24.0,8.78,29.74,1128.9,7.3,4.42,0.049,0.05,5.63
10,2023,5,13,4,21.8,8.21,4.7,1208.0,6.5,4.42,0.039,0.05,5.63
10,2023,5,13,8,21.6,8.48,8.31,1215.9,7.6,4.45,0.044,0.059,5.73
10,2023,5,13,12,24.3,9.05,25.65,1176.7,7.1,4.62,0.046,0.075,5.96
10,2023,5,13,16,26.2,8.65,26.04,1126.2,6.6,4.74,0.046,0.07,5.87
10,2023,5,13,20,25.7,8.48,18.95,1120.5,7.0,4.56,0.044,0.051,5.86
10,2023,5,14,0,24.5,8.11,11.17,1169.0,5.6,4.6,0.044,0.051,5.87
10,2023,5,14,4,23.8,7.9,7.38,1207.3,4.5,4.6,0.039,0.051,5.87
10,2023,5,14,8,23.4,8.09,6.89,1221.3,4.9,4.66,0.044,0.055,5.86
10,2023,5,14,12,25.3,8.77,18.41,1178.7,6.3,4.89,0.042,0.071,5.6
10,2023,5,14,16,27.0,8.69,21.27,1120.4,6.1,4.83,0.045,0.069,5.52
10,2023,5,14,20,26.3,8.43,15.64,1128.3,6.9,4.67,0.043,0.055,5.44
10,2023,5,14,20,26.3,8.43,15.64,1128.3,6.9,4.67,0.043,0.055,5.44
10,2023,5,15,4,24.1,7.82,5.42,1209.3,3.3,4.67,0.039,0.055,5.44
10,2023,5,15,8,23.8,8.03,6.55,1212.3,3.3,4.66,0.039,0.058,5.39
10,2023,5,15,12,25.9,8.74,19.67,1156.7,4.1,4.72,0.055,0.074,5.37
10,2023,5,15,16,27.9,8.76,23.56,1109.7,6.1,4.69,0.053,0.061,5.41
10,2023,5,15,20,27.4,8.46,21.59,1122.6,6.5,4.88,0.043,0.056,5.39
10,2023,5,16,0,26.5,7.88,9.54,1173.6,3.9,4.58,0.043,0.051,5.51
10,2023,5,16,4,25.9,7.62,4.97,1190.2,3.2,4.58,0.042,0.051,5.51
10,2023,5,16,8,26.1,7.7,6.12,1182.9,3.5,4.59,0.058,0.05,5.29
10,2023,5,16,12,28.2,8.71,25.6,1139.4,4.7,4.88,0.077,0.065,5.19
10,2023,5,17,12,26.6,8.6,20.79,1153.2,4.9,5.09,0.042,0.084,5.14
10,2023,5,17,16,27.1,8.75,26.78,1136.5,5.1,5.36,0.059,0.091,5.13
10,2023,5,17,20,26.2,8.38,16.93,1160.7,5.5,5.05,0.076,0.075,5.21
10,2023,5,18,0,25.0,7.97,7.17,1190.5,3.7,4.79,0.063,0.067,5.2
10,2023,5,18,4,23.9,7.72,3.43,1200.2,3.4,4.79,0.063,0.067,5.2
10,2023,5,18,8,23.9,7.87,6.58,1179.3,4.1,4.8,0.053,0.08,5.19
10,2023,5,18,8,23.9,7.87,6.58,1179.3,4.1,4.8,0.06,0.08,5.19
10,2023,5,18,12,26.2,8.88,26.79,1137.5,4.9,5.0,0.071,0.09,5.32
10,2023,5,18,20,26.9,8.47,23.07,1125.9,6.3,4.83,0.097,0.068,5.34
10,2023,5,19,0,25.7,8.0,9.66,1163.6,5.3,4.83,0.097,0.068,5.34
10,2023,5,19,4,24.8,7.62,4.32,1178.4,4.6,4.8,0.053,0.071,5.17
10,2023,5,19,8,24.4,7.51,3.5,1171.4,4.8,5.05,0.061,0.094,5.12
10,2023,5,19,12,24.2,7.74,6.95,1163.0,6.1,5.34,0.068,0.106,5.15
10,2023,5,19,16,24.1,8.05,9.48,1172.6,5.9,5.26,0.083,0.096,5.22
10,2023,5,19,20,23.6,7.83,5.4,1191.8,5.5,4.74,0.134,0.089,5.09
10,2023,5,20,0,23.2,7.63,2.77,1197.3,4.1,4.74,0.134,0.089,5.09
10,2023,5,20,4,22.9,7.58,1.92,1202.8,4.6,5.05,0.28,0.108,5.38
10,2023,5,20,8,22.6,7.84,4.99,1208.1,6.0,5.32,0.195,0.133,5.44
10,2023,5,20,12,23.0,8.69,19.52,1194.2,6.5,5.5,0.071,0.12,5.47
10,2023,5,20,16,22.6,8.68,22.85,1183.0,5.9,5.0,0.082,0.091,5.35
10,2023,5,20,20,21.8,8.52,14.56,1197.7,6.0,5.07,0.055,0.082,5.55
10,2023,5,21,0,21.0,8.26,7.45,1219.8,5.0,5.07,0.055,0.082,5.55
10,2023,5,21,4,20.2,8.03,4.24,1223.9,5.6,4.95,0.056,0.088,5.64
10,2023,5,21,8,20.2,8.19,6.62,1220.5,6.4,5.5,0.085,0.119,5.41
10,2023,5,21,12,21.6,8.69,12.85,1196.1,4.9,5.57,0.114,0.12,5.56
10,2023,5,21,16,23.0,8.76,24.96,1159.1,5.4,5.2,0.074,0.087,5.38
10,2023,5,21,16,23.0,8.76,24.96,1159.1,5.4,5.2,0.074,0.087,5.38
10,2023,5,21,16,23.0,8.76,24.96,1159.1,5.4,5.2,0.074,0.087,5.38
10,2023,5,22,4,21.2,7.99,7.05,1223.0,4.5,5.04,0.052,0.082,5.37
10,2023,5,22,8,21.0,8.1,8.0,1224.3,5.7,6.16,0.091,0.146,5.69
10,2023,5,22,12,22.8,8.78,25.26,1194.2,10.6,6.46,0.099,0.162,5.68
10,2023,5,22,16,24.9,8.76,20.87,1147.8,15.6,5.6,0.061,0.103,5.52
10,2023,5,22,20,24.8,8.37,12.31,1163.4,7.7,5.05,0.056,0.079,5.43
10,2023,5,23,0,23.7,8.02,10.23,1191.5,5.6,5.05,0.056,0.079,5.43
10,2023,5,23,4,22.7,7.75,7.11,1202.4,5.9,5.09,0.048,0.078,5.53
10,2023,5,23,8,22.5,8.11,9.41,1203.2,8.2,6.35,0.058,0.141,5.75
10,2023,5,24,16,25.9,8.56,22.32,1173.4,10.9,6.04,0.059,0.124,6.64
10,2023,5,25,12,24.2,8.59,16.74,1216.3,11.2,5.42,0.063,0.121,6.35
10,2023,5,25,16,24.6,8.5,17.06,1208.4,13.6,5.62,0.078,0.105,6.44
10,2023,5,25,20,24.4,8.33,11.74,1215.8,14.8,5.41,0.085,0.085,6.22
10,2023,5,26,0,23.7,7.97,6.11,1216.9,9.6,4.97,0.085,0.085,6.22
10,2023,5,26,4,23.1,7.7,3.79,1208.0,9.4,4.79,0.158,0.085,5.89
10,2023,5,26,8,23.2,7.85,5.92,1208.2,8.9,4.96,0.09,0.109,6.09
10,2023,5,26,12,25.2,8.69,21.59,1196.0,11.7,5.48,0.059,0.115,6.04
10,2023,5,26,16,26.7,8.66,26.17,1166.9,13.1,5.26,0.061,0.095,6.07
10,2023,5,26,20,26.3,8.29,15.36,1178.5,12.7,4.94,0.068,0.086,5.95
10,2023,5,27,0,25.5,7.82,6.1,1194.9,10.5,4.79,0.098,0.081,5.92
10,2023,5,27,4,24.8,7.58,2.88,1199.1,8.8,4.92,0.154,0.087,5.72
10,2023,5,27,8,24.1,7.6,2.86,1202.6,8.4,5.1,0.175,0.116,5.94
10,2023,5,27,12,24.2,8.09,8.09,1210.4,11.0,5.3,0.111,0.128,6.14
10,2023,5,27,16,24.7,8.58,14.8,1208.0,12.6,5.08,0.084,0.118,6.13
10,2023,5,27,16,24.7,8.58,14.8,1208.0,12.6,5.08,0.084,0.118,6.13
10,2023,5,28,0,23.8,7.93,4.17,1213.8,10.9,4.78,0.199,0.106,6.08
10,2023,5,28,4,23.3,7.79,2.56,1217.5,8.4,4.78,0.236,0.111,6.1
10,2023,5,28,8,23.4,7.95,5.07,1217.1,10.6,5.06,0.163,0.129,5.82
10,2023,5,28,12,25.3,8.69,19.49,1197.5,11.2,5.51,0.057,0.128,6.05
10,2023,5,28,16,27.6,8.69,28.39,1158.4,12.4,5.38,0.058,0.104,5.93
10,2023,5,28,20,27.2,8.29,15.25,1171.6,15.8,4.92,0.058,0.095,5.81
10,2023,5,29,0,26.3,7.84,5.82,1184.8,9.8,4.71,0.088,0.094,5.88
10,2023,5,29,4,25.5,7.58,3.01,1181.0,8.1,4.81,0.119,0.099,5.61
10,2023,5,29,12,27.5,8.72,18.44,1175.0,21.3,5.59,0.045,0.133,5.87
10,2023,5,29,16,28.8,8.65,17.83,1151.6,15.2,5.49,0.043,0.107,5.7
10,2023,5,29,20,27.7,8.26,9.71,1170.2,15.3,4.99,0.052,0.097,5.8
10,2023,5,30,0,26.9,7.78,7.14,1179.6,8.4,4.79,0.083,0.091,5.75
10,2023,5,30,4,26.1,7.56,4.57,1180.5,8.2,4.75,0.11,0.1,5.74
10,2023,5,30,8,25.5,7.55,4.12,1186.2,9.4,5.32,0.113,0.147,5.9
10,2023,5,30,12,25.4,8.05,8.97,1194.6,15.3,5.32,0.113,0.147,5.9
10,2023,5,30,12,25.4,8.05,8.97,1194.6,15.3,5.83,0.055,0.163,5.98
10,2023,5,30,16,25.6,8.51,12.61,1197.8,15.0,5.83,0.055,0.163,5.98
10,2023,5,30,16,25.6,8.51,12.61,1197.8,15.0,5.65,0.062,0.14,5.89
10,2023,5,30,16,25.6,8.51,12.61,1197.8,15.0,5.65,0.062,0.14,5.89
10,2023,5,30,16,25.6,8.51,12.61,1197.8,15.0,5.65,0.062,0.14,5.89
10,2023,5,30,16,25.6,8.51,12.61,1197.8,15.0,5.65,0.062,0.14,5.89
10,2023,5,30,16,25.6,8.51,12.61,1197.8,15.0,5.65,0.062,0.14,5.89
10,2023,5,31,4,24.0,7.74,3.3,1203.4,8.1,5.65,0.062,0.14,5.89
10,2023,5,31,4,24.0,7.74,3.3,1203.4,8.1,4.94,0.26,0.131,6.08
10,2023,5,31,8,23.8,7.95,5.86,1196.8,11.7,4.94,0.26,0.131,6.08
10,2023,5,31,12,24.9,8.54,15.04,1187.6,16.5,5.56,0.175,0.16,6.32
10,2023,5,31,12,24.9,8.54,15.04,1187.6,16.5,5.83,0.081,0.161,6.41
10,2023,5,31,16,25.9,8.64,13.83,1185.1,18.7,5.83,0.081,0.161,6.41
10,2023,5,31,16,25.9,8.64,13.83,1185.1,18.7,5.5,0.092,0.144,6.41
10,2023,5,31,20,25.8,8.38,9.16,1192.9,18.4,5.5,0.092,0.144,6.41
10,2023,5,31,20,25.8,8.38,9.16,1192.9,18.4,4.97,0.124,0.13,6.36
10,2023,6,1,0,25.1,8.02,4.84,1201.5,10.5,4.97,0.124,0.13,6.36
10,2023,6,1,0,25.1,8.02,4.84,1201.5,10.5,4.97,0.124,0.13,6.36
10,2023,6,1,4,24.4,7.85,3.2,1206.2,12.1,4.97,0.124,0.13,6.36
10,2023,6,1,4,24.4,7.85,3.2,1206.2,12.1,4.8,0.204,0.13,6.45
10,2023,6,1,8,24.3,8.01,5.82,1208.5,14.0,4.8,0.204,0.13,6.45
10,2023,6,1,8,24.3,8.01,5.82,1208.5,14.0,5.24,0.134,0.154,6.48
10,2023,6,1,12,26.7,8.62,18.12,1195.4,24.6,5.24,0.134,0.154,6.48
10,2023,6,1,12,26.7,8.62,18.12,1195.4,24.6,5.57,0.055,0.155,6.38
10,2023,6,1,16,27.5,8.62,19.12,1189.7,27.4,5.57,0.055,0.155,6.38
10,2023,6,1,16,27.5,8.62,19.12,1189.7,27.4,5.68,0.055,0.144,6.38
10,2023,6,2,12,26.1,8.66,20.2,1174.4,24.2,5.61,0.045,0.147,6.28
