point_id,year,month,day,hour,水温(℃),pH(无量纲),溶解氧(mg/L),电导率(μS/cm),浊度(NTU),高锰酸盐指数(mg/L),氨氮(mg/L),总磷(mg/L),总氮(mg/L)
12,2021,6,17,12,25.4,7.76,3.91,748.7,41.5,6.61,0.347,0.184,1.74
12,2021,6,17,12,25.4,7.76,3.91,748.7,41.5,6.61,0.347,0.184,1.74
12,2021,6,17,16,26.4,7.87,5.48,750.1,46.3,6.75,0.354,0.178,1.88
12,2021,6,17,16,26.4,7.87,5.48,750.1,46.3,7.02,0.336,0.172,1.87
12,2021,6,17,20,26.0,7.81,4.85,751.6,44.5,6.87,0.393,0.179,1.94
12,2021,6,18,0,25.4,7.72,3.75,751.2,35.6,6.87,0.393,0.179,1.94
12,2021,6,18,4,24.6,7.66,2.64,751.2,35.2,6.62,0.385,0.157,1.84
12,2021,6,18,4,24.6,7.66,2.64,751.2,35.2,6.51,0.369,0.15,1.78
12,2021,6,18,8,24.5,7.68,3.01,751.8,40.4,6.51,0.343,0.161,1.81
12,2021,6,18,12,25.6,7.82,5.1,753.2,46.2,6.51,0.281,0.154,1.84
12,2021,6,18,16,27.0,8.03,6.89,749.9,57.3,6.88,0.281,0.154,1.84
12,2021,6,18,16,27.0,8.03,6.89,749.9,57.3,7.17,0.228,0.148,1.78
12,2021,6,18,20,26.6,8.05,7.13,735.8,48.9,7.15,0.175,0.153,1.63
12,2021,6,19,0,25.8,7.89,5.7,729.3,40.5,7.15,0.175,0.153,1.63
12,2021,6,19,4,24.8,7.77,4.38,730.6,40.5,6.88,0.17,0.138,1.46
12,2021,6,19,4,24.8,7.77,4.38,730.6,40.5,6.91,0.191,0.142,1.49
12,2021,6,19,8,24.6,7.76,4.35,732.3,48.2,6.8,0.191,0.158,1.61
12,2021,6,19,12,25.6,7.99,6.51,738.4,51.2,7.15,0.175,0.173,1.64
12,2021,6,19,16,26.6,8.24,8.59,743.3,50.6,7.25,0.163,0.157,1.56
12,2021,6,19,20,26.6,8.19,7.86,743.3,50.2,7.25,0.149,0.159,1.56
12,2021,6,20,0,25.6,7.98,6.1,739.1,42.5,7.35,0.149,0.159,1.56
12,2021,6,20,0,25.6,7.98,6.1,739.1,42.5,7.35,0.149,0.159,1.56
12,2021,6,20,8,24.6,7.77,4.2,736.9,56.3,6.98,0.2,0.175,1.71
12,2021,6,20,12,25.7,7.94,6.21,735.8,55.9,7.32,0.181,0.176,1.69
12,2021,6,20,16,27.2,8.29,9.49,738.4,56.4,7.58,0.181,0.176,1.69
12,2021,7,2,20,26.1,7.47,2.97,648.0,43.7,5.56,0.961,0.163,3.68
12,2021,7,3,0,25.6,7.42,2.25,647.7,36.0,5.56,0.961,0.163,3.68
12,2021,7,3,4,25.3,7.42,2.1,646.3,34.2,5.56,0.961,0.163,3.68
12,2021,7,3,4,25.3,7.42,2.1,646.3,34.2,5.26,0.776,0.115,3.47
12,2021,7,3,8,24.7,7.44,2.71,631.2,31.3,5.1,0.638,0.108,3.31
12,2021,7,3,12,24.6,7.46,2.72,623.1,36.8,5.1,0.692,0.101,3.31
12,2021,7,3,16,25.8,7.5,2.96,553.8,58.4,5.03,0.692,0.101,3.13
12,2021,7,3,16,25.8,7.5,2.96,553.8,58.4,5.79,1.145,0.159,4.08
12,2021,7,3,20,25.8,7.6,4.22,553.8,410.3,8.59,0.989,0.312,5.72
12,2021,7,4,0,25.7,7.59,4.06,626.0,397.6,8.59,0.989,0.312,5.72
12,2021,7,4,4,25.2,7.59,3.94,608.8,269.7,8.59,0.989,0.312,5.72
12,2021,7,4,4,25.2,7.59,3.94,608.8,269.7,8.22,0.025,0.293,6.51
12,2021,7,4,8,25.1,7.57,3.52,597.0,212.8,7.52,0.025,0.27,5.99
12,2021,7,4,12,25.7,7.66,4.51,592.7,145.9,7.52,0.025,0.225,5.99
12,2021,7,4,16,27.0,7.91,6.81,591.0,143.9,7.86,0.025,0.225,5.49
12,2021,7,4,16,27.0,7.91,6.81,591.0,143.9,8.18,0.025,0.225,5.15
12,2021,7,4,20,27.4,7.98,6.89,593.9,142.1,8.11,1.63,0.234,4.87
12,2021,7,5,0,27.0,7.91,5.92,596.9,106.3,8.11,1.63,0.234,4.87
12,2021,7,5,4,26.4,7.7,4.2,598.0,97.7,8.11,1.63,0.234,4.87
12,2021,7,5,8,26.2,7.62,3.48,600.1,100.7,7.41,1.234,0.205,4.09
12,2021,7,5,8,26.2,7.62,3.48,600.1,100.7,7.44,1.123,0.177,3.85
12,2021,7,5,12,27.0,7.75,4.88,601.4,112.0,7.71,0.879,0.189,3.71
12,2021,7,5,16,27.7,7.82,5.45,598.3,130.6,7.71,0.709,0.167,3.71
12,2021,7,5,20,27.5,7.81,4.78,597.9,140.0,7.96,0.709,0.167,3.61
12,2021,7,5,20,27.5,7.81,4.78,597.9,140.0,7.8,0.725,0.191,3.81
12,2021,7,6,0,26.8,7.75,4.34,590.4,94.3,7.8,0.725,0.191,3.81
12,2021,7,6,4,26.0,7.65,3.23,588.9,108.4,7.8,0.754,0.195,3.81
12,2021,7,6,8,25.6,7.63,2.78,579.4,108.9,7.04,0.754,0.195,3.71
12,2021,7,6,8,25.6,7.63,2.78,579.4,108.9,6.72,0.565,0.154,3.59
12,2021,7,6,12,26.2,7.68,3.0,591.3,95.7,6.85,0.469,0.155,3.09
12,2021,7,6,16,26.8,7.75,3.64,589.7,103.4,6.91,0.433,0.147,3.01
12,2021,7,7,8,27.0,7.6,2.17,580.5,89.0,6.18,0.3,0.136,2.62
12,2021,7,7,12,28.4,7.84,6.83,589.3,68.8,6.1,0.3,0.131,2.64
12,2021,7,7,12,28.4,7.84,6.83,589.3,68.8,7.06,0.318,0.152,2.97
12,2021,7,26,12,29.9,7.58,2.85,612.1,33.0,5.56,0.346,0.204,1.9
12,2021,7,26,16,29.7,7.69,4.44,617.2,30.9,5.77,0.337,0.206,1.92
12,2021,7,26,20,29.6,7.61,2.86,617.0,30.4,5.77,0.398,0.206,1.92
12,2021,7,27,0,29.0,7.56,2.0,620.7,36.9,5.59,0.398,0.214,1.92
12,2021,7,27,0,29.0,7.56,2.0,620.7,36.9,5.59,0.398,0.214,1.92
12,2021,7,27,4,28.6,7.54,1.68,620.5,38.2,5.59,0.547,0.229,2.17
12,2021,7,27,8,28.2,7.53,1.48,614.9,41.1,5.59,0.632,0.229,2.17
12,2021,7,27,12,28.0,7.59,2.01,601.4,72.3,5.69,0.632,0.232,2.3
12,2021,7,27,12,28.0,7.59,2.01,601.4,72.3,5.69,0.632,0.232,2.3
12,2021,7,27,12,28.0,7.59,2.01,601.4,72.3,6.34,1.397,0.291,3.96
12,2021,7,27,16,26.6,7.56,2.18,502.4,1437.5,9.96,0.025,0.633,12.36
12,2021,7,27,20,25.8,7.5,0.9,503.5,1717.6,9.8,0.025,0.643,15.66
12,2021,7,28,0,25.5,7.49,1.78,485.3,845.3,9.8,0.025,0.643,15.66
12,2021,7,28,4,25.4,7.4,1.33,411.9,400.8,9.8,0.025,0.643,15.66
12,2021,7,28,4,25.4,7.4,1.33,411.9,400.8,7.82,0.97,0.304,8.56
12,2021,7,28,8,23.7,7.61,3.6,362.5,441.6,6.89,0.897,0.254,9.21
12,2021,7,28,12,23.0,7.71,5.34,345.0,425.3,6.89,0.827,0.254,9.21
12,2021,7,28,16,22.9,7.76,5.99,345.1,304.2,6.09,0.827,0.219,9.36
12,2021,7,28,16,22.9,7.76,5.99,345.1,304.2,5.5,0.648,0.193,8.6
12,2021,7,28,20,23.0,7.76,6.14,348.6,233.0,5.18,0.544,0.147,7.92
12,2021,7,29,0,23.0,7.76,6.14,356.1,204.6,5.18,0.544,0.147,7.92
12,2021,7,29,4,23.1,7.74,6.04,373.0,181.6,5.18,0.544,0.147,7.92
12,2021,7,29,4,23.1,7.74,6.04,373.0,181.6,4.86,0.451,0.14,8.53
12,2021,7,29,8,23.5,7.73,5.79,387.0,154.6,4.6,0.488,0.15,8.9
12,2021,7,29,12,23.8,7.72,5.73,389.4,153.9,4.6,0.488,0.129,8.92
12,2021,7,29,16,23.8,7.72,5.56,388.6,159.5,4.61,0.488,0.129,8.92
12,2021,7,29,16,23.8,7.72,5.56,388.6,159.5,4.76,0.536,0.15,8.88
12,2021,7,29,20,23.7,7.72,5.51,391.5,175.1,4.85,0.557,0.146,8.96
12,2021,7,30,0,23.5,7.71,5.49,396.4,162.3,4.85,0.557,0.146,8.96
12,2021,7,30,4,23.3,7.68,5.1,404.1,149.1,4.85,0.557,0.146,8.96
12,2021,7,30,4,23.3,7.68,5.1,404.1,149.1,4.77,0.53,0.134,8.82
12,2021,7,30,8,23.3,7.66,4.78,407.2,142.9,4.7,0.543,0.136,8.47
12,2021,7,30,12,23.4,7.66,4.93,406.6,132.9,4.7,0.503,0.136,8.47
12,2021,7,30,16,23.5,7.68,4.77,405.4,135.1,4.71,0.503,0.135,8.1
12,2021,8,6,8,28.0,7.91,5.36,482.4,29.2,4.48,0.244,0.099,4.13
12,2021,8,6,8,28.0,7.91,5.36,482.4,29.2,4.71,0.178,0.098,3.95
12,2021,9,23,12,22.6,7.98,8.06,670.7,69.5,6.45,0.459,0.222,5.1
12,2021,9,23,16,22.7,8.07,9.47,666.9,65.9,6.22,0.451,0.212,4.68
12,2021,9,23,20,22.9,8.1,9.6,669.5,63.4,6.06,0.377,0.2,4.64
12,2021,9,24,0,23.4,8.16,9.56,668.6,50.2,6.06,0.377,0.2,4.64
12,2021,9,24,4,23.5,8.09,9.48,656.7,46.5,6.0,0.228,0.191,4.21
12,2021,10,28,12,21.4,8.26,10.11,591.0,44.4,5.19,0.26,0.105,4.59
12,2021,10,28,16,21.6,8.29,10.49,627.8,69.4,5.43,0.363,0.117,4.94
12,2021,10,28,20,21.9,8.24,10.26,695.3,53.9,5.41,0.296,0.102,4.43
12,2021,10,29,0,22.0,8.31,10.92,688.1,41.2,5.41,0.296,0.102,4.43
12,2021,10,29,4,21.5,8.38,11.5,683.9,34.4,5.42,0.254,0.099,4.39
12,2021,10,29,8,21.1,8.32,10.74,683.9,42.0,5.63,0.273,0.111,4.62
12,2021,10,29,12,21.6,8.31,10.87,687.1,42.5,5.94,0.3,0.117,4.78
12,2021,11,5,8,13.7,8.02,8.89,559.2,23.5,4.6,0.025,0.062,4.18
12,2021,11,5,12,13.8,8.07,9.51,564.9,23.8,4.78,0.025,0.063,4.29
12,2021,11,5,16,14.0,8.08,9.58,561.3,26.8,4.83,0.025,0.071,4.36
12,2021,11,5,20,13.9,8.04,9.1,554.0,24.8,4.62,0.025,0.071,4.31
12,2021,11,6,0,13.8,8.01,8.76,549.9,24.4,4.62,0.025,0.071,4.31
12,2021,11,6,4,13.7,8.0,8.73,547.5,24.3,4.38,0.025,0.069,4.01
12,2021,11,6,8,14.0,8.02,9.05,545.6,24.3,4.49,0.025,0.068,4.02
12,2021,11,6,12,14.2,8.05,9.45,543.8,24.9,4.42,0.025,0.074,4.03
12,2021,11,6,16,14.0,8.01,8.88,542.2,25.8,4.49,0.025,0.072,4.12
12,2021,11,6,20,13.6,7.98,8.4,539.5,25.9,4.49,0.025,0.069,4.09
12,2021,11,7,0,13.2,8.0,8.4,536.4,25.6,4.49,0.025,0.069,4.09
12,2021,11,7,4,12.7,8.0,8.4,536.1,26.9,4.38,0.194,0.08,4.11
12,2021,11,7,4,12.7,8.0,8.4,536.1,26.9,4.41,0.194,0.084,4.17
12,2021,11,7,12,11.4,8.02,8.66,551.8,26.7,4.36,0.186,0.084,4.17
12,2021,11,7,16,10.5,8.06,9.02,545.8,25.2,4.25,0.202,0.077,4.1
12,2021,11,7,20,10.0,8.09,9.12,546.0,23.7,4.42,0.212,0.078,4.25
12,2021,11,8,0,9.5,8.09,9.35,543.7,20.4,4.46,0.212,0.069,4.33
12,2021,11,8,4,9.0,8.12,9.72,543.0,18.0,4.46,0.165,0.069,4.33
12,2021,11,8,8,8.5,8.16,10.15,540.8,16.6,4.36,0.151,0.059,4.28
12,2021,11,8,12,8.9,8.16,10.42,555.2,19.9,4.39,0.192,0.065,4.47
12,2021,11,8,16,8.7,8.15,10.38,585.4,23.9,4.72,0.216,0.068,4.81
12,2021,11,8,20,8.6,8.13,10.3,600.7,21.8,4.85,0.201,0.064,4.97
12,2021,11,9,0,8.9,8.13,10.23,610.4,21.8,4.67,0.201,0.064,4.97
12,2021,11,9,4,9.1,8.13,10.35,615.5,20.7,4.69,0.205,0.061,5.04
12,2021,11,9,8,9.1,8.15,10.49,615.7,17.9,4.89,0.198,0.061,5.1
12,2021,11,9,12,9.8,8.14,10.76,608.4,17.8,4.62,0.184,0.06,5.12
12,2021,11,9,16,9.3,8.17,10.74,617.6,19.7,4.62,0.192,0.066,5.21
12,2021,11,9,20,9.3,8.16,10.51,614.5,19.9,4.8,0.177,0.066,5.08
12,2021,11,10,0,9.2,8.17,10.63,620.0,19.1,4.93,0.177,0.066,5.08
12,2021,11,10,4,9.4,8.17,10.59,625.5,22.7,5.18,0.201,0.071,5.18
12,2021,11,10,8,9.8,8.17,10.68,636.2,21.6,5.38,0.207,0.074,5.32
12,2021,11,10,12,10.1,8.2,10.97,647.4,21.7,5.33,0.207,0.077,5.48
12,2021,11,10,16,9.8,8.2,10.97,655.3,21.2,5.86,0.219,0.077,5.48
12,2021,11,10,20,9.7,8.16,10.58,653.2,21.1,4.52,0.205,0.069,5.59
12,2021,11,11,0,9.7,8.16,10.48,646.1,20.5,4.45,0.205,0.069,5.59
12,2021,11,11,4,9.8,8.17,10.56,643.2,20.5,4.45,0.2,0.069,5.59
12,2021,11,11,8,10.2,8.17,10.59,637.9,21.6,4.2,0.237,0.065,5.36
12,2021,11,11,12,10.4,8.21,10.95,635.2,21.7,4.21,0.232,0.068,5.39
12,2021,11,11,16,10.2,8.23,10.95,630.6,20.6,4.29,0.195,0.068,5.35
12,2021,11,11,20,9.9,8.19,10.57,617.8,22.4,4.43,0.179,0.066,5.29
12,2021,11,12,0,9.6,8.17,10.35,606.3,20.8,4.29,0.179,0.068,5.19
12,2021,11,12,4,9.6,8.18,10.38,600.6,19.8,3.94,0.143,0.061,4.92
12,2021,11,26,12,8.3,8.28,13.66,584.0,27.6,4.17,0.11,0.049,5.72
12,2021,11,26,16,8.2,8.29,13.5,597.3,23.5,4.4,0.099,0.057,5.69
12,2021,11,26,20,7.8,8.24,12.88,584.6,23.3,4.3,0.097,0.068,5.48
12,2021,11,27,0,7.9,8.18,12.68,563.3,23.7,4.3,0.097,0.068,5.48
12,2021,11,27,4,8.0,8.19,12.71,547.0,20.4,3.6,0.108,0.049,5.12
12,2021,11,27,8,7.8,8.18,12.69,545.0,17.5,3.52,0.107,0.041,5.06
12,2021,11,27,12,8.2,8.2,12.98,543.7,19.3,3.65,0.096,0.043,5.2
12,2021,11,27,16,7.9,8.2,12.83,545.0,20.0,3.67,0.089,0.045,5.27
12,2021,11,27,20,8.0,8.17,12.45,536.9,18.7,3.57,0.083,0.039,5.34
12,2021,11,28,0,8.0,8.14,12.36,525.9,17.7,3.57,0.083,0.039,5.34
12,2021,11,28,4,8.0,8.14,12.41,515.0,17.1,3.17,0.082,0.036,5.44
12,2021,11,28,8,8.1,8.15,12.58,513.9,18.6,3.14,0.083,0.038,5.5
12,2021,11,28,12,8.5,8.2,13.06,528.7,21.4,3.35,0.089,0.038,5.68
12,2021,11,28,16,8.6,8.25,13.2,543.2,19.9,3.71,0.086,0.042,5.77
12,2021,11,28,20,8.2,8.2,12.66,551.3,20.7,3.72,0.087,0.04,5.55
12,2021,11,29,0,8.0,8.15,12.3,549.3,20.6,3.72,0.087,0.04,5.55
12,2021,11,29,4,7.9,8.12,12.12,541.1,21.7,3.49,0.099,0.041,5.39
12,2021,11,29,8,8.0,8.1,12.06,535.4,24.0,3.28,0.102,0.039,5.56
12,2021,11,29,12,8.1,8.11,12.1,535.2,25.1,3.19,0.105,0.039,5.69
12,2021,11,30,8,7.5,8.09,11.64,536.5,24.9,3.19,0.102,0.038,6.34
12,2021,11,30,12,7.7,8.11,11.8,537.8,24.5,3.38,0.102,0.038,6.34
12,2021,11,30,16,7.7,8.13,11.88,538.8,23.2,3.43,0.096,0.038,6.45
12,2021,11,30,20,7.4,8.12,11.8,540.6,22.4,3.35,0.09,0.034,6.48
12,2021,11,30,20,7.4,8.12,11.8,540.6,22.4,3.35,0.09,0.034,6.48
12,2021,12,1,4,6.9,8.13,11.84,542.7,21.4,3.23,0.089,0.036,6.54
12,2021,12,1,8,7.0,8.12,11.95,546.3,20.2,3.22,0.085,0.036,6.57
12,2021,12,1,12,7.3,8.19,12.38,565.2,19.3,3.47,0.085,0.036,6.7
12,2021,12,1,20,7.2,8.2,12.34,583.8,18.4,3.79,0.082,0.036,6.72
12,2021,12,1,20,6.9,8.2,12.34,583.8,18.4,3.72,0.025,0.032,6.64
12,2021,12,2,0,6.8,8.21,12.49,583.0,17.0,3.72,0.025,0.032,6.64
12,2021,12,2,8,7.1,8.24,12.94,621.8,17.9,4.02,0.025,0.038,6.66
12,2021,12,2,12,7.5,8.3,13.63,643.2,17.5,4.13,0.082,0.036,6.72
12,2021,12,3,12,6.8,8.32,12.91,645.6,19.2,3.73,0.086,0.038,6.57
12,2021,12,7,16,6.8,8.32,12.69,583.9,17.2,2.4,0.099,0.031,7.16
12,2021,12,7,20,6.4,8.29,12.38,582.9,16.2,2.4,0.083,0.03,7.16
12,2021,12,8,8,6.5,8.32,13.05,602.6,14.0,2.34,0.082,0.005,7.27
12,2021,12,8,12,6.8,8.41,13.77,624.7,14.1,2.34,0.08,0.033,7.39
12,2021,12,8,16,6.5,8.18,12.25,654.9,16.7,3.27,0.08,0.035,7.52
12,2021,12,8,20,5.9,8.47,13.02,676.5,16.7,3.44,0.025,0.038,7.56
12,2021,12,9,0,5.7,8.46,13.2,676.9,18.4,3.44,0.025,0.038,7.56
12,2021,12,9,4,5.8,8.46,13.44,666.0,17.6,3.44,0.084,0.036,7.56
12,2021,12,9,8,5.9,8.46,13.85,652.8,14.8,2.87,0.089,0.031,7.42
12,2021,12,9,16,6.0,8.42,13.55,648.9,18.4,3.11,0.091,0.033,7.36
12,2021,12,10,12,6.0,8.32,13.01,613.3,16.6,2.63,0.098,0.031,7.16
12,2021,12,10,16,5.8,8.3,12.72,611.7,23.3,2.62,0.096,0.031,7.18
12,2021,12,14,8,4.5,8.39,12.88,709.9,30.8,3.58,0.114,0.042,7.86
12,2021,12,14,12,4.7,8.39,13.02,701.3,32.3,3.4,0.149,0.047,7.85
12,2021,12,14,16,4.7,8.38,12.91,690.4,29.7,3.33,0.138,0.042,7.85
12,2021,12,14,20,4.3,8.35,12.62,683.6,30.0,3.12,0.138,0.041,7.84
12,2021,12,15,0,4.2,8.34,12.62,670.2,25.7,3.12,0.138,0.041,7.84
12,2021,12,15,4,4.3,8.33,12.73,656.9,24.9,2.92,0.116,0.036,7.68
12,2021,12,21,12,4.7,8.01,11.97,719.9,18.1,2.21,0.1,0.005,10.53
12,2021,12,21,16,4.7,8.0,11.69,724.0,18.6,2.27,0.102,0.005,10.5
12,2021,12,22,20,4.7,7.96,11.35,757.8,20.1,2.45,0.14,0.034,10.31
12,2021,12,23,0,4.6,7.96,11.42,753.0,20.0,2.55,0.14,0.005,10.48
12,2021,12,23,4,4.6,7.97,11.54,747.4,20.0,2.41,0.132,0.032,10.41
12,2021,12,23,8,4.7,7.97,11.6,743.7,19.2,2.42,0.136,0.005,10.49
12,2021,12,23,12,4.7,7.96,11.62,743.8,18.5,2.4,0.214,0.036,10.26
12,2021,12,23,16,4.6,7.96,11.34,740.6,18.7,2.34,0.18,0.032,10.58
12,2021,12,23,20,4.3,7.94,11.18,742.1,18.2,2.28,0.158,0.031,10.4
12,2021,12,24,0,4.0,7.95,11.15,742.9,16.1,2.28,0.158,0.031,10.4
12,2021,12,24,4,4.0,7.94,11.2,737.8,15.7,2.28,0.13,0.031,10.4
12,2021,12,24,8,3.7,7.96,11.32,740.4,14.6,2.25,0.117,0.005,10.3
12,2021,12,24,12,3.8,7.96,11.49,738.7,14.9,2.19,0.115,0.005,10.22
12,2021,12,27,16,2.4,7.97,12.26,789.6,18.1,2.39,0.117,0.005,10.65
12,2021,12,27,20,2.3,7.95,11.92,794.7,19.0,2.42,0.124,0.005,10.55
12,2021,12,28,0,2.2,7.94,11.86,795.5,15.9,2.43,0.124,0.005,10.87
12,2021,12,28,4,2.2,7.95,11.96,785.8,17.9,2.43,0.115,0.005,10.87
12,2021,12,28,8,2.3,7.95,12.02,776.7,16.9,2.37,0.113,0.005,11.47
12,2021,12,28,12,2.4,7.96,12.14,766.7,16.7,2.25,0.113,0.005,10.82
12,2021,12,28,16,2.7,7.95,11.92,759.2,17.9,2.25,0.112,0.005,10.82
12,2021,12,30,12,1.9,8.07,12.08,785.3,15.1,2.13,0.107,0.005,11.1
12,2022,1,11,8,2.2,8.07,11.75,810.2,13.5,2.33,0.108,0.03,11.56
12,2022,1,11,12,2.4,8.1,12.08,805.8,13.4,2.39,0.104,0.005,11.16
12,2022,1,11,16,2.3,8.12,12.18,803.1,12.2,2.36,0.104,0.005,11.58
12,2022,1,12,8,1.6,8.12,12.22,811.3,12.5,2.4,0.101,0.005,11.79
12,2022,1,12,12,1.8,8.14,12.58,812.4,12.1,2.38,0.096,0.005,11.86
12,2022,1,12,16,1.6,8.12,12.8,819.4,13.1,2.48,0.094,0.031,12.27
12,2022,1,14,12,1.4,8.11,12.82,838.6,12.3,2.43,0.098,0.005,11.67
12,2022,1,14,16,1.5,8.12,12.8,831.7,12.9,2.46,0.099,0.005,11.75
12,2022,1,19,8,1.4,8.05,12.36,838.3,12.0,2.54,0.098,0.005,11.66
12,2022,1,19,12,1.8,8.07,12.67,839.6,11.7,2.58,0.098,0.005,11.64
12,2022,1,19,16,2.1,8.08,13.0,836.8,12.5,2.64,0.102,0.005,11.33
12,2022,1,19,20,2.0,8.07,12.71,837.8,12.2,2.62,0.101,0.005,11.2
12,2022,1,20,0,1.6,8.06,12.42,843.4,12.7,2.62,0.101,0.005,11.2
12,2022,1,20,4,1.5,8.05,12.2,841.5,12.6,2.62,0.101,0.005,11.23
12,2022,1,20,8,1.4,8.06,12.26,846.8,12.2,2.63,0.098,0.005,11.17
12,2022,1,20,12,1.8,8.08,12.66,841.4,11.9,2.66,0.097,0.005,11.16
12,2022,1,20,16,2.0,8.1,12.95,837.7,13.3,2.62,0.098,0.005,11.02
12,2022,1,20,20,1.9,8.1,12.81,837.4,12.8,2.72,0.097,0.005,11.15
12,2022,1,21,0,1.7,8.08,12.57,841.0,12.4,2.72,0.097,0.005,11.15
12,2022,1,21,4,1.5,8.08,12.43,846.4,12.2,2.71,0.089,0.005,11.1
12,2022,1,21,8,1.5,8.07,12.44,844.4,12.1,2.68,0.087,0.005,10.99
12,2022,1,21,12,1.7,8.1,12.72,839.6,12.2,2.84,0.089,0.031,11.33
12,2022,1,24,8,1.9,8.1,12.66,839.5,13.6,3.02,0.088,0.034,11.22
12,2022,1,24,12,2.2,8.13,13.18,837.4,14.3,3.0,0.09,0.035,11.26
12,2022,1,24,16,2.1,8.16,13.3,836.9,14.0,3.0,0.088,0.005,10.99
12,2022,2,10,8,2.6,8.48,15.49,850.8,19.4,4.37,0.151,0.04,10.93
12,2022,2,10,12,3.2,8.52,16.16,846.3,20.7,4.4,0.152,0.045,11.09
12,2022,2,11,8,3.0,8.48,15.85,838.3,19.2,4.51,0.143,0.048,11.25
12,2022,2,11,12,3.5,8.54,16.5,834.1,18.7,4.57,0.138,0.047,11.38
12,2022,2,11,16,3.8,8.57,17.08,826.5,19.2,4.72,0.139,0.046,11.12
12,2022,2,11,20,3.6,8.56,16.82,825.8,19.8,4.72,0.137,0.043,11.27
12,2022,2,12,0,3.5,8.54,16.57,822.5,20.7,4.72,0.137,0.043,11.27
12,2022,2,12,4,3.4,8.52,16.13,824.7,20.3,4.63,0.131,0.047,11.17
12,2022,2,12,8,3.2,8.49,15.78,829.2,19.8,4.7,0.138,0.048,11.46
12,2022,2,12,12,3.4,8.52,16.18,827.9,19.6,4.64,0.14,0.047,11.33
12,2022,2,12,16,3.6,8.56,16.59,825.8,19.5,4.8,0.141,0.046,11.34
12,2022,2,12,20,3.6,8.55,16.48,823.7,20.0,4.67,0.141,0.046,11.78
12,2022,2,13,0,3.5,8.55,16.24,820.9,20.5,4.67,0.141,0.046,11.78
12,2022,2,13,4,3.4,8.52,15.85,820.5,20.5,4.68,0.133,0.049,11.4
12,2022,2,13,8,3.0,8.49,15.17,825.0,20.0,4.66,0.134,0.045,11.44
12,2022,2,13,12,2.8,8.5,15.36,829.1,20.1,4.7,0.134,0.046,11.29
12,2022,2,13,16,2.7,8.53,15.66,829.5,18.7,4.77,0.141,0.045,11.36
12,2022,2,13,20,2.6,8.53,15.65,829.3,19.0,4.81,0.141,0.046,11.48
12,2022,2,14,0,2.6,8.53,15.68,827.3,21.0,4.81,0.141,0.046,11.48
12,2022,2,14,4,2.4,8.53,15.51,828.1,20.6,4.69,0.14,0.049,11.85
12,2022,2,18,8,1.7,8.33,14.45,820.9,16.3,3.9,0.169,0.048,12.31
12,2022,2,18,12,2.0,8.34,14.69,822.6,28.6,4.02,0.173,0.051,12.38
12,2022,2,18,16,2.2,8.33,14.83,832.1,23.0,4.35,0.198,0.048,12.16
12,2022,2,18,20,2.1,8.33,14.86,818.8,17.4,4.16,0.19,0.048,12.47
12,2022,2,19,0,2.2,8.34,14.81,812.9,17.5,3.97,0.19,0.048,11.84
12,2022,2,19,4,2.2,8.32,14.53,812.9,18.8,3.97,0.186,0.048,11.84
12,2022,2,19,8,1.9,8.31,14.36,820.1,17.6,3.96,0.181,0.044,12.11
12,2022,2,22,12,2.5,8.3,13.92,845.3,13.8,3.88,0.178,0.044,11.78
12,2022,2,22,12,2.5,8.3,13.92,845.3,13.8,3.88,0.178,0.044,11.78
12,2022,2,22,16,2.8,8.32,14.33,844.3,15.9,3.88,0.178,0.044,11.78
12,2022,2,22,16,2.8,8.32,14.33,844.3,15.9,3.9,0.187,0.046,11.59
12,2022,2,22,20,2.7,8.33,14.39,840.5,14.3,3.9,0.181,0.046,11.59
12,2022,2,22,20,2.7,8.33,14.39,840.5,14.3,3.89,0.181,0.043,11.2
12,2022,2,23,4,2.6,8.31,13.67,838.2,16.4,3.89,0.175,0.043,11.2
12,2022,2,23,8,2.1,8.29,13.41,848.2,15.9,3.86,0.177,0.046,11.55
12,2022,2,23,12,2.6,8.29,13.87,849.9,14.8,3.9,0.177,0.045,11.44
12,2022,2,23,16,3.0,8.32,14.36,848.8,14.6,3.97,0.224,0.045,11.65
12,2022,3,1,8,5.6,8.41,14.58,827.3,21.3,4.81,0.113,0.073,11.13
12,2022,3,1,12,6.0,8.46,15.22,824.4,22.3,4.94,0.113,0.063,11.08
12,2022,3,1,16,6.4,8.48,15.56,819.6,30.7,5.11,0.136,0.059,11.48
12,2022,3,2,8,5.0,8.47,13.63,823.7,28.5,5.15,0.107,0.065,11.57
12,2022,3,2,12,5.5,8.43,13.58,822.2,41.9,5.11,0.145,0.071,11.57
12,2022,3,7,8,6.6,8.64,15.35,763.2,25.3,5.89,0.086,0.066,10.13
12,2022,3,7,12,7.7,8.67,16.5,770.4,30.7,6.18,0.102,0.065,9.96
12,2022,3,8,8,7.6,8.58,15.82,753.0,25.6,5.72,0.087,0.062,9.71
12,2022,3,8,12,8.3,8.67,17.61,753.5,24.2,5.67,0.087,0.064,9.43
12,2022,3,8,16,8.8,8.69,17.64,752.3,24.8,5.97,0.087,0.061,9.43
12,2022,3,8,20,9.5,8.7,18.16,740.7,25.5,5.86,0.089,0.06,9.43
12,2022,3,9,0,9.2,8.62,17.0,736.4,26.3,5.94,0.09,0.068,9.44
12,2022,3,9,4,9.0,8.56,16.36,735.2,28.3,5.94,0.09,0.068,9.44
12,2022,3,9,8,8.8,8.54,16.01,734.4,27.8,5.51,0.093,0.065,9.23
12,2022,3,9,8,8.8,8.54,16.01,734.4,27.8,5.57,0.098,0.074,9.53
12,2022,3,9,16,10.3,8.73,18.97,725.2,29.0,5.9,0.096,0.071,9.53
12,2022,3,10,8,9.7,8.56,18.71,726.6,35.4,6.68,0.103,0.073,9.02
12,2022,3,10,12,10.5,8.7,21.12,727.7,36.0,6.81,0.112,0.077,8.96
12,2022,3,10,16,10.8,8.72,21.17,722.7,36.3,7.25,0.111,0.076,9.05
12,2022,3,11,8,10.5,8.5,16.41,720.7,41.9,6.72,0.127,0.077,8.86
12,2022,3,11,12,10.4,8.52,16.7,723.7,41.1,6.69,0.132,0.075,8.91
12,2022,3,11,16,10.5,8.52,17.36,724.1,39.7,6.98,0.133,0.07,8.71
12,2022,3,11,20,10.8,8.46,17.06,718.8,38.6,6.88,0.127,0.07,8.63
12,2022,3,12,16,10.8,8.58,16.78,719.2,35.3,6.95,0.131,0.081,8.26
12,2022,3,12,20,10.4,8.63,17.41,712.4,33.6,7.11,0.125,0.075,8.53
12,2022,3,13,0,10.0,8.53,16.17,714.4,34.3,7.11,0.125,0.075,8.53
12,2022,3,13,4,9.8,8.52,16.2,715.6,32.1,6.87,0.123,0.074,8.37
12,2022,3,13,8,9.6,8.52,15.63,721.7,31.0,7.01,0.122,0.075,8.53
12,2022,3,13,12,9.9,8.6,16.6,723.7,31.6,6.95,0.12,0.076,8.42
12,2022,3,13,16,10.5,8.66,17.71,717.0,36.0,7.15,0.122,0.081,8.48
12,2022,3,13,20,10.4,8.62,17.56,713.5,36.0,7.13,0.12,0.082,8.46
12,2022,3,14,0,10.4,8.62,16.45,713.9,35.0,7.13,0.12,0.082,8.46
12,2022,3,14,4,10.2,8.54,16.36,714.6,34.8,6.95,0.113,0.082,8.44
12,2022,3,14,8,9.8,8.53,15.85,722.4,34.9,6.8,0.112,0.088,8.62
12,2022,3,14,12,11.0,8.64,17.46,723.4,34.4,7.11,0.111,0.086,8.58
12,2022,3,14,16,10.7,8.6,17.42,721.4,44.5,7.35,0.128,0.082,8.69
12,2022,3,15,8,10.3,8.48,15.33,724.9,41.3,7.28,0.12,0.088,8.86
12,2022,3,15,16,11.7,8.68,18.22,724.8,46.1,7.57,0.129,0.109,9.1
12,2022,3,16,0,12.1,8.55,16.68,715.2,43.7,7.59,0.118,0.107,8.77
12,2022,3,16,4,11.6,8.47,15.05,720.2,41.7,7.59,0.118,0.107,8.77
12,2022,3,16,8,11.1,8.46,14.59,727.2,41.3,7.31,0.131,0.101,8.8
12,2022,3,16,12,11.6,8.61,16.46,729.5,39.0,7.36,0.128,0.101,8.61
12,2022,3,16,16,13.2,8.72,19.02,717.9,35.5,7.43,0.12,0.094,8.66
12,2022,3,16,20,12.5,8.56,17.1,719.0,37.7,7.31,0.111,0.086,8.34
12,2022,3,17,0,12.2,8.44,15.47,721.6,38.6,7.01,0.118,0.081,9.03
12,2022,3,17,4,11.9,8.38,14.19,724.8,38.6,7.01,0.118,0.081,9.03
12,2022,3,17,8,11.3,8.39,13.49,733.5,39.4,6.54,0.12,0.081,8.66
12,2022,3,17,12,11.2,8.47,13.96,737.1,39.5,6.73,0.126,0.087,8.63
12,2022,3,17,16,11.0,8.51,14.52,732.1,40.2,7.06,0.127,0.088,8.7
12,2022,3,17,20,10.8,8.43,12.99,725.3,39.5,7.13,0.127,0.082,8.66
12,2022,3,18,8,8.4,8.27,10.79,701.6,38.9,6.28,0.165,0.088,7.05
12,2022,3,18,12,8.1,8.39,11.91,705.9,34.4,6.53,0.149,0.087,7.31
12,2022,3,18,16,7.6,8.48,12.73,708.3,33.3,6.53,0.139,0.082,7.29
12,2022,3,23,12,9.1,8.2,10.83,718.0,23.7,5.06,0.125,0.074,6.93
12,2022,3,24,16,8.8,8.1,10.39,710.2,25.2,4.88,0.215,0.081,6.53
12,2022,3,24,20,8.8,8.12,10.39,669.8,28.5,4.68,0.209,0.077,5.53
12,2022,3,25,0,9.0,8.07,9.65,676.2,29.0,4.68,0.209,0.077,5.53
12,2022,3,25,4,8.7,8.01,9.09,698.5,26.6,4.65,0.244,0.076,5.67
12,2022,3,25,8,8.5,8.01,9.11,719.4,25.8,4.56,0.261,0.077,6.42
12,2022,3,25,12,8.8,8.04,9.54,729.5,21.7,4.7,0.252,0.076,6.54
12,2022,3,25,16,8.8,8.06,9.79,728.3,20.0,4.67,0.26,0.073,6.62
12,2022,3,25,20,8.6,8.07,10.01,701.8,21.8,4.58,0.233,0.077,6.13
12,2022,3,26,0,8.6,8.07,9.85,693.5,23.3,4.58,0.233,0.077,6.13
12,2022,3,26,4,8.5,8.03,9.35,712.0,23.0,4.45,0.247,0.069,6.42
12,2022,3,26,8,8.5,8.02,9.53,724.5,21.6,4.5,0.251,0.071,6.81
12,2022,3,26,12,9.4,8.09,10.5,724.1,20.7,4.57,0.231,0.07,6.86
12,2022,3,26,16,9.5,8.15,10.89,708.4,20.1,4.57,0.201,0.074,6.84
12,2022,3,26,20,9.4,8.19,11.09,663.6,26.1,4.44,0.181,0.074,5.3
12,2022,3,27,0,9.3,8.16,10.54,659.9,27.1,4.44,0.181,0.074,5.3
12,2022,3,27,4,9.0,8.1,9.97,684.6,24.9,4.33,0.19,0.077,6.52
12,2022,3,27,8,9.5,8.09,10.08,702.8,23.2,4.45,0.194,0.071,6.89
12,2022,3,27,12,10.4,8.15,10.97,705.1,22.6,4.51,0.185,0.08,7.01
12,2022,3,27,16,11.4,8.22,11.63,701.3,21.3,4.61,0.167,0.077,6.74
12,2022,3,27,20,11.0,8.23,11.06,665.2,26.4,4.51,0.153,0.087,6.11
12,2022,3,28,0,10.7,8.18,10.32,664.6,26.5,4.51,0.153,0.087,6.11
12,2022,3,28,4,10.3,8.11,9.75,688.5,25.6,4.6,0.176,0.073,6.08
12,2022,3,28,8,10.3,8.1,9.9,714.4,23.6,4.45,0.19,0.074,6.41
12,2022,3,28,12,10.5,8.15,11.32,743.4,25.9,4.94,0.192,0.089,6.77
12,2022,3,28,16,11.3,8.26,12.27,749.8,23.2,5.34,0.169,0.09,6.83
12,2022,3,28,20,10.9,8.21,11.87,752.5,24.0,5.22,0.172,0.09,6.42
12,2022,3,29,0,10.8,8.16,11.35,729.7,25.0,5.22,0.172,0.09,6.42
12,2022,3,29,4,10.6,8.07,10.12,699.6,26.5,4.88,0.178,0.074,5.38
12,2022,3,29,8,10.6,8.03,9.76,726.8,27.4,5.06,0.206,0.076,5.88
12,2022,3,29,12,10.7,8.06,10.17,751.7,26.4,5.29,0.233,0.094,5.79
12,2022,3,29,16,11.0,8.08,10.3,758.8,26.2,5.31,0.249,0.087,6.16
12,2022,3,29,20,11.0,8.07,10.02,734.1,25.6,5.05,0.242,0.093,5.81
12,2022,3,30,0,11.1,8.04,9.5,713.5,25.7,5.05,0.242,0.093,5.81
12,2022,3,30,4,11.0,7.96,8.57,731.0,24.6,5.08,0.27,0.093,5.67
12,2022,3,30,8,10.6,7.92,8.23,754.5,25.4,4.99,0.278,0.076,6.1
12,2022,3,30,12,10.7,7.92,9.2,761.9,25.4,5.09,0.27,0.089,6.13
12,2022,3,30,16,10.8,8.06,10.05,760.1,24.8,5.25,0.231,0.087,6.25
12,2022,3,30,20,10.5,8.04,9.76,729.0,26.2,4.95,0.219,0.085,6.08
12,2022,3,31,0,10.2,8.04,9.68,695.6,25.3,4.95,0.219,0.085,6.08
12,2022,3,31,4,10.0,8.0,9.2,703.3,25.6,4.64,0.198,0.072,5.98
12,2022,3,31,8,10.1,8.0,9.26,720.4,24.2,4.72,0.191,0.073,6.42
12,2022,3,31,12,10.9,8.08,10.29,727.3,24.2,4.82,0.183,0.069,6.64
12,2022,3,31,16,11.2,8.16,10.91,725.4,22.8,5.0,0.166,0.075,6.59
12,2022,3,31,20,10.8,8.18,10.79,717.8,24.5,4.82,0.159,0.075,6.53
12,2022,4,1,0,10.6,8.18,10.89,701.0,23.3,4.82,0.159,0.075,6.53
12,2022,4,1,4,10.2,8.16,10.46,692.6,22.8,4.53,0.125,0.081,6.41
12,2022,4,1,12,11.3,8.24,11.35,700.8,25.3,4.69,0.112,0.078,6.9
12,2022,4,1,16,12.4,8.36,12.0,703.6,24.7,4.74,0.094,0.075,7.44
12,2022,4,1,20,11.4,8.32,11.52,710.9,24.9,4.7,0.097,0.075,7.12
12,2022,4,2,0,11.2,8.27,11.19,714.9,25.3,4.7,0.097,0.075,7.12
12,2022,4,2,4,10.8,8.22,10.57,722.9,24.1,4.67,0.102,0.076,7.09
12,2022,4,2,8,10.9,8.21,10.48,735.1,24.4,4.67,0.104,0.074,7.09
12,2022,4,2,16,13.2,8.39,12.89,748.4,22.6,5.09,0.105,0.081,6.9
12,2022,4,2,20,12.6,8.34,12.42,745.9,24.8,5.09,0.111,0.089,6.97
12,2022,4,3,0,12.3,8.23,11.09,735.2,26.5,5.32,0.111,0.089,6.97
12,2022,4,3,4,11.8,8.1,9.7,730.5,29.2,5.11,0.151,0.082,6.57
12,2022,4,3,8,12.0,8.05,9.64,740.7,30.0,5.02,0.17,0.075,6.82
12,2022,4,3,12,13.2,8.19,11.09,749.7,29.9,4.91,0.163,0.086,6.61
12,2022,4,3,16,13.7,8.3,11.98,739.3,28.6,5.2,0.144,0.088,6.23
12,2022,4,3,20,13.7,8.28,11.59,715.5,27.0,5.47,0.139,0.085,6.05
12,2022,4,4,0,13.5,8.2,10.52,715.9,27.7,5.57,0.139,0.085,6.05
12,2022,4,4,4,13.1,8.12,9.68,734.2,26.6,5.38,0.159,0.08,6.07
12,2022,4,4,8,13.1,8.08,9.48,750.2,28.3,5.23,0.168,0.078,6.03
12,2022,4,4,12,14.2,8.21,10.91,755.4,26.5,5.25,0.144,0.085,6.38
12,2022,4,4,16,15.0,8.34,12.04,748.3,28.3,5.54,0.123,0.084,6.32
12,2022,4,4,20,14.3,8.3,11.74,736.7,27.4,5.59,0.111,0.084,6.62
12,2022,4,5,0,14.1,8.2,10.52,729.1,25.6,5.45,0.111,0.084,6.62
12,2022,4,5,4,13.9,8.13,9.65,717.2,25.2,5.14,0.124,0.072,6.2
12,2022,4,5,8,14.0,8.08,9.32,711.0,27.0,5.11,0.124,0.078,6.18
12,2022,4,5,12,14.9,8.12,9.98,720.6,28.1,5.14,0.12,0.084,6.37
12,2022,4,5,16,15.3,8.25,11.37,734.2,23.2,5.1,0.089,0.081,6.76
12,2022,4,5,20,15.3,8.33,12.14,740.2,24.9,5.29,0.025,0.09,6.83
12,2022,4,6,0,14.8,8.18,10.52,739.5,25.3,5.46,0.025,0.09,6.83
12,2022,4,6,4,14.5,8.1,9.79,739.3,24.4,5.14,0.104,0.081,6.74
12,2022,4,6,8,14.3,8.05,9.3,744.1,26.3,5.19,0.126,0.078,6.53
12,2022,4,6,12,14.7,8.11,9.84,751.3,28.2,5.3,0.144,0.078,6.37
12,2022,4,6,16,15.3,8.33,11.92,734.7,27.1,5.6,0.116,0.09,6.35
12,2022,4,6,20,14.7,8.22,10.73,722.7,28.2,5.46,0.121,0.077,6.27
12,2022,4,7,8,13.5,8.16,9.38,709.1,27.0,5.27,0.105,0.089,5.98
12,2022,4,7,12,14.2,8.4,10.54,716.3,28.4,5.29,0.097,0.089,5.95
12,2022,4,7,16,14.9,8.62,13.28,721.7,25.0,5.44,0.088,0.091,6.38
12,2022,4,7,20,14.7,8.61,13.23,714.4,23.6,6.0,0.025,0.091,6.5
12,2022,4,8,0,13.8,8.48,11.45,716.0,25.4,5.49,0.025,0.088,7.0
12,2022,4,8,4,13.6,8.41,10.7,719.4,26.3,5.49,0.025,0.088,7.0
12,2022,4,8,8,13.5,8.39,10.62,725.5,25.4,5.32,0.081,0.081,7.22
12,2022,4,8,12,14.5,8.54,12.38,728.6,24.2,5.32,0.025,0.08,7.22
12,2022,4,8,16,14.5,8.64,12.38,728.6,25.1,5.64,0.025,0.08,6.76
12,2022,4,8,20,15.8,8.6,14.2,703.8,24.2,5.99,0.025,0.088,6.59
12,2022,4,9,0,15.4,8.49,12.39,701.3,24.2,5.69,0.025,0.084,6.16
12,2022,4,9,4,15.2,8.42,10.99,699.3,23.3,5.53,0.08,0.085,5.73
12,2022,4,9,8,15.2,8.41,10.58,701.0,25.3,5.37,0.08,0.079,6.14
12,2022,4,9,12,16.3,8.54,12.29,702.1,23.5,5.58,0.084,0.086,6.14
12,2022,4,9,20,17.0,8.53,13.16,687.3,24.0,5.65,0.025,0.083,6.45
12,2022,4,10,0,16.7,8.4,11.4,684.5,24.4,5.36,0.025,0.077,6.34
12,2022,4,10,4,16.5,8.31,9.96,680.3,25.9,5.36,0.025,0.077,6.34
12,2022,4,10,8,16.4,8.26,9.2,679.1,28.3,5.04,0.09,0.08,6.21
12,2022,4,10,12,17.1,8.31,9.72,683.2,30.2,5.16,0.096,0.077,6.19
12,2022,4,10,16,18.2,8.58,12.86,686.3,32.9,5.16,0.087,0.077,6.34
12,2022,4,10,20,17.9,8.58,12.86,680.9,32.3,5.39,0.08,0.078,6.29
12,2022,4,11,0,17.4,8.4,10.61,682.0,35.2,5.27,0.025,0.078,6.47
12,2022,4,11,4,17.2,8.3,9.44,685.8,36.9,5.27,0.025,0.078,6.47
12,2022,4,11,8,17.3,8.26,8.93,687.3,41.9,5.08,0.092,0.079,6.48
12,2022,4,11,12,18.0,8.47,10.97,685.2,43.0,5.19,0.094,0.085,6.41
12,2022,4,11,16,18.4,8.59,12.88,676.6,55.4,5.44,0.025,0.087,6.53
12,2022,4,12,12,18.3,8.3,8.93,672.7,22.5,5.18,0.105,0.11,5.28
12,2022,4,12,16,18.2,8.54,10.85,688.4,22.5,5.82,0.102,0.097,5.8
12,2022,4,12,20,18.0,8.64,11.82,671.1,19.2,6.13,0.085,0.093,5.97
12,2022,4,13,0,17.2,8.4,8.95,656.0,21.1,6.29,0.025,0.095,5.71
12,2022,4,13,4,16.8,8.3,7.87,644.0,21.3,6.29,0.025,0.095,5.71
12,2022,4,13,8,16.7,8.26,7.79,662.5,22.2,5.76,0.086,0.093,4.97
12,2022,4,13,12,17.4,8.51,10.55,686.4,22.2,5.87,0.085,0.09,5.21
12,2022,4,13,16,17.8,8.71,13.5,680.0,22.6,6.36,0.025,0.102,5.49
12,2022,4,13,20,17.4,8.6,12.01,657.1,23.3,6.83,0.025,0.103,5.76
12,2022,4,14,0,17.1,8.51,10.36,643.9,22.2,6.37,0.025,0.096,5.25
12,2022,4,14,4,16.6,8.38,9.01,653.0,22.7,6.37,0.025,0.096,5.25
12,2022,4,14,8,16.2,8.3,8.48,678.3,23.0,6.22,0.089,0.09,4.73
12,2022,4,14,12,16.7,8.5,10.33,699.7,22.7,6.22,0.09,0.093,4.76
12,2022,4,14,16,17.1,8.66,12.26,701.6,21.7,6.61,0.083,0.103,5.19
12,2022,4,14,20,16.4,8.65,11.91,688.7,23.5,6.64,0.083,0.102,5.62
12,2022,4,15,8,15.6,8.49,9.33,680.2,24.5,6.65,0.095,0.108,4.96
12,2022,4,15,12,16.4,8.57,10.01,694.4,26.3,6.56,0.101,0.097,5.59
12,2022,4,15,16,16.8,8.81,12.89,685.5,22.9,7.2,0.101,0.102,5.57
12,2022,4,15,20,16.4,8.82,12.66,651.2,23.3,6.87,0.083,0.108,5.47
12,2022,4,16,0,15.9,8.74,10.68,636.9,23.3,6.87,0.083,0.108,5.47
12,2022,4,16,4,15.3,8.63,9.06,627.3,21.8,6.87,0.088,0.099,4.86
12,2022,4,16,8,15.3,8.54,8.86,644.0,23.0,6.27,0.089,0.097,5.15
12,2022,4,16,12,15.9,8.58,10.43,665.6,24.2,6.07,0.084,0.102,5.29
12,2022,4,16,16,16.4,8.74,12.87,671.3,21.8,6.11,0.08,0.093,5.59
12,2022,4,16,20,16.8,8.82,15.01,657.8,21.6,6.38,0.025,0.096,5.52
12,2022,4,17,0,16.2,8.65,12.06,651.7,21.8,6.38,0.025,0.096,5.52
12,2022,4,17,0,16.2,8.65,12.06,651.7,21.8,6.38,0.025,0.096,5.52
12,2022,4,17,12,16.3,8.5,11.05,692.3,21.1,5.69,0.025,0.089,5.24
12,2022,4,17,16,16.9,8.79,15.75,691.8,24.1,5.98,0.025,0.094,5.64
12,2022,4,17,20,16.7,8.67,13.78,673.8,23.7,6.63,0.025,0.104,5.82
12,2022,4,18,0,16.5,8.59,12.09,655.3,22.2,6.63,0.025,0.104,5.82
12,2022,4,18,4,16.3,8.5,10.25,640.9,23.1,6.22,0.103,0.104,4.55
12,2022,4,18,8,16.2,8.44,9.46,643.6,25.2,6.31,0.101,0.111,4.26
12,2022,4,18,12,17.0,8.59,11.98,659.3,24.5,6.67,0.084,0.112,4.56
12,2022,4,18,16,18.0,8.86,17.33,667.9,27.3,7.08,0.083,0.117,5.1
12,2022,4,18,20,17.0,8.84,15.38,668.5,19.3,7.6,0.08,0.112,4.76
12,2022,4,19,0,16.4,8.65,12.74,670.5,19.9,7.6,0.08,0.112,4.76
12,2022,4,19,4,16.1,8.55,11.12,667.4,20.1,7.08,0.108,0.112,4.57
12,2022,4,19,8,16.3,8.54,10.65,667.1,20.0,7.04,0.094,0.117,4.63
12,2022,4,19,12,17.1,8.54,10.94,678.4,26.6,7.28,0.097,0.117,4.95
12,2022,4,19,16,17.7,8.68,14.1,680.5,24.6,7.77,0.088,0.122,5.17
12,2022,4,19,20,18.3,8.7,15.69,660.5,22.3,7.37,0.081,0.112,5.09
12,2022,4,20,0,17.7,8.51,11.78,648.4,22.4,7.37,0.081,0.112,5.09
12,2022,4,20,4,17.4,8.38,9.86,646.4,21.9,6.53,0.114,0.103,4.85
12,2022,4,20,8,17.4,8.3,8.89,642.1,22.4,6.54,0.114,0.11,5.13
12,2022,4,20,12,18.4,8.38,10.67,654.2,24.3,7.14,0.099,0.114,5.01
12,2022,4,20,16,20.0,8.62,14.94,661.2,27.0,7.4,0.089,0.114,5.05
12,2022,4,20,20,18.9,8.51,14.3,656.8,23.9,7.01,0.083,0.104,5.19
12,2022,4,21,0,18.3,8.29,10.97,657.8,23.5,7.01,0.083,0.104,5.19
12,2022,4,21,4,18.1,8.2,9.47,652.3,25.0,6.31,0.122,0.1,5.41
12,2022,4,21,8,18.2,8.15,8.64,647.3,25.8,6.49,0.121,0.112,5.19
12,2022,4,21,12,18.6,8.18,9.0,649.8,28.4,6.47,0.113,0.114,5.2
12,2022,4,21,16,19.2,8.37,11.84,654.1,33.6,6.95,0.107,0.108,5.36
12,2022,4,21,20,19.3,8.37,12.82,643.1,26.6,6.59,0.091,0.106,4.99
12,2022,4,22,0,18.6,8.15,9.37,645.1,27.4,6.59,0.091,0.106,4.99
12,2022,4,22,4,18.0,8.04,7.6,643.1,28.1,6.15,0.152,0.105,5.43
12,2022,4,22,8,17.9,8.02,7.4,640.2,32.3,6.16,0.136,0.101,4.97
12,2022,4,22,12,18.4,8.06,8.03,649.9,35.5,6.43,0.118,0.115,4.85
12,2022,4,22,16,18.5,8.17,9.79,663.8,38.8,6.66,0.104,0.112,5.13
12,2022,4,22,20,18.8,8.33,13.84,659.5,37.4,6.73,0.085,0.112,4.88
12,2022,4,23,0,17.9,8.11,9.27,658.9,40.7,6.73,0.085,0.112,4.88
12,2022,4,23,4,17.5,8.02,8.47,650.6,41.7,6.41,0.119,0.102,4.89
12,2022,4,23,8,17.2,7.97,7.4,645.5,47.3,6.11,0.125,0.112,5.52
12,2022,4,23,12,18.0,8.01,9.14,655.9,49.4,6.11,0.099,0.112,5.52
12,2022,4,23,16,19.1,8.21,13.09,660.2,58.0,6.18,0.093,0.109,4.73
12,2022,4,23,20,18.3,8.14,12.03,661.6,61.3,6.55,0.102,0.112,4.47
12,2022,4,24,0,18.0,8.1,11.02,660.4,62.3,6.32,0.102,0.102,4.58
12,2022,4,24,4,17.7,8.01,9.35,662.0,66.7,6.32,0.129,0.109,4.58
12,2022,4,24,8,17.8,7.97,8.64,661.3,68.4,6.01,0.145,0.105,4.71
12,2022,4,24,12,18.6,8.02,10.04,662.2,75.1,6.04,0.119,0.109,4.61
12,2022,4,24,16,20.4,8.22,14.22,661.6,80.3,6.24,0.088,0.106,4.66
12,2022,4,24,20,19.6,8.22,13.02,664.1,93.1,6.73,0.08,0.102,4.59
12,2022,4,25,8,19.7,7.91,8.12,644.7,104.7,5.67,0.138,0.096,4.15
12,2022,4,25,12,19.5,7.94,9.11,663.0,119.2,5.78,0.158,0.104,4.26
12,2022,4,25,16,20.4,8.07,10.15,672.0,129.3,5.96,0.15,0.105,4.24
12,2022,4,25,20,20.0,8.05,9.25,698.4,143.6,5.97,0.11,0.106,4.7
12,2022,4,26,0,19.8,7.94,7.81,699.1,149.5,6.09,0.112,0.104,4.37
12,2022,4,26,4,19.6,7.86,6.75,675.0,144.8,5.94,0.149,0.102,4.25
12,2022,4,26,8,19.3,7.85,7.54,653.5,148.2,6.2,0.181,0.108,4.1
12,2022,4,26,12,20.2,7.87,6.61,645.1,153.4,6.22,0.189,0.111,4.1
12,2022,4,26,16,20.1,7.93,8.14,659.1,157.5,6.06,0.181,0.106,3.85
12,2022,4,26,20,19.4,7.96,8.11,674.5,167.8,5.86,0.149,0.096,3.49
12,2022,4,27,0,19.4,7.94,8.09,686.7,167.5,5.86,0.133,0.098,4.02
12,2022,4,27,4,19.1,7.91,6.71,672.0,166.1,5.67,0.114,0.089,3.83
12,2022,4,27,8,18.9,7.86,5.88,642.6,162.2,5.57,0.144,0.087,3.5
12,2022,4,27,12,18.6,7.85,5.69,620.0,143.7,5.63,0.172,0.089,3.12
12,2022,4,27,16,18.5,8.1,6.44,635.1,18.2,5.68,0.173,0.095,2.93
12,2022,4,27,20,18.3,8.05,6.06,653.1,16.5,6.45,0.17,0.096,3.03
12,2022,4,28,0,17.9,8.07,6.3,668.4,15.9,6.3,0.19,0.093,3.24
12,2022,4,28,4,17.3,8.12,6.27,673.4,15.5,6.3,0.19,0.093,3.24
12,2022,4,28,8,17.0,8.19,6.52,664.3,14.9,6.55,0.209,0.115,3.47
12,2022,4,28,12,17.0,8.34,7.26,639.0,17.3,6.6,0.201,0.105,3.43
12,2022,4,28,16,17.0,8.41,7.88,633.3,15.9,6.77,0.188,0.099,3.31
12,2022,4,28,20,16.4,8.47,9.06,642.1,14.7,6.71,0.162,0.099,3.1
12,2022,4,29,0,15.8,8.18,7.25,663.3,15.3,7.17,0.118,0.116,3.35
12,2022,4,29,4,15.2,8.19,7.8,673.2,14.7,7.17,0.118,0.116,3.35
12,2022,4,29,8,14.9,8.35,9.23,656.6,17.7,6.82,0.131,0.109,3.52
12,2022,4,29,12,15.2,8.54,11.15,635.4,17.2,6.63,0.102,0.096,3.02
12,2022,4,29,16,15.7,8.75,14.66,638.7,16.5,6.61,0.08,0.099,2.87
12,2022,4,29,20,16.2,8.9,17.14,645.6,15.8,7.1,0.025,0.096,2.95
12,2022,4,30,0,15.8,8.72,14.46,642.9,15.9,7.63,0.025,0.114,2.98
12,2022,4,30,4,15.6,8.64,12.95,634.4,16.6,7.63,0.025,0.114,2.98
12,2022,4,30,8,15.6,8.71,13.31,614.0,17.9,7.0,0.025,0.099,2.87
12,2022,4,30,12,16.5,8.8,15.17,606.8,23.3,6.76,0.025,0.11,2.84
12,2022,4,30,16,16.8,8.78,15.6,623.9,22.7,6.85,0.025,0.102,2.71
12,2022,4,30,20,17.4,8.87,19.86,625.7,24.0,7.09,0.082,0.102,2.85
12,2022,5,1,0,17.1,8.67,15.68,632.8,22.0,8.01,0.025,0.121,3.08
12,2022,5,1,4,16.6,8.53,12.9,624.2,21.4,7.54,0.084,0.12,3.07
12,2022,5,1,8,16.5,8.56,12.08,596.3,22.7,7.16,0.101,0.11,3.08
12,2022,5,1,12,17.4,8.72,14.42,612.5,25.8,7.01,0.099,0.112,2.86
12,2022,5,1,16,17.6,8.7,15.04,642.9,26.6,7.45,0.089,0.114,2.72
12,2022,5,1,20,18.2,8.81,17.38,608.6,25.5,7.55,0.101,0.109,2.89
12,2022,5,2,0,17.8,8.62,13.41,593.7,25.3,7.78,0.081,0.116,2.78
12,2022,5,2,4,17.5,8.48,11.06,589.1,25.2,7.78,0.081,0.116,2.78
12,2022,5,2,8,17.5,8.45,10.31,588.3,27.1,6.71,0.11,0.086,2.6
12,2022,5,2,12,18.2,8.66,13.15,594.2,29.8,6.63,0.119,0.095,2.56
12,2022,5,2,16,19.2,8.82,16.74,609.7,35.7,6.89,0.09,0.095,2.64
12,2022,5,2,20,19.3,8.85,18.84,619.3,46.6,7.44,0.087,0.095,2.63
12,2022,5,3,0,18.3,8.64,14.09,628.8,48.9,7.81,0.089,0.11,3.03
12,2022,5,3,4,17.8,8.44,11.12,627.5,52.2,7.81,0.089,0.11,3.03
12,2022,5,3,8,17.9,8.44,11.01,607.5,61.2,7.17,0.113,0.105,2.88
12,2022,5,3,12,18.8,8.66,13.38,581.0,70.1,6.94,0.122,0.09,2.59
12,2022,5,3,16,20.4,8.84,17.03,601.2,91.0,7.13,0.095,0.095,2.3
12,2022,5,5,8,21.4,7.93,5.7,609.8,29.5,6.2,0.216,0.097,2.37
12,2022,5,5,12,22.0,8.2,7.52,617.4,29.4,6.06,0.208,0.103,2.29
12,2022,5,5,16,22.7,8.48,9.75,620.6,23.9,6.4,0.197,0.118,2.59
12,2022,5,5,20,22.0,8.15,6.9,634.6,29.7,6.73,0.17,0.122,2.53
12,2022,5,6,0,21.7,7.93,5.19,643.2,30.1,6.44,0.223,0.118,3.07
12,2022,5,6,4,21.5,7.86,4.71,653.5,33.9,6.44,0.223,0.118,3.07
12,2022,5,6,8,21.0,7.8,4.24,657.2,29.6,6.41,0.283,0.119,3.09
12,2022,5,6,12,20.7,7.84,4.38,659.3,32.3,6.55,0.336,0.139,3.2
12,2022,5,6,16,20.8,7.88,4.44,655.2,34.1,6.67,0.347,0.138,3.26
12,2022,5,6,20,20.4,7.81,4.0,635.2,34.7,6.69,0.396,0.132,3.4
12,2022,5,7,0,19.4,7.73,3.44,609.4,30.2,6.4,0.414,0.131,3.4
12,2022,5,7,4,18.4,7.67,3.35,616.1,27.0,6.4,0.414,0.131,3.4
12,2022,5,7,8,18.0,7.7,3.98,640.0,30.0,6.12,0.401,0.117,2.71
12,2022,5,7,12,18.0,7.85,5.35,655.4,27.6,6.13,0.38,0.117,2.96
12,2022,5,7,16,17.8,8.0,8.05,636.1,28.3,6.37,0.339,0.134,3.24
12,2022,5,7,20,17.1,7.98,7.81,623.6,30.3,6.39,0.33,0.122,3.09
12,2022,5,8,0,17.1,7.95,6.99,620.2,28.0,6.22,0.306,0.118,3.01
12,2022,5,8,4,17.2,7.9,6.27,630.1,27.6,6.22,0.306,0.118,3.01
12,2022,5,8,8,17.4,7.88,5.84,646.3,25.4,5.95,0.286,0.111,3.15
12,2022,5,8,12,17.3,7.99,6.27,657.6,26.7,5.89,0.29,0.111,3.46
12,2022,5,8,16,17.5,8.24,7.26,657.0,25.9,6.04,0.275,0.112,3.5
12,2022,5,8,20,17.2,8.24,7.24,650.6,29.1,6.2,0.247,0.109,3.56
12,2022,5,9,0,16.7,8.12,6.28,640.8,27.6,6.15,0.275,0.128,3.77
12,2022,5,9,4,16.2,7.96,5.54,643.7,26.1,6.15,0.275,0.128,3.77
12,2022,5,9,8,16.4,7.93,5.94,656.4,28.8,5.75,0.252,0.099,3.32
12,2022,5,9,12,17.0,8.07,7.25,668.2,30.9,5.73,0.262,0.111,3.6
12,2022,5,9,16,17.3,8.41,9.59,651.2,28.6,6.1,0.236,0.112,3.62
12,2022,5,9,20,16.8,8.38,8.83,628.1,32.2,6.08,0.191,0.106,3.46
12,2022,5,10,0,16.6,8.18,7.5,626.2,39.6,5.88,0.199,0.106,3.44
12,2022,5,10,4,16.9,8.05,6.79,639.1,37.6,5.88,0.199,0.106,3.44
12,2022,5,10,8,17.0,8.12,7.88,660.4,34.3,5.5,0.234,0.1,3.87
12,2022,5,10,12,17.1,8.29,8.73,665.3,34.3,5.66,0.224,0.093,3.8
12,2022,5,10,12,17.1,8.29,8.73,665.3,34.3,5.89,0.229,0.103,3.69
12,2022,5,11,8,16.9,8.02,6.6,650.7,30.3,5.63,0.252,0.084,3.3
12,2022,5,11,12,17.3,8.16,7.9,668.6,32.7,5.71,0.252,0.086,3.69
12,2022,5,11,16,17.3,8.44,10.07,669.1,30.0,6.17,0.243,0.093,3.65
12,2022,5,11,20,17.1,8.39,9.34,659.7,29.5,6.49,0.198,0.099,3.83
12,2022,5,12,0,16.9,8.3,8.59,652.1,27.7,6.31,0.19,0.099,3.63
12,2022,5,12,4,17.2,8.24,8.18,658.0,28.8,6.31,0.19,0.099,3.63
12,2022,5,12,8,17.4,8.29,8.62,663.9,27.7,6.17,0.177,0.095,3.42
12,2022,5,12,12,18.0,8.5,10.57,661.1,31.2,6.09,0.155,0.083,3.45
12,2022,5,12,16,18.4,8.6,12.03,650.4,32.8,6.47,0.14,0.099,3.81
12,2022,5,16,8,19.4,8.18,6.99,637.9,47.4,6.4,0.176,0.107,3.89
12,2022,5,16,16,21.1,8.62,9.75,609.5,31.3,6.47,0.119,0.107,4.26
12,2022,5,16,20,20.6,8.3,6.95,579.5,30.1,6.42,0.163,0.1,3.64
12,2022,5,17,8,20.5,8.18,6.62,605.4,30.8,5.79,0.171,0.086,3.88
12,2022,5,17,12,21.7,8.37,7.89,583.1,35.0,5.55,0.156,0.083,3.68
12,2022,5,17,16,22.0,8.41,7.74,591.0,32.1,5.6,0.168,0.096,3.44
12,2022,5,17,20,21.2,8.15,6.02,598.4,28.5,5.72,0.157,0.087,3.53
12,2022,5,18,0,20.9,7.99,5.07,608.3,28.5,5.69,0.182,0.089,3.23
12,2022,5,18,4,20.9,7.92,4.78,623.6,26.2,5.69,0.182,0.089,3.23
12,2022,5,18,8,20.8,7.99,5.59,650.7,34.1,5.66,0.193,0.08,3.61
12,2022,5,18,12,21.9,8.31,8.04,645.8,31.1,5.73,0.207,0.105,4.1
12,2022,5,19,0,21.7,7.82,4.38,596.3,26.9,6.45,0.194,0.1,3.17
12,2022,5,19,4,21.7,7.82,4.34,606.7,26.1,6.45,0.194,0.1,3.17
12,2022,5,19,8,21.7,7.92,5.04,629.4,28.1,5.98,0.225,0.087,3.44
12,2022,5,19,12,22.6,8.21,6.81,634.5,29.7,5.96,0.223,0.089,3.64
12,2022,5,19,16,23.3,8.4,8.1,628.4,27.6,6.34,0.204,0.107,3.96
12,2022,5,19,20,22.7,8.08,5.61,629.1,30.0,6.6,0.181,0.109,4.01
12,2022,5,20,0,22.4,7.88,4.18,635.9,25.7,6.38,0.22,0.106,4.26
12,2022,5,20,4,22.4,7.82,3.81,647.7,29.0,6.38,0.22,0.106,4.26
12,2022,5,20,8,22.7,7.9,4.56,657.6,31.4,6.16,0.254,0.094,4.17
12,2022,5,20,12,23.7,8.18,6.55,651.7,30.0,6.01,0.238,0.102,4.04
12,2022,5,20,16,25.0,8.41,7.75,633.4,28.0,6.27,0.213,0.102,4.04
12,2022,5,20,16,25.0,8.41,7.75,633.4,28.0,6.58,0.181,0.101,4.2
12,2022,5,21,0,23.4,7.81,3.5,639.3,25.7,6.19,0.226,0.097,4.05
12,2022,5,21,4,23.4,7.76,3.28,654.1,26.5,5.98,0.266,0.09,3.88
12,2022,5,21,8,23.8,7.87,4.33,668.5,30.5,5.99,0.269,0.089,4.08
12,2022,5,21,12,24.9,8.1,6.17,679.3,33.4,6.21,0.273,0.106,4.18
12,2022,5,21,16,25.6,8.33,7.68,680.1,30.6,6.21,0.238,0.118,4.26
12,2022,5,21,20,24.9,7.89,4.38,682.5,29.9,6.74,0.179,0.108,4.45
12,2022,5,22,0,24.1,7.74,3.18,691.3,29.9,6.51,0.265,0.109,4.82
12,2022,5,22,4,24.1,7.75,3.36,703.9,32.6,6.16,0.316,0.111,4.7
12,2022,5,22,8,24.6,7.87,4.3,707.0,34.7,6.14,0.309,0.118,4.65
12,2022,5,22,12,25.5,8.06,5.96,708.2,43.0,6.08,0.286,0.125,4.71
12,2022,5,22,16,26.4,8.33,8.14,703.7,35.6,6.41,0.256,0.126,4.55
12,2022,5,22,20,25.3,7.84,4.37,703.6,34.9,6.55,0.256,0.116,4.58
12,2022,5,23,0,24.7,7.72,3.25,708.5,37.9,6.27,0.373,0.111,4.56
12,2022,5,23,4,24.6,7.7,3.3,712.9,35.9,6.3,0.389,0.105,4.77
12,2022,5,23,8,24.8,7.81,4.27,709.2,40.5,6.1,0.319,0.122,4.68
12,2022,5,23,12,25.8,8.08,6.16,703.4,50.8,6.1,0.28,0.159,5.17
12,2022,5,23,16,26.3,8.39,8.21,695.7,39.7,6.67,0.185,0.122,5.17
12,2022,5,24,8,25.0,7.91,4.33,706.0,43.7,6.19,0.276,0.103,4.77
12,2022,5,24,12,25.5,8.14,5.95,701.7,48.0,6.2,0.258,0.112,4.93
12,2022,5,24,16,25.9,8.43,7.91,694.9,43.2,6.74,0.197,0.145,5.0
12,2022,5,24,20,25.3,8.09,5.35,700.4,42.1,6.86,0.155,0.132,4.91
12,2022,5,25,0,24.6,7.88,3.91,705.8,35.6,6.43,0.208,0.112,4.77
12,2022,5,25,4,24.0,7.88,4.11,709.1,38.2,6.43,0.208,0.112,4.77
12,2022,5,25,12,24.8,8.1,5.51,706.3,38.2,6.36,0.259,0.132,4.62
12,2022,5,25,16,25.1,8.39,7.27,699.0,42.3,7.07,0.273,0.146,5.01
12,2022,5,25,20,24.2,8.1,5.07,700.5,31.7,7.58,0.213,0.151,5.15
12,2022,5,26,0,23.3,7.88,3.88,706.1,30.8,7.16,0.265,0.143,4.85
12,2022,5,26,4,22.5,7.89,3.8,709.7,30.7,7.16,0.265,0.143,4.85
12,2022,5,26,8,22.9,7.99,5.03,706.2,41.4,6.84,0.305,0.129,5.03
12,2022,5,26,12,23.5,8.29,6.52,698.4,35.7,6.98,0.275,0.15,5.02
12,2022,5,26,16,24.5,8.57,8.39,688.7,42.8,7.09,0.185,0.129,5.05
12,2022,5,26,20,24.2,8.5,7.56,692.9,33.3,7.41,0.18,0.128,5.26
12,2022,5,27,0,23.3,8.08,4.95,696.9,26.1,7.27,0.156,0.129,5.23
12,2022,5,27,4,22.8,7.92,4.31,700.7,26.6,6.81,0.246,0.128,5.09
12,2022,5,27,8,23.5,8.03,5.13,700.1,33.3,6.62,0.2,0.104,5.04
12,2022,5,27,16,24.8,8.26,6.6,695.1,39.2,6.9,0.196,0.141,5.27
12,2022,5,27,20,24.3,8.03,5.7,702.7,44.0,7.16,0.183,0.134,5.3
12,2022,5,28,0,24.3,7.99,5.06,709.4,45.4,6.87,0.213,0.129,5.23
12,2022,5,28,4,23.9,8.04,5.34,709.0,46.3,6.66,0.26,0.138,5.5
12,2022,5,28,8,24.2,8.27,7.79,1.2,0.8,6.54,0.257,0.133,5.13
12,2022,5,29,4,24.9,8.16,5.32,695.7,60.4,6.96,0.316,0.155,5.77
12,2022,5,29,8,25.1,8.11,4.74,691.6,49.6,6.82,0.309,0.154,5.8
12,2022,5,29,12,24.7,8.03,4.74,689.1,65.3,6.64,0.287,0.13,5.89
12,2022,5,29,16,24.5,8.05,5.28,694.3,53.1,6.95,0.351,0.158,6.15
12,2022,5,29,20,23.8,8.02,4.74,692.1,57.5,6.9,0.314,0.144,6.05
12,2022,5,30,0,23.2,8.05,4.97,688.5,52.9,6.81,0.314,0.141,6.48
12,2022,5,30,4,22.5,8.12,5.22,684.5,56.1,6.72,0.32,0.152,6.46
12,2022,5,30,4,22.5,8.12,5.22,684.5,56.1,6.71,0.295,0.144,6.19
12,2022,5,30,12,23.1,8.12,5.64,686.5,44.4,6.62,0.285,0.117,6.31
12,2022,5,30,16,23.6,8.12,5.87,687.2,45.8,6.71,0.26,0.12,6.42
12,2022,5,30,16,23.6,8.12,5.87,687.2,45.8,6.69,0.261,0.12,6.47
12,2022,5,30,20,23.4,8.08,5.64,685.9,62.4,6.65,0.276,0.124,7.02
12,2022,5,31,0,23.2,8.15,5.76,683.2,74.9,6.65,0.276,0.124,7.02
12,2022,5,31,8,23.1,8.17,5.69,681.0,54.4,6.49,0.232,0.11,6.71
12,2022,5,31,12,23.4,8.19,6.13,683.6,59.5,6.4,0.238,0.133,6.95
12,2022,5,31,16,23.2,8.13,5.53,686.0,64.5,6.53,0.231,0.122,6.63
12,2022,5,31,16,23.2,8.13,5.53,686.0,64.5,6.68,0.237,0.131,6.67
12,2022,6,1,0,23.6,8.36,6.71,689.4,135.8,6.68,0.254,0.119,6.66
12,2022,6,1,0,23.6,8.36,6.71,689.4,135.8,6.68,0.254,0.119,6.66
12,2022,6,1,8,23.0,7.96,6.48,686.3,944.1,7.91,0.87,0.284,11.65
12,2022,6,1,12,23.6,8.04,6.49,662.9,818.0,8.83,1.582,0.529,17.39
12,2022,6,1,16,24.2,8.12,6.69,634.1,608.7,8.83,1.146,0.309,14.59
12,2022,6,1,20,24.2,8.14,7.18,607.1,467.7,7.75,0.875,0.278,12.73
12,2022,6,2,0,23.7,8.09,7.26,587.8,359.8,7.05,0.719,0.246,12.09
12,2022,6,2,0,23.7,8.09,7.26,587.8,359.8,7.05,0.719,0.246,12.09
12,2022,6,2,8,21.8,8.07,7.48,541.4,209.1,5.38,0.52,0.167,9.98
12,2022,6,2,12,22.0,8.08,7.88,528.7,211.3,4.79,0.44,0.14,9.04
12,2022,6,2,16,22.4,8.1,7.82,518.6,269.7,4.65,0.415,0.123,8.18
12,2022,6,2,20,22.2,8.13,8.0,507.9,216.4,5.11,0.529,0.143,8.17
12,2022,6,3,0,21.6,8.13,7.96,491.6,165.7,4.78,0.445,0.142,7.13
12,2022,6,3,4,21.2,8.12,7.74,484.1,120.4,4.78,0.445,0.142,7.13
12,2022,6,3,8,21.1,8.1,7.56,484.7,103.9,3.8,0.282,0.093,6.03
12,2022,6,3,12,21.7,8.08,7.39,490.8,94.1,3.88,0.268,0.084,6.02
12,2022,6,3,16,22.6,8.08,7.51,492.5,90.4,4.02,0.246,0.093,5.58
12,2022,6,3,20,23.1,8.06,7.21,491.7,77.7,3.97,0.254,0.091,5.49
12,2022,6,4,0,23.2,8.02,6.83,497.8,64.7,3.85,0.229,0.095,5.36
12,2022,6,4,4,23.2,7.96,6.41,504.5,57.4,3.85,0.229,0.095,5.36
12,2022,6,4,8,23.2,7.9,5.7,509.8,57.5,3.53,0.218,0.076,5.11
12,2022,6,4,12,23.3,7.86,5.4,516.8,55.6,3.69,0.238,0.091,4.98
12,2022,6,4,16,24.1,7.84,5.69,523.5,50.0,3.69,0.261,0.085,4.96
12,2022,6,4,20,24.1,7.8,4.94,528.0,52.2,3.76,0.267,0.088,5.02
12,2022,6,5,0,23.7,7.76,4.7,533.0,44.1,3.73,0.291,0.082,4.88
12,2022,6,5,4,23.8,7.75,4.45,539.1,45.5,3.73,0.291,0.082,4.88
12,2022,6,5,8,23.8,7.76,4.65,543.7,45.0,3.56,0.311,0.084,4.76
12,2022,6,5,12,24.6,7.84,5.34,547.9,48.3,3.7,0.296,0.088,4.77
12,2022,6,5,16,25.6,7.87,5.54,553.1,50.9,3.94,0.287,0.093,4.32
12,2022,6,5,20,25.1,7.81,5.02,555.1,56.5,3.97,0.276,0.093,4.48
12,2022,6,6,0,24.3,7.79,4.57,555.4,43.3,4.11,0.318,0.095,4.53
12,2022,6,6,4,24.1,7.78,4.56,562.7,43.1,4.11,0.318,0.095,4.53
12,2022,6,6,8,23.8,7.79,4.48,563.5,44.1,3.89,0.302,0.084,4.67
12,2022,6,6,8,23.8,7.79,4.48,563.5,44.1,3.89,0.302,0.084,4.67
12,2022,6,6,12,24.2,7.85,5.23,567.5,38.4,4.08,0.283,0.088,4.2
12,2022,6,6,16,24.3,7.93,5.67,568.1,40.6,4.17,0.273,0.09,3.92
12,2022,6,6,20,24.0,7.87,5.23,571.5,41.5,4.26,0.235,0.098,4.03
12,2022,6,7,0,23.4,7.79,4.48,575.4,44.7,4.19,0.246,0.093,4.15
12,2022,6,7,4,22.9,7.74,4.44,581.1,41.2,4.19,0.246,0.093,4.15
12,2022,6,7,8,22.6,7.75,4.02,586.7,39.2,4.03,0.307,0.097,4.23
12,2022,6,7,12,23.4,7.81,4.8,592.4,39.8,4.2,0.268,0.09,4.14
12,2022,6,7,16,24.2,7.92,5.7,581.9,44.6,4.25,0.249,0.1,3.83
12,2022,6,7,20,23.9,8.05,6.63,560.6,62.0,4.55,0.218,0.098,3.85
12,2022,6,8,0,23.9,8.23,7.31,547.5,64.7,5.01,0.184,0.105,3.89
12,2022,6,8,4,23.9,8.19,6.79,549.4,74.3,6.26,0.201,0.124,3.22
12,2022,6,8,8,23.1,8.16,6.05,551.2,86.6,6.04,0.207,0.133,4.47
12,2022,6,8,12,23.5,8.2,6.53,540.2,84.0,5.93,0.232,0.143,4.65
12,2022,6,8,16,24.0,8.32,7.21,528.7,78.5,5.78,0.219,0.141,4.91
12,2022,6,8,20,23.6,8.34,7.19,522.2,80.0,5.53,0.212,0.129,4.62
12,2022,6,9,0,23.2,8.37,7.11,514.3,62.2,5.39,0.205,0.125,4.74
12,2022,6,9,4,22.7,8.32,6.77,503.5,63.2,5.39,0.205,0.125,4.74
12,2022,6,9,8,22.6,8.25,6.25,494.0,67.4,4.69,0.154,0.098,4.23
12,2022,6,9,12,23.1,8.33,7.19,488.1,75.0,4.47,0.174,0.101,4.36
12,2022,6,9,12,23.1,8.33,7.19,488.1,75.0,5.15,0.178,0.106,4.45
12,2022,6,9,16,23.8,8.38,7.53,486.5,73.2,5.05,0.172,0.099,4.21
12,2022,6,9,20,23.4,8.43,7.66,486.8,72.0,4.84,0.179,0.095,4.36
12,2022,6,10,0,23.3,8.45,7.73,485.9,59.5,4.84,0.179,0.095,4.36
12,2022,6,10,4,22.9,8.41,7.22,485.9,52.2,4.38,0.156,0.091,3.88
12,2022,6,10,8,23.1,8.32,6.94,483.0,61.5,4.64,0.172,0.102,3.82
12,2022,6,10,12,24.3,8.32,7.11,477.8,73.0,5.06,0.188,0.108,4.25
12,2022,6,10,16,24.7,8.34,7.63,481.3,74.3,4.8,0.183,0.102,4.25
12,2022,6,10,20,24.4,8.29,7.36,489.2,73.9,4.71,0.191,0.105,4.13
12,2022,6,11,0,24.4,8.1,6.18,535.2,69.0,4.71,0.191,0.105,4.13
12,2022,6,11,4,24.2,8.13,5.91,502.7,60.2,4.36,0.202,0.099,3.75
12,2022,6,11,8,24.5,8.08,5.52,496.8,69.8,4.52,0.24,0.105,3.81
12,2022,6,11,12,24.6,8.05,5.83,495.5,72.1,4.91,0.239,0.126,3.96
12,2022,6,11,16,24.8,8.17,7.0,497.1,69.5,5.06,0.217,0.133,3.83
12,2022,6,11,20,24.4,7.97,5.82,502.2,75.2,4.85,0.273,0.137,3.71
12,2022,6,12,0,23.8,7.94,5.48,498.8,70.4,4.85,0.273,0.137,3.71
12,2022,6,12,4,23.5,7.86,4.89,504.1,60.9,4.7,0.304,0.108,3.58
12,2022,6,12,8,23.3,7.81,4.59,503.4,70.9,5.02,0.375,0.128,4.07
12,2022,6,12,12,23.1,7.84,4.69,517.1,79.5,5.42,0.596,0.161,3.98
12,2022,6,12,16,23.6,7.96,5.79,555.2,74.1,5.97,0.359,0.156,3.56
12,2022,6,12,20,23.4,7.88,5.48,530.0,70.5,5.42,0.372,0.127,3.5
12,2022,6,13,0,22.5,7.9,5.8,480.7,110.4,5.42,0.372,0.127,3.5
12,2022,6,13,4,22.1,7.92,6.12,565.2,227.0,7.1,0.892,0.226,5.46
12,2022,6,13,8,22.1,7.9,6.34,561.8,990.8,8.33,1.656,0.394,11.62
12,2022,6,13,12,21.6,7.81,5.62,566.1,351.1,7.49,1.596,0.29,8.92
12,2022,6,13,16,21.7,7.82,5.65,529.1,243.2,7.08,1.415,0.254,7.43
12,2022,6,13,20,21.8,7.86,5.4,492.0,219.6,6.7,1.372,0.24,7.13
12,2022,6,14,0,21.7,7.87,5.33,482.5,154.2,6.7,1.372,0.24,7.13
12,2022,6,14,4,21.8,7.88,5.61,502.7,109.4,5.45,1.0,0.16,6.07
12,2022,6,14,8,21.9,7.88,5.54,509.7,106.3,5.18,0.905,0.154,6.1
12,2022,6,14,12,22.7,7.92,5.71,512.0,93.0,5.1,0.847,0.147,5.88
12,2022,6,14,16,23.6,7.97,5.9,507.2,110.8,5.41,0.832,0.151,6.64
12,2022,6,14,20,23.5,7.98,5.89,508.7,123.5,5.23,0.846,0.136,7.06
12,2022,6,15,0,23.1,7.97,5.96,501.5,89.7,5.23,0.846,0.136,7.06
12,2022,6,15,4,22.8,7.95,5.76,496.0,93.5,4.87,0.772,0.138,6.54
12,2022,6,15,8,22.6,7.93,5.37,498.7,96.9,4.87,0.772,0.138,6.54
12,2022,6,15,12,23.1,7.94,5.27,495.0,102.7,5.12,0.78,0.143,6.71
12,2022,6,15,16,23.5,8.04,7.05,498.6,125.5,5.58,0.799,0.147,6.85
12,2022,6,15,20,24.3,8.14,7.6,491.3,105.6,5.6,0.81,0.149,7.18
12,2022,6,16,0,24.2,8.2,7.51,490.3,90.1,5.83,0.698,0.148,6.64
12,2022,6,16,4,23.8,8.13,6.86,493.5,91.4,5.83,0.698,0.148,6.64
12,2022,6,16,8,23.6,8.08,6.89,498.5,94.6,5.72,0.608,0.151,6.54
12,2022,6,16,12,24.3,8.23,8.19,502.5,88.4,5.78,0.612,0.157,6.45
12,2022,6,16,16,25.4,8.47,10.04,505.0,97.4,6.14,0.53,0.163,6.54
12,2022,6,16,20,25.7,8.53,9.79,507.1,92.9,6.57,0.472,0.166,6.62
12,2022,6,17,0,25.8,8.36,9.66,505.1,71.4,6.58,0.419,0.156,6.37
12,2022,6,17,4,25.3,8.17,8.16,511.2,69.1,6.58,0.419,0.156,6.37
12,2022,6,17,8,24.8,8.08,7.1,521.8,80.0,6.02,0.325,0.13,6.21
12,2022,6,17,12,25.1,8.16,7.82,524.9,74.7,5.92,0.348,0.146,6.37
12,2022,6,17,16,25.9,8.3,9.11,525.1,73.6,5.82,0.328,0.138,6.53
12,2022,6,17,20,26.3,8.33,8.8,525.0,67.4,5.86,0.29,0.128,6.37
12,2022,6,18,0,26.4,8.23,8.33,519.6,60.8,5.56,0.25,0.124,6.18
12,2022,6,18,4,26.1,8.04,7.33,513.7,66.1,5.56,0.25,0.124,6.18
12,2022,6,18,8,25.6,7.99,6.5,509.3,71.4,5.34,0.2,0.114,6.17
12,2022,6,18,12,26.0,8.09,7.33,505.2,70.6,5.6,0.219,0.13,6.07
12,2022,6,18,16,27.2,8.23,8.71,509.8,73.1,5.87,0.194,1.478,5.66
12,2022,6,20,0,28.2,7.88,4.28,511.4,79.8,5.26,0.228,0.111,6.01
12,2022,6,20,4,27.8,7.8,3.36,505.9,77.9,5.26,0.228,0.111,6.01
12,2022,6,20,8,27.2,7.76,2.89,510.8,87.5,4.97,0.211,0.111,5.87
12,2022,6,20,12,27.4,7.78,2.59,516.7,90.7,5.11,0.239,0.121,6.07
12,2022,6,20,16,28.5,7.79,2.7,517.2,94.4,5.09,0.228,0.116,6.02
12,2022,6,20,20,29.2,8.2,7.74,515.7,90.8,5.14,0.231,0.116,6.07
12,2022,6,21,0,29.1,8.14,7.79,511.0,82.8,5.0,0.248,0.117,6.03
12,2022,6,21,4,28.9,7.95,6.92,503.1,78.9,5.0,0.248,0.117,6.03
12,2022,6,21,8,28.5,7.9,5.98,507.6,82.6,4.94,0.211,0.105,5.65
12,2022,6,21,12,28.9,7.97,6.34,510.3,76.3,5.06,0.24,0.125,5.55
12,2022,6,22,8,28.1,7.81,4.53,511.8,72.0,4.66,0.257,0.102,5.43
12,2022,6,22,12,27.9,7.8,4.43,510.6,68.0,4.56,0.282,0.111,5.37
12,2022,6,22,16,27.6,7.81,4.58,510.6,67.6,4.7,0.293,0.096,5.42
12,2022,6,22,20,27.6,7.8,4.38,510.2,71.9,4.57,0.339,0.101,5.66
12,2022,6,23,0,27.4,7.82,4.52,510.6,65.3,4.73,0.339,0.108,5.45
12,2022,6,23,4,27.1,7.81,4.37,509.2,60.8,4.73,0.332,0.108,5.45
12,2022,6,23,8,26.7,7.79,4.12,508.3,67.3,4.56,0.341,0.098,5.6
12,2022,6,23,12,27.2,7.85,4.96,507.4,65.0,4.51,0.314,0.101,5.73
12,2022,6,23,16,28.1,7.94,5.73,507.2,74.1,4.58,0.296,0.1,5.65
12,2022,7,4,12,26.7,7.73,5.47,522.2,124.7,5.34,0.977,0.173,6.48
12,2022,7,4,16,27.2,7.81,6.26,524.5,115.5,5.34,0.977,0.173,6.48
12,2022,7,11,8,28.1,7.68,5.43,533.5,87.0,5.01,0.307,0.121,5.06
12,2022,7,11,12,28.2,7.71,5.41,538.5,98.5,5.59,0.369,0.139,5.43
12,2022,7,11,16,28.4,7.75,5.68,541.2,92.1,5.62,0.402,0.144,5.56
12,2022,7,13,8,26.6,7.68,4.37,566.3,80.2,4.59,0.533,0.114,5.14
12,2022,7,13,12,27.0,7.72,7.05,574.1,84.6,4.73,0.554,0.13,5.24
12,2022,7,13,16,28.4,7.82,7.02,579.7,91.3,4.86,0.555,0.132,5.3
12,2022,7,18,12,30.4,7.65,3.34,548.0,70.0,4.78,0.351,0.123,5.46
12,2022,7,18,16,31.1,7.71,4.1,548.8,72.5,4.92,0.324,0.113,5.32
12,2022,7,19,16,30.1,7.76,4.98,565.7,76.5,5.17,0.323,0.11,5.04
12,2022,7,20,8,29.4,7.61,3.61,558.5,79.9,5.05,0.384,0.108,4.96
12,2022,7,20,12,29.7,7.71,5.48,561.3,70.4,5.67,0.342,0.146,5.08
12,2022,7,20,16,30.2,7.9,7.11,567.6,68.7,5.92,0.315,0.135,5.0
12,2022,7,21,8,28.9,7.66,3.94,566.9,69.7,5.57,0.401,0.132,5.03
12,2022,7,21,12,29.4,7.78,5.26,567.6,73.4,5.79,0.329,0.138,5.06
12,2022,7,22,8,29.2,7.62,4.21,567.0,80.3,5.66,0.366,0.134,4.71
12,2022,7,22,12,29.8,7.71,5.51,564.0,75.0,5.71,0.387,0.149,4.82
12,2022,7,22,16,29.8,7.8,6.02,571.2,71.1,5.91,0.305,0.143,4.87
12,2022,7,22,20,29.8,7.83,5.72,582.7,86.4,6.02,0.293,0.139,4.75
12,2022,7,23,0,29.0,7.8,4.94,569.4,84.5,6.28,0.348,0.143,4.5
12,2022,7,23,4,28.2,7.76,4.8,537.1,81.5,6.28,0.348,0.143,4.5
12,2022,7,23,8,27.7,7.68,4.44,513.4,97.2,5.91,0.525,0.158,4.71
12,2022,7,23,12,28.4,7.79,5.07,549.8,76.8,5.94,0.499,0.154,4.38
12,2022,7,23,16,29.2,7.94,6.53,530.8,86.1,6.11,0.357,0.137,3.98
12,2022,7,23,20,29.4,7.84,5.71,528.1,98.4,6.13,0.394,0.132,4.19
12,2022,7,24,0,29.2,7.88,5.52,534.2,80.8,5.83,0.447,0.154,4.61
12,2022,7,24,4,29.0,7.81,5.21,545.2,81.0,5.43,0.396,0.138,4.52
12,2022,7,24,8,28.9,7.77,4.97,557.1,96.1,5.51,0.397,0.139,4.67
12,2022,7,24,12,29.4,7.84,5.76,573.3,85.2,5.66,0.469,0.146,4.62
12,2022,7,24,16,30.1,8.04,7.69,592.6,92.6,5.91,0.499,0.145,4.65
12,2022,7,24,20,30.1,7.96,6.54,601.8,101.3,6.24,0.521,0.129,4.98
12,2022,7,25,0,29.7,7.97,6.66,602.1,76.1,6.12,0.585,0.147,5.03
12,2022,7,25,4,29.2,7.77,6.04,593.8,68.9,6.15,0.485,0.127,4.76
12,2022,7,25,12,29.2,7.78,5.49,588.6,78.4,6.15,0.449,0.135,4.88
12,2022,7,25,16,29.8,7.86,6.62,583.6,88.2,5.99,0.383,0.128,4.54
12,2022,7,25,20,30.1,7.89,6.55,583.0,92.0,6.05,0.356,0.115,4.49
12,2022,7,26,0,29.8,7.89,6.03,579.3,70.4,6.59,0.404,0.162,4.91
12,2022,7,26,4,29.5,7.78,5.44,572.0,71.4,6.18,0.349,0.124,4.82
12,2022,7,26,8,29.4,7.72,5.17,569.2,78.7,5.83,0.33,0.124,5.01
12,2022,7,26,12,29.6,7.8,5.59,563.2,72.3,5.79,0.366,0.137,5.23
12,2022,7,26,16,29.7,7.86,6.19,557.0,73.8,5.97,0.317,0.13,4.45
12,2022,7,26,20,29.6,7.79,5.29,562.0,93.6,5.92,0.338,0.117,4.55
12,2022,7,27,0,29.0,7.82,5.53,574.1,62.1,5.76,0.441,0.143,5.04
12,2022,7,27,4,29.0,7.8,4.8,563.3,60.7,5.55,0.356,0.116,4.7
12,2022,7,27,8,28.5,7.75,4.97,557.4,104.4,5.33,0.389,0.113,4.78
12,2022,7,27,12,28.2,7.73,5.24,527.2,118.0,5.6,0.476,0.13,5.35
12,2022,7,27,16,28.6,7.78,5.2,534.9,105.5,5.94,0.535,0.158,4.65
12,2022,7,27,20,28.2,7.8,5.48,517.8,106.3,5.66,0.507,0.13,4.6
12,2022,7,27,20,28.2,7.8,5.48,517.8,106.3,5.5,0.661,0.147,5.31
12,2022,7,28,0,27.5,7.76,5.01,499.8,96.5,5.27,0.679,0.136,5.11
12,2022,7,28,4,27.2,7.77,5.01,505.2,110.6,5.05,0.775,0.127,5.26
12,2023,2,2,16,4.3,8.39,12.65,897.7,23.4,4.46,0.171,0.051,9.68
12,2023,2,2,20,3.9,8.38,12.63,903.1,23.8,4.43,0.18,0.053,9.81
12,2023,2,2,20,3.9,8.38,12.63,903.1,23.8,4.43,0.18,0.053,9.81
12,2023,2,2,20,3.9,8.38,12.63,903.1,23.8,4.43,0.18,0.053,9.81
12,2023,2,3,12,4.1,8.36,12.97,917.7,24.7,4.47,0.165,0.051,9.84
12,2023,2,3,16,4.4,8.39,13.04,909.8,22.4,4.5,0.168,0.052,9.67
12,2023,2,3,20,3.7,8.37,12.83,921.6,24.2,4.51,0.172,0.054,9.62
12,2023,2,4,0,3.7,8.38,13.04,918.9,29.1,4.51,0.172,0.054,9.62
12,2023,2,4,4,4.2,8.37,12.84,909.1,29.0,4.4,0.176,0.055,9.5
12,2023,2,4,8,4.1,8.35,12.52,910.4,25.1,4.37,0.172,0.052,9.58
12,2023,2,4,12,4.7,8.36,12.78,907.5,24.9,4.51,0.167,0.059,9.56
12,2023,2,4,16,4.8,8.41,13.23,900.1,23.7,4.5,0.162,0.053,9.82
12,2023,2,4,20,4.2,8.42,13.15,904.7,24.8,4.54,0.167,0.051,9.86
12,2023,2,5,0,4.3,8.43,13.36,896.8,28.0,4.54,0.167,0.051,9.86
12,2023,2,5,4,4.5,8.43,13.18,890.1,29.1,4.43,0.176,0.065,10.17
12,2023,2,5,8,4.5,8.41,12.76,891.6,26.1,4.4,0.176,0.054,10.18
12,2023,2,5,12,4.7,8.43,12.96,890.2,24.7,4.45,0.177,0.052,10.1
12,2023,2,5,16,4.6,8.48,13.32,887.9,24.1,4.54,0.172,0.055,10.34
12,2023,2,5,20,4.2,8.46,13.2,890.3,28.3,4.59,0.178,0.058,10.23
12,2023,2,6,0,4.3,8.49,13.5,885.3,29.5,4.59,0.178,0.058,10.23
12,2023,2,6,4,4.4,8.48,13.23,882.4,28.3,4.49,0.18,0.058,10.39
12,2023,2,6,8,4.3,8.46,12.84,886.3,25.2,4.55,0.17,0.055,10.35
12,2023,2,6,12,4.9,8.49,13.26,881.5,25.0,4.59,0.165,0.055,10.24
12,2023,2,6,16,5.0,8.53,13.47,878.3,24.1,4.71,0.158,0.054,10.14
12,2023,2,6,20,4.4,8.54,13.56,882.7,25.7,4.7,0.158,0.055,10.14
12,2023,2,7,0,4.5,8.52,13.58,881.9,26.4,4.7,0.158,0.055,10.14
12,2023,2,7,4,4.7,8.53,13.69,876.6,27.3,4.61,0.154,0.058,10.13
12,2023,2,7,8,4.7,8.51,13.33,875.6,23.8,4.63,0.154,0.057,10.09
12,2023,2,7,12,5.3,8.54,13.66,871.2,23.1,4.73,0.158,0.054,10.04
12,2023,2,7,16,5.4,8.57,14.11,869.1,24.5,4.97,0.159,0.061,9.96
12,2023,2,7,20,4.7,8.57,13.85,873.0,25.6,4.82,0.149,0.061,9.96
12,2023,2,8,0,4.8,8.56,14.01,869.2,26.9,4.82,0.149,0.061,9.96
12,2023,2,8,4,5.0,8.57,14.14,862.8,26.4,4.77,0.149,0.056,9.94
12,2023,2,8,8,5.0,8.55,13.73,862.8,26.9,4.74,0.145,0.057,9.97
12,2023,2,8,12,5.6,8.59,14.19,859.0,26.7,4.8,0.144,0.055,9.92
12,2023,2,8,16,5.7,8.61,14.34,857.2,28.2,5.09,0.15,0.059,10.0
12,2023,2,8,20,5.0,8.6,14.14,862.2,28.4,5.6,0.15,0.058,10.0
12,2023,2,9,0,5.2,8.59,14.18,857.5,30.1,5.6,0.15,0.058,10.0
12,2023,2,9,4,5.5,8.58,14.32,853.1,28.4,4.95,0.15,0.058,9.96
12,2023,2,9,8,5.4,8.56,13.78,852.2,28.4,4.84,0.142,0.06,9.91
12,2023,2,9,12,5.3,8.62,14.2,848.2,27.1,4.92,0.135,0.058,9.96
12,2023,2,9,16,5.2,8.61,14.04,850.4,24.7,4.93,0.139,0.058,9.76
12,2023,2,9,20,5.0,8.55,13.58,855.6,24.6,4.83,0.149,0.059,9.8
12,2023,2,10,0,5.0,8.55,13.67,854.3,29.0,4.83,0.149,0.059,9.8
12,2023,2,10,4,4.9,8.53,13.38,855.5,29.9,4.85,0.159,0.061,9.76
12,2023,2,10,8,4.9,8.53,13.04,853.8,27.0,4.82,0.153,0.055,9.79
12,2023,2,10,12,5.3,8.56,13.4,849.6,24.6,5.03,0.149,0.057,9.77
12,2023,2,10,16,5.3,8.57,13.52,852.7,23.2,5.02,0.149,0.057,9.7
12,2023,2,10,20,4.8,8.56,13.24,856.4,25.7,5.11,0.152,0.057,9.61
12,2023,2,11,0,5.0,8.57,13.46,852.5,29.4,5.11,0.152,0.057,9.61
12,2023,2,11,4,5.4,8.54,13.28,852.7,27.6,4.97,0.151,0.059,9.56
12,2023,2,11,8,5.4,8.52,13.0,853.9,25.7,5.01,0.151,0.058,9.64
12,2023,2,11,12,5.4,8.53,13.06,854.7,24.5,5.09,0.156,0.058,9.72
12,2023,2,11,16,5.3,8.55,13.37,858.1,22.5,5.1,0.157,0.058,9.67
12,2023,2,11,20,5.0,8.53,13.13,860.0,22.0,5.04,0.16,0.055,9.65
12,2023,2,12,0,5.0,8.53,13.11,858.8,23.0,5.04,0.16,0.055,9.65
12,2023,2,12,4,5.2,8.52,13.04,858.6,23.8,4.96,0.164,0.058,9.67
12,2023,2,12,8,5.2,8.49,12.71,859.3,23.2,4.95,0.164,0.058,9.61
12,2023,2,12,12,5.2,8.53,12.95,858.0,23.0,5.15,0.165,0.06,9.63
12,2023,2,12,16,5.2,8.54,13.07,860.2,23.1,5.16,0.172,0.061,9.69
12,2023,2,12,20,5.1,8.52,12.68,860.1,23.3,5.1,0.154,0.061,9.77
12,2023,2,13,0,5.0,8.53,12.9,859.5,25.0,5.1,0.154,0.061,9.77
12,2023,2,13,4,4.6,8.58,13.24,856.0,23.4,5.25,0.162,0.063,9.83
12,2023,2,13,8,4.6,8.55,12.93,859.0,23.0,5.23,0.164,0.061,9.85
12,2023,2,13,12,5.2,8.64,13.91,852.2,22.3,5.43,0.161,0.064,9.88
12,2023,2,13,20,4.7,8.65,13.04,861.9,25.3,5.71,0.178,0.067,9.87
12,2023,2,14,0,4.6,8.64,13.86,862.9,26.0,5.71,0.178,0.067,9.87
12,2023,2,14,4,4.9,8.6,13.47,863.9,25.4,5.53,0.179,0.067,9.96
12,2023,2,14,8,4.8,8.62,12.53,861.1,23.8,5.57,0.174,0.067,9.92
12,2023,2,14,8,4.8,8.62,12.53,861.1,23.8,5.57,0.174,0.067,9.92
12,2023,2,14,8,4.8,8.62,12.53,861.1,23.8,5.57,0.174,0.067,9.92
12,2023,2,14,8,4.8,8.62,12.53,861.1,23.8,5.57,0.174,0.067,9.92
12,2023,2,15,0,4.8,8.62,14.16,870.8,23.8,5.57,0.174,0.067,9.92
12,2023,2,15,4,4.9,8.62,13.16,867.6,23.6,5.51,0.178,0.067,10.13
12,2023,2,15,8,4.9,8.59,13.25,869.9,22.5,5.4,0.172,0.06,10.05
12,2023,2,15,12,5.4,8.64,14.84,869.0,20.7,5.54,0.16,0.063,10.05
12,2023,2,15,16,5.7,8.66,15.18,867.1,21.0,5.65,0.16,0.064,9.95
12,2023,2,15,20,4.9,8.64,15.07,877.8,20.9,5.58,0.163,0.066,10.09
12,2023,2,16,0,4.9,8.62,15.18,880.9,22.7,5.58,0.163,0.066,10.09
12,2023,2,16,4,5.2,8.6,15.37,879.6,22.8,5.36,0.154,0.064,9.93
12,2023,2,16,8,5.1,8.6,13.32,881.4,22.1,5.34,0.146,0.064,9.9
12,2023,2,16,12,5.9,8.63,15.67,879.6,20.3,5.4,0.144,0.064,9.83
12,2023,2,16,16,6.1,8.62,15.9,880.1,19.5,5.46,0.15,0.061,9.81
12,2023,2,16,20,5.4,8.64,15.84,885.3,20.7,5.54,0.149,0.061,9.68
12,2023,2,17,0,5.2,8.62,14.14,886.7,21.9,5.54,0.149,0.061,9.68
12,2023,2,17,4,5.5,8.62,13.6,881.5,23.9,5.3,0.156,0.061,9.86
12,2023,2,17,8,5.6,8.61,15.74,879.7,22.7,5.29,0.158,0.064,9.86
12,2023,2,17,12,6.0,8.64,15.98,874.9,21.8,5.46,0.163,0.062,9.88
12,2023,2,17,16,5.9,8.67,16.14,873.9,22.4,5.53,0.17,0.059,9.82
12,2023,2,17,20,5.5,8.65,15.7,875.7,21.3,5.34,0.174,0.061,9.76
12,2023,2,18,0,5.3,8.62,15.15,873.8,22.4,5.34,0.174,0.061,9.76
12,2023,2,18,4,5.5,8.6,15.28,870.5,22.5,5.3,0.188,0.06,10.06
12,2023,2,18,8,5.4,8.6,15.28,864.2,22.6,5.29,0.187,0.063,10.03
12,2023,2,18,12,5.7,8.64,15.53,859.0,21.6,5.34,0.189,0.066,10.04
12,2023,2,18,16,5.5,8.65,15.53,858.1,20.0,5.39,0.199,0.061,10.07
12,2023,2,18,20,5.0,8.62,13.56,863.2,20.5,5.33,0.207,0.061,10.13
12,2023,2,19,0,4.8,8.6,14.48,863.5,21.2,5.33,0.207,0.061,10.13
12,2023,2,19,4,4.8,8.57,14.21,862.8,21.8,5.45,0.223,0.061,10.22
12,2023,2,19,8,4.6,8.56,13.96,864.7,20.2,5.18,0.227,0.061,10.19
12,2023,2,19,12,5.5,8.6,14.52,862.9,23.2,5.67,0.226,0.065,10.18
12,2023,2,19,16,6.2,8.64,14.74,847.4,24.8,5.43,0.22,0.063,10.0
12,2023,2,19,20,4.9,8.64,14.16,858.6,20.3,5.31,0.222,0.059,10.2
12,2023,2,20,0,4.9,8.58,13.81,864.6,21.8,5.31,0.222,0.059,10.2
12,2023,2,20,4,5.2,8.53,13.41,867.1,19.6,5.04,0.22,0.058,10.09
12,2023,2,20,8,4.8,8.54,13.26,867.5,18.7,5.04,0.22,0.058,10.09
12,2023,2,20,20,11.2,8.45,12.58,828.8,21.7,5.4,0.244,0.059,8.88
12,2023,2,21,0,11.2,8.43,12.93,808.8,43.4,5.4,0.244,0.059,8.88
12,2023,2,21,4,11.1,8.42,12.36,815.6,21.1,4.93,0.244,0.057,8.99
12,2023,2,21,8,11.3,8.39,12.1,827.6,25.7,4.82,0.243,0.058,8.91
12,2023,2,21,12,11.4,8.38,11.64,792.9,22.2,4.82,0.244,0.058,8.87
12,2023,2,21,16,13.3,8.4,12.04,787.0,19.7,4.88,0.244,0.058,8.87
12,2023,2,21,16,13.3,8.4,12.04,787.0,19.7,4.88,0.244,0.058,8.87
12,2023,2,21,16,13.3,8.4,12.04,787.0,19.7,4.88,0.244,0.058,8.87
12,2023,2,21,16,13.3,8.4,12.04,787.0,19.7,4.88,0.244,0.058,8.87
12,2023,2,22,8,8.7,8.4,12.27,817.0,68.6,4.65,0.235,0.059,8.93
12,2023,2,22,12,10.1,8.41,12.73,817.3,61.7,4.61,0.23,0.056,5.53
12,2023,2,22,16,9.7,8.42,12.82,828.4,42.0,4.7,0.233,0.056,5.43
12,2023,2,22,20,9.0,8.41,12.58,830.3,61.3,4.72,0.234,0.059,5.46
12,2023,2,23,0,8.4,8.39,12.54,840.9,37.9,4.68,0.234,0.058,5.26
12,2023,2,23,4,8.7,8.37,12.63,838.1,40.6,4.68,0.225,0.058,5.26
12,2023,2,23,8,8.6,8.36,12.52,839.6,38.8,4.52,0.216,0.06,5.24
12,2023,2,23,12,10.1,8.37,12.94,828.7,38.9,4.49,0.215,0.057,5.05
12,2023,2,23,16,10.0,8.35,12.88,830.5,79.7,4.63,0.214,0.058,5.03
12,2023,2,23,20,9.4,8.38,12.8,828.4,43.1,4.58,0.217,0.059,7.48
12,2023,2,24,0,8.7,8.38,12.9,825.6,27.9,4.63,0.217,0.057,7.78
12,2023,2,24,4,8.8,8.36,12.82,822.2,38.8,4.63,0.213,0.057,7.78
12,2023,2,24,8,8.7,8.36,12.68,819.4,70.0,4.43,0.21,0.058,7.97
12,2023,2,24,12,9.8,8.38,12.55,819.1,81.2,4.42,0.219,0.058,7.91
12,2023,2,24,16,10.0,8.42,12.89,809.3,69.4,4.43,0.233,0.062,7.98
12,2023,2,24,20,9.1,8.41,12.89,806.2,59.8,4.53,0.239,0.062,7.99
12,2023,2,25,0,8.5,8.39,12.41,810.7,32.1,4.52,0.239,0.061,8.06
12,2023,2,25,4,8.3,8.38,12.34,811.0,29.3,4.52,0.224,0.061,8.06
12,2023,2,25,8,8.4,8.37,11.98,812.7,57.2,4.36,0.226,0.059,7.87
12,2023,2,25,12,9.9,8.4,12.28,809.2,63.3,4.35,0.222,0.059,7.62
12,2023,2,25,16,10.0,8.45,12.89,812.1,35.8,4.53,0.221,0.059,7.93
12,2023,2,25,20,9.0,8.45,12.53,812.0,42.8,4.64,0.219,0.061,7.89
12,2023,2,26,0,8.3,8.44,12.47,811.2,50.3,4.58,0.219,0.061,7.97
12,2023,2,26,4,8.3,8.42,12.36,813.4,41.0,4.58,0.192,0.061,7.97
12,2023,2,26,8,8.4,8.4,12.33,812.9,50.1,4.29,0.181,0.059,7.96
12,2023,2,26,12,10.0,8.41,12.62,809.7,71.4,4.48,0.195,0.056,7.51
12,2023,2,26,16,10.1,8.41,12.21,814.3,72.6,4.42,0.193,0.059,7.51
12,2023,2,26,20,9.4,8.44,12.7,813.6,32.8,4.45,0.191,0.057,7.38
12,2023,2,27,0,9.2,8.43,12.73,812.0,32.1,4.49,0.191,0.058,7.49
12,2023,2,27,4,9.2,8.4,12.7,818.9,45.9,4.49,0.164,0.058,7.49
12,2023,2,27,8,9.2,8.38,12.33,818.0,59.9,4.66,0.164,0.055,7.45
12,2023,2,27,12,9.1,8.4,12.81,812.5,61.3,4.64,0.164,0.057,7.3
12,2023,2,27,16,10.8,8.38,12.85,810.6,57.5,4.52,0.162,0.056,7.19
12,2023,2,27,20,9.8,8.41,12.76,811.9,48.9,4.53,0.158,0.058,7.11
12,2023,2,28,0,9.2,8.4,12.08,826.7,29.9,4.53,0.158,0.058,7.11
12,2023,2,28,4,9.5,8.35,12.39,829.9,44.1,4.35,0.145,0.055,6.96
12,2023,2,28,8,9.6,8.33,12.1,830.3,21.8,4.39,0.146,0.055,6.81
12,2023,2,28,12,11.1,8.38,12.45,828.8,24.0,4.47,0.146,0.062,12.66
12,2023,2,28,16,11.1,8.42,12.51,829.1,86.9,4.82,0.186,0.073,8.02
12,2023,2,28,20,10.4,8.41,12.33,826.5,63.5,4.7,0.165,0.069,7.84
12,2023,3,1,0,10.1,8.38,12.08,827.7,47.7,4.7,0.165,0.069,7.84
12,2023,3,1,4,9.9,8.36,11.69,829.1,31.7,4.53,0.148,0.069,7.89
12,2023,3,1,8,9.8,8.35,11.25,826.6,76.5,4.56,0.144,0.063,7.77
12,2023,3,1,12,10.5,8.44,12.01,821.0,68.8,4.76,0.155,0.072,7.94
12,2023,3,1,16,11.0,8.49,12.58,814.5,87.0,4.94,0.162,0.073,7.94
12,2023,3,1,20,10.1,8.48,11.97,813.2,50.9,4.88,0.144,0.068,7.65
12,2023,3,2,0,9.6,8.44,11.51,816.6,36.2,4.88,0.144,0.068,7.65
12,2023,3,2,4,9.5,8.42,11.26,816.1,39.7,4.65,0.134,0.066,7.63
12,2023,3,2,8,9.4,8.41,11.37,813.8,44.9,4.68,0.124,0.065,7.56
12,2023,3,2,12,10.5,8.43,11.92,809.8,57.9,4.73,0.128,0.063,7.53
12,2023,3,2,16,10.9,8.46,12.02,809.7,94.3,4.85,0.133,0.065,7.41
12,2023,3,2,20,10.2,8.48,12.06,805.9,60.9,4.79,0.132,0.062,7.56
12,2023,3,3,0,9.7,8.46,11.86,809.8,47.6,4.79,0.132,0.062,7.56
12,2023,3,3,4,9.6,8.44,11.9,809.9,60.8,4.8,0.126,0.062,7.54
12,2023,3,3,8,9.6,8.42,11.93,810.4,38.1,4.67,0.122,0.062,7.4
12,2023,3,3,12,11.0,8.47,12.42,802.3,95.6,4.71,0.115,0.064,7.29
12,2023,3,3,16,11.5,8.49,12.61,802.7,111.9,4.8,0.118,0.062,7.39
12,2023,3,3,20,10.5,8.5,12.86,807.3,65.5,4.91,0.128,0.062,7.24
12,2023,3,4,0,10.4,8.45,12.49,808.3,73.0,4.91,0.128,0.062,7.24
12,2023,3,4,4,10.2,8.41,12.41,810.1,69.4,4.64,0.12,0.062,7.26
12,2023,3,4,8,10.0,8.39,12.22,812.9,50.3,4.61,0.124,0.06,7.35
12,2023,3,4,12,10.9,8.42,11.98,805.3,98.1,4.67,0.125,0.062,7.34
12,2023,3,4,16,11.3,8.46,12.31,805.6,110.6,4.85,0.129,0.063,7.18
12,2023,3,4,20,10.8,8.39,11.63,804.1,79.2,4.84,0.135,0.062,7.14
12,2023,3,5,0,10.6,8.38,11.73,807.3,68.1,4.84,0.135,0.062,7.14
12,2023,3,5,4,10.5,8.38,12.03,812.2,38.1,4.68,0.133,0.065,7.23
12,2023,3,5,8,10.3,8.36,11.82,812.7,36.8,4.69,0.135,0.062,7.1
12,2023,3,5,12,11.3,8.37,11.83,805.1,71.4,4.85,0.139,0.065,7.44
12,2023,3,5,16,11.2,8.47,12.21,804.7,96.3,5.2,0.14,0.068,7.31
12,2023,3,5,20,10.6,8.42,11.64,803.6,69.1,5.05,0.138,0.065,7.19
12,2023,3,6,0,10.2,8.45,11.8,804.4,52.6,5.05,0.138,0.065,7.19
12,2023,3,6,4,10.1,8.44,11.89,803.2,41.7,4.97,0.133,0.062,7.26
12,2023,3,6,8,10.0,8.41,11.61,803.1,71.1,5.01,0.139,0.067,7.31
12,2023,3,6,12,11.7,8.48,11.87,794.5,102.7,5.26,0.136,0.065,7.32
12,2023,3,6,16,12.2,8.58,12.62,797.5,102.2,5.41,0.142,0.068,7.45
12,2023,3,6,20,11.1,8.56,12.26,798.6,108.8,5.37,0.135,0.068,7.25
12,2023,3,7,0,11.1,8.49,11.43,794.9,106.8,5.37,0.135,0.068,7.25
12,2023,3,7,4,10.9,8.45,11.77,795.5,73.3,5.11,0.134,0.066,7.15
12,2023,3,7,8,10.8,8.43,11.67,794.4,85.0,5.07,0.14,0.065,7.21
12,2023,3,7,12,11.8,8.47,11.66,787.4,105.4,5.23,0.14,0.065,7.19
12,2023,3,7,20,11.6,8.53,12.09,788.7,91.4,5.46,0.132,0.064,7.15
12,2023,3,8,0,11.9,8.5,12.25,790.7,96.0,5.46,0.132,0.064,7.15
12,2023,3,8,4,11.9,8.41,11.37,787.3,85.5,5.19,0.13,0.065,7.18
12,2023,3,8,8,11.8,8.39,11.34,785.8,85.0,5.2,0.138,0.066,7.13
12,2023,3,8,12,12.5,8.46,12.03,791.8,72.6,5.35,0.14,0.068,7.0
12,2023,3,8,16,12.9,8.46,11.13,792.2,122.0,5.5,0.136,0.067,6.94
12,2023,3,8,20,12.3,8.45,11.2,796.9,97.5,5.57,0.137,0.069,7.06
12,2023,3,9,0,12.0,8.48,11.57,795.5,86.2,5.57,0.137,0.069,7.06
12,2023,3,9,4,11.9,8.42,11.3,794.3,57.4,5.41,0.131,0.069,7.01
12,2023,3,9,8,11.9,8.41,11.14,794.3,62.8,5.41,0.139,0.075,7.1
12,2023,3,9,12,12.8,8.42,11.35,788.1,79.2,5.57,0.143,0.075,7.05
12,2023,3,9,16,12.9,8.48,11.67,783.0,89.5,6.02,0.147,0.079,7.14
12,2023,3,9,20,12.4,8.54,11.99,789.5,69.3,6.01,0.14,0.073,6.95
12,2023,3,10,0,12.1,8.54,12.44,791.2,46.7,6.01,0.14,0.073,6.95
12,2023,3,10,4,12.0,8.48,11.56,788.5,47.1,5.8,0.134,0.078,7.02
12,2023,3,10,8,12.0,8.44,11.22,785.0,74.0,6.05,0.141,0.076,6.82
12,2023,3,10,12,13.8,8.6,12.54,782.5,105.4,6.34,0.139,0.077,6.78
12,2023,3,10,16,14.3,8.75,14.36,784.8,128.7,6.78,0.141,0.076,6.76
12,2023,3,10,20,13.0,8.65,12.27,785.5,96.8,6.78,0.156,0.083,6.82
12,2023,3,11,0,12.6,8.55,11.53,789.2,59.9,6.78,0.156,0.083,6.82
12,2023,3,11,4,12.3,8.5,10.77,793.2,61.4,6.38,0.154,0.083,6.82
12,2023,3,11,8,12.2,8.48,10.82,785.7,53.3,6.35,0.156,0.083,6.71
12,2023,3,11,12,12.3,8.51,11.48,785.9,50.8,6.49,0.153,0.082,6.69
12,2023,3,11,16,12.4,8.61,12.24,784.1,85.3,6.7,0.158,0.083,6.65
12,2023,3,11,20,11.8,8.57,11.74,780.0,65.3,6.55,0.159,0.083,6.72
12,2023,3,12,0,11.4,8.48,10.8,778.5,61.7,6.55,0.159,0.083,6.72
12,2023,3,12,4,10.6,8.5,10.85,775.3,46.7,6.48,0.157,0.084,6.7
12,2023,3,12,8,10.3,8.52,11.05,773.0,51.1,6.58,0.156,0.086,6.7
12,2023,3,12,12,11.2,8.67,12.09,768.3,64.9,6.9,0.15,0.09,6.72
12,2023,3,12,16,11.9,8.72,12.4,769.9,89.3,7.08,0.153,0.089,6.47
12,2023,3,12,20,10.8,8.64,12.22,772.2,55.6,6.8,0.145,0.091,6.59
12,2023,3,13,0,10.2,8.63,11.87,767.8,65.0,6.8,0.145,0.091,6.59
12,2023,3,13,4,10.0,8.58,11.53,771.5,57.5,6.49,0.132,0.079,6.56
12,2023,3,13,8,10.0,8.59,11.88,772.2,44.5,6.48,0.134,0.084,6.51
12,2023,3,13,12,10.9,8.66,12.35,764.7,95.2,6.8,0.145,0.083,6.5
12,2023,3,13,16,11.2,8.7,13.39,764.2,81.3,6.81,0.141,0.082,6.47
12,2023,3,13,20,10.3,8.71,13.34,766.1,47.7,6.8,0.137,0.079,6.42
12,2023,3,14,0,10.1,8.7,12.6,756.1,79.1,6.8,0.137,0.079,6.42
12,2023,3,14,4,10.2,8.64,12.84,758.5,45.4,6.58,0.127,0.082,6.46
12,2023,3,14,8,10.5,8.62,12.74,758.7,53.6,6.54,0.134,0.087,6.44
12,2023,3,14,12,12.0,8.74,13.65,752.6,114.6,6.54,0.134,0.087,6.44
12,2023,3,14,16,12.4,8.81,14.95,755.7,108.6,7.03,0.128,0.079,6.34
12,2023,3,14,20,11.4,8.76,12.69,756.7,97.4,7.32,0.146,0.083,6.53
12,2023,3,15,0,10.4,8.73,12.05,755.3,68.7,7.32,0.146,0.083,6.53
12,2023,3,15,4,9.8,8.69,11.44,744.6,59.1,7.4,0.166,0.093,6.81
12,2023,3,15,8,9.7,8.7,11.4,744.9,65.7,7.33,0.157,0.1,6.87
12,2023,3,15,12,10.9,8.83,12.7,741.1,85.3,7.72,0.149,0.094,6.9
12,2023,3,15,16,11.5,8.9,13.41,745.2,90.7,7.85,0.159,0.098,6.81
12,2023,3,15,20,10.5,8.88,13.35,740.3,68.4,7.77,0.15,0.097,6.83
12,2023,3,16,0,9.7,8.83,13.13,736.8,75.3,7.77,0.15,0.097,6.83
12,2023,3,16,4,9.5,8.78,12.5,737.1,52.4,7.49,0.134,0.095,6.79
12,2023,3,16,8,9.8,8.78,12.76,735.6,65.1,7.32,0.136,0.093,6.84
12,2023,3,16,12,11.4,8.86,13.88,734.3,74.6,7.47,0.134,0.093,6.64
12,2023,3,16,20,10.4,8.85,13.04,738.6,65.0,7.49,0.137,0.089,6.68
12,2023,3,17,0,9.8,8.83,12.67,734.3,83.3,7.49,0.137,0.089,6.68
12,2023,3,17,4,9.8,8.81,13.41,735.0,86.4,7.42,0.131,0.089,6.85
12,2023,3,17,8,9.8,8.8,13.81,735.0,78.3,7.3,0.128,0.09,6.64
12,2023,3,17,12,10.2,8.84,13.64,728.3,104.9,7.43,0.136,0.089,6.78
12,2023,3,17,16,10.6,8.87,14.34,735.6,49.3,7.34,0.141,0.086,6.92
12,2023,3,17,20,10.1,8.86,13.48,733.8,66.3,7.33,0.137,0.089,6.63
12,2023,3,18,0,9.8,8.87,14.21,732.7,86.1,7.33,0.137,0.089,6.63
12,2023,3,18,4,9.5,8.83,13.8,729.8,96.2,7.22,0.129,0.086,6.62
12,2023,3,18,8,9.8,8.83,13.32,732.3,91.5,7.13,0.128,0.086,6.77
12,2023,3,18,12,11.9,8.88,14.42,738.7,89.8,7.39,0.128,0.084,6.58
12,2023,3,18,16,12.4,8.97,15.85,736.6,103.9,7.63,0.131,0.083,6.57
12,2023,3,18,20,10.9,8.92,15.56,739.5,61.9,7.44,0.13,0.084,6.53
12,2023,3,19,0,10.5,8.84,15.23,735.9,74.5,7.44,0.13,0.084,6.53
12,2023,3,19,4,10.7,8.78,14.68,728.6,93.4,7.35,0.122,0.084,6.25
12,2023,3,19,8,10.7,8.76,13.87,735.9,57.4,7.26,0.127,0.084,6.29
12,2023,3,19,12,11.8,8.78,14.93,732.6,75.5,7.39,0.131,0.082,6.16
12,2023,3,19,16,12.1,8.86,15.47,730.7,97.7,7.51,0.131,0.082,6.24
12,2023,3,19,20,11.4,8.87,15.53,732.2,69.1,7.59,0.133,0.08,6.25
12,2023,3,20,0,11.4,8.84,15.19,728.7,66.0,7.59,0.133,0.08,6.25
12,2023,3,20,4,11.5,8.79,14.58,730.8,46.3,7.56,0.128,0.079,6.07
12,2023,3,20,8,11.4,8.74,13.83,728.6,48.4,7.55,0.136,0.084,6.14
12,2023,3,20,12,12.0,8.83,14.45,727.7,56.8,8.04,0.14,0.076,6.08
12,2023,3,20,16,13.4,8.91,16.25,734.9,46.6,8.25,0.145,0.086,6.24
12,2023,3,20,20,12.8,8.92,16.6,737.5,43.9,8.25,0.143,0.092,6.21
12,2023,3,21,0,12.9,8.93,16.04,733.5,95.1,8.25,0.143,0.092,6.21
12,2023,3,21,4,13.2,8.83,15.02,735.4,57.7,8.16,0.146,0.09,6.05
12,2023,3,21,8,13.0,8.74,13.8,740.9,70.9,8.08,0.148,0.088,6.17
12,2023,3,21,12,13.9,8.78,14.45,737.2,72.9,8.24,0.169,0.092,6.12
12,2023,3,21,16,13.9,8.79,14.34,729.6,65.3,8.16,0.191,0.089,5.53
12,2023,3,21,20,13.5,8.67,13.53,729.8,78.5,7.86,0.18,0.089,5.39
12,2023,3,22,0,13.5,8.67,12.99,729.0,75.0,7.86,0.18,0.089,5.39
12,2023,3,22,4,13.4,8.65,13.13,736.1,58.2,7.87,0.17,0.084,5.44
12,2023,3,22,8,13.2,8.7,12.45,741.4,59.2,8.18,0.182,0.097,5.8
12,2023,3,22,12,14.0,8.91,13.79,746.5,93.0,8.43,0.202,0.111,5.87
12,2023,3,22,16,14.4,9.02,15.41,736.3,82.9,8.53,0.192,0.095,5.88
12,2023,3,22,20,13.4,8.95,15.06,732.3,74.3,8.49,0.183,0.1,6.01
12,2023,3,23,0,12.9,8.86,14.04,729.0,74.0,8.49,0.183,0.1,6.01
12,2023,3,23,4,12.5,8.81,12.76,726.5,66.2,8.55,0.168,0.097,5.8
12,2023,3,23,8,12.3,8.8,12.14,726.3,66.0,8.5,0.172,0.097,5.92
12,2023,3,23,12,10.1,8.99,14.04,730.6,56.3,8.51,0.172,0.106,5.75
12,2023,3,23,20,9.2,9.01,14.75,729.5,61.7,8.66,0.172,0.103,5.82
12,2023,3,24,0,8.7,8.96,13.98,731.8,53.3,8.66,0.172,0.103,5.82
12,2023,3,24,4,8.0,8.92,13.44,724.1,54.4,8.69,0.16,0.096,5.85
12,2023,3,24,8,8.5,8.91,13.5,726.4,52.0,8.44,0.157,0.096,5.66
12,2023,3,24,12,9.8,8.91,13.66,722.0,51.1,8.49,0.167,0.097,5.69
12,2023,3,24,16,9.8,8.99,14.58,729.0,54.4,8.54,0.166,0.094,5.72
12,2023,3,24,20,8.8,8.99,14.21,727.8,52.0,8.53,0.158,0.093,5.63
12,2023,3,25,0,8.2,8.98,13.5,724.4,49.3,8.53,0.158,0.093,5.63
12,2023,3,25,4,8.2,8.94,13.56,724.3,46.9,8.41,0.146,0.094,5.79
12,2023,3,25,8,8.4,8.91,13.91,726.3,53.9,8.36,0.15,0.092,5.76
12,2023,3,25,12,10.2,8.94,14.9,731.3,63.8,8.5,0.159,0.092,5.68
12,2023,3,25,16,10.8,9.1,16.18,729.4,47.3,8.47,0.156,0.092,5.76
12,2023,3,25,20,9.6,9.08,16.74,726.8,67.7,8.52,0.151,0.098,5.8
12,2023,3,26,0,9.5,8.76,15.0,766.4,214.7,8.52,0.151,0.098,5.8
12,2023,3,26,4,8.8,8.37,11.31,815.0,275.8,8.87,1.087,0.174,7.89
12,2023,3,26,8,8.9,8.44,11.08,812.8,188.3,8.26,0.898,0.147,8.86
12,2023,3,26,12,10.5,8.39,11.43,829.1,139.3,7.27,0.738,0.127,9.64
12,2023,3,26,16,10.9,8.43,11.79,838.5,107.1,6.53,0.621,0.103,10.37
12,2023,3,26,20,10.0,8.44,11.86,847.8,87.1,6.02,0.558,0.088,10.35
12,2023,3,27,0,9.8,8.41,11.62,853.0,71.4,6.02,0.558,0.088,10.35
12,2023,3,27,4,9.4,8.38,11.2,850.7,63.1,5.41,0.464,0.081,10.75
12,2023,3,27,8,9.8,8.35,10.96,850.4,61.8,5.37,0.426,0.072,10.44
12,2023,3,27,12,11.7,8.53,12.43,864.4,66.3,5.87,0.395,0.083,10.32
12,2023,3,27,16,12.5,8.62,13.69,865.7,63.8,6.16,0.359,0.078,10.46
12,2023,3,27,20,10.4,8.56,12.87,851.6,53.6,5.7,0.335,0.07,10.02
12,2023,3,28,0,10.0,8.48,11.86,838.0,54.6,5.7,0.335,0.07,10.02
12,2023,3,28,4,9.3,8.46,11.34,842.3,48.8,5.27,0.293,0.067,9.6
12,2023,3,28,8,9.8,8.48,11.38,855.6,56.4,5.42,0.314,0.064,10.06
12,2023,3,28,12,11.4,8.53,12.4,847.2,55.3,5.7,0.252,0.069,9.26
12,2023,3,28,16,12.0,8.61,13.04,843.9,49.3,5.69,0.235,0.065,9.39
12,2023,3,28,20,11.4,8.61,13.27,842.3,54.7,5.55,0.199,0.062,9.27
12,2023,3,29,0,10.9,8.56,12.68,846.8,44.8,5.55,0.199,0.062,9.27
12,2023,3,29,8,10.9,8.5,12.35,849.0,54.6,5.35,0.199,0.058,9.55
12,2023,3,29,8,10.9,8.5,12.35,849.0,54.6,5.41,0.193,0.06,9.58
12,2023,3,29,16,13.7,8.62,15.31,851.9,36.9,5.77,0.167,0.058,9.79
12,2023,3,29,20,12.2,8.59,14.88,839.9,37.7,5.35,0.142,0.051,9.11
12,2023,3,29,20,12.2,8.59,14.88,839.9,37.7,5.56,0.134,0.05,9.25
12,2023,3,30,4,11.0,8.52,14.69,834.0,32.1,5.56,0.134,0.05,9.25
12,2023,3,30,8,11.5,8.52,14.39,838.3,31.9,4.91,0.121,0.043,9.06
12,2023,3,30,12,13.4,8.56,14.7,844.1,48.8,4.78,0.115,0.045,9.03
12,2023,3,30,16,13.8,8.59,15.1,843.8,31.1,4.85,0.104,0.042,8.62
12,2023,3,30,20,13.2,8.62,13.83,842.2,37.2,4.99,0.107,0.042,8.4
12,2023,3,31,0,12.5,8.57,13.85,835.4,38.9,4.99,0.1,0.04,8.39
12,2023,3,31,4,12.0,8.53,13.31,835.9,29.2,4.99,0.1,0.04,8.39
12,2023,3,31,8,12.4,8.51,13.27,835.4,31.2,3.33,0.097,0.04,8.45
12,2023,3,31,12,13.8,8.57,13.91,840.0,44.5,3.42,0.103,0.039,8.61
12,2023,3,31,16,14.4,8.62,13.54,844.7,40.3,4.71,0.094,0.04,8.25
12,2023,3,31,20,13.2,8.62,12.9,835.0,28.7,4.36,0.094,0.037,8.22
12,2023,4,1,0,12.8,8.58,12.38,834.5,28.9,4.78,0.093,0.037,8.22
12,2023,4,1,4,12.1,8.52,11.57,826.6,28.1,4.78,0.093,0.037,8.22
12,2023,4,1,8,12.4,8.5,11.83,831.6,27.5,4.54,0.088,0.04,7.88
12,2023,4,1,12,13.8,8.58,12.97,830.7,26.8,4.65,0.099,0.042,7.97
12,2023,4,1,16,14.2,8.66,12.68,832.0,25.7,4.77,0.088,0.037,7.75
12,2023,4,2,0,12.8,8.58,11.34,823.0,25.1,5.04,0.098,0.046,7.63
12,2023,4,2,4,12.1,8.56,10.8,815.6,22.3,5.04,0.098,0.046,7.63
12,2023,4,2,8,12.5,8.56,11.04,821.7,25.7,4.78,0.088,0.043,7.48
12,2023,4,2,12,12.9,8.6,11.76,823.1,27.9,4.86,0.087,0.043,7.69
12,2023,4,2,16,13.2,8.63,12.08,817.1,28.6,5.02,0.096,0.046,7.56
12,2023,4,2,20,12.6,8.62,11.38,815.5,31.4,5.06,0.097,0.046,7.28
12,2023,4,3,0,12.1,8.58,10.36,818.5,28.2,5.13,0.101,0.046,7.06
12,2023,4,3,4,11.7,8.52,9.89,818.6,24.8,5.13,0.101,0.046,7.06
12,2023,4,3,8,11.8,8.52,9.81,820.1,24.4,5.05,0.102,0.046,7.14
12,2023,4,3,12,12.4,8.62,10.65,821.1,24.3,5.1,0.103,0.048,7.34
12,2023,4,3,16,12.5,8.67,11.58,813.9,26.8,5.28,0.104,0.046,7.46
12,2023,4,3,20,11.9,8.67,10.95,808.5,25.9,5.29,0.1,0.051,6.91
12,2023,4,4,0,11.6,8.64,10.43,807.1,24.5,5.48,0.1,0.047,7.09
12,2023,4,4,4,11.5,8.61,10.05,807.2,24.8,5.4,0.099,0.048,6.9
12,2023,4,4,8,11.5,8.64,10.11,807.2,24.2,5.34,0.096,0.049,6.71
12,2023,4,4,12,11.4,8.73,10.98,797.5,25.6,5.5,0.099,0.052,7.01
12,2023,4,4,16,11.0,8.81,11.63,790.2,24.2,5.64,0.102,0.049,6.92
12,2023,4,4,20,10.8,8.81,11.48,780.3,24.6,5.76,0.099,0.048,6.94
12,2023,4,5,0,10.3,8.76,10.27,769.1,26.4,5.77,0.105,0.049,6.9
12,2023,4,5,4,10.1,8.74,9.81,762.9,29.2,5.73,0.11,0.052,6.63
12,2023,4,5,8,10.1,8.74,9.78,765.2,28.2,5.81,0.113,0.058,6.5
12,2023,4,5,12,11.0,8.8,11.23,772.2,35.2,5.89,0.113,0.061,6.5
12,2023,4,5,16,12.0,8.66,10.63,776.1,32.4,6.24,0.119,0.064,6.22
12,2023,4,5,20,11.0,8.66,10.99,759.3,131.3,5.96,0.119,0.071,5.44
12,2023,4,6,0,10.8,8.58,10.44,753.3,127.3,6.69,0.255,0.107,5.37
12,2023,4,6,4,10.6,8.51,9.98,752.3,101.2,6.46,0.243,0.106,5.2
12,2023,4,6,8,10.9,8.47,9.69,749.5,140.0,6.04,0.236,0.107,5.26
12,2023,4,6,12,12.2,8.57,11.36,746.8,323.7,6.42,0.289,0.114,5.27
12,2023,4,6,16,12.6,8.71,11.88,745.6,126.7,7.55,0.506,0.186,5.47
12,2023,4,6,20,11.6,8.72,11.77,741.6,231.1,7.04,0.241,0.118,5.05
12,2023,4,7,0,10.9,8.68,10.98,738.9,105.9,7.59,0.432,0.173,5.33
12,2023,4,7,4,10.3,8.61,10.4,735.2,115.5,6.9,0.21,0.113,4.91
12,2023,4,7,8,10.8,8.59,10.22,736.1,78.9,6.93,0.236,0.126,4.87
12,2023,4,7,12,12.6,8.81,12.32,734.0,68.0,6.85,0.196,0.105,4.61
12,2023,4,7,16,12.5,8.93,13.0,726.8,135.1,7.21,0.174,0.113,4.72
12,2023,4,7,20,11.4,8.96,12.15,722.5,107.5,7.9,0.284,0.139,4.71
12,2023,4,8,0,10.8,8.92,11.78,723.4,78.3,7.79,0.237,0.127,4.58
12,2023,4,8,4,10.4,8.88,11.3,718.8,65.8,7.54,0.185,0.116,4.54
12,2023,4,8,8,10.9,8.88,11.43,718.0,64.9,7.41,0.168,0.111,4.28
12,2023,4,8,12,13.0,9.05,14.32,717.3,58.1,7.42,0.148,0.108,4.21
12,2023,4,8,16,13.7,9.08,15.25,709.9,70.3,7.84,0.155,0.105,4.0
12,2023,4,8,20,12.0,9.06,14.99,690.0,66.7,7.93,0.148,0.102,4.02
12,2023,4,9,0,11.4,9.01,14.69,686.0,63.7,8.13,0.148,0.095,3.65
12,2023,4,9,4,10.9,8.96,13.8,681.3,62.9,8.0,0.139,0.095,3.7
12,2023,4,9,8,11.4,8.94,13.73,688.2,56.5,7.82,0.139,0.096,3.49
12,2023,4,9,12,12.8,9.02,14.64,694.5,53.3,7.74,0.137,0.097,3.57
12,2023,4,9,16,13.3,9.1,15.34,691.1,57.1,7.91,0.144,0.101,3.5
12,2023,4,9,20,12.5,9.11,15.16,675.1,62.6,8.03,0.15,0.102,3.31
12,2023,4,10,0,12.1,9.08,14.91,669.0,63.6,8.15,0.15,0.098,3.27
12,2023,4,10,4,11.9,9.02,14.24,665.2,56.2,7.97,0.137,0.101,2.96
12,2023,4,10,8,12.4,8.99,14.02,669.8,56.5,7.92,0.139,0.104,2.9
12,2023,4,10,12,14.0,9.06,15.0,685.7,50.7,7.87,0.138,0.104,3.0
12,2023,4,10,16,13.8,9.19,16.31,668.4,47.9,8.12,0.136,0.111,2.97
12,2023,4,10,20,13.7,9.18,16.3,666.5,57.1,8.12,0.144,0.108,2.75
12,2023,4,11,0,13.0,9.05,13.09,666.2,77.9,8.08,0.144,0.103,2.68
12,2023,4,11,4,12.0,8.93,11.04,670.9,77.8,8.12,0.182,0.116,2.78
12,2023,4,11,8,11.5,8.89,10.53,668.5,74.9,7.99,0.181,0.115,2.81
12,2023,4,11,12,12.5,8.98,11.45,681.4,64.5,8.02,0.181,0.119,2.85
12,2023,4,11,16,12.8,9.07,11.97,672.5,65.3,8.14,0.164,0.119,2.87
12,2023,4,11,20,12.0,9.13,11.77,660.4,76.8,8.17,0.172,0.12,2.68
12,2023,4,12,0,11.1,9.07,11.29,656.4,57.0,8.27,0.178,0.115,2.79
12,2023,4,12,4,10.5,9.04,10.85,651.5,52.8,8.2,0.155,0.115,2.65
12,2023,4,12,8,11.2,9.01,10.76,664.8,52.0,8.16,0.143,0.118,2.8
12,2023,4,12,12,12.9,9.12,12.71,679.3,47.1,8.05,0.143,0.119,2.75
12,2023,4,12,16,13.0,9.19,13.58,674.2,58.6,8.0,0.133,0.12,2.6
12,2023,4,12,20,12.3,9.21,13.36,663.9,56.0,8.06,0.135,0.116,2.52
12,2023,4,13,0,12.1,9.19,13.2,664.1,58.7,8.18,0.144,0.109,2.5
12,2023,4,13,4,11.9,9.15,12.94,661.3,50.9,7.89,0.142,0.108,2.43
12,2023,4,13,8,12.3,9.1,12.28,666.0,59.3,7.86,0.149,0.118,2.27
12,2023,4,13,12,13.5,9.18,13.13,668.9,64.1,7.91,0.156,0.119,2.4
12,2023,4,13,16,13.5,9.22,13.12,663.3,62.0,8.05,0.163,0.12,2.4
12,2023,4,13,20,13.0,9.26,13.57,657.6,66.6,8.11,0.168,0.117,2.36
12,2023,4,14,0,12.8,9.22,13.1,657.8,60.8,8.15,0.168,0.117,2.36
12,2023,4,14,4,12.5,9.16,12.15,658.3,61.2,7.99,0.166,0.126,2.38
12,2023,4,14,8,12.9,9.1,11.28,662.1,64.4,8.0,0.179,0.133,2.44
12,2023,4,14,12,14.2,9.16,12.29,671.4,72.6,8.14,0.194,0.14,2.48
12,2023,4,14,16,14.2,9.19,12.59,672.9,78.4,8.23,0.204,0.141,2.55
12,2023,4,14,20,13.1,9.18,13.22,667.8,73.5,8.31,0.19,0.135,2.5
12,2023,4,15,0,12.5,9.12,12.59,668.4,69.3,8.23,0.19,0.135,2.5
12,2023,4,15,4,11.9,9.05,11.59,666.9,72.0,8.12,0.186,0.131,2.52
12,2023,4,15,8,12.8,8.99,11.19,680.0,66.0,8.04,0.189,0.137,2.74
12,2023,4,15,12,14.3,9.11,12.86,685.7,73.3,8.08,0.191,0.151,2.76
12,2023,4,15,16,14.5,9.2,15.96,689.0,70.3,8.14,0.185,0.148,2.81
12,2023,4,15,20,12.9,9.23,15.74,684.0,73.6,8.14,0.183,0.14,2.99
12,2023,4,16,0,12.4,9.18,14.48,685.2,65.6,8.14,0.183,0.14,2.99
12,2023,4,16,4,12.0,9.1,13.31,689.8,62.6,8.0,0.164,0.138,3.2
12,2023,4,16,8,13.0,9.05,12.65,700.6,62.2,8.08,0.175,0.129,3.31
12,2023,4,16,12,14.9,9.18,15.22,710.1,60.2,8.3,0.165,0.136,3.47
12,2023,4,16,16,15.0,9.25,16.75,713.1,68.5,8.17,0.177,0.127,3.54
12,2023,4,16,20,13.4,9.19,15.19,706.4,74.5,8.27,0.176,0.133,3.74
12,2023,4,17,0,13.0,9.1,13.19,710.2,68.9,8.18,0.176,0.133,3.74
12,2023,4,17,4,12.7,9.0,11.58,711.8,64.3,8.18,0.167,0.133,4.15
12,2023,4,17,8,13.0,8.96,11.0,721.1,61.0,8.14,0.165,0.143,4.03
12,2023,4,17,12,13.9,9.06,12.41,720.5,65.0,8.08,0.175,0.137,4.37
12,2023,4,17,16,14.4,9.13,13.56,724.3,64.9,8.18,0.176,0.142,4.49
12,2023,4,17,20,13.4,9.15,14.15,721.1,71.6,8.2,0.172,0.145,4.32
12,2023,4,18,0,13.0,9.09,13.61,721.7,60.4,8.13,0.172,0.145,4.32
12,2023,4,18,4,12.8,8.98,12.28,723.6,60.2,7.99,0.16,0.135,4.34
12,2023,4,18,8,13.7,8.91,11.47,741.3,57.3,7.98,0.162,0.135,4.57
12,2023,4,18,12,16.0,9.05,14.03,754.5,52.9,7.95,0.154,0.128,4.27
12,2023,4,18,16,15.9,9.06,16.03,748.7,63.1,8.04,0.174,0.144,4.67
12,2023,4,18,20,14.7,9.03,14.27,740.6,64.2,8.23,0.166,0.126,4.54
12,2023,4,19,0,13.9,8.9,12.62,741.0,60.4,8.15,0.166,0.126,4.54
12,2023,4,19,4,14.0,8.78,11.55,745.0,60.1,8.05,0.151,0.125,4.68
12,2023,4,19,8,14.5,8.74,10.51,749.4,57.1,7.97,0.158,0.138,4.42
12,2023,4,19,12,15.7,8.89,12.91,749.6,59.1,8.01,0.17,0.143,4.37
12,2023,4,19,16,16.0,8.98,13.44,750.9,66.0,8.01,0.181,0.135,4.43
12,2023,4,19,20,15.6,8.94,13.35,738.9,66.5,8.05,0.166,0.126,4.37
12,2023,4,20,0,15.6,8.83,12.1,744.9,60.9,8.03,0.166,0.126,4.37
12,2023,4,20,4,15.4,8.73,10.45,747.0,61.9,7.95,0.162,0.131,4.42
12,2023,4,20,8,14.9,8.63,9.07,751.7,56.7,7.82,0.174,0.134,4.58
12,2023,4,20,12,14.7,8.69,9.34,754.6,58.1,7.86,0.194,0.139,4.36
12,2023,4,20,16,14.3,8.76,10.2,750.3,58.2,7.96,0.204,0.139,4.51
12,2023,4,20,20,13.9,8.64,9.53,756.2,51.4,7.97,0.238,0.128,4.65
12,2023,4,21,0,13.6,8.53,8.74,754.8,47.9,7.79,0.238,0.128,4.65
12,2023,4,21,4,13.4,8.43,7.99,755.3,47.6,7.55,0.294,0.134,4.74
12,2023,4,21,8,13.0,8.36,7.64,751.7,50.1,7.53,0.311,0.137,4.84
12,2023,4,21,12,14.4,8.57,9.56,755.6,51.0,7.51,0.303,0.141,4.71
12,2023,4,21,16,14.5,8.79,12.2,754.8,54.5,7.69,0.294,0.141,4.76
12,2023,4,21,20,13.5,8.75,11.5,752.9,49.7,7.86,0.295,0.135,4.68
12,2023,4,22,0,12.8,8.63,10.11,754.3,48.4,7.67,0.295,0.135,4.68
12,2023,4,22,4,12.7,8.49,9.06,755.8,45.4,7.5,0.329,0.121,4.73
12,2023,4,22,8,12.4,8.4,8.33,760.0,44.5,7.39,0.357,0.14,4.98
12,2023,4,22,12,13.1,8.5,9.15,762.1,50.4,7.39,0.388,0.144,5.0
12,2023,4,22,16,13.9,8.74,11.69,764.5,47.3,7.5,0.403,0.136,5.03
12,2023,4,22,20,13.0,8.89,13.64,759.3,43.6,7.81,0.398,0.133,5.47
12,2023,4,23,0,12.4,8.71,11.11,763.0,45.0,8.06,0.398,0.133,5.47
12,2023,4,23,4,12.0,8.62,10.11,764.5,41.5,7.47,0.462,0.123,5.5
12,2023,4,23,8,12.5,8.57,9.57,767.0,44.3,7.31,0.474,0.122,5.49
12,2023,4,23,12,13.4,8.75,11.53,770.1,58.5,7.31,0.479,0.139,5.71
12,2023,4,23,16,13.4,8.86,13.1,767.3,45.4,7.6,0.479,0.131,5.76
12,2023,4,23,20,12.8,8.83,12.67,764.4,41.8,7.63,0.524,0.12,5.86
12,2023,4,24,0,12.5,8.71,11.34,768.8,39.5,7.41,0.524,0.12,5.86
12,2023,4,24,4,12.1,8.62,10.46,761.6,44.3,7.22,0.542,0.127,5.85
12,2023,4,24,8,12.5,8.6,10.08,768.6,39.8,6.97,0.558,0.132,5.98
12,2023,4,24,12,13.9,8.77,11.97,768.6,40.7,7.08,0.519,0.129,5.65
12,2023,4,24,16,14.4,8.88,13.32,772.8,43.8,8.0,0.523,0.123,5.59
12,2023,4,24,20,13.6,8.81,12.56,764.9,52.3,8.02,0.539,0.124,5.84
12,2023,4,25,0,13.3,8.69,10.96,767.5,57.2,7.8,0.539,0.124,5.84
12,2023,4,25,4,13.1,8.6,10.09,766.5,50.6,7.54,0.537,0.131,5.8
12,2023,4,25,8,13.0,8.57,9.62,767.0,43.5,7.47,0.531,0.134,5.94
12,2023,4,25,12,14.4,8.76,10.86,766.3,46.1,8.2,0.515,0.143,5.81
12,2023,4,25,16,14.3,8.89,12.94,767.2,56.0,8.2,0.477,0.144,5.97
12,2023,4,25,20,13.5,8.84,11.92,764.8,54.2,8.48,0.48,0.14,5.91
12,2023,4,26,0,13.2,8.76,10.66,760.8,49.6,8.36,0.48,0.14,5.91
12,2023,4,26,4,12.5,8.68,9.89,756.4,47.6,8.15,0.442,0.141,5.78
12,2023,4,26,8,13.1,8.68,9.99,755.5,49.3,8.03,0.408,0.15,5.88
12,2023,4,26,12,13.9,8.81,11.36,757.3,53.0,8.1,0.391,0.15,5.89
12,2023,4,26,16,14.0,8.91,12.7,749.6,44.5,8.41,0.359,0.147,6.03
12,2023,4,26,20,13.6,8.9,12.9,749.9,45.9,8.4,0.324,0.146,5.83
12,2023,4,27,0,13.5,8.78,11.19,754.0,50.5,8.5,0.324,0.146,5.83
12,2023,4,27,12,13.7,8.77,10.62,752.1,61.9,8.15,0.373,0.161,6.1
12,2023,4,28,12,14.8,8.68,10.32,760.4,56.5,8.21,0.337,0.136,5.94
12,2023,4,28,16,14.9,8.78,11.78,766.1,54.9,7.9,0.334,0.133,6.06
12,2023,4,28,20,14.4,8.73,10.49,756.9,72.2,7.94,0.389,0.134,6.09
12,2023,4,29,0,14.4,8.58,9.36,758.5,97.4,7.94,0.389,0.134,6.09
12,2023,4,29,8,13.5,8.35,7.73,744.3,85.3,7.46,0.668,0.139,6.67
12,2023,4,29,12,14.8,8.4,8.46,759.4,100.3,7.74,0.897,0.146,6.55
12,2023,4,29,16,15.3,8.47,9.68,775.3,87.4,7.6,1.053,0.139,6.76
12,2023,4,29,20,14.9,8.47,10.09,781.9,72.3,7.38,1.195,0.127,6.9
12,2023,4,30,0,14.5,8.31,9.06,789.7,62.0,7.38,1.195,0.127,6.9
12,2023,4,30,4,14.0,8.15,8.12,800.3,54.7,7.09,1.383,0.134,7.12
12,2023,4,30,8,14.4,8.1,7.38,805.6,52.9,7.22,1.344,0.124,7.34
12,2023,4,30,12,15.8,8.29,8.81,822.3,46.3,7.65,1.299,0.135,6.96
12,2023,4,30,16,16.2,8.53,10.98,816.0,44.5,7.93,1.224,0.129,7.08
12,2023,4,30,20,15.8,8.53,11.03,819.4,48.7,7.93,1.134,0.123,7.04
12,2023,5,1,0,15.4,8.45,10.35,806.1,48.2,7.9,1.134,0.123,7.04
12,2023,5,1,4,14.9,8.34,9.12,799.9,50.1,7.58,1.062,0.134,7.0
12,2023,5,1,8,15.4,8.33,9.1,791.7,47.6,7.65,1.016,0.139,6.82
12,2023,5,1,12,16.4,8.54,10.42,787.7,54.1,7.9,0.882,0.131,6.92
12,2023,5,1,16,16.9,8.76,12.54,785.1,53.8,8.24,0.759,0.14,6.8
12,2023,5,1,20,16.5,8.66,11.45,780.2,56.1,8.26,0.643,0.13,6.65
12,2023,5,2,0,15.9,8.48,9.26,775.0,55.5,8.26,0.643,0.13,6.65
12,2023,5,2,4,15.6,8.36,7.99,774.5,51.1,8.04,0.578,0.14,6.6
12,2023,5,2,8,15.6,8.36,7.8,777.2,54.9,8.12,0.554,0.15,6.62
12,2023,5,2,12,16.6,8.66,10.44,774.4,52.6,8.36,0.466,0.148,6.49
12,2023,5,2,16,17.2,8.86,13.14,767.8,55.3,8.39,0.351,0.143,6.37
12,2023,5,2,20,16.9,8.76,13.44,751.8,53.9,8.44,0.257,0.137,6.17
12,2023,5,3,0,16.7,8.57,11.54,745.3,51.8,8.44,0.257,0.137,6.17
12,2023,5,3,4,16.6,8.42,9.82,745.7,52.7,8.3,0.165,0.141,6.22
12,2023,5,3,8,16.7,8.45,9.11,746.1,49.5,8.38,0.158,0.144,6.23
12,2023,5,3,12,17.6,8.76,11.04,753.8,48.8,8.5,0.136,0.143,6.06
12,2023,5,3,16,18.1,8.96,13.52,741.0,51.2,8.59,0.122,0.139,5.93
12,2023,5,3,20,17.4,8.88,12.23,727.2,54.1,8.62,0.121,0.129,5.92
12,2023,5,4,0,17.3,8.72,10.74,724.0,49.8,8.62,0.121,0.129,5.92
12,2023,5,4,4,17.3,8.58,8.77,725.3,44.8,8.33,0.118,0.131,5.79
12,2023,5,4,8,16.9,8.46,7.33,727.0,48.9,8.4,0.136,0.146,5.81
12,2023,5,4,12,17.0,8.62,8.4,728.3,39.5,8.42,0.127,0.155,5.62
12,2023,5,4,16,16.8,8.67,8.94,725.4,41.1,8.34,0.135,0.14,5.7
12,2023,5,4,20,16.6,8.53,7.81,726.8,39.0,8.23,0.154,0.132,5.54
12,2023,5,5,0,16.6,8.4,7.27,723.1,37.7,8.23,0.154,0.132,5.54
12,2023,5,5,4,16.4,8.19,6.27,717.4,42.4,8.03,0.171,0.136,5.57
12,2023,5,5,8,16.4,8.12,5.84,713.4,42.0,8.06,0.176,0.14,5.43
12,2023,5,5,12,16.4,8.4,7.36,708.9,44.4,8.34,0.167,0.144,5.31
12,2023,5,5,16,16.4,8.66,8.89,702.6,43.8,8.46,0.147,0.139,5.38
12,2023,5,5,20,16.1,8.62,8.43,703.4,41.3,8.39,0.142,0.136,5.26
12,2023,5,6,0,15.6,8.52,7.88,703.2,42.8,8.39,0.142,0.136,5.26
12,2023,5,6,4,15.1,8.43,7.21,703.4,42.4,8.28,0.148,0.153,5.1
12,2023,5,6,8,15.2,8.46,7.09,703.0,42.1,8.38,0.143,0.155,5.24
12,2023,5,6,12,16.1,8.84,10.65,707.6,49.0,8.67,0.131,0.169,5.49
12,2023,5,6,16,16.6,9.09,13.54,701.6,51.5,8.69,0.136,0.173,5.31
12,2023,5,6,20,16.0,8.99,12.21,701.6,64.1,8.54,0.135,0.148,5.15
12,2023,5,7,0,15.7,8.83,10.7,700.9,58.6,8.54,0.135,0.148,5.15
12,2023,5,7,4,15.0,8.69,9.35,699.8,52.1,8.26,0.146,0.147,5.14
12,2023,5,7,8,15.6,8.65,9.37,703.8,55.4,8.42,0.137,0.14,5.08
12,2023,5,7,12,16.6,8.93,11.26,709.9,52.3,8.54,0.134,0.144,4.94
12,2023,5,7,16,17.2,9.07,13.58,710.4,53.5,8.6,0.142,0.143,5.03
12,2023,5,7,20,16.3,8.98,13.05,701.0,60.6,8.52,0.134,0.136,4.85
12,2023,5,8,0,15.9,8.84,11.68,696.9,54.2,8.52,0.134,0.136,4.85
12,2023,5,8,4,15.8,8.71,10.22,696.1,56.2,8.41,0.125,0.136,4.91
12,2023,5,8,8,16.1,8.71,9.7,694.0,52.9,8.51,0.13,0.134,5.02
12,2023,5,8,12,18.1,9.08,13.75,697.7,47.8,8.56,0.125,0.14,4.88
12,2023,5,8,16,18.2,9.15,16.07,685.6,62.0,8.63,0.141,0.134,4.95
12,2023,5,8,20,17.0,9.1,15.57,673.8,59.0,8.44,0.126,0.114,4.7
12,2023,5,9,0,16.9,8.93,13.23,680.6,56.7,8.44,0.126,0.114,4.7
12,2023,5,9,4,16.3,8.76,10.45,683.7,47.2,8.24,0.116,0.125,4.67
12,2023,5,9,8,16.6,8.72,9.68,688.6,48.5,8.39,0.119,0.127,4.71
12,2023,5,9,12,17.5,8.86,10.08,696.9,46.5,8.73,0.167,0.126,4.49
12,2023,5,9,16,17.8,9.07,12.25,693.8,45.1,8.83,0.151,0.121,4.52
12,2023,5,10,16,18.4,9.22,14.03,679.2,46.9,8.84,0.131,0.126,4.03
12,2023,5,10,20,17.7,9.18,13.85,671.5,51.0,9.06,0.139,0.14,4.7
12,2023,5,11,0,17.4,9.03,11.94,673.4,47.0,8.9,0.127,0.117,3.99
12,2023,5,11,4,17.2,8.88,10.11,678.2,42.8,8.9,0.127,0.117,3.99
12,2023,5,11,8,17.4,8.81,8.95,683.8,47.5,8.7,0.141,0.124,4.05
12,2023,5,11,12,18.0,8.92,9.62,680.0,52.1,8.88,0.157,0.139,4.08
12,2023,5,11,16,18.0,9.05,10.57,681.7,49.5,8.9,0.146,0.134,4.09
12,2023,5,11,20,17.4,9.04,10.55,677.9,50.9,8.99,0.135,0.134,3.96
12,2023,5,12,0,17.1,8.92,9.46,680.8,46.9,8.92,0.135,0.129,3.74
12,2023,5,12,4,16.8,8.71,7.98,684.5,50.1,8.92,0.155,0.129,3.74
12,2023,5,12,8,16.9,8.56,7.0,686.0,48.1,8.8,0.175,0.134,3.86
12,2023,5,12,12,17.9,8.76,8.55,687.5,51.3,8.79,0.159,0.138,3.88
12,2023,5,12,16,17.6,8.98,10.45,683.9,55.6,8.75,0.158,0.131,3.79
12,2023,5,12,20,17.2,8.92,9.97,683.2,54.9,8.77,0.151,0.125,3.86
12,2023,5,13,0,16.8,8.75,8.44,688.2,52.9,8.83,0.151,0.124,3.69
12,2023,5,13,4,16.6,8.54,7.3,688.6,57.8,8.83,0.181,0.124,3.69
12,2023,5,13,8,16.9,8.44,6.74,691.1,63.2,8.65,0.212,0.121,3.9
12,2023,5,13,12,18.7,8.79,9.48,698.7,61.5,8.27,0.18,0.137,4.04
12,2023,5,13,16,18.9,9.01,11.32,690.5,67.8,8.87,0.171,0.135,4.1
12,2023,5,13,20,17.9,8.86,11.12,690.3,79.8,8.94,0.168,0.125,4.15
12,2023,5,14,0,17.4,8.6,8.32,695.6,66.6,8.76,0.168,0.122,4.1
12,2023,5,14,4,17.0,8.34,6.64,703.7,65.8,8.76,0.226,0.122,4.1
12,2023,5,14,8,17.1,8.25,6.04,701.7,72.1,8.64,0.25,0.129,4.58
12,2023,5,14,12,18.4,8.46,7.24,711.1,75.0,8.76,0.258,0.135,4.36
12,2023,5,14,16,19.0,8.73,9.32,711.7,79.2,8.78,0.231,0.13,4.61
12,2023,5,14,20,18.4,8.68,9.52,708.6,72.9,8.72,0.201,0.122,4.52
12,2023,5,15,0,18.0,8.47,8.05,711.2,69.9,8.63,0.201,0.11,4.46
12,2023,5,15,4,17.6,8.23,6.17,717.0,69.5,8.63,0.31,0.11,4.46
12,2023,5,15,8,17.9,8.1,5.45,726.2,74.1,8.44,0.406,0.125,4.6
12,2023,5,15,12,19.4,8.4,7.95,734.2,78.1,8.42,0.362,0.125,4.88
12,2023,5,15,16,19.9,8.62,9.93,731.0,79.2,8.52,0.306,0.127,4.67
12,2023,5,15,20,19.4,8.52,9.77,725.8,77.7,8.57,0.26,0.113,4.91
12,2023,5,16,0,19.1,8.29,7.82,730.4,68.7,8.43,0.26,0.11,4.6
12,2023,5,16,4,18.5,8.05,5.3,734.3,67.8,8.43,0.344,0.11,4.6
12,2023,5,16,8,18.6,7.99,5.2,737.5,74.2,8.23,0.399,0.12,4.66
12,2023,5,16,12,19.5,8.11,6.13,735.9,63.1,8.33,0.357,0.125,4.7
12,2023,5,17,12,19.7,8.05,5.38,742.1,72.2,7.88,0.368,0.119,4.48
12,2023,5,17,16,19.4,8.25,6.86,740.6,80.7,8.32,0.335,0.119,4.51
12,2023,5,17,20,18.5,8.26,6.37,734.8,95.3,8.21,0.305,0.114,4.43
12,2023,5,18,0,18.0,8.18,5.89,734.8,76.8,8.25,0.285,0.124,4.55
12,2023,5,18,4,17.5,8.05,4.78,734.2,79.2,8.25,0.285,0.124,4.55
12,2023,5,18,8,18.1,8.0,4.44,731.2,84.0,7.81,0.3,0.124,4.55
12,2023,5,18,8,18.1,8.0,4.44,731.2,84.0,7.81,0.315,0.124,4.55
12,2023,5,18,12,19.5,8.21,6.49,739.6,82.7,8.4,0.308,0.141,4.95
12,2023,5,18,16,19.4,8.38,7.48,736.9,85.0,8.38,0.288,0.132,4.9
12,2023,5,18,20,18.4,8.42,7.3,736.1,102.7,8.43,0.271,0.128,4.83
12,2023,5,19,0,18.2,8.32,6.27,736.7,83.7,8.43,0.271,0.128,4.83
12,2023,5,19,4,17.6,8.16,5.18,737.4,86.2,7.84,0.275,0.132,4.71
12,2023,5,19,8,17.4,8.08,4.6,733.6,84.9,7.73,0.297,0.139,4.95
12,2023,5,19,12,17.4,8.1,5.18,730.9,93.6,7.87,0.308,0.137,4.89
12,2023,5,19,16,17.4,8.1,5.44,728.6,97.3,7.73,0.322,0.134,4.96
12,2023,5,19,20,17.2,8.06,5.08,729.9,95.2,7.51,0.33,0.124,4.84
12,2023,5,20,0,17.0,7.98,4.43,730.5,88.5,7.51,0.33,0.124,4.84
12,2023,5,20,4,16.7,7.93,4.06,736.2,90.1,7.09,0.403,0.131,4.96
12,2023,5,20,8,16.7,7.94,4.24,736.2,89.3,7.09,0.424,0.124,5.02
12,2023,5,20,12,17.0,8.05,5.47,742.3,88.3,7.34,0.396,0.121,4.82
12,2023,5,20,16,16.7,8.1,6.13,738.5,128.0,7.58,0.443,0.137,5.12
12,2023,5,20,20,16.4,8.07,5.87,742.5,127.9,7.47,0.494,0.129,5.47
12,2023,5,21,0,16.1,8.03,5.51,747.2,101.0,7.47,0.494,0.129,5.47
12,2023,5,21,4,15.5,7.96,5.22,752.1,97.8,6.9,0.495,0.138,5.21
12,2023,5,21,8,15.9,7.94,4.91,758.4,84.6,6.93,0.49,0.117,5.19
12,2023,5,21,12,16.9,8.04,5.83,769.2,85.2,7.04,0.436,0.13,5.3
12,2023,5,21,16,17.9,8.21,7.25,774.7,82.1,7.23,0.376,0.13,5.2
12,2023,5,21,20,16.9,8.19,6.92,770.7,77.9,7.03,0.384,0.116,5.16
12,2023,5,22,0,16.6,8.12,6.79,767.9,77.0,7.03,0.384,0.116,5.16
12,2023,5,22,4,16.2,8.04,6.06,766.1,83.9,6.56,0.41,0.129,5.17
12,2023,5,22,8,16.7,7.99,5.58,759.9,83.1,6.75,0.427,0.107,5.14
12,2023,5,22,12,18.5,8.15,6.87,771.3,82.9,7.2,0.363,0.12,5.13
12,2023,5,22,16,19.5,8.41,8.48,775.6,84.6,7.26,0.283,0.113,4.99
12,2023,5,22,20,18.4,8.42,8.53,769.7,87.5,7.26,0.279,0.114,5.01
12,2023,5,23,0,17.4,8.22,6.84,767.8,84.5,7.26,0.279,0.114,5.01
12,2023,5,23,4,16.9,8.12,6.0,766.7,78.1,6.58,0.291,0.103,4.86
12,2023,5,23,8,17.5,8.07,5.43,766.1,88.3,6.99,0.29,0.106,4.69
12,2023,5,24,16,19.2,8.27,6.9,761.8,90.8,7.99,0.22,0.133,4.26
12,2023,5,25,12,18.5,8.12,5.76,739.9,99.2,7.82,0.221,0.14,3.99
12,2023,5,25,16,18.3,8.27,6.82,737.9,85.4,7.99,0.203,0.137,4.01
12,2023,5,25,20,17.9,8.34,7.3,739.6,97.8,7.99,0.21,0.129,3.84
12,2023,5,26,0,17.8,8.25,6.85,737.4,93.1,7.98,0.21,0.129,3.84
12,2023,5,26,4,17.4,8.14,5.74,737.2,95.2,7.75,0.211,0.124,3.73
12,2023,5,26,8,17.9,8.08,5.38,739.0,99.7,7.47,0.213,0.136,3.92
12,2023,5,26,12,19.0,8.16,6.02,745.6,99.9,7.85,0.211,0.138,4.08
12,2023,5,26,16,19.5,8.49,8.36,741.4,100.7,8.04,0.198,0.132,3.81
12,2023,5,26,20,19.0,8.42,8.08,736.9,106.7,8.03,0.193,0.13,3.75
12,2023,5,27,0,18.4,8.26,6.36,736.5,94.6,7.7,0.2,0.124,3.82
12,2023,5,27,4,18.2,8.14,5.67,731.9,94.0,7.48,0.202,0.132,3.8
12,2023,5,27,8,17.9,8.01,4.88,734.8,113.0,7.6,0.241,0.137,3.93
12,2023,5,27,12,18.6,8.05,5.16,730.0,118.4,7.6,0.231,0.144,4.11
12,2023,5,27,16,19.1,8.21,6.91,727.9,106.5,7.73,0.21,0.144,3.99
12,2023,5,27,20,18.7,8.22,6.57,727.8,107.1,7.65,0.219,0.125,3.86
12,2023,5,28,0,18.4,8.04,5.32,725.4,98.8,7.34,0.229,0.147,4.06
12,2023,5,28,4,18.1,7.92,4.86,731.5,95.0,7.06,0.232,0.14,3.88
12,2023,5,28,8,18.6,7.9,4.51,733.5,90.2,7.13,0.236,0.13,3.99
12,2023,5,28,12,20.0,8.2,6.52,744.6,82.1,7.38,0.188,0.149,3.99
12,2023,5,28,16,20.6,8.44,8.54,743.7,84.0,7.67,0.182,0.134,3.98
12,2023,5,28,20,19.5,8.39,7.79,736.3,84.3,7.65,0.181,0.127,3.89
12,2023,5,29,0,19.4,8.22,7.02,734.9,68.9,6.94,0.174,0.124,3.92
12,2023,5,29,4,18.8,8.05,5.2,735.0,79.3,6.78,0.185,0.13,3.94
12,2023,5,29,12,20.3,8.08,5.68,737.7,87.6,7.21,0.226,0.141,4.22
12,2023,5,29,16,20.6,8.28,6.74,740.1,88.4,7.4,0.22,0.128,3.97
12,2023,5,29,20,20.2,8.33,7.0,736.3,92.9,7.31,0.217,0.135,3.97
12,2023,5,30,0,19.8,8.17,6.12,731.9,81.6,7.07,0.21,0.134,3.93
12,2023,5,30,4,19.5,8.01,5.01,728.7,75.6,6.85,0.215,0.138,3.94
12,2023,5,30,8,19.5,7.92,4.12,730.8,77.2,6.79,0.231,0.13,4.06
12,2023,5,30,12,19.6,7.93,4.65,729.8,73.7,6.79,0.231,0.13,4.06
12,2023,5,30,12,19.6,7.93,4.65,729.8,73.7,6.89,0.227,0.133,4.1
12,2023,5,30,16,19.5,8.12,5.61,727.9,64.0,6.89,0.227,0.133,4.1
12,2023,5,30,16,19.5,8.12,5.61,727.9,64.0,7.06,0.196,0.141,4.07
12,2023,5,30,20,19.2,7.98,4.91,724.6,73.8,7.06,0.196,0.141,4.07
12,2023,5,30,20,19.2,7.98,4.91,724.6,73.8,6.62,0.239,0.13,4.02
12,2023,5,31,0,19.0,7.88,4.29,723.4,67.0,6.62,0.239,0.13,4.02
12,2023,5,31,0,19.0,7.88,4.29,723.4,67.0,6.62,0.239,0.13,4.02
12,2023,5,31,4,18.6,7.82,3.88,723.0,69.0,6.62,0.239,0.13,4.02
12,2023,5,31,4,18.6,7.82,3.88,723.0,69.0,6.42,0.289,0.137,4.05
12,2023,5,31,8,18.8,7.79,3.64,722.3,56.7,6.42,0.289,0.137,4.05
12,2023,5,31,8,18.8,7.79,3.64,722.3,56.7,6.45,0.291,0.124,4.1
12,2023,5,31,12,19.0,7.86,4.19,726.8,65.5,6.45,0.291,0.124,4.1
12,2023,5,31,12,19.0,7.86,4.19,726.8,65.5,6.64,0.285,0.134,4.15
12,2023,5,31,16,19.0,7.99,4.95,727.2,65.1,6.64,0.285,0.134,4.15
12,2023,5,31,16,19.0,7.99,4.95,727.2,65.1,6.74,0.257,0.132,4.15
12,2023,5,31,20,18.9,8.13,6.38,730.4,64.3,6.74,0.257,0.132,4.15
12,2023,5,31,20,18.9,8.13,6.38,730.4,64.3,6.85,0.227,0.134,4.08
12,2023,6,1,0,18.6,8.03,5.71,726.0,63.0,6.85,0.227,0.134,4.08
12,2023,6,1,0,18.6,8.03,5.71,726.0,63.0,6.85,0.227,0.134,4.08
12,2023,6,1,4,18.2,7.93,4.87,725.2,67.5,6.85,0.227,0.134,4.08
12,2023,6,1,4,18.2,7.93,4.87,725.2,67.5,6.54,0.257,0.14,4.13
12,2023,6,1,8,18.6,7.91,4.69,726.1,57.2,6.54,0.257,0.14,4.13
12,2023,6,1,8,18.6,7.91,4.69,726.1,57.2,6.64,0.252,0.122,4.3
12,2023,6,1,12,20.3,8.24,7.31,736.8,55.0,6.64,0.252,0.122,4.3
12,2023,6,1,12,20.3,8.24,7.31,736.8,55.0,7.11,0.166,0.129,4.23
12,2023,6,1,16,20.2,8.46,8.46,738.2,55.0,7.11,0.166,0.129,4.23
12,2023,6,1,16,20.2,8.46,8.46,738.2,55.0,7.54,0.168,0.129,4.16
12,2023,6,2,12,19.9,8.34,7.28,737.9,45.2,7.54,0.16,0.132,4.23
