point_id,year,month,day,hour,水温(℃),pH(无量纲),溶解氧(mg/L),电导率(μS/cm),浊度(NTU),高锰酸盐指数(mg/L),氨氮(mg/L),总磷(mg/L),总氮(mg/L)
6,2021,6,17,12,26.4,7.87,14.54,596.7,6.9,3.09,0.032,0.047,4.33
6,2021,6,17,12,26.4,7.87,14.54,596.7,6.9,3.09,0.032,0.047,4.33
6,2021,6,17,16,26.4,7.87,14.54,596.7,9.5,2.59,0.032,0.046,4.69
6,2021,6,17,16,26.4,7.87,14.54,596.7,9.5,3.22,0.025,0.05,4.97
6,2021,6,17,20,27.8,7.95,13.6,614.7,6.8,3.23,0.025,0.046,5.06
6,2021,6,18,0,25.2,7.28,6.38,623.1,2.7,3.23,0.025,0.046,5.06
6,2021,6,18,4,24.3,7.13,4.24,613.8,3.4,3.03,0.054,0.038,5.09
6,2021,6,18,4,24.3,7.13,4.24,613.8,3.4,2.83,0.054,0.041,4.91
6,2021,6,18,8,24.0,7.17,5.17,620.6,3.3,2.99,0.055,0.04,4.65
6,2021,6,18,12,25.4,7.72,12.5,618.3,5.6,3.28,0.028,0.04,4.99
6,2021,6,18,16,27.9,8.43,20.39,605.1,25.0,3.28,0.028,0.04,4.99
6,2021,6,18,16,27.9,8.43,20.39,605.1,25.0,2.77,0.028,0.045,5.36
6,2021,6,18,20,27.8,8.15,15.62,615.1,7.0,3.25,0.025,0.046,5.63
6,2021,6,19,0,24.7,7.3,6.72,617.0,2.6,3.25,0.025,0.046,5.63
6,2021,6,19,4,23.7,7.14,4.53,607.4,2.8,2.73,0.051,0.039,5.15
6,2021,6,19,4,23.7,7.14,4.53,607.4,2.8,2.83,0.051,0.043,4.52
6,2021,6,19,8,23.7,7.21,6.18,611.7,2.7,2.59,0.034,0.04,4.58
6,2021,6,19,12,26.4,8.0,16.09,590.7,9.8,2.62,0.025,0.04,4.58
6,2021,6,19,16,28.6,8.5,21.31,583.6,18.8,3.12,0.025,0.047,5.18
6,2021,6,19,20,28.0,8.18,15.77,618.5,7.9,3.01,0.025,0.047,5.44
6,2021,6,20,0,24.8,7.31,6.67,645.4,3.0,3.01,0.025,0.047,5.44
6,2021,6,20,0,24.8,7.31,6.67,645.4,3.0,3.01,0.025,0.047,5.44
6,2021,6,20,8,24.0,7.25,6.56,648.0,3.8,2.72,0.027,0.036,4.77
6,2021,6,20,12,24.0,7.25,6.56,648.0,3.8,2.55,0.025,0.038,5.08
6,2021,6,20,16,28.8,8.55,22.41,628.9,14.1,2.55,0.025,0.038,5.08
6,2021,7,3,8,22.3,7.19,6.66,380.0,14.8,5.58,1.788,0.218,4.52
6,2021,7,3,12,28.3,7.41,7.34,558.8,16.2,5.58,0.977,0.218,4.52
6,2021,7,3,16,30.3,7.44,6.96,499.9,6.7,4.01,0.977,0.218,4.52
6,2021,7,3,16,30.3,7.44,6.96,499.9,6.7,3.6,0.977,0.218,4.9
6,2021,7,3,20,30.3,7.22,6.96,499.9,7.8,3.51,0.977,0.108,4.56
6,2021,7,4,0,25.4,7.1,4.46,517.7,11.0,3.51,0.977,0.108,4.56
6,2021,7,4,4,24.9,7.07,4.03,501.5,4.7,3.51,0.977,0.108,4.56
6,2021,7,4,4,24.9,7.07,4.03,501.5,4.7,3.03,0.878,0.101,2.93
6,2021,7,4,8,25.1,7.09,4.87,472.2,4.7,3.1,0.605,0.084,3.76
6,2021,7,4,12,27.6,7.22,6.86,479.6,5.4,3.1,0.35,0.084,3.35
6,2021,7,4,16,30.1,7.36,8.1,483.2,2.9,2.83,0.35,0.084,3.35
6,2021,7,4,16,30.1,7.36,8.1,483.2,2.9,2.67,0.246,0.067,3.52
6,2021,7,4,20,29.8,7.3,6.95,471.3,6.6,2.82,0.346,0.093,4.13
6,2021,7,5,0,27.1,7.14,5.21,488.7,4.8,2.82,0.346,0.093,4.13
6,2021,7,5,4,26.4,7.09,4.46,500.7,3.5,2.82,0.346,0.093,4.13
6,2021,7,5,8,26.2,7.11,5.06,510.9,3.7,2.72,0.212,0.077,3.55
6,2021,7,5,8,26.2,7.11,5.06,510.9,3.7,2.7,0.181,0.074,4.17
6,2021,7,5,12,27.5,7.26,7.87,521.4,2.9,2.58,0.181,0.077,4.06
6,2021,7,5,16,28.3,7.44,9.1,520.0,2.8,2.58,0.181,0.076,4.06
6,2021,7,5,20,27.8,7.35,7.86,521.7,2.8,2.21,0.181,0.076,4.46
6,2021,7,5,20,27.8,7.35,7.86,521.7,2.8,2.61,0.092,0.077,4.26
6,2021,7,6,0,26.6,7.23,5.72,513.2,4.2,2.61,0.092,0.077,4.26
6,2021,7,6,4,25.2,7.11,4.86,460.3,8.9,2.61,0.623,0.105,3.62
6,2021,7,6,8,23.1,7.54,6.19,378.8,30.4,4.65,0.623,0.105,3.62
6,2021,7,6,8,23.1,7.54,6.19,378.8,30.4,6.25,1.578,0.178,6.01
6,2021,7,6,12,28.1,7.43,6.52,495.6,7.4,3.9,0.706,0.107,5.21
6,2021,7,6,16,30.8,7.54,7.09,497.3,4.8,3.33,0.174,0.077,4.19
6,2021,7,7,8,26.2,7.1,4.93,515.5,4.7,2.92,0.289,0.076,4.02
6,2021,7,7,12,28.1,7.25,7.78,519.4,4.3,2.67,0.289,0.07,4.58
6,2021,7,7,12,28.1,7.25,7.78,519.4,4.3,2.51,0.289,0.07,4.43
6,2021,7,26,12,27.0,7.25,6.66,641.0,3.2,2.22,0.099,0.051,4.86
6,2021,7,26,16,27.6,7.5,10.33,641.6,3.6,1.59,0.065,0.047,5.55
6,2021,7,26,20,27.7,7.52,10.17,645.4,3.1,1.59,0.091,0.047,5.55
6,2021,7,27,0,27.1,7.23,5.65,634.3,2.5,2.44,0.091,0.051,5.71
6,2021,7,27,0,27.1,7.23,5.65,634.3,2.5,2.44,0.091,0.051,5.71
6,2021,7,27,4,24.6,7.15,5.22,555.0,18.5,2.44,1.88,0.051,5.71
6,2021,7,27,12,26.2,7.3,5.86,542.8,5.9,9.5,2.018,0.181,5.61
6,2021,7,27,12,26.2,7.3,5.86,542.8,5.9,9.5,2.018,0.181,5.61
6,2021,7,27,12,26.2,7.3,5.86,542.8,5.9,3.67,0.596,0.076,5.43
6,2021,7,27,16,27.7,7.42,6.44,599.3,4.2,3.25,0.294,0.076,5.43
6,2021,7,27,20,25.3,7.25,5.34,340.9,41.1,7.83,0.294,0.216,5.91
6,2021,7,28,0,23.6,7.2,4.38,616.9,8.7,7.83,0.294,0.216,5.91
6,2021,7,28,0,23.6,7.2,4.38,616.9,8.7,7.83,1.01,0.216,5.91
6,2021,7,28,4,23.6,7.19,3.58,616.9,8.7,3.27,0.329,0.074,4.15
6,2021,7,28,8,25.9,7.17,3.36,577.6,5.2,3.14,0.392,0.07,4.73
6,2021,7,28,12,26.9,7.32,6.18,569.7,3.4,3.14,0.336,0.07,4.73
6,2021,7,28,12,26.9,7.32,6.18,569.7,3.4,2.81,0.336,0.07,4.73
6,2021,7,28,16,27.4,7.45,8.25,587.1,2.7,2.7,0.369,0.062,5.37
6,2021,7,28,20,27.0,7.37,7.38,588.9,2.7,2.54,0.318,0.061,5.14
6,2021,7,29,0,26.4,7.18,4.49,584.0,3.1,2.54,0.318,0.061,5.14
6,2021,7,29,4,26.0,7.14,3.96,583.9,4.3,2.54,0.318,0.061,5.14
6,2021,7,29,4,26.0,7.14,3.96,583.9,4.3,2.73,0.348,0.071,4.63
6,2021,7,29,8,25.9,7.15,4.33,585.9,6.1,2.73,0.376,0.065,5.19
6,2021,7,29,12,26.0,7.24,6.1,583.8,3.1,2.33,0.376,0.056,5.55
6,2021,7,29,16,26.2,7.3,6.13,564.4,8.2,2.33,0.376,0.056,5.55
6,2021,7,29,16,26.2,7.3,6.13,564.4,8.2,3.81,0.464,0.074,5.39
6,2021,7,29,20,25.9,7.23,4.68,544.4,4.6,2.87,0.211,0.057,4.02
6,2021,7,30,0,25.7,7.24,4.49,571.8,3.2,2.87,0.211,0.057,4.02
6,2021,7,30,4,25.2,7.26,4.8,650.3,2.8,2.87,0.211,0.057,4.02
6,2021,7,30,4,25.2,7.26,4.8,650.3,2.8,2.3,0.303,0.064,5.37
6,2021,7,30,8,25.1,7.29,5.41,652.5,3.1,2.56,0.326,0.065,5.99
6,2021,7,30,12,28.6,7.87,11.61,670.6,6.5,2.56,0.076,0.068,5.99
6,2021,7,30,16,30.5,7.91,11.46,672.3,5.4,2.33,0.076,0.068,6.23
6,2021,8,6,8,26.2,7.29,6.22,599.2,30.0,2.02,0.082,0.049,5.3
6,2021,8,6,8,26.2,7.29,6.22,599.2,30.0,2.04,0.091,0.099,6.07
6,2021,9,23,12,23.5,7.76,9.17,428.8,3.5,1.61,0.138,0.038,3.71
6,2021,9,23,16,25.0,8.05,10.82,415.5,3.4,1.55,0.137,0.005,3.48
6,2021,9,23,20,24.2,7.61,7.78,411.6,4.0,1.48,0.117,0.03,3.54
6,2021,9,24,0,23.7,7.48,6.97,406.7,3.2,1.48,0.117,0.03,3.54
6,2021,9,24,4,23.7,7.46,5.44,394.9,6.5,2.11,0.327,0.043,3.47
6,2021,10,28,12,17.3,7.56,9.64,521.3,3.2,1.2,0.067,0.039,4.98
6,2021,10,28,16,17.8,7.72,11.02,522.6,2.3,1.15,0.117,0.038,5.47
6,2021,10,28,20,17.6,7.64,10.21,523.6,3.5,1.2,0.198,0.042,5.26
6,2021,10,29,0,17.2,7.46,8.6,518.9,3.6,1.2,0.198,0.042,5.26
6,2021,10,29,4,17.0,7.47,8.63,512.1,3.1,1.32,0.116,0.037,4.88
6,2021,10,29,8,16.9,7.5,8.86,508.0,3.4,1.46,0.066,0.034,4.88
6,2021,10,29,12,17.4,7.59,9.74,508.6,3.1,1.3,0.058,0.034,5.0
6,2021,11,5,8,16.9,7.48,8.57,514.9,2.7,2.14,0.067,0.035,4.57
6,2021,11,5,12,16.9,7.5,8.86,509.6,2.3,2.08,0.058,0.032,4.44
6,2021,11,5,16,17.2,7.6,9.88,504.4,2.3,1.95,0.055,0.032,4.44
6,2021,11,5,20,17.0,7.6,9.77,507.8,2.8,1.98,0.058,0.034,4.49
6,2021,11,6,0,17.0,7.47,8.56,513.2,3.2,1.98,0.058,0.034,4.49
6,2021,11,6,4,17.0,7.45,8.41,526.3,4.2,2.35,0.125,0.04,4.78
6,2021,11,6,8,17.0,7.45,8.31,543.7,5.6,2.65,0.15,0.041,4.81
6,2021,11,6,12,16.9,7.47,8.61,550.2,2.8,2.13,0.074,0.036,4.66
6,2021,11,6,16,16.4,7.48,8.88,567.0,4.1,2.24,0.129,0.038,4.94
6,2021,11,6,20,14.9,7.46,8.9,585.6,5.7,2.57,0.136,0.04,5.09
6,2021,11,7,0,13.9,7.44,8.78,614.0,9.1,2.57,0.136,0.04,5.09
6,2021,11,7,4,13.5,7.43,9.0,619.8,9.5,3.9,0.164,0.052,5.57
6,2021,11,7,8,13.5,7.43,9.0,619.8,9.5,2.82,0.164,0.052,5.65
6,2021,11,7,12,13.2,7.42,8.99,633.4,6.5,2.82,0.358,0.052,5.65
6,2021,11,7,16,13.4,7.47,9.64,685.8,7.1,3.16,0.219,0.075,5.91
6,2021,11,7,20,12.8,7.48,9.51,669.1,6.9,4.35,0.169,0.057,5.29
6,2021,11,8,0,12.3,7.44,9.09,607.4,5.4,3.52,0.169,0.057,5.29
6,2021,11,8,4,12.2,7.43,9.11,633.5,5.3,3.52,0.179,0.051,4.8
6,2021,11,8,8,12.0,7.46,9.49,631.6,4.8,2.83,0.131,0.039,4.74
6,2021,11,8,12,12.4,7.52,10.1,616.2,2.8,2.56,0.099,0.037,4.69
6,2021,11,8,16,12.5,7.65,11.32,626.8,2.8,2.6,0.102,0.038,4.65
6,2021,11,8,20,12.0,7.49,10.44,651.1,3.7,2.12,0.081,0.038,4.65
6,2021,11,9,0,11.6,7.47,9.75,651.8,2.8,2.32,0.081,0.038,4.76
6,2021,11,9,4,11.5,7.49,9.73,660.7,5.0,2.06,0.085,0.04,5.37
6,2021,11,9,8,11.4,7.51,9.85,653.6,2.9,1.1,0.08,0.036,5.45
6,2021,11,9,12,12.0,7.57,10.39,638.9,3.2,1.06,0.049,0.034,5.55
6,2021,11,9,16,12.6,7.71,11.08,630.5,2.8,1.86,0.051,0.034,5.48
6,2021,11,10,0,12.1,7.51,9.84,641.1,2.6,1.63,0.063,0.036,5.34
6,2021,11,10,4,12.1,7.48,9.65,640.1,2.9,2.02,0.065,0.04,5.32
6,2021,11,10,8,12.2,7.47,9.69,633.1,2.7,2.1,0.067,0.039,5.38
6,2021,11,10,12,12.8,7.54,10.13,626.9,1.7,2.06,0.042,0.038,5.32
6,2021,11,10,16,13.0,7.62,10.82,624.0,1.7,1.89,0.029,0.036,5.48
6,2021,11,10,20,13.3,7.65,10.83,616.2,2.2,2.24,0.039,0.037,5.48
6,2021,11,11,0,12.7,7.49,9.75,617.4,2.0,2.13,0.039,0.037,5.48
6,2021,11,11,4,12.6,7.46,9.76,617.9,2.4,2.13,0.05,0.037,5.47
6,2021,11,11,12,13.0,7.52,10.16,616.9,1.7,2.29,0.038,0.036,5.71
6,2021,11,11,16,13.5,7.64,10.89,609.9,1.7,2.01,0.025,0.038,5.79
6,2021,11,11,20,13.4,7.62,10.64,612.6,2.1,2.03,0.031,0.039,5.97
6,2021,11,12,0,12.8,7.47,9.52,616.4,2.0,2.06,0.031,0.039,5.97
6,2021,11,12,4,12.7,7.45,9.43,618.5,1.9,2.12,0.046,0.04,5.6
6,2021,11,26,12,12.7,7.1,9.17,635.1,2.7,2.65,0.207,0.134,5.85
6,2021,11,26,16,13.0,7.41,10.19,627.2,2.1,2.32,0.025,0.12,5.68
6,2021,11,26,20,13.1,7.52,11.46,632.6,1.9,2.42,0.076,0.122,5.7
6,2021,11,27,0,13.0,7.48,10.98,640.9,2.2,2.42,0.076,0.122,5.7
6,2021,11,27,4,12.5,7.33,8.86,655.9,2.8,2.99,0.343,0.154,5.98
6,2021,11,27,8,12.3,7.3,8.45,659.9,2.9,3.0,0.206,0.136,5.55
6,2021,11,27,12,12.6,7.36,9.56,649.5,3.1,2.47,0.054,0.128,5.57
6,2021,11,27,16,13.0,7.42,10.48,639.4,2.9,2.39,0.025,0.119,5.66
6,2021,11,27,20,13.0,7.53,12.1,637.6,2.7,2.44,0.025,0.116,5.61
6,2021,11,28,0,12.9,7.48,11.01,634.6,2.9,2.44,0.025,0.116,5.61
6,2021,11,28,4,12.5,7.33,8.69,630.7,2.7,2.87,0.384,0.14,5.66
6,2021,11,28,8,12.5,7.29,8.32,626.8,2.7,2.78,0.247,0.129,5.33
6,2021,11,28,12,12.9,7.34,9.49,625.7,2.5,2.64,0.055,0.116,5.33
6,2021,11,28,16,13.3,7.41,10.45,626.4,2.6,2.28,0.025,0.114,5.48
6,2021,11,28,20,13.1,7.51,11.7,633.4,2.7,2.34,0.05,0.121,5.78
6,2021,11,29,0,13.0,7.49,11.21,643.3,2.2,2.34,0.05,0.121,5.78
6,2021,11,29,4,12.7,7.34,8.94,649.0,2.8,3.0,0.331,0.144,6.2
6,2021,11,29,8,12.5,7.3,8.42,646.4,2.6,3.09,0.41,0.145,6.0
6,2021,11,29,12,12.6,7.34,9.04,639.2,2.5,2.33,0.065,0.119,5.97
6,2021,11,30,8,11.5,7.31,8.62,640.6,2.6,2.93,0.241,0.168,5.41
6,2021,11,30,12,11.5,7.39,9.96,632.1,2.0,2.37,0.241,0.168,5.41
6,2021,11,30,16,11.8,7.47,10.48,622.6,2.0,2.45,0.046,0.128,5.49
6,2021,11,30,20,11.7,7.56,11.57,623.2,1.5,2.61,0.07,0.133,5.44
6,2021,11,30,20,11.7,7.56,11.57,623.2,1.5,2.61,0.07,0.133,5.44
6,2021,12,1,4,11.3,7.39,9.46,631.2,2.6,2.93,0.339,0.151,5.74
6,2021,12,1,12,11.3,7.41,9.28,580.3,2.2,2.52,0.146,0.12,5.03
6,2021,12,1,20,11.9,7.53,11.29,615.5,2.1,2.12,0.025,0.1,4.01
6,2021,12,1,20,11.9,7.53,11.29,615.5,1.9,2.31,0.025,0.112,5.46
6,2021,12,2,0,12.0,7.55,11.54,625.8,2.2,2.31,0.025,0.112,5.46
6,2021,12,2,8,11.1,7.32,8.58,619.6,2.4,2.46,0.062,0.115,5.72
6,2021,12,2,12,11.6,7.36,9.57,602.6,2.3,3.12,0.248,0.146,5.62
6,2021,12,3,16,12.3,7.39,10.06,597.8,2.8,2.71,0.294,0.133,5.77
6,2021,12,7,16,12.1,7.37,9.89,608.2,2.0,2.24,0.118,0.131,5.06
6,2021,12,7,20,11.8,7.38,10.16,617.1,1.8,2.17,0.025,0.129,5.0
6,2021,12,8,8,11.4,7.34,9.57,631.9,1.9,2.75,0.27,0.135,5.28
6,2021,12,8,12,11.6,7.34,9.66,623.5,2.4,2.57,0.278,0.14,5.29
6,2021,12,8,16,11.8,7.36,10.1,612.4,2.2,2.3,0.111,0.132,5.02
6,2021,12,8,20,11.8,7.38,10.41,608.2,1.4,2.08,0.025,0.12,4.9
6,2021,12,9,0,11.9,7.46,11.66,609.0,1.8,2.08,0.025,0.12,4.9
6,2021,12,9,4,11.8,7.45,11.1,617.6,2.0,2.51,0.393,0.146,5.57
6,2021,12,9,8,11.7,7.34,9.5,620.9,2.6,2.77,0.326,0.136,5.41
6,2021,12,9,16,11.7,7.3,9.2,615.6,3.6,2.68,0.263,0.137,5.26
6,2021,12,10,12,11.8,7.34,9.61,603.0,2.0,2.64,0.109,0.117,5.38
6,2021,12,10,16,12.2,7.36,9.78,603.3,3.7,2.5,0.287,0.132,5.48
6,2021,12,14,8,9.6,7.38,9.79,571.5,2.4,2.4,0.039,0.119,4.56
6,2021,12,14,12,10.0,7.45,10.84,575.1,1.8,2.43,0.037,0.11,4.71
6,2021,12,14,16,10.5,7.54,11.7,574.5,2.2,2.33,0.035,0.115,4.45
6,2021,12,14,20,10.6,7.76,13.26,573.3,2.1,2.34,0.025,0.104,4.4
6,2021,12,15,0,10.1,7.66,12.01,563.0,2.5,2.34,0.025,0.104,4.4
6,2021,12,15,4,9.7,7.46,10.1,566.6,2.4,2.39,0.025,0.097,4.24
6,2021,12,21,12,10.1,7.46,11.25,583.0,1.8,2.47,0.025,0.031,4.47
6,2021,12,21,16,10.5,7.55,12.2,583.2,1.5,2.1,0.025,0.031,4.74
6,2021,12,22,8,10.0,7.38,10.14,581.8,1.4,2.23,0.025,0.034,4.64
6,2021,12,22,16,10.4,7.5,12.14,584.9,1.8,2.25,0.025,0.032,4.32
6,2021,12,22,20,10.4,7.68,13.59,579.6,2.8,2.13,0.025,0.03,4.76
6,2021,12,23,0,10.1,7.57,12.28,574.4,1.7,2.19,0.025,0.03,4.76
6,2021,12,23,4,9.7,7.39,10.34,572.7,1.8,2.22,0.025,0.033,4.64
6,2021,12,23,8,9.7,7.39,10.27,570.6,1.7,2.28,0.044,0.05,4.6
6,2021,12,23,12,9.7,7.42,10.63,575.8,3.3,2.15,0.025,0.038,4.64
6,2021,12,23,16,9.8,7.48,11.32,578.8,1.6,2.19,0.025,0.032,4.68
6,2021,12,23,20,9.6,7.54,11.96,581.7,1.7,2.14,0.025,0.034,4.73
6,2021,12,24,0,9.4,7.47,11.2,582.8,1.7,2.14,0.025,0.034,4.73
6,2021,12,24,4,9.0,7.4,10.42,583.8,1.8,2.14,0.025,0.039,4.73
6,2021,12,24,12,8.4,7.48,11.11,584.0,1.4,2.24,0.037,0.036,4.66
6,2021,12,27,16,8.4,7.5,12.41,593.3,4.7,2.28,0.036,0.034,5.26
6,2021,12,27,20,8.6,7.62,13.66,594.8,2.5,2.14,0.027,0.031,5.28
6,2021,12,28,0,8.4,7.54,12.72,601.2,2.6,2.24,0.027,0.031,5.28
6,2021,12,28,4,7.9,7.39,10.73,600.3,3.7,2.24,0.053,0.037,5.21
6,2021,12,28,8,7.7,7.37,10.91,599.5,2.1,2.4,0.061,0.036,5.01
6,2021,12,28,16,8.9,7.54,12.44,588.6,1.8,2.29,0.118,0.038,4.99
6,2021,12,30,12,9.0,7.53,11.66,659.2,1.3,2.67,0.039,0.031,5.76
6,2022,1,11,8,10.2,7.47,10.54,672.1,1.5,1.19,0.032,0.03,5.58
6,2022,1,11,12,10.6,7.57,12.13,671.8,1.3,1.48,0.035,0.03,5.48
6,2022,1,11,16,10.5,7.57,13.24,693.2,2.5,1.19,0.025,0.028,4.93
6,2022,1,12,8,10.2,7.48,10.61,677.5,3.6,1.08,0.025,0.031,5.52
6,2022,1,12,12,10.5,7.53,11.33,679.4,2.8,1.47,0.025,0.03,5.39
6,2022,1,12,16,10.8,7.65,11.75,671.9,3.2,1.07,0.025,0.029,5.61
6,2022,1,14,12,10.6,7.58,12.02,678.1,1.5,1.16,0.025,0.029,5.82
6,2022,1,19,8,11.3,7.5,10.63,704.4,1.9,1.06,0.028,0.036,5.88
6,2022,1,19,12,11.3,7.57,11.47,704.0,1.9,1.32,0.025,0.029,5.77
6,2022,1,19,16,11.7,7.65,12.75,696.6,2.9,1.08,0.025,0.029,5.88
6,2022,1,19,20,11.3,7.68,12.71,690.8,2.2,1.02,0.025,0.029,5.93
6,2022,1,20,0,11.0,7.57,11.21,691.4,1.7,1.02,0.025,0.029,5.93
6,2022,1,20,4,10.9,7.5,10.71,698.4,2.8,1.05,0.025,0.029,5.83
6,2022,1,20,8,10.9,7.51,10.77,700.9,2.3,1.51,0.025,0.031,5.84
6,2022,1,20,12,11.0,7.55,11.24,699.8,1.8,1.18,0.025,0.031,5.85
6,2022,1,20,16,11.2,7.63,12.2,695.2,2.1,1.09,0.025,0.03,5.81
6,2022,1,20,20,10.9,7.65,12.18,691.8,2.2,1.14,0.025,0.031,5.83
6,2022,1,21,0,10.9,7.56,11.07,694.4,1.7,1.14,0.025,0.031,5.83
6,2022,1,21,4,10.8,7.52,10.72,694.1,1.8,1.14,0.025,0.031,5.76
6,2022,1,21,8,10.8,7.51,10.65,692.9,2.6,1.73,0.025,0.034,5.72
6,2022,1,21,12,10.9,7.56,11.12,692.3,1.4,1.34,0.029,0.039,5.91
6,2022,2,10,8,11.3,7.48,10.5,702.5,1.6,1.43,0.025,0.028,6.48
6,2022,2,10,12,12.1,7.62,12.57,690.3,4.7,1.05,0.025,0.027,6.26
6,2022,2,11,8,10.7,7.47,10.51,665.4,2.2,1.76,0.025,0.027,6.16
6,2022,2,11,16,12.8,7.72,13.39,676.7,5.5,1.11,0.025,0.028,6.37
6,2022,2,11,20,12.4,7.74,13.44,667.4,6.0,1.27,0.025,0.028,6.37
6,2022,2,12,0,11.6,7.58,11.64,670.8,2.0,1.27,0.025,0.028,6.37
6,2022,2,12,4,11.3,7.48,10.53,671.4,2.0,1.2,0.025,0.03,5.96
6,2022,2,12,16,10.8,7.69,13.64,664.1,5.5,2.06,0.028,0.033,6.22
6,2022,2,12,20,11.4,7.7,13.14,676.0,2.5,1.43,0.028,0.03,6.12
6,2022,2,13,0,11.2,7.58,11.55,680.7,1.4,1.43,0.028,0.03,6.12
6,2022,2,13,4,11.2,7.48,10.53,680.5,1.3,1.36,0.04,0.035,6.25
6,2022,2,13,8,11.0,7.5,10.55,680.3,1.3,1.71,0.038,0.032,6.15
6,2022,2,13,12,10.9,7.54,11.15,676.7,1.6,1.58,0.032,0.032,6.15
6,2022,2,13,16,10.9,7.61,12.26,713.3,2.0,1.58,0.037,0.034,6.38
6,2022,2,13,20,11.0,7.58,11.88,813.7,2.4,2.37,0.055,0.035,6.42
6,2022,2,14,0,10.9,7.52,11.09,754.4,2.5,2.37,0.058,0.035,6.42
6,2022,2,14,4,10.6,7.48,10.55,695.9,1.4,1.53,0.078,0.046,6.24
6,2022,2,18,8,11.4,7.49,10.45,710.1,1.9,1.34,0.043,0.033,6.22
6,2022,2,18,16,12.1,7.71,14.03,709.8,1.8,1.47,0.046,0.482,6.39
6,2022,2,19,4,10.9,7.49,10.7,716.4,1.3,1.34,0.038,0.027,6.44
6,2022,2,19,8,10.9,7.48,10.61,714.5,1.3,1.21,0.07,0.027,6.44
6,2022,2,22,12,12.1,7.65,12.92,678.3,1.7,1.82,0.031,0.023,6.65
6,2022,2,22,12,12.1,7.65,12.92,678.3,1.7,1.82,0.031,0.023,6.65
6,2022,2,22,16,12.9,7.79,14.05,673.8,1.7,1.82,0.031,0.034,6.55
6,2022,2,22,16,12.9,7.79,14.05,673.8,1.7,1.82,0.034,0.034,6.55
6,2022,2,22,20,12.5,7.72,12.7,681.5,1.7,1.4,0.033,0.024,6.68
6,2022,2,23,0,11.8,7.57,11.15,684.9,1.9,1.32,0.033,0.024,6.68
6,2022,2,23,4,11.6,7.5,10.46,692.4,2.0,1.32,0.026,0.022,6.44
6,2022,2,23,8,11.4,7.5,10.59,695.0,2.9,1.37,0.026,0.025,6.71
6,2022,2,23,12,11.4,7.5,10.59,695.0,2.9,1.1,0.025,0.025,6.71
6,2022,2,23,16,12.9,7.71,14.06,689.6,4.0,1.16,0.027,0.023,6.29
6,2022,3,1,8,12.8,7.51,9.92,678.4,1.7,2.51,0.033,0.027,6.46
6,2022,3,1,12,14.0,7.66,12.13,671.4,2.2,1.52,0.1,0.039,6.58
6,2022,3,1,16,14.6,7.72,13.4,668.8,3.8,1.48,0.028,0.027,6.78
6,2022,3,2,8,13.0,7.5,9.88,682.7,11.1,1.31,0.03,0.081,6.79
6,2022,3,2,12,14.3,7.65,11.41,667.5,2.3,3.11,0.025,0.028,6.34
6,2022,3,7,8,13.4,7.5,9.71,670.3,2.1,1.58,0.04,0.019,6.22
6,2022,3,7,12,14.7,7.65,11.94,652.8,2.8,1.25,0.025,0.019,5.88
6,2022,3,8,8,13.8,7.51,9.54,659.9,2.1,1.17,0.025,0.019,6.32
6,2022,3,8,12,14.9,7.68,11.82,655.5,3.2,1.69,0.03,0.021,5.97
6,2022,3,8,16,15.8,7.83,13.32,648.8,4.6,1.31,0.049,0.028,5.95
6,2022,3,8,20,15.3,7.78,12.4,659.8,2.5,1.52,0.047,0.034,6.24
6,2022,3,9,0,14.7,7.62,10.4,665.5,2.2,1.28,0.025,0.025,6.13
6,2022,3,9,4,14.4,7.52,9.42,670.3,2.8,1.28,0.025,0.025,6.13
6,2022,3,9,8,14.4,7.51,9.48,667.8,2.5,1.23,0.025,0.022,6.08
6,2022,3,9,12,15.2,7.66,11.71,659.4,2.8,1.7,0.025,0.02,6.11
6,2022,3,9,16,15.8,7.79,12.82,650.2,3.4,1.28,0.025,0.02,5.94
6,2022,3,10,8,14.7,7.52,9.4,665.8,1.9,1.3,0.025,0.018,6.13
6,2022,3,10,12,15.3,7.65,11.6,656.9,2.0,1.77,0.03,0.019,6.15
6,2022,3,10,16,15.8,7.7,12.91,655.9,3.2,1.41,0.03,0.024,5.94
6,2022,3,11,8,15.1,7.53,9.16,658.3,1.7,1.32,0.025,0.019,6.02
6,2022,3,11,12,15.3,7.6,9.93,660.2,2.2,1.67,0.026,0.02,6.1
6,2022,3,11,16,15.3,7.64,10.5,663.2,1.9,1.28,0.025,0.021,6.2
6,2022,3,11,20,15.2,7.62,10.08,669.3,2.3,1.34,0.032,0.025,6.31
6,2022,3,12,16,15.8,7.72,11.88,741.4,3.5,1.82,0.071,0.027,6.32
6,2022,3,12,20,15.4,7.7,11.29,679.9,2.3,1.44,0.03,0.025,6.42
6,2022,3,13,0,15.0,7.59,9.83,673.4,2.3,1.44,0.03,0.025,6.42
6,2022,3,13,4,14.8,7.52,9.08,671.0,2.2,1.3,0.033,0.024,6.26
6,2022,3,13,8,14.8,7.53,9.22,686.6,2.7,1.88,0.033,0.027,6.17
6,2022,3,13,12,15.6,7.68,11.48,688.5,4.2,1.39,0.034,0.022,6.12
6,2022,3,13,16,15.8,7.72,11.61,688.0,2.2,1.47,0.038,0.023,6.21
6,2022,3,13,20,15.6,7.69,10.93,689.3,2.3,1.45,0.049,0.005,6.32
6,2022,3,14,0,15.2,7.58,9.55,695.1,2.7,1.45,0.049,0.005,6.32
6,2022,3,14,4,15.0,7.54,9.14,692.9,2.4,1.35,0.03,0.022,6.13
6,2022,3,14,12,16.3,7.69,11.43,673.0,3.0,1.35,0.025,0.021,6.06
6,2022,3,14,16,17.2,7.84,12.82,658.9,5.0,1.35,0.025,0.027,5.97
6,2022,3,15,8,15.0,7.55,9.19,674.2,2.5,1.73,0.028,0.019,5.97
6,2022,3,15,16,16.4,7.79,12.67,665.4,3.5,1.4,0.025,0.019,5.9
6,2022,3,15,20,16.2,7.74,11.32,668.1,2.9,1.52,0.025,0.022,6.16
6,2022,3,15,20,16.2,7.74,11.32,668.1,2.9,1.52,0.025,0.022,6.16
6,2022,3,16,20,15.8,7.72,11.56,672.2,2.3,0.32,0.026,0.034,6.1
6,2022,3,17,0,15.4,7.61,9.89,671.3,2.2,0.25,0.025,0.028,6.3
6,2022,3,17,4,15.2,7.55,9.33,671.9,2.6,0.25,0.025,0.028,6.3
6,2022,3,17,8,15.0,7.55,9.41,673.4,2.7,0.25,0.025,0.029,6.42
6,2022,3,17,12,14.8,7.6,10.62,676.7,2.5,0.57,0.025,0.028,6.33
6,2022,3,17,16,14.4,7.63,11.37,683.3,2.1,0.57,0.025,0.027,5.85
6,2022,3,17,16,14.4,7.63,11.37,683.3,2.1,1.11,0.028,0.029,6.09
6,2022,3,18,8,14.3,7.56,9.39,674.8,5.0,1.07,0.04,0.034,6.38
6,2022,3,18,12,14.4,7.58,9.89,686.8,2.9,1.16,0.032,0.032,6.22
6,2022,3,18,16,14.1,7.62,10.37,677.7,3.0,1.08,0.032,0.033,6.53
6,2022,3,23,12,15.2,7.66,11.16,676.0,8.4,1.23,0.025,0.027,5.98
6,2022,3,24,16,15.3,7.68,10.89,665.3,2.4,1.11,0.025,0.027,6.16
6,2022,3,24,20,15.2,7.61,10.01,667.7,2.5,1.17,0.025,0.031,6.49
6,2022,3,25,0,15.1,7.56,9.45,664.9,2.7,1.17,0.025,0.031,6.49
6,2022,3,25,4,15.0,7.55,9.34,665.3,2.9,1.08,0.036,0.032,6.18
6,2022,3,25,8,15.0,7.58,9.7,665.2,3.1,1.33,0.042,0.031,6.2
6,2022,3,25,12,15.3,7.67,11.17,664.3,4.4,1.33,0.033,0.031,6.2
6,2022,3,25,16,15.5,7.73,11.86,660.4,2.9,1.14,0.025,0.031,5.96
6,2022,3,25,20,15.4,7.69,10.85,659.0,3.6,1.18,0.025,0.031,6.52
6,2022,3,26,0,15.0,7.6,9.8,660.8,2.6,1.18,0.025,0.031,6.52
6,2022,3,26,4,14.7,7.55,9.42,666.8,3.9,1.22,0.025,0.031,6.27
6,2022,3,26,8,14.8,7.58,9.9,670.4,3.2,1.13,0.025,0.029,5.99
6,2022,3,26,12,16.1,7.72,11.74,657.0,3.2,0.97,0.025,0.029,6.24
6,2022,3,26,16,16.7,7.81,12.17,644.4,4.5,1.1,0.025,0.031,6.14
6,2022,3,26,20,16.1,7.75,11.09,655.0,2.4,1.16,0.025,0.031,6.32
6,2022,3,27,0,15.2,7.64,9.89,661.7,2.7,1.16,0.025,0.031,6.32
6,2022,3,27,4,14.8,7.57,9.53,666.1,2.8,1.26,0.025,0.027,6.1
6,2022,3,27,8,14.8,7.58,9.94,667.4,3.2,1.1,0.025,0.026,5.98
6,2022,3,27,12,16.1,7.74,11.78,652.6,4.0,1.17,0.025,0.029,6.14
6,2022,3,27,16,16.9,7.82,12.86,648.6,3.7,1.22,0.025,0.029,6.11
6,2022,3,27,20,16.3,7.74,11.22,656.6,2.8,1.3,0.025,0.03,6.16
6,2022,3,28,0,15.5,7.64,9.97,662.0,2.6,1.3,0.025,0.03,6.16
6,2022,3,28,4,15.1,7.58,9.46,663.3,2.4,1.12,0.025,0.027,6.17
6,2022,3,28,8,15.1,7.59,9.81,664.7,10.4,1.52,0.025,0.029,5.92
6,2022,3,28,12,16.3,7.73,11.86,652.5,5.6,1.28,0.025,0.026,5.91
6,2022,3,28,16,16.9,7.82,12.52,648.5,5.9,1.18,0.025,0.029,6.05
6,2022,3,28,20,16.6,7.74,11.04,658.0,2.7,1.27,0.025,0.03,6.34
6,2022,3,29,0,16.0,7.64,9.88,650.9,3.5,1.27,0.025,0.03,6.34
6,2022,3,29,4,15.6,7.59,9.38,662.5,2.5,1.18,0.025,0.026,6.34
6,2022,3,29,12,15.8,7.64,10.06,665.3,2.4,1.2,0.025,0.026,6.2
6,2022,3,29,16,15.9,7.68,10.71,665.2,2.7,1.19,0.025,0.026,6.29
6,2022,3,29,20,15.8,7.65,10.19,670.2,2.8,1.2,0.025,0.028,6.32
6,2022,3,30,0,15.5,7.6,9.67,671.2,2.3,1.2,0.025,0.028,6.32
6,2022,3,30,4,15.6,7.57,9.35,668.1,3.1,1.21,0.03,0.029,6.15
6,2022,3,30,12,15.7,7.63,10.32,666.0,4.8,1.47,0.04,0.03,6.14
6,2022,3,30,16,15.7,7.63,10.32,666.0,4.8,1.59,0.04,0.031,6.28
6,2022,3,30,20,15.6,7.66,10.47,665.6,3.6,1.33,0.035,0.031,6.28
6,2022,3,31,0,15.3,7.6,9.74,662.8,3.0,1.33,0.035,0.031,6.28
6,2022,3,31,4,15.0,7.57,9.47,662.8,2.6,1.47,0.025,0.028,5.97
6,2022,3,31,8,15.0,7.59,9.92,663.7,2.6,1.43,0.034,0.027,6.06
6,2022,3,31,12,16.2,7.78,12.15,639.3,3.5,1.55,0.025,0.029,6.03
6,2022,3,31,16,17.1,7.87,12.76,655.4,4.0,1.24,0.025,0.029,6.03
6,2022,3,31,20,16.3,7.74,11.03,663.9,3.0,1.26,0.025,0.028,6.49
6,2022,4,1,0,15.4,7.62,10.05,666.1,2.7,1.26,0.025,0.028,6.49
6,2022,4,1,4,15.0,7.55,9.41,675.1,5.1,1.34,0.025,0.029,6.09
6,2022,4,1,12,16.2,7.75,12.36,674.4,3.2,1.13,0.025,0.027,6.31
6,2022,4,1,16,16.3,7.81,12.58,677.6,3.9,1.32,0.025,0.028,6.45
6,2022,4,1,20,16.2,7.73,11.05,679.1,3.6,1.1,0.025,0.03,6.37
6,2022,4,2,0,15.7,7.63,9.82,676.4,2.8,1.1,0.025,0.03,6.37
6,2022,4,2,4,15.5,7.57,9.35,678.8,2.9,1.16,0.025,0.025,6.23
6,2022,4,2,8,15.6,7.62,9.91,678.1,2.7,1.22,0.025,0.025,6.37
6,2022,4,2,16,17.8,7.98,13.66,636.4,4.3,1.4,0.025,0.034,6.06
6,2022,4,2,20,17.1,7.8,11.37,655.1,3.8,1.3,0.025,0.033,6.16
6,2022,4,3,0,16.2,7.62,9.5,681.1,2.6,1.3,0.025,0.033,6.16
6,2022,4,3,4,15.7,7.56,9.14,685.9,2.2,1.15,0.025,0.029,6.48
6,2022,4,3,8,15.7,7.59,9.78,681.8,3.2,1.36,0.025,0.027,6.38
6,2022,4,3,12,17.0,7.78,12.3,675.1,3.7,1.17,0.025,0.027,6.21
6,2022,4,3,16,17.9,7.87,12.68,664.8,4.8,1.24,0.025,0.029,6.53
6,2022,4,3,20,17.4,7.76,10.98,672.4,3.6,1.27,0.025,0.029,6.27
6,2022,4,4,0,16.6,7.65,9.88,676.4,2.4,1.27,0.025,0.029,6.27
6,2022,4,4,4,16.2,7.56,9.01,674.0,3.4,1.18,0.025,0.028,6.31
6,2022,4,4,8,16.1,7.57,9.48,685.1,3.0,1.18,0.025,0.027,6.23
6,2022,4,4,12,17.2,7.75,11.97,676.8,4.8,1.46,0.082,0.058,6.43
6,2022,4,4,16,17.9,7.81,12.29,669.8,5.3,1.33,0.041,0.04,6.51
6,2022,4,4,20,17.6,7.73,10.92,676.1,3.3,1.35,0.025,0.031,6.39
6,2022,4,5,0,16.9,7.61,9.62,683.0,2.5,1.35,0.025,0.031,6.39
6,2022,4,5,4,16.5,7.54,8.86,686.8,2.8,1.2,0.025,0.03,6.36
6,2022,4,5,8,16.5,7.55,9.4,688.4,3.2,1.26,0.025,0.029,6.22
6,2022,4,5,12,17.8,7.75,11.9,676.3,4.5,1.32,0.026,0.036,6.52
6,2022,4,5,16,18.4,7.85,12.67,671.1,4.2,0.84,0.028,0.035,6.61
6,2022,4,5,20,17.9,7.72,10.76,677.8,2.8,1.23,0.025,0.033,6.53
6,2022,4,6,0,17.0,7.6,9.44,687.0,2.5,1.23,0.025,0.033,6.53
6,2022,4,6,4,16.4,7.54,8.95,692.2,2.3,1.11,0.025,0.028,6.39
6,2022,4,6,8,16.2,7.55,9.26,690.3,2.3,1.25,0.025,0.027,6.32
6,2022,4,6,12,16.9,7.72,11.59,683.9,3.5,1.2,0.025,0.027,6.23
6,2022,4,6,16,16.9,7.72,11.59,683.9,3.5,1.21,0.025,0.027,6.41
6,2022,4,6,20,17.0,7.74,11.1,682.0,2.7,1.17,0.025,0.027,6.52
6,2022,4,7,8,15.9,7.59,9.83,688.7,2.1,1.03,0.025,0.025,6.45
6,2022,4,7,12,17.2,7.79,12.36,677.3,3.9,1.23,0.025,0.023,6.06
6,2022,4,7,16,17.9,7.88,12.65,668.9,5.1,1.26,0.05,0.036,6.08
6,2022,4,7,20,17.7,7.76,11.07,672.7,3.0,1.22,0.034,0.032,6.34
6,2022,4,8,0,17.0,7.63,9.61,680.6,2.4,1.12,0.025,0.027,6.25
6,2022,4,8,4,16.6,7.55,8.91,685.4,3.7,1.12,0.025,0.027,6.25
6,2022,4,8,8,16.4,7.56,9.16,687.9,8.5,1.1,0.025,0.028,6.4
6,2022,4,8,12,17.3,7.75,11.57,688.4,5.9,1.61,0.106,0.043,6.52
6,2022,4,8,16,18.0,7.78,12.34,682.4,3.3,1.9,0.546,0.081,6.96
6,2022,4,8,20,17.8,7.7,10.52,677.2,2.3,2.02,0.436,0.071,7.17
6,2022,4,9,0,17.3,7.59,9.17,683.5,3.7,1.59,0.34,0.057,7.14
6,2022,4,9,4,17.0,7.54,8.5,685.8,8.3,1.59,0.34,0.057,7.14
6,2022,4,9,8,17.0,7.61,8.84,694.8,6.1,1.35,0.219,0.044,6.6
6,2022,4,9,12,17.8,7.72,10.56,697.8,3.3,1.56,0.1,0.041,6.77
6,2022,4,9,20,18.2,7.71,10.11,693.5,3.2,1.67,0.429,0.068,7.32
6,2022,4,10,0,17.8,7.6,8.8,691.9,3.1,1.54,0.357,0.058,7.33
6,2022,4,10,4,17.3,7.53,8.25,691.3,3.2,1.54,0.357,0.058,7.33
6,2022,4,10,8,17.3,7.54,8.73,689.6,4.0,1.32,0.273,0.048,6.8
6,2022,4,10,16,18.6,7.81,11.94,680.3,9.7,1.85,0.607,0.071,6.98
6,2022,4,10,20,18.4,7.66,9.99,680.1,4.5,1.9,0.548,0.077,7.08
6,2022,4,11,0,18.0,7.57,8.48,685.4,3.3,1.71,0.404,0.061,7.16
6,2022,4,11,4,17.7,7.5,7.94,688.3,2.0,1.71,0.404,0.061,7.16
6,2022,4,11,8,17.7,7.55,8.43,692.9,2.8,1.58,0.269,0.047,7.0
6,2022,4,11,12,18.3,7.66,9.82,697.0,3.1,1.42,0.16,0.038,6.67
6,2022,4,11,16,18.2,7.67,9.86,695.6,3.0,2.02,0.728,0.09,7.35
6,2022,4,11,20,17.9,7.62,9.1,696.4,2.9,1.64,0.342,0.062,7.24
6,2022,4,12,0,17.5,7.56,8.3,698.5,2.7,1.43,0.246,0.049,7.24
6,2022,4,12,4,17.3,7.54,8.16,698.0,3.0,1.43,0.246,0.049,7.24
6,2022,4,12,8,17.2,7.57,8.74,698.4,3.0,1.39,0.266,0.049,7.02
6,2022,4,12,12,18.2,7.8,11.6,697.8,4.3,1.57,0.156,0.043,6.76
6,2022,4,13,0,17.7,7.62,8.64,694.0,3.2,1.68,0.304,0.06,6.94
6,2022,4,13,4,17.2,7.56,8.28,694.5,4.5,1.68,0.304,0.06,6.94
6,2022,4,13,8,16.9,7.59,8.83,693.2,3.3,1.53,0.209,0.055,6.7
6,2022,4,13,12,17.9,7.81,11.15,689.8,5.0,1.46,0.162,0.043,6.51
6,2022,4,13,16,18.4,7.93,12.14,682.7,4.8,1.96,0.678,0.089,6.97
6,2022,4,13,20,18.0,7.76,10.05,687.1,4.0,1.77,0.304,0.065,6.81
6,2022,4,14,0,17.4,7.61,8.71,690.9,4.0,1.79,0.348,0.065,6.75
6,2022,4,14,4,16.9,7.55,8.43,697.4,4.0,1.79,0.348,0.065,6.75
6,2022,4,14,8,16.9,7.56,8.78,699.8,7.8,1.44,0.155,0.047,6.51
6,2022,4,14,12,18.4,7.82,11.25,675.3,5.1,1.81,0.188,0.056,6.49
6,2022,4,14,16,19.4,7.98,12.32,659.4,6.0,2.17,0.467,0.083,6.8
6,2022,4,14,20,17.8,7.68,8.77,654.4,5.7,2.11,0.301,0.083,6.8
6,2022,4,15,8,16.9,7.64,9.13,670.8,6.8,2.0,0.25,0.058,6.43
6,2022,4,15,12,18.9,7.83,11.5,675.1,4.0,2.68,0.804,0.109,7.39
6,2022,4,15,16,19.9,7.99,12.54,665.6,7.0,1.78,0.061,0.052,6.9
6,2022,4,15,20,17.8,7.67,8.96,700.9,3.9,1.46,0.041,0.041,6.88
6,2022,4,16,0,16.7,7.58,8.4,766.5,5.7,1.46,0.041,0.041,6.88
6,2022,4,16,4,16.3,7.54,8.25,836.3,3.3,1.06,0.038,0.034,8.01
6,2022,4,16,8,16.5,7.62,9.6,841.4,2.7,1.21,0.038,0.032,7.94
6,2022,4,16,12,18.9,7.88,12.77,831.5,5.2,1.42,0.035,0.032,7.94
6,2022,4,16,16,20.0,7.99,13.54,826.1,3.9,1.17,0.026,0.036,8.3
6,2022,4,16,20,18.2,7.72,9.32,831.0,3.0,1.14,0.025,0.034,8.29
6,2022,4,17,0,17.2,7.61,8.31,834.0,3.4,1.14,0.025,0.034,8.29
6,2022,4,17,0,17.2,7.61,8.31,834.0,3.4,1.14,0.025,0.034,8.29
6,2022,4,17,12,17.9,7.8,11.58,832.5,4.1,1.14,0.028,0.034,8.01
6,2022,4,17,16,18.3,7.86,11.83,830.8,3.1,1.04,0.031,0.034,8.22
6,2022,4,17,20,17.7,7.7,9.45,835.1,2.5,1.13,0.031,0.035,8.27
6,2022,4,18,0,17.3,7.6,8.41,838.7,2.8,1.13,0.031,0.035,8.27
6,2022,4,18,4,17.0,7.57,8.17,840.1,2.7,1.04,0.03,0.033,8.2
6,2022,4,18,8,17.2,7.64,9.45,847.8,2.0,1.34,0.029,0.033,8.2
6,2022,4,18,12,18.7,7.85,12.64,828.3,4.5,1.05,0.025,0.032,7.78
6,2022,4,18,16,18.8,7.84,12.3,795.7,3.0,0.54,0.025,0.03,7.48
6,2022,4,18,20,18.0,7.72,10.14,794.9,2.5,0.47,0.025,0.029,7.45
6,2022,4,19,0,17.4,7.64,9.13,796.2,2.7,0.47,0.025,0.029,7.45
6,2022,4,19,4,17.3,7.63,9.32,828.6,2.3,0.85,0.025,0.029,7.94
6,2022,4,19,8,17.4,7.6,9.22,839.7,2.6,1.08,0.025,0.033,8.48
6,2022,4,19,12,18.5,7.72,11.73,819.2,4.0,1.13,0.025,0.032,8.11
6,2022,4,19,16,18.8,7.78,11.98,795.4,3.2,0.59,0.025,0.027,7.57
6,2022,4,19,20,18.0,7.68,9.93,801.8,2.3,0.56,0.025,0.027,7.63
6,2022,4,20,0,17.7,7.64,9.08,809.7,2.3,0.56,0.025,0.027,7.63
6,2022,4,20,4,17.4,7.61,8.82,807.5,2.1,0.66,0.025,0.027,7.94
6,2022,4,20,8,17.4,7.62,9.29,813.0,2.0,0.91,0.027,0.027,7.63
6,2022,4,20,12,18.5,7.75,11.68,812.0,3.6,0.79,0.025,0.029,7.81
6,2022,4,20,16,18.8,7.76,11.64,807.8,3.0,0.72,0.025,0.026,7.68
6,2022,4,20,20,18.1,7.68,9.9,807.6,2.1,0.64,0.025,0.025,7.83
6,2022,4,21,0,17.8,7.62,8.82,807.4,1.8,0.64,0.025,0.025,7.83
6,2022,4,21,4,17.7,7.6,8.54,809.6,1.9,0.8,0.025,0.025,7.83
6,2022,4,21,8,17.7,7.61,8.76,811.0,2.4,0.91,0.028,0.025,7.61
6,2022,4,21,12,18.2,7.71,10.69,810.2,2.3,0.91,0.025,0.026,7.76
6,2022,4,21,16,18.6,7.78,11.94,807.4,2.0,0.76,0.025,0.026,7.76
6,2022,4,21,20,18.0,7.69,10.18,809.7,2.7,0.86,0.025,0.026,7.64
6,2022,4,21,20,18.0,7.69,10.18,809.7,2.7,0.86,0.025,0.026,7.64
6,2022,4,22,4,17.1,7.63,9.07,813.4,1.8,0.79,0.025,0.025,7.76
6,2022,4,22,8,17.2,7.63,9.47,820.7,1.9,0.88,0.04,0.025,7.97
6,2022,4,22,12,18.4,7.7,11.93,823.0,4.5,0.72,0.025,0.026,7.68
6,2022,4,22,16,18.6,7.78,12.1,812.9,3.4,0.51,0.025,0.031,7.72
6,2022,4,22,20,17.9,7.7,10.24,811.8,2.5,0.48,0.025,0.026,7.57
6,2022,4,23,0,17.4,7.64,9.08,813.0,1.9,0.48,0.025,0.026,7.57
6,2022,4,23,4,17.2,7.63,9.01,817.2,1.9,0.45,0.025,0.025,7.71
6,2022,4,23,8,17.2,7.64,9.44,818.2,2.3,0.78,0.025,0.027,7.81
6,2022,4,23,12,18.4,7.78,12.12,810.1,3.1,0.78,0.025,0.027,7.81
6,2022,4,23,16,18.7,7.81,12.2,809.6,2.1,0.7,0.025,0.026,7.82
6,2022,4,23,20,18.3,7.72,10.44,810.7,3.6,0.52,0.025,0.025,7.54
6,2022,4,24,0,17.9,7.65,9.22,809.0,2.0,0.6,0.025,0.025,7.59
6,2022,4,24,4,17.7,7.61,8.77,812.6,2.0,0.6,0.025,0.023,7.84
6,2022,4,24,12,18.6,7.79,12.34,811.4,2.8,0.7,0.025,0.027,7.88
6,2022,4,24,16,19.0,7.83,12.57,809.6,2.4,0.64,0.025,0.028,7.84
6,2022,4,24,20,18.5,7.73,10.49,807.7,2.1,0.68,0.025,0.025,7.98
6,2022,4,25,8,17.9,7.62,9.0,813.0,2.4,0.57,0.025,0.024,7.93
6,2022,4,25,12,18.5,7.8,12.05,807.6,3.2,0.57,0.025,0.025,8.0
6,2022,4,25,16,19.0,7.85,13.0,808.4,3.6,0.88,0.025,0.025,7.8
6,2022,4,25,20,18.5,7.73,10.54,806.0,2.4,0.67,0.025,0.024,7.66
6,2022,4,26,0,18.3,7.64,9.2,807.4,2.4,0.71,0.025,0.023,7.64
6,2022,4,26,4,18.0,7.61,8.75,811.0,1.9,0.6,0.025,0.023,7.64
6,2022,4,26,8,17.7,7.64,9.4,808.7,1.5,0.7,0.025,0.023,7.96
6,2022,4,26,12,18.6,7.83,12.79,807.9,4.6,0.76,0.025,0.024,7.71
6,2022,4,26,16,18.9,7.86,13.21,809.1,2.2,0.7,0.025,0.024,7.99
6,2022,4,26,20,18.2,7.76,11.07,809.0,2.4,0.57,0.025,0.023,7.7
6,2022,4,27,0,17.5,7.65,9.42,812.6,1.8,0.48,0.025,0.023,7.67
6,2022,4,27,4,17.2,7.6,9.05,813.9,1.8,0.56,0.025,0.022,7.76
6,2022,4,27,8,17.1,7.6,8.9,817.5,1.8,0.76,0.025,0.022,7.76
6,2022,4,27,12,16.8,7.63,9.65,820.8,2.2,0.82,0.025,0.024,7.72
6,2022,4,27,16,16.9,7.64,10.01,822.1,2.0,0.71,0.025,0.031,7.78
6,2022,4,27,20,16.7,7.6,9.14,820.7,1.6,0.64,0.025,0.024,7.56
6,2022,4,27,20,16.7,7.6,9.14,820.7,1.6,0.71,0.025,0.024,7.62
6,2022,4,28,4,16.5,7.57,8.74,820.2,1.9,0.71,0.028,0.024,7.62
6,2022,4,28,8,16.6,7.57,9.0,828.3,5.3,0.86,0.028,0.025,7.38
6,2022,4,28,12,17.6,7.77,12.28,818.6,3.4,1.01,0.038,0.028,7.58
6,2022,4,28,16,18.2,7.84,12.66,810.8,3.1,0.97,0.025,0.028,8.0
6,2022,4,28,20,17.7,7.74,10.89,812.5,2.1,0.77,0.025,0.027,7.93
6,2022,4,29,0,17.2,7.62,9.33,817.1,2.0,0.76,0.025,0.025,7.78
6,2022,4,29,4,17.2,7.58,8.9,819.6,2.0,0.76,0.033,0.025,7.78
6,2022,4,29,8,17.2,7.6,9.34,822.3,1.7,0.83,0.026,0.026,7.89
6,2022,4,29,12,18.2,7.81,12.75,812.7,2.3,0.93,0.025,0.026,7.98
6,2022,4,29,16,18.4,7.8,12.57,827.0,3.1,0.83,0.025,0.027,7.97
6,2022,4,29,20,18.7,7.67,11.03,847.9,2.0,0.97,0.025,0.027,8.17
6,2022,4,30,0,18.0,7.58,8.77,743.1,1.8,1.67,0.025,0.037,8.14
6,2022,4,30,4,17.7,7.53,8.23,727.3,1.9,1.67,0.025,0.037,8.14
6,2022,4,30,8,17.6,7.58,9.08,723.7,1.5,1.41,0.027,0.029,7.11
6,2022,4,30,12,18.9,7.82,12.33,715.3,2.7,1.47,0.032,0.028,6.96
6,2022,4,30,16,19.5,7.95,13.38,713.4,2.0,1.46,0.025,0.027,7.0
6,2022,4,30,20,19.1,7.75,10.58,718.0,1.9,1.32,0.025,0.027,7.11
6,2022,5,1,0,18.2,7.6,8.77,723.2,1.6,1.27,0.025,0.028,7.3
6,2022,5,1,4,17.7,7.55,8.31,727.7,2.1,1.27,0.025,0.028,7.3
6,2022,5,1,8,17.9,7.6,9.11,723.5,3.1,1.16,0.025,0.025,7.06
6,2022,5,1,12,19.0,7.84,12.46,717.3,3.7,1.21,0.025,0.026,7.08
6,2022,5,1,16,19.2,7.87,12.18,716.3,3.2,1.25,0.025,0.026,7.11
6,2022,5,1,20,18.9,7.74,10.37,720.6,2.1,1.46,0.025,0.026,7.4
6,2022,5,2,0,18.4,7.62,8.94,733.7,1.9,1.05,0.025,0.026,7.64
6,2022,5,2,4,18.0,7.56,8.39,745.6,1.7,1.05,0.025,0.026,7.64
6,2022,5,2,8,18.0,7.6,9.17,751.0,1.9,0.99,0.025,0.025,7.37
6,2022,5,2,12,19.1,7.84,12.61,752.2,4.2,1.21,0.025,0.024,7.58
6,2022,5,2,16,19.8,7.96,13.84,765.0,2.1,1.31,0.025,0.025,7.54
6,2022,5,2,20,19.4,7.78,11.0,780.3,3.0,1.04,0.025,0.025,7.98
6,2022,5,3,0,18.8,7.64,8.97,794.7,2.3,1.0,0.025,0.024,8.28
6,2022,5,3,4,18.2,7.57,8.2,785.7,2.3,1.0,0.025,0.024,8.28
6,2022,5,3,8,18.3,7.6,9.11,782.3,3.0,1.19,0.025,0.022,8.26
6,2022,5,3,12,19.4,7.85,12.76,776.0,2.9,1.31,0.025,0.021,8.22
6,2022,5,3,16,20.0,7.97,14.01,771.5,2.0,1.48,0.025,0.024,7.71
6,2022,5,5,8,19.3,7.59,8.68,736.7,2.5,0.43,0.025,0.023,7.96
6,2022,5,5,12,20.0,7.85,12.48,738.2,2.4,1.39,0.025,0.023,7.46
6,2022,5,5,16,20.4,7.94,13.0,737.5,2.4,1.21,0.025,0.024,7.41
6,2022,5,5,20,20.2,7.79,10.84,739.8,3.7,1.33,0.025,0.025,7.24
6,2022,5,6,0,19.7,7.63,8.77,743.9,2.1,1.19,0.025,0.024,7.86
6,2022,5,6,4,19.4,7.55,7.99,740.7,1.9,1.19,0.025,0.024,7.86
6,2022,5,6,8,19.1,7.56,8.04,726.7,2.0,1.23,0.025,0.022,7.71
6,2022,5,6,12,18.8,7.62,9.15,740.0,2.2,1.45,0.025,0.023,7.38
6,2022,5,6,16,18.5,7.65,9.8,743.9,2.1,0.69,0.025,0.024,7.63
6,2022,5,6,20,18.5,7.67,9.76,745.0,2.1,0.86,0.025,0.025,8.06
6,2022,5,7,0,18.2,7.6,8.88,756.8,2.7,0.75,0.025,0.024,8.12
6,2022,5,7,4,18.0,7.55,8.25,756.7,3.3,0.75,0.025,0.024,8.12
6,2022,5,7,8,18.0,7.61,9.25,747.6,3.0,0.63,0.025,0.024,8.01
6,2022,5,7,12,19.1,7.9,12.81,737.9,15.7,0.89,0.025,0.024,7.87
6,2022,5,7,16,19.0,7.94,12.65,742.2,5.3,0.84,0.025,0.025,7.7
6,2022,5,7,20,18.6,7.76,10.36,746.2,2.3,0.73,0.025,0.025,8.14
6,2022,5,8,0,18.0,7.61,8.84,753.4,1.9,0.83,0.025,0.024,8.13
6,2022,5,8,4,17.7,7.55,8.15,758.4,1.7,0.83,0.025,0.024,8.13
6,2022,5,8,8,17.6,7.55,8.35,761.9,2.6,1.04,0.025,0.023,8.07
6,2022,5,8,12,17.5,7.56,8.62,766.5,3.3,1.2,0.025,0.024,7.99
6,2022,5,8,16,18.0,7.71,10.8,770.1,4.3,1.02,0.025,0.024,8.03
6,2022,5,8,20,17.9,7.7,10.23,767.3,1.8,0.93,0.025,0.027,8.26
6,2022,5,9,0,17.7,7.62,9.3,764.7,2.1,0.98,0.025,0.025,8.38
6,2022,5,9,4,17.4,7.54,8.31,751.1,1.8,0.98,0.025,0.025,8.38
6,2022,5,9,8,17.5,7.58,9.11,738.6,2.5,0.96,0.025,0.025,7.95
6,2022,5,9,12,18.5,7.84,12.11,725.5,2.4,1.26,0.025,0.026,7.69
6,2022,5,9,16,19.4,8.08,14.53,723.9,1.9,1.15,0.025,0.027,7.62
6,2022,5,9,20,18.9,7.81,11.02,733.3,1.9,1.08,0.025,0.026,7.88
6,2022,5,10,0,18.4,7.62,8.82,740.9,1.6,1.48,0.025,0.03,7.96
6,2022,5,10,4,17.9,7.53,7.86,742.9,2.0,1.48,0.025,0.03,7.96
6,2022,5,10,8,17.8,7.55,8.37,751.2,1.7,1.54,0.025,0.03,8.13
6,2022,5,10,12,18.0,7.65,9.73,757.8,1.8,1.18,0.025,0.023,8.27
6,2022,5,10,12,18.0,7.65,9.73,757.8,1.8,0.82,0.025,0.023,8.22
6,2022,5,19,8,18.8,7.47,8.62,789.9,1.8,0.98,0.025,0.022,8.66
6,2022,5,19,12,19.9,7.65,13.12,763.8,2.0,1.19,0.025,0.021,7.99
6,2022,5,19,16,20.6,7.95,15.4,756.1,1.6,2.04,0.039,0.026,8.2
6,2022,5,19,20,20.0,7.72,11.61,768.1,1.8,1.26,0.039,0.025,7.72
6,2022,5,20,0,19.3,7.5,8.9,778.3,1.5,0.72,0.025,0.023,7.92
6,2022,5,20,4,19.0,7.38,7.53,759.6,1.6,0.72,0.025,0.023,7.92
6,2022,5,20,8,19.0,7.43,8.53,735.4,1.7,1.05,0.025,0.02,7.55
6,2022,5,20,12,20.2,7.81,13.99,719.6,1.9,1.3,0.025,0.022,6.91
6,2022,5,20,16,21.2,8.05,16.22,710.7,7.3,1.1,0.025,0.023,6.88
6,2022,5,20,20,20.5,7.76,11.82,721.9,1.5,1.84,0.025,0.036,7.02
6,2022,5,21,0,19.6,7.48,8.61,735.0,1.5,1.09,0.025,0.026,7.02
6,2022,5,21,4,19.2,7.35,7.29,734.4,1.5,1.49,0.025,0.024,7.12
6,2022,5,21,8,19.3,7.41,8.5,736.4,1.4,1.35,0.025,0.021,6.96
6,2022,5,21,12,20.7,7.82,14.36,727.7,2.0,1.24,0.025,0.021,6.75
6,2022,5,21,16,21.4,8.01,16.16,727.0,1.6,1.15,0.025,0.024,6.73
6,2022,5,21,20,21.0,7.75,12.01,745.2,2.1,1.12,0.025,0.025,7.07
6,2022,5,22,0,20.1,7.48,8.78,775.2,1.6,1.14,0.025,0.025,7.39
6,2022,5,22,4,19.5,7.36,7.29,785.5,1.4,1.13,0.025,0.024,7.77
6,2022,5,22,8,19.6,7.41,8.27,799.9,1.3,1.09,0.025,0.022,7.62
6,2022,5,22,12,20.9,7.79,14.12,790.2,1.7,1.26,0.025,0.022,7.81
6,2022,5,22,16,21.4,7.94,15.71,792.7,2.8,1.2,0.025,0.026,7.71
6,2022,5,22,20,21.0,7.74,11.91,801.1,2.7,1.06,0.025,0.026,8.06
6,2022,5,23,0,20.2,7.5,8.77,816.8,1.5,1.44,0.05,0.028,8.29
6,2022,5,23,4,19.8,7.37,7.22,808.0,1.8,1.44,0.05,0.028,8.29
6,2022,5,23,8,19.9,7.4,8.16,794.9,1.5,1.24,0.025,0.027,7.7
6,2022,5,23,12,19.9,7.4,8.16,794.9,1.5,1.49,0.052,0.03,7.79
6,2022,5,23,16,21.7,7.98,16.28,776.6,1.5,1.49,0.025,0.03,7.79
6,2022,5,24,8,19.9,7.43,8.48,810.8,1.6,0.97,0.025,0.023,8.07
6,2022,5,24,12,21.0,7.83,14.36,808.0,1.6,1.28,0.025,0.022,7.95
6,2022,5,24,16,21.6,7.97,15.59,799.8,1.5,1.13,0.025,0.023,7.98
6,2022,5,24,20,21.0,7.71,11.11,815.4,2.9,1.44,0.025,0.025,8.15
6,2022,5,25,0,20.1,7.44,7.93,827.8,1.9,1.85,0.025,0.026,8.46
6,2022,5,25,4,19.5,7.38,7.06,818.0,1.5,1.85,0.025,0.026,8.46
6,2022,5,25,8,19.3,7.44,8.41,818.2,1.7,1.0,0.025,0.021,8.28
6,2022,5,25,12,20.7,7.78,13.88,812.8,2.0,1.25,0.025,0.022,7.77
6,2022,5,25,16,21.4,8.02,15.3,805.5,1.5,2.83,0.057,0.034,8.48
6,2022,5,25,20,20.7,7.74,11.28,831.5,2.0,1.15,0.025,0.023,8.45
6,2022,5,26,0,19.9,7.51,8.17,840.6,1.6,1.01,0.025,0.022,8.6
6,2022,5,26,4,19.4,7.42,6.89,830.0,1.5,1.01,0.025,0.022,8.6
6,2022,5,26,8,19.4,7.49,8.25,831.4,1.5,1.34,0.025,0.02,8.48
6,2022,5,26,12,20.7,7.88,14.46,825.0,1.7,1.16,0.025,0.021,8.22
6,2022,5,26,16,21.6,8.08,16.95,815.6,2.5,1.08,0.025,0.021,8.67
6,2022,5,26,20,20.8,7.79,11.69,833.0,2.8,1.07,0.025,0.021,8.43
6,2022,5,27,0,19.9,7.54,8.34,832.5,1.3,1.07,0.025,0.021,8.75
6,2022,5,27,4,19.5,7.45,7.21,834.1,1.5,1.07,0.025,0.02,8.75
6,2022,5,27,8,19.5,7.5,8.47,837.9,1.4,0.95,0.025,0.02,8.81
6,2022,5,27,16,19.5,7.5,8.47,837.9,2.4,1.16,0.025,0.02,8.57
6,2022,5,27,20,21.2,7.76,10.38,842.7,1.6,1.42,0.025,0.024,9.18
6,2022,5,27,20,21.2,7.76,10.38,842.7,1.6,1.14,0.025,0.024,9.18
6,2022,5,28,4,19.9,7.47,6.8,845.6,1.9,1.14,0.025,0.024,9.18
6,2022,5,28,8,20.0,7.56,8.74,847.0,1.5,1.03,0.025,0.019,8.78
6,2022,5,28,12,21.7,7.99,14.65,846.1,1.7,1.23,0.025,0.021,8.97
6,2022,5,28,16,21.7,7.99,14.65,846.1,1.4,1.56,0.025,0.026,9.01
6,2022,5,28,20,21.6,7.76,9.97,857.0,1.5,1.56,0.025,0.026,9.01
6,2022,5,28,20,21.6,7.76,9.97,857.0,1.5,1.56,0.025,0.026,9.01
6,2022,5,29,0,20.8,7.51,7.01,858.2,1.5,1.18,0.025,0.021,9.09
6,2022,5,29,4,20.5,7.48,6.62,873.7,1.6,1.18,0.025,0.021,9.09
6,2022,5,29,8,20.6,7.57,8.43,885.3,1.7,1.16,0.025,0.02,8.92
6,2022,5,29,12,20.5,7.7,10.06,890.8,1.7,1.47,0.025,0.023,8.85
6,2022,5,29,16,21.9,8.12,15.49,885.5,1.4,1.52,0.025,0.023,8.85
6,2022,5,29,20,20.7,7.74,9.72,907.3,1.6,1.44,0.025,0.025,8.68
6,2022,5,30,0,19.9,7.53,7.18,922.8,1.9,1.35,0.025,0.023,8.75
6,2022,5,30,4,19.5,7.5,6.74,906.2,1.8,1.35,0.025,0.023,8.75
6,2022,5,30,8,19.6,7.58,8.54,899.3,1.5,1.4,0.025,0.022,8.77
6,2022,5,30,12,21.5,8.04,14.87,876.9,1.7,1.44,0.025,0.024,8.27
6,2022,5,30,16,22.5,8.24,17.32,863.2,1.6,1.52,0.025,0.028,8.47
6,2022,5,30,20,21.0,7.74,9.65,881.8,1.6,1.72,0.025,0.028,8.33
6,2022,5,30,20,21.0,7.74,9.65,881.8,1.3,1.48,0.025,0.023,8.34
6,2022,5,31,0,20.1,7.51,7.0,885.9,1.5,1.48,0.025,0.023,8.34
6,2022,5,31,8,19.8,7.58,8.43,886.2,1.6,1.5,0.025,0.022,8.49
6,2022,5,31,12,21.3,8.02,14.5,865.0,1.8,1.46,0.025,0.023,8.37
6,2022,5,31,16,21.4,7.97,12.6,877.0,17.6,0.91,0.025,0.025,8.45
6,2022,5,31,16,21.4,7.97,12.6,877.0,17.6,1.59,0.025,0.026,8.68
6,2022,6,1,0,20.1,7.53,7.68,895.8,2.4,1.43,0.025,0.024,8.69
6,2022,6,1,0,20.1,7.53,7.68,895.8,2.4,1.43,0.025,0.024,8.69
6,2022,6,1,8,20.0,7.6,8.79,877.0,1.8,1.18,0.025,0.023,8.89
6,2022,6,1,12,21.8,8.07,15.35,871.4,6.3,1.58,0.025,0.025,8.35
6,2022,6,1,16,22.7,8.23,14.39,859.0,2.3,1.61,0.028,0.029,8.58
6,2022,6,1,20,21.2,7.76,9.62,877.4,1.7,1.31,0.025,0.029,8.41
6,2022,6,2,0,20.3,7.52,7.12,871.5,1.9,1.33,0.025,0.025,8.52
6,2022,6,2,0,20.3,7.52,7.12,871.5,1.9,1.33,0.025,0.025,8.52
6,2022,6,2,8,20.2,7.57,8.49,857.1,1.7,0.95,0.025,0.024,7.94
6,2022,6,2,12,21.9,8.07,15.52,849.3,1.8,1.69,0.037,0.026,7.94
6,2022,6,2,16,22.7,8.25,17.79,851.3,2.6,1.57,0.025,0.028,7.94
6,2022,6,2,16,22.7,8.25,17.79,851.3,2.6,2.15,0.025,0.029,8.16
6,2022,6,3,0,20.8,7.53,6.96,885.0,1.8,1.35,0.025,0.026,8.6
6,2022,6,3,4,20.7,7.48,6.54,857.8,3.2,1.35,0.025,0.026,8.6
6,2022,6,3,8,20.6,7.58,8.35,862.2,1.9,1.35,0.025,0.024,7.87
6,2022,6,3,12,21.8,8.05,14.41,857.3,1.6,1.6,0.025,0.028,7.98
6,2022,6,3,16,22.5,8.16,15.75,861.9,1.7,1.62,0.025,0.031,8.1
6,2022,6,3,20,21.7,7.78,9.76,902.1,1.7,1.51,0.043,0.034,8.12
6,2022,6,4,0,21.0,7.51,6.82,896.6,1.8,1.43,0.025,0.03,8.89
6,2022,6,4,4,20.8,7.48,6.41,873.7,1.8,1.43,0.025,0.03,8.89
6,2022,6,4,8,20.7,7.49,6.86,871.4,1.9,1.3,0.025,0.028,7.97
6,2022,6,4,12,21.9,7.89,12.67,871.5,1.6,2.14,0.025,0.034,8.04
6,2022,6,4,16,23.4,8.22,16.96,878.8,1.5,1.66,0.025,0.035,8.12
6,2022,6,4,20,22.2,7.77,9.78,903.0,1.6,1.46,0.025,0.035,8.56
6,2022,6,5,0,21.1,7.51,6.81,885.9,1.7,1.5,0.025,0.031,8.7
6,2022,6,5,4,21.0,7.47,6.35,854.9,2.0,1.5,0.025,0.031,8.7
6,2022,6,5,8,21.0,7.56,8.18,859.7,1.9,1.4,0.025,0.027,7.77
6,2022,6,5,12,22.5,8.06,15.04,866.4,1.9,1.49,0.025,0.029,7.44
6,2022,6,5,16,23.4,8.26,17.18,883.2,1.5,1.63,0.025,0.033,7.78
6,2022,6,5,20,21.6,7.76,9.62,912.5,2.1,1.58,0.025,0.034,8.3
6,2022,6,6,0,20.5,7.52,6.93,902.7,2.0,1.4,0.025,0.03,8.6
6,2022,6,6,4,20.4,7.48,6.42,873.3,1.9,1.4,0.025,0.03,8.6
6,2022,6,6,8,20.4,7.58,7.84,876.0,1.5,1.14,0.025,0.027,8.0
6,2022,6,6,8,20.4,7.58,7.84,876.0,1.5,1.14,0.025,0.027,8.0
6,2022,6,6,12,21.4,7.86,12.08,881.6,7.1,1.68,0.025,0.029,7.86
6,2022,6,6,16,22.0,8.1,14.14,866.9,19.0,2.52,0.025,0.031,7.98
6,2022,6,6,20,20.8,7.73,9.58,895.7,1.9,1.51,0.025,0.035,8.47
6,2022,6,7,0,20.1,7.53,7.19,896.6,2.1,1.37,0.025,0.028,8.72
6,2022,6,7,4,19.9,7.49,6.6,871.2,2.1,1.37,0.025,0.028,8.72
6,2022,6,7,8,20.1,7.61,8.82,860.2,1.8,1.18,0.025,0.026,8.56
6,2022,6,7,12,21.0,8.03,13.79,853.0,45.7,1.52,0.025,0.026,8.31
6,2022,6,7,16,21.3,8.08,11.04,862.6,8.7,1.45,0.025,0.029,8.25
6,2022,6,7,20,20.6,7.78,9.16,873.8,2.8,1.4,0.025,0.031,8.71
6,2022,6,8,0,20.0,7.54,7.14,889.2,1.6,1.32,0.025,0.028,8.87
6,2022,6,8,4,19.9,7.5,6.82,894.8,1.6,1.32,0.025,0.028,8.87
6,2022,6,8,12,21.2,8.12,15.51,888.3,1.7,1.58,0.025,0.029,8.74
6,2022,6,8,16,21.8,8.24,16.08,898.8,2.3,1.27,0.025,0.031,8.81
6,2022,6,9,0,20.4,7.59,7.35,912.7,2.1,1.24,0.025,0.028,8.98
6,2022,6,9,4,20.1,7.52,6.65,896.8,2.3,1.24,0.025,0.028,8.98
6,2022,6,9,8,20.1,7.54,7.08,893.9,2.3,1.45,0.025,0.025,8.38
6,2022,6,9,12,20.2,7.71,9.66,901.7,2.4,1.91,0.025,0.029,8.2
6,2022,6,9,12,20.2,7.71,9.66,901.7,2.4,1.66,0.025,0.03,8.27
6,2022,6,9,16,20.9,8.03,13.38,907.0,1.8,1.51,0.025,0.032,8.36
6,2022,6,9,20,20.6,7.75,9.78,917.3,2.0,1.46,0.025,0.032,8.49
6,2022,6,10,0,20.2,7.53,7.12,908.1,1.9,1.46,0.025,0.032,8.49
6,2022,6,10,4,20.1,7.51,6.78,898.0,2.1,1.36,0.031,0.029,8.63
6,2022,6,10,8,20.1,7.61,8.56,904.2,1.8,1.51,0.025,0.025,8.13
6,2022,6,10,12,21.4,8.09,14.71,905.2,1.7,1.66,0.025,0.032,8.29
6,2022,6,10,16,21.7,8.11,11.1,908.0,1.5,1.57,0.025,0.035,8.5
6,2022,6,10,20,21.0,7.75,9.5,914.0,2.2,1.43,0.025,0.032,8.74
6,2022,6,11,0,20.5,7.53,7.61,897.2,1.8,1.43,0.025,0.032,8.74
6,2022,6,11,4,20.4,7.5,7.49,892.2,2.5,1.26,0.025,0.028,7.83
6,2022,6,11,8,20.3,7.56,7.92,900.6,4.5,1.78,0.039,0.03,7.92
6,2022,6,11,12,20.7,7.78,10.8,917.3,3.5,1.73,0.025,0.033,8.09
6,2022,6,11,16,21.1,7.93,12.22,926.8,2.8,1.61,0.025,0.034,8.52
6,2022,6,11,20,21.0,7.56,7.58,889.5,35.3,13.64,1.267,0.201,10.34
6,2022,6,12,0,21.3,7.34,5.64,542.2,59.1,13.64,1.267,0.201,10.34
6,2022,6,12,4,20.1,7.34,5.12,778.8,17.2,9.85,1.088,0.174,8.77
6,2022,6,12,8,20.4,7.32,5.42,866.3,7.6,5.52,0.28,0.102,7.74
6,2022,6,12,12,20.6,7.31,5.19,823.1,6.7,5.31,0.135,0.126,7.45
6,2022,6,12,16,21.8,7.46,6.68,852.7,8.5,4.38,0.062,0.109,7.77
6,2022,6,12,20,21.1,7.42,5.63,846.6,14.8,12.86,0.097,0.131,7.9
6,2022,6,13,0,20.4,7.37,4.87,789.0,6.9,12.86,0.097,0.131,7.9
6,2022,6,13,4,20.2,7.36,4.77,780.5,10.4,4.02,0.194,0.106,6.76
6,2022,6,13,8,20.1,7.4,5.67,832.5,4.6,2.57,0.154,0.08,7.0
6,2022,6,13,12,20.5,7.5,6.87,881.3,4.9,2.68,0.257,0.071,7.78
6,2022,6,13,16,21.1,7.5,6.75,909.0,6.3,4.0,0.463,0.088,8.31
6,2022,6,13,20,21.5,7.42,5.74,925.3,4.7,4.0,0.614,0.105,8.39
6,2022,6,14,0,21.3,7.36,4.16,866.9,5.4,4.0,0.614,0.105,8.39
6,2022,6,14,4,21.3,7.34,3.96,856.3,7.1,3.76,0.402,0.102,6.81
6,2022,6,14,8,21.4,7.38,4.41,866.5,6.4,3.85,0.402,0.102,6.81
6,2022,6,14,16,22.2,7.6,7.37,892.4,7.1,2.67,0.178,0.076,7.79
6,2022,6,14,20,21.0,7.51,6.5,909.1,6.2,1.69,0.164,0.053,8.04
6,2022,6,15,0,20.6,7.45,5.72,891.8,5.7,1.69,0.164,0.053,8.04
6,2022,6,15,4,20.5,7.44,5.28,881.7,5.6,1.44,0.085,0.052,7.42
6,2022,6,15,8,20.6,7.46,5.81,884.2,5.8,1.44,0.085,0.052,7.42
6,2022,6,15,12,21.8,7.67,8.78,874.9,6.9,2.14,0.077,0.056,7.14
6,2022,6,15,16,22.5,7.77,9.91,853.6,6.2,1.74,0.033,0.055,7.24
6,2022,6,15,20,21.7,7.59,7.3,848.5,7.7,1.49,0.025,0.052,7.29
6,2022,6,16,0,20.8,7.45,5.76,816.2,4.3,1.61,0.028,0.055,7.42
6,2022,6,16,4,20.6,7.43,5.64,796.8,5.6,1.61,0.028,0.055,7.42
6,2022,6,16,12,21.8,7.66,8.95,769.2,6.7,1.57,0.034,0.049,6.54
6,2022,6,16,16,23.0,7.7,9.99,766.4,9.1,1.29,0.025,0.049,6.97
6,2022,6,16,20,21.9,7.55,7.06,772.1,3.8,1.67,0.025,0.052,7.02
6,2022,6,17,0,21.1,7.44,5.43,772.3,3.8,1.44,0.025,0.045,6.96
6,2022,6,17,4,20.8,7.42,5.32,761.5,3.9,1.44,0.025,0.045,6.96
6,2022,6,17,8,21.0,7.46,6.53,745.4,5.4,1.38,0.03,0.045,6.6
6,2022,6,17,12,22.3,7.71,9.58,730.8,12.7,1.88,0.027,0.057,6.6
6,2022,6,17,16,23.4,7.84,10.5,731.6,7.3,1.57,0.025,0.052,6.38
6,2022,6,17,20,22.8,7.6,7.42,739.2,4.6,1.82,0.025,0.055,6.58
6,2022,6,18,0,21.9,7.42,4.94,745.8,5.0,1.51,0.025,0.047,6.53
6,2022,6,18,4,21.7,7.39,4.69,746.1,4.4,1.51,0.025,0.047,6.53
6,2022,6,18,8,21.7,7.45,6.06,736.9,5.1,1.5,0.03,0.05,6.27
6,2022,6,18,12,23.5,7.83,10.7,719.9,7.7,1.81,0.035,0.057,6.15
6,2022,6,18,16,24.7,7.94,11.84,718.0,6.9,1.69,0.025,0.051,6.2
6,2022,6,18,20,23.5,7.62,7.83,730.8,4.2,1.63,0.034,0.055,6.37
6,2022,6,19,0,22.3,7.41,4.97,740.0,4.0,1.66,0.025,0.051,6.42
6,2022,6,19,4,22.0,7.39,4.67,738.8,4.6,1.66,0.025,0.051,6.42
6,2022,6,19,8,22.0,7.41,5.64,729.1,4.5,1.69,0.025,0.045,6.34
6,2022,6,19,12,23.4,7.41,5.64,729.1,5.1,1.94,0.05,0.059,6.13
6,2022,6,19,16,24.6,7.88,11.6,704.4,6.6,1.71,0.025,0.051,6.22
6,2022,6,19,20,23.6,7.62,7.73,723.0,4.6,1.93,0.036,0.056,6.19
6,2022,6,20,0,22.5,7.42,5.38,738.7,4.4,1.62,0.025,0.048,6.4
6,2022,6,20,4,22.2,7.39,4.85,738.6,4.2,1.62,0.025,0.048,6.4
6,2022,6,20,8,22.2,7.43,5.83,725.9,5.6,1.54,0.025,0.044,6.15
6,2022,6,20,12,23.7,7.82,11.12,709.6,5.6,2.14,0.028,0.048,5.99
6,2022,6,20,16,25.2,8.01,13.3,701.0,5.2,1.75,0.025,0.045,6.19
6,2022,6,20,20,23.9,7.61,7.96,712.5,4.2,1.68,0.025,0.045,6.29
6,2022,6,21,0,22.8,7.41,5.38,728.8,4.3,1.5,0.025,0.041,6.46
6,2022,6,21,4,22.5,7.38,4.83,735.7,5.4,1.5,0.025,0.041,6.46
6,2022,6,21,8,22.6,7.45,5.98,727.6,4.2,1.37,0.025,0.038,6.26
6,2022,6,21,12,23.6,7.73,10.08,714.6,5.5,1.71,0.025,0.043,6.25
6,2022,6,22,12,18.6,9.01,8.66,3.9,1.3,1.78,0.059,0.046,5.84
6,2022,6,22,16,24.0,7.5,6.83,678.6,3.8,1.78,0.092,0.047,3.54
6,2022,6,22,20,23.9,7.44,5.58,685.4,3.0,4.96,0.035,0.038,3.03
6,2022,6,23,0,23.6,7.4,4.66,696.1,2.5,2.51,0.035,0.038,3.03
6,2022,6,23,4,23.4,7.42,4.69,698.5,2.6,2.51,0.085,0.042,5.78
6,2022,6,23,8,23.3,7.49,5.97,689.9,2.2,1.67,0.082,0.045,6.2
6,2022,6,23,12,25.6,7.93,11.75,671.2,3.2,1.96,0.025,0.046,6.89
6,2022,6,23,16,27.5,8.06,13.02,665.7,3.5,1.59,0.025,0.055,7.31
6,2022,7,11,8,24.8,7.46,5.71,608.6,3.0,1.67,0.065,0.059,5.63
6,2022,7,11,12,26.4,7.67,8.5,603.3,4.5,1.96,0.053,0.054,5.65
6,2022,7,11,16,26.4,7.75,8.6,610.5,4.1,1.95,0.025,0.055,5.52
6,2022,7,13,8,24.3,7.44,5.88,592.4,3.3,1.8,0.072,0.056,5.09
6,2022,7,13,12,26.8,7.8,10.27,604.6,4.3,2.17,0.087,0.052,4.86
6,2022,7,13,16,28.7,8.07,12.6,624.9,3.7,1.86,0.045,0.055,5.22
6,2022,7,18,12,27.5,7.83,11.5,648.2,2.9,2.27,0.025,0.046,5.78
6,2022,7,18,16,29.0,8.1,14.57,666.0,2.3,1.97,0.025,0.045,6.12
6,2022,7,19,20,26.5,7.78,8.85,705.9,2.6,2.14,0.025,0.045,6.32
6,2022,7,20,12,27.2,7.94,12.26,662.5,2.9,2.34,0.025,0.042,5.98
6,2022,7,20,16,28.8,8.23,15.7,675.7,2.5,1.96,0.025,0.043,6.5
6,2022,7,21,8,25.6,7.5,6.48,633.9,2.2,2.36,0.025,0.036,5.3
6,2022,7,21,12,27.5,8.02,13.38,649.6,2.7,2.11,0.025,0.04,5.91
6,2022,7,22,8,25.8,7.49,6.55,641.6,2.7,1.83,0.025,0.034,5.45
6,2022,7,22,12,26.8,7.93,12.1,664.3,16.3,2.28,0.025,0.035,5.24
6,2022,7,22,20,26.3,7.69,8.36,665.4,1.9,1.85,0.025,0.038,6.07
6,2022,7,23,0,25.4,7.45,5.56,634.7,4.0,1.87,0.274,0.037,5.88
6,2022,7,23,4,25.3,7.31,4.1,591.3,7.2,1.87,0.217,0.037,5.88
6,2022,7,23,8,25.3,7.34,4.39,613.4,8.0,9.65,0.243,0.08,5.53
6,2022,7,23,12,27.4,7.83,11.38,625.4,25.0,3.11,0.025,0.051,5.16
6,2022,7,23,16,28.8,8.12,14.59,653.6,8.0,1.99,0.025,0.043,5.28
6,2022,7,23,20,26.8,7.63,8.04,675.8,2.1,2.23,0.025,0.043,5.82
6,2022,7,24,0,25.6,7.39,4.92,662.2,2.9,2.35,0.025,0.039,6.11
6,2022,7,24,4,25.3,7.36,4.69,640.3,3.0,2.35,0.031,0.039,6.11
6,2022,7,24,8,25.2,7.41,5.69,634.7,2.1,2.32,0.026,0.036,5.36
6,2022,7,24,12,27.0,7.88,12.11,641.7,2.3,2.46,0.025,0.034,5.1
6,2022,7,24,16,28.8,8.2,15.98,660.2,2.4,2.07,0.025,0.036,5.56
6,2022,7,24,20,27.2,7.74,9.19,694.4,2.2,1.96,0.025,0.038,6.04
6,2022,7,25,0,25.9,7.46,5.52,680.9,2.2,2.08,0.025,0.035,6.41
6,2022,7,25,4,25.7,7.39,4.86,656.4,2.4,2.08,0.025,0.035,6.41
6,2022,7,25,12,27.2,7.9,11.78,629.9,2.7,2.37,0.025,0.032,5.32
6,2022,7,25,16,27.7,8.1,13.3,643.2,2.9,2.31,0.025,0.036,5.42
6,2022,7,25,20,26.8,7.74,9.07,684.6,2.1,2.16,0.025,0.038,5.5
6,2022,7,26,0,26.1,7.48,5.66,671.2,2.2,2.11,0.025,0.035,6.08
6,2022,7,26,4,25.7,7.42,5.09,651.1,3.0,2.11,0.025,0.035,6.08
6,2022,7,26,8,25.6,7.48,6.35,642.2,2.3,2.17,0.025,0.032,5.68
6,2022,7,26,8,25.6,7.48,6.35,642.2,2.3,1.74,0.025,0.033,5.14
6,2022,7,26,16,28.4,8.19,13.65,639.6,12.3,1.74,0.025,0.033,5.14
6,2022,7,26,20,26.9,7.64,7.55,673.5,2.6,2.9,0.025,0.046,5.91
6,2022,7,27,0,26.0,7.44,5.33,657.8,3.0,2.88,0.321,0.064,6.51
6,2022,7,27,4,24.0,7.3,5.54,362.2,62.6,1.9,0.034,0.037,5.81
6,2022,7,27,8,25.1,7.39,4.96,626.6,8.1,9.94,3.55,0.392,7.78
6,2022,7,27,12,25.3,7.38,4.27,642.2,5.9,3.28,0.592,0.098,6.62
6,2022,7,27,16,25.1,7.37,4.46,608.2,6.7,2.95,0.277,0.069,5.78
6,2022,7,27,20,23.1,7.38,5.08,635.2,18.7,3.64,0.263,0.083,5.64
6,2022,7,27,20,23.1,7.38,5.08,635.2,18.7,5.36,0.263,0.128,7.22
6,2022,7,28,0,22.5,7.34,4.87,541.8,11.4,3.92,0.894,0.116,6.72
6,2022,7,28,8,23.6,7.36,4.17,624.1,3.9,3.8,0.366,0.08,4.64
6,2022,11,1,12,16.3,7.62,9.74,836.0,1.8,1.49,0.032,0.036,8.74
6,2022,11,1,16,17.0,7.66,11.14,849.2,2.9,0.99,0.026,0.038,8.7
6,2022,11,2,12,17.4,7.72,11.52,879.9,1.6,1.66,0.03,0.04,8.94
6,2022,11,2,20,17.8,7.7,11.91,873.8,1.7,1.72,0.025,0.037,9.02
6,2022,11,3,0,17.8,7.85,13.32,877.5,2.1,1.54,0.025,0.035,8.82
6,2022,11,3,4,17.8,7.79,12.53,884.9,1.5,1.54,0.032,0.035,8.82
6,2022,11,3,8,17.5,7.67,10.85,887.6,1.5,1.56,0.036,0.033,8.57
6,2022,11,3,12,17.7,7.65,10.91,888.3,1.7,1.61,0.034,0.035,8.66
6,2022,11,3,16,17.9,7.62,10.78,891.4,1.6,1.63,0.039,0.036,9.06
6,2022,11,3,20,17.7,7.73,12.24,900.6,1.6,1.65,0.03,0.036,8.91
6,2022,11,4,0,17.6,7.76,12.64,890.5,1.6,1.59,0.03,0.036,8.91
6,2022,11,4,4,16.8,7.69,10.77,859.2,1.5,1.59,0.034,0.041,8.65
6,2022,11,4,8,15.9,7.52,8.51,850.4,2.0,1.5,0.039,0.04,8.6
6,2022,11,4,12,16.2,7.53,9.21,846.9,1.6,1.6,0.063,0.044,8.79
6,2022,11,4,16,16.8,7.6,10.54,828.6,1.4,1.49,0.196,0.051,8.62
6,2022,11,4,20,16.9,7.77,12.36,827.1,1.9,1.61,0.063,0.043,8.48
6,2022,11,5,0,16.7,7.8,12.17,833.0,1.6,1.51,0.063,0.043,8.48
6,2022,11,5,4,16.3,7.68,10.45,840.3,1.4,1.51,0.04,0.039,8.54
6,2022,11,5,8,15.7,7.5,8.26,840.5,1.6,1.36,0.038,0.041,8.34
6,2022,11,5,12,16.0,7.56,9.65,834.0,1.6,1.5,0.034,0.041,8.5
6,2022,11,5,16,16.7,7.68,11.38,823.0,1.7,1.4,0.029,0.038,8.39
6,2022,11,5,20,16.8,7.83,12.78,829.6,2.4,1.48,0.028,0.039,8.41
6,2022,11,6,0,16.8,7.81,12.37,835.8,1.7,1.48,0.028,0.039,8.41
6,2022,11,6,4,16.6,7.66,10.5,838.8,1.3,1.48,0.031,0.04,8.56
6,2022,11,6,8,16.1,7.5,8.29,838.9,1.6,1.47,0.04,0.04,8.64
6,2022,11,6,12,16.3,7.55,9.68,828.5,1.3,1.54,0.043,0.04,8.64
6,2022,11,6,16,16.5,7.53,11.74,818.2,2.1,1.53,0.034,0.038,8.27
6,2022,11,6,20,16.6,7.71,12.2,805.9,1.4,1.58,0.037,0.037,8.25
6,2022,11,7,0,16.4,7.68,11.51,803.2,1.4,1.56,0.037,0.037,8.25
6,2022,11,7,4,16.2,7.54,9.59,803.2,1.3,1.56,0.044,0.041,8.36
6,2022,11,7,8,15.8,7.46,8.14,803.9,1.3,1.53,0.051,0.041,7.99
6,2022,11,7,12,16.0,7.53,9.44,798.2,1.8,1.58,0.041,0.04,7.88
6,2022,11,7,16,16.6,7.64,10.92,787.7,1.5,1.43,0.046,0.038,7.56
6,2022,11,7,20,16.5,7.72,11.93,797.0,2.0,1.4,0.044,0.04,7.68
6,2022,11,8,0,16.3,7.7,11.47,804.3,1.5,1.53,0.044,0.04,7.68
6,2022,11,8,4,16.0,7.56,9.77,810.8,1.6,1.53,0.045,0.039,8.13
6,2022,11,8,8,15.6,7.47,8.41,812.6,1.5,1.54,0.05,0.039,8.0
6,2022,11,8,12,15.9,7.55,10.08,804.2,2.0,1.47,0.044,0.038,8.06
6,2022,11,8,16,16.4,7.67,11.88,788.8,2.6,1.49,0.049,0.038,7.82
6,2022,11,8,20,16.5,7.74,12.57,796.4,2.5,0.77,0.028,0.036,7.58
6,2022,11,9,0,16.5,7.77,12.41,803.0,1.6,1.0,0.028,0.036,7.58
6,2022,11,9,4,16.3,7.62,10.66,809.3,1.5,1.0,0.038,0.04,7.57
6,2022,11,9,8,16.0,7.51,8.98,810.9,2.6,1.48,0.046,0.038,7.64
6,2022,11,9,12,16.2,7.54,9.88,804.3,2.0,1.67,0.045,0.037,7.4
6,2022,11,9,16,16.6,7.63,11.28,794.1,1.6,1.6,0.036,0.035,7.27
6,2022,11,9,20,16.7,7.7,11.93,800.8,1.5,1.44,0.032,0.033,7.4
6,2022,11,10,0,16.8,7.67,11.41,799.5,1.9,1.3,0.032,0.033,7.4
6,2022,11,10,4,16.6,7.56,9.62,806.1,1.6,1.3,0.035,0.035,7.63
6,2022,11,10,8,16.3,7.47,8.17,809.6,1.6,1.38,0.048,0.034,7.88
6,2022,11,10,12,16.8,7.56,10.09,805.3,2.1,1.56,0.047,0.036,8.06
6,2022,11,10,16,17.3,7.69,12.34,798.2,2.2,1.52,0.038,0.035,8.08
6,2022,11,10,20,17.4,7.81,13.16,812.4,2.3,1.5,0.032,0.036,8.17
6,2022,11,11,0,17.7,7.78,12.36,815.3,1.9,1.54,0.032,0.036,8.17
6,2022,11,11,4,17.6,7.62,10.19,816.7,1.4,1.54,0.036,0.035,8.35
6,2022,11,11,8,17.4,7.49,8.08,813.5,1.9,1.44,0.038,0.034,8.31
6,2022,11,11,12,17.4,7.45,7.4,806.6,2.5,1.62,0.059,0.035,8.22
6,2022,11,11,16,17.5,7.46,7.49,801.7,1.7,1.54,0.075,0.036,8.03
6,2022,11,11,20,17.4,7.46,7.48,798.1,2.3,1.62,0.14,0.04,8.09
6,2022,11,12,0,17.4,7.48,7.46,774.4,9.1,1.7,0.14,0.04,8.09
6,2022,11,12,4,17.4,7.39,6.34,734.7,15.7,1.7,2.282,0.266,10.65
6,2022,11,12,8,17.0,7.54,6.87,772.3,15.9,6.46,0.818,0.121,9.96
6,2022,11,12,12,16.6,7.51,7.44,769.7,9.4,3.73,0.48,0.09,8.84
6,2022,11,12,16,16.5,7.49,7.78,717.4,7.1,3.78,0.494,0.086,8.17
6,2022,11,12,20,15.9,7.49,8.26,726.4,4.0,3.6,0.654,0.091,7.65
6,2022,11,13,0,15.5,7.54,9.24,776.2,2.9,2.88,0.654,0.091,7.65
6,2022,11,13,4,15.1,7.5,8.56,801.7,2.2,2.88,0.366,0.07,8.14
6,2022,11,13,8,14.7,7.41,7.33,793.6,2.9,2.36,0.348,0.061,7.86
6,2022,11,13,12,14.9,7.42,7.76,777.7,4.4,2.4,0.437,0.069,7.68
6,2022,11,13,16,15.4,7.49,8.82,770.5,2.7,2.47,0.425,0.07,7.5
6,2022,11,13,20,15.3,7.52,9.27,775.8,2.6,2.36,0.563,0.082,7.58
6,2022,11,14,0,15.6,7.56,9.9,774.4,2.3,2.4,0.563,0.082,7.58
6,2022,11,14,4,15.3,7.49,8.98,774.6,1.8,2.4,0.155,0.076,7.44
6,2022,11,14,8,14.8,7.41,7.45,771.9,2.2,1.97,0.14,0.059,7.58
6,2022,11,14,12,15.1,7.45,8.43,770.0,2.3,1.91,0.302,0.059,7.58
6,2022,11,14,16,15.7,7.54,9.99,763.0,1.6,1.92,0.145,0.053,7.66
6,2022,11,14,16,15.7,7.54,9.99,763.0,1.6,1.92,0.145,0.053,7.66
6,2022,11,14,20,15.5,7.58,10.35,774.1,1.4,1.83,0.088,0.046,7.45
6,2022,11,15,0,15.7,7.63,10.8,780.8,2.7,1.83,0.088,0.046,7.45
6,2022,11,15,4,15.5,7.54,9.49,785.6,2.1,1.76,0.09,0.048,7.6
6,2022,11,15,8,15.1,7.44,7.96,785.1,1.7,1.83,0.076,0.046,7.49
6,2022,11,15,12,15.3,7.47,8.51,784.5,2.4,1.82,0.13,0.053,7.81
6,2022,11,15,16,15.9,7.55,9.91,776.7,1.7,1.68,0.066,0.047,7.74
6,2022,11,16,12,15.5,7.52,9.36,806.3,1.9,1.76,0.072,0.045,7.85
6,2022,11,16,16,16.0,7.61,10.87,792.6,1.5,1.73,0.173,0.055,7.82
6,2022,11,16,20,15.9,7.7,11.74,794.8,1.6,1.61,0.084,0.047,7.63
6,2022,11,17,0,15.9,7.69,11.37,805.1,1.8,1.51,0.051,0.044,7.62
6,2022,11,17,4,15.6,7.55,9.55,810.3,1.7,1.71,0.192,0.057,8.08
6,2022,11,17,8,15.2,7.44,8.0,806.3,1.9,1.64,0.066,0.048,8.11
6,2022,11,17,12,15.4,7.52,9.34,802.6,2.0,1.72,0.053,0.044,7.97
6,2022,11,17,20,15.9,7.66,11.55,811.5,1.7,1.6,0.055,0.044,8.0
6,2022,11,18,16,15.8,7.55,10.36,800.4,2.7,1.61,0.262,0.056,8.26
6,2022,11,18,20,16.0,7.6,10.9,805.2,2.1,1.47,0.039,0.043,8.22
6,2022,11,19,0,16.2,7.6,10.62,805.7,1.8,1.87,0.025,0.043,7.95
6,2022,11,19,4,16.2,7.54,9.4,807.1,1.9,1.73,0.025,0.044,8.23
6,2022,11,19,8,15.9,7.47,8.01,813.9,1.6,1.72,0.044,0.047,8.41
6,2022,11,19,12,16.2,7.54,9.46,823.4,1.9,1.57,0.033,0.043,8.26
6,2022,11,19,16,16.9,7.63,11.4,845.4,2.0,0.46,0.029,0.042,8.7
6,2022,11,19,20,16.8,7.65,11.58,867.9,1.8,1.52,0.09,0.051,9.01
6,2022,11,20,0,16.7,7.74,12.56,881.7,2.0,1.5,0.035,0.049,9.11
6,2022,11,20,4,16.5,7.64,10.85,887.1,1.6,1.42,0.061,0.052,9.33
6,2022,11,20,8,16.4,7.53,8.85,885.4,2.1,1.53,0.035,0.052,9.52
6,2022,11,20,12,16.3,7.45,7.74,881.1,1.5,1.58,0.035,0.053,9.52
6,2022,11,20,16,16.4,7.46,7.84,880.3,1.7,0.88,0.038,0.055,9.52
6,2022,11,20,20,16.4,7.47,7.91,884.6,2.2,1.8,0.498,0.093,9.74
6,2022,11,21,0,16.4,7.5,8.22,891.5,1.9,1.66,0.316,0.079,9.42
6,2022,11,21,4,16.3,7.48,8.01,894.2,1.6,1.66,0.316,0.079,9.42
6,2022,11,21,12,16.3,7.53,9.01,892.2,1.5,1.55,0.09,0.066,9.56
6,2022,11,21,16,16.7,7.6,10.36,877.7,1.4,1.63,0.127,0.066,9.23
6,2022,11,21,20,16.8,7.72,12.2,874.2,1.9,1.66,0.098,0.068,9.08
6,2022,11,22,0,16.4,7.6,10.36,781.9,1.8,1.66,0.098,0.068,9.08
6,2022,11,22,4,15.3,7.49,8.31,733.0,1.6,1.56,0.042,0.049,7.55
6,2022,11,22,8,15.0,7.46,7.94,727.5,2.1,1.4,0.047,0.048,7.36
6,2022,11,22,12,15.3,7.55,9.38,721.9,1.6,0.96,0.093,0.049,7.18
6,2022,11,22,16,15.7,7.7,11.18,722.4,1.9,1.46,0.045,0.046,7.19
6,2022,11,22,20,15.6,7.78,11.51,722.6,1.7,0.51,0.052,0.048,7.54
6,2022,11,23,0,15.3,7.71,10.56,723.5,1.7,0.51,0.052,0.048,7.54
6,2022,11,23,4,14.9,7.62,9.51,726.7,1.5,1.46,0.05,0.047,7.4
6,2022,11,23,8,14.5,7.56,8.7,723.3,5.2,1.9,0.043,0.053,7.33
6,2022,11,23,12,14.7,7.62,9.69,717.4,1.8,0.9,0.039,0.045,7.13
6,2022,11,23,16,15.1,7.7,11.21,770.9,1.8,1.31,0.042,0.043,7.97
6,2022,11,23,20,15.4,7.68,11.39,834.4,1.6,1.33,0.025,0.045,8.41
6,2022,11,24,0,15.9,7.73,12.26,879.3,2.3,1.33,0.025,0.045,8.41
6,2022,11,24,4,16.0,7.64,11.01,883.2,1.6,1.64,0.038,0.06,9.24
6,2022,11,24,8,16.2,7.56,9.61,884.8,1.6,1.7,0.039,0.059,9.54
6,2022,11,24,12,16.2,7.51,8.79,885.0,1.6,1.57,0.028,0.061,9.65
6,2022,11,24,16,16.4,7.56,9.77,883.0,1.7,1.0,0.025,0.062,9.66
6,2022,11,24,20,16.3,7.54,9.71,884.7,1.8,1.6,0.027,0.061,9.74
6,2022,11,25,0,16.4,7.6,10.48,884.2,2.4,1.6,0.027,0.061,9.74
6,2022,11,25,4,16.4,7.6,10.33,887.0,1.7,1.52,0.038,0.067,10.04
6,2022,11,25,8,16.2,7.54,9.19,890.6,1.8,0.94,0.035,0.07,9.95
6,2022,11,25,12,16.4,7.58,10.17,885.6,1.5,0.81,0.03,0.073,10.3
6,2022,11,25,12,16.4,7.58,10.17,885.6,1.5,0.81,0.03,0.073,10.3
6,2022,11,25,16,16.4,7.62,10.71,881.6,1.9,1.48,0.032,0.07,10.08
6,2022,11,25,20,15.6,7.66,10.52,887.7,1.6,1.46,0.028,0.066,9.88
6,2022,11,26,0,15.0,7.75,11.58,888.8,1.8,1.46,0.028,0.066,9.88
6,2022,11,26,4,14.6,7.71,11.13,861.4,1.8,0.99,0.025,0.063,9.6
6,2022,11,26,8,14.0,7.64,9.96,841.9,1.5,1.54,0.03,0.063,9.24
6,2022,11,26,12,13.9,7.64,10.42,877.4,1.2,1.6,0.027,0.069,9.76
6,2022,11,26,16,14.0,7.64,11.12,896.4,1.5,1.6,0.027,0.069,9.76
6,2022,11,28,8,14.9,7.58,9.99,894.2,1.8,1.6,0.026,0.055,9.77
6,2022,11,28,12,15.3,7.6,10.49,886.2,1.9,1.85,0.025,0.059,10.09
6,2022,11,28,16,15.4,7.63,10.5,878.3,1.8,1.91,0.025,0.059,10.11
6,2022,11,29,8,12.7,7.65,10.1,907.6,1.6,1.88,0.026,0.062,9.97
6,2022,11,29,12,12.1,7.7,10.9,909.4,1.7,1.88,0.032,0.062,9.97
6,2022,11,29,16,11.4,7.79,11.93,906.9,1.6,1.87,0.03,0.065,10.53
6,2022,11,29,20,10.6,7.76,11.39,913.6,2.1,1.89,0.031,0.065,10.35
6,2022,11,30,0,10.3,7.84,11.89,922.1,1.6,2.01,0.031,0.065,10.1
6,2022,11,30,4,10.0,7.85,11.48,931.0,2.0,2.01,0.038,0.065,10.1
6,2022,11,30,8,9.8,7.75,10.52,933.8,1.5,1.97,0.045,0.067,9.59
6,2022,11,30,12,10.2,7.78,11.32,931.0,2.0,2.05,0.038,0.07,9.8
6,2022,11,30,16,10.6,7.81,12.3,931.7,1.7,1.92,0.042,0.071,10.53
6,2022,11,30,20,10.9,7.74,11.37,920.2,2.0,2.07,0.16,0.074,11.34
6,2022,12,1,0,11.4,7.79,12.1,918.2,1.6,2.14,0.16,0.083,11.23
6,2022,12,1,4,11.7,7.79,11.72,915.0,1.6,2.14,0.102,0.083,11.23
6,2022,12,1,12,12.2,7.72,11.13,913.8,1.7,1.92,0.098,0.067,10.99
6,2022,12,1,16,12.6,7.74,11.61,911.9,1.6,1.9,0.168,0.074,11.55
6,2022,12,2,0,12.4,7.72,11.5,924.9,1.7,2.0,0.208,0.084,11.85
6,2022,12,2,4,12.5,7.73,11.67,928.0,1.8,2.0,0.136,0.084,11.85
6,2022,12,2,8,12.2,7.65,10.45,934.1,1.4,1.81,0.028,0.07,11.28
6,2022,12,2,12,12.5,7.67,10.94,942.7,1.6,1.93,0.146,0.079,11.46
6,2022,12,2,16,12.5,7.67,10.94,942.7,1.6,2.08,0.276,0.095,11.81
6,2022,12,2,20,12.6,7.63,10.82,931.1,1.6,1.7,0.047,0.073,11.79
6,2022,12,3,0,12.6,7.68,11.26,926.3,1.8,1.7,0.047,0.073,11.79
6,2022,12,3,4,12.6,7.69,11.39,930.4,1.4,1.63,0.082,0.078,11.54
6,2022,12,3,8,12.6,7.64,10.41,937.2,1.5,1.66,0.028,0.074,11.58
6,2022,12,3,12,12.8,7.65,10.76,937.7,1.5,1.5,0.025,0.076,11.92
6,2022,12,3,16,12.9,7.71,11.32,931.7,2.7,1.94,0.45,0.111,12.19
6,2022,12,3,20,12.6,7.65,10.45,937.9,2.8,1.9,0.339,0.104,12.38
6,2022,12,4,0,12.5,7.67,10.82,938.5,6.3,1.9,0.339,0.104,12.38
6,2022,12,4,4,12.4,7.73,11.51,940.4,1.7,1.62,0.074,0.077,11.53
6,2022,12,4,8,12.2,7.65,10.47,941.5,1.5,1.68,0.028,0.074,11.4
6,2022,12,4,12,12.6,7.69,11.2,935.4,1.8,1.63,0.025,0.079,11.61
6,2022,12,4,16,13.1,7.73,11.75,925.9,1.8,1.63,0.174,0.094,11.56
6,2022,12,4,20,12.8,7.64,10.81,925.3,2.3,1.96,0.417,0.109,11.91
6,2022,12,5,0,12.7,7.65,11.02,921.5,2.1,1.96,0.417,0.109,11.91
6,2022,12,5,4,12.8,7.73,11.92,924.9,1.8,1.87,0.244,0.097,11.24
6,2022,12,5,8,12.5,7.67,10.88,927.8,4.0,1.62,0.06,0.081,11.06
6,2022,12,5,12,12.9,7.71,11.59,923.6,1.8,1.68,0.163,0.091,11.3
6,2022,12,5,16,13.4,7.77,12.19,913.4,2.0,1.79,0.179,0.092,11.49
6,2022,12,6,0,12.7,7.66,10.91,900.8,1.7,1.69,0.078,0.081,11.17
6,2022,12,6,4,12.8,7.7,11.86,909.1,1.5,1.78,0.145,0.084,11.3
6,2022,12,6,8,12.6,7.66,11.12,915.2,1.5,1.62,0.028,0.068,11.07
6,2022,12,6,12,13.1,7.7,11.6,905.5,1.8,1.63,0.025,0.066,11.32
6,2022,12,6,16,13.9,7.74,12.03,892.3,2.8,1.81,0.205,0.088,11.3
6,2022,12,6,20,13.5,7.6,10.12,891.7,2.4,2.01,0.372,0.103,11.11
6,2022,12,7,0,13.5,7.65,11.12,895.7,2.0,2.01,0.372,0.103,11.11
6,2022,12,7,4,13.5,7.67,11.36,902.6,2.0,1.83,0.2,0.089,11.02
6,2022,12,7,8,13.3,7.61,10.57,903.6,1.9,1.84,0.041,0.08,10.69
6,2022,12,7,12,13.8,7.66,11.2,896.1,1.8,1.76,0.117,0.085,11.03
6,2022,12,7,16,14.3,7.7,11.76,879.7,2.7,1.84,0.195,0.091,10.77
6,2022,12,7,20,13.8,7.65,11.15,883.7,1.6,1.87,0.162,0.086,10.46
6,2022,12,8,0,13.7,7.68,11.26,895.0,2.0,1.87,0.162,0.086,10.46
6,2022,12,8,4,14.0,7.75,12.14,905.8,2.3,1.19,0.236,0.095,10.9
6,2022,12,8,8,13.9,7.69,11.27,905.0,1.7,1.67,0.031,0.072,10.89
6,2022,12,8,12,14.4,7.73,11.82,897.9,1.9,1.65,0.034,0.074,11.04
6,2022,12,8,16,14.8,7.77,12.21,886.5,2.4,1.74,0.2,0.086,11.19
6,2022,12,8,20,14.3,7.66,10.9,884.2,1.9,1.76,0.176,0.081,11.0
6,2022,12,9,0,14.0,7.62,10.54,892.2,2.2,1.76,0.176,0.081,11.0
6,2022,12,9,4,14.0,7.69,11.64,904.3,2.0,1.8,0.286,0.094,11.45
6,2022,12,9,8,13.8,7.65,10.96,906.8,1.7,1.72,0.028,0.068,11.05
6,2022,12,9,12,14.3,7.68,11.67,898.0,1.8,1.7,0.121,0.077,11.39
6,2022,12,9,16,14.7,7.74,12.3,880.7,2.1,1.71,0.166,0.086,11.52
6,2022,12,9,20,14.4,7.66,11.08,882.0,1.9,1.77,0.22,0.086,11.39
6,2022,12,10,0,14.4,7.69,11.52,882.9,2.3,1.77,0.22,0.086,11.39
6,2022,12,10,4,14.2,7.74,11.66,889.2,2.3,1.78,0.115,0.082,10.96
6,2022,12,10,8,13.5,7.69,10.71,901.1,2.1,1.8,0.029,0.074,11.06
6,2022,12,10,12,13.5,7.75,11.28,901.8,1.9,1.68,0.054,0.077,11.13
6,2022,12,10,16,13.5,7.79,11.59,892.2,2.2,2.0,0.322,0.102,11.6
6,2022,12,10,20,12.8,7.71,10.57,897.9,2.1,1.7,0.329,0.103,11.57
6,2022,12,11,0,12.6,7.73,11.0,908.7,2.3,1.7,0.329,0.103,11.57
6,2022,12,11,4,12.6,7.77,11.54,909.4,2.5,1.98,0.147,0.09,11.41
6,2022,12,11,8,12.5,7.69,10.7,906.0,2.3,2.03,0.025,0.076,11.16
6,2022,12,11,12,12.9,7.7,11.33,902.0,2.2,1.9,0.039,0.076,11.38
6,2022,12,11,16,13.4,7.71,11.66,890.3,3.3,2.15,0.297,0.098,11.45
6,2022,12,11,20,13.2,7.63,10.84,890.1,2.7,2.25,0.42,0.108,11.43
6,2022,12,12,0,13.4,7.68,11.31,895.7,3.2,2.25,0.42,0.108,11.43
6,2022,12,12,4,13.5,7.75,11.94,906.8,3.7,1.92,0.188,0.087,11.03
6,2022,12,12,8,13.3,7.69,10.85,903.3,3.1,1.88,0.025,0.071,10.64
6,2022,12,12,12,13.4,7.74,11.26,899.9,3.6,1.35,0.208,0.087,10.85
6,2022,12,12,16,13.1,7.5,11.22,900.0,1.9,1.35,0.536,0.115,11.16
6,2022,12,12,20,13.0,7.68,10.74,885.5,2.8,1.97,0.358,0.102,10.89
6,2022,12,13,0,12.9,7.72,11.05,890.2,2.9,1.97,0.358,0.102,10.89
6,2022,12,13,4,12.4,7.8,11.41,898.2,2.6,1.69,0.151,0.082,10.73
6,2022,12,13,8,11.7,7.75,10.67,901.0,2.2,1.77,0.03,0.069,10.5
6,2022,12,13,12,11.4,7.8,11.5,901.3,2.9,2.04,0.228,0.089,11.05
6,2022,12,13,16,11.3,7.84,11.77,914.5,2.7,2.17,0.49,0.118,11.83
6,2022,12,13,20,10.7,7.81,11.14,928.4,2.6,2.08,0.359,0.108,11.69
6,2022,12,14,0,10.4,7.86,11.32,930.9,3.1,2.08,0.359,0.108,11.69
6,2022,12,14,4,10.4,7.91,11.88,920.7,3.1,1.94,0.256,0.099,11.07
6,2022,12,14,8,10.2,7.81,11.06,907.7,2.7,1.76,0.054,0.078,10.81
6,2022,12,14,12,10.9,7.8,11.66,902.0,3.4,2.03,0.204,0.091,11.12
6,2022,12,14,16,11.4,7.84,12.24,888.5,4.1,2.28,0.499,0.118,11.37
6,2022,12,14,20,11.4,7.74,11.29,880.9,3.8,2.35,0.691,0.135,11.64
6,2022,12,15,0,11.7,7.75,11.75,885.9,4.7,2.35,0.691,0.135,11.64
6,2022,12,15,4,12.0,7.8,12.61,907.3,6.7,1.5,0.43,0.108,12.19
6,2022,12,15,8,11.7,7.72,11.54,922.4,4.8,1.95,0.1,0.078,12.05
6,2022,12,15,12,12.0,7.78,12.22,927.0,5.6,2.04,0.268,0.094,12.58
6,2022,12,15,16,12.4,7.84,13.0,924.9,6.0,2.18,0.621,0.125,13.15
6,2022,12,15,20,11.8,7.72,11.48,931.6,4.0,2.35,0.673,0.137,13.43
6,2022,12,16,0,11.4,7.75,11.83,927.3,6.4,2.35,0.673,0.137,13.43
6,2022,12,16,4,11.3,7.85,12.87,927.0,6.6,2.1,0.456,0.112,13.12
6,2022,12,16,8,10.9,7.77,12.06,934.1,4.1,1.9,0.113,0.077,12.94
6,2022,12,16,12,11.2,7.78,12.39,928.6,5.4,1.9,0.304,0.094,13.32
6,2022,12,16,16,11.4,7.84,12.6,918.0,3.7,2.01,0.555,0.111,13.32
6,2022,12,16,20,10.9,7.69,10.95,916.3,3.8,2.04,0.542,0.111,13.2
6,2022,12,17,0,10.4,7.71,11.11,919.4,3.5,2.04,0.542,0.111,13.2
6,2022,12,17,4,10.0,7.82,11.84,925.6,3.3,1.89,0.276,0.087,12.48
6,2022,12,17,8,9.6,7.79,11.1,934.1,3.1,1.85,0.1,0.07,12.22
6,2022,12,17,12,9.8,7.84,11.49,929.1,3.1,2.02,0.323,0.094,12.64
6,2022,12,17,16,10.0,7.89,11.72,920.8,4.3,2.36,0.893,0.15,13.22
6,2022,12,17,20,9.9,7.81,11.19,918.7,4.8,2.26,0.624,0.133,12.82
6,2022,12,18,0,10.1,7.86,11.88,920.0,8.2,2.26,0.624,0.133,12.82
6,2022,12,18,4,10.4,7.84,11.87,929.7,4.5,2.02,0.407,0.112,12.69
6,2022,12,18,8,10.6,7.74,11.06,934.0,4.2,2.02,0.407,0.112,12.69
6,2022,12,18,12,11.0,7.7,11.24,934.2,3.0,1.89,0.392,0.111,11.95
6,2022,12,18,16,12.2,7.74,11.75,941.2,8.8,2.29,0.659,0.135,12.62
6,2022,12,18,20,11.3,7.65,11.11,920.5,4.1,2.17,0.668,0.146,12.59
6,2022,12,19,0,11.5,7.72,12.32,922.7,4.3,2.17,0.668,0.146,12.59
6,2022,12,19,4,11.5,7.78,12.96,920.5,4.4,1.83,0.432,0.116,12.78
6,2022,12,19,8,11.3,7.68,11.68,918.6,4.4,0.81,0.197,0.096,12.66
6,2022,12,19,12,11.8,7.7,11.88,905.0,3.8,1.85,0.446,0.117,12.71
6,2022,12,19,16,12.2,7.71,11.89,892.7,4.5,1.95,0.639,0.133,12.96
6,2022,12,19,20,11.8,7.66,10.96,894.0,4.2,2.0,0.532,0.125,12.74
6,2022,12,20,0,11.9,7.7,11.86,901.2,4.3,2.0,0.532,0.125,12.74
6,2022,12,20,4,12.0,7.76,12.44,909.6,4.4,1.9,0.418,0.109,12.37
6,2022,12,20,8,11.9,7.69,11.37,917.0,4.8,0.95,0.158,0.084,11.97
6,2022,12,20,12,12.3,7.7,11.61,912.6,3.9,1.77,0.494,0.107,12.31
6,2022,12,20,16,12.6,7.72,11.83,902.9,4.5,2.13,0.741,0.133,12.32
6,2022,12,20,20,12.4,7.63,10.87,901.5,4.5,2.1,0.664,0.132,12.21
6,2022,12,21,0,12.1,7.72,11.68,899.6,5.3,2.1,0.664,0.132,12.21
6,2022,12,21,4,11.8,7.77,12.06,915.3,5.1,1.74,0.331,0.096,11.58
6,2022,12,21,8,11.6,7.69,11.1,925.7,4.9,1.74,0.102,0.085,11.22
6,2022,12,21,12,11.9,7.71,11.35,918.7,5.7,1.88,0.436,0.111,11.59
6,2022,12,21,16,12.1,7.75,11.71,914.9,6.4,0.92,0.665,0.133,11.66
6,2022,12,21,20,11.7,7.69,10.97,918.9,6.2,1.19,0.586,0.127,11.52
6,2022,12,22,0,11.5,7.74,11.76,922.3,6.8,1.19,0.586,0.127,11.52
6,2022,12,22,4,11.4,7.8,12.42,928.3,7.4,1.82,0.37,0.106,10.94
6,2022,12,22,8,11.0,7.72,11.3,929.9,11.8,1.87,0.133,0.393,10.75
6,2022,12,22,8,11.0,7.72,11.3,929.9,11.8,1.87,0.133,0.393,10.75
6,2022,12,22,12,11.2,7.76,11.54,918.9,7.0,1.99,0.453,0.123,10.97
6,2022,12,22,12,11.2,7.76,11.54,918.9,7.0,1.99,0.453,0.123,10.97
6,2022,12,22,16,11.3,7.79,11.56,909.9,7.0,2.01,0.682,0.137,11.01
6,2022,12,22,20,10.8,7.71,10.67,917.4,7.8,2.01,0.838,0.149,11.36
6,2022,12,23,0,10.5,7.76,11.3,915.9,8.6,2.01,0.838,0.149,11.36
6,2022,12,23,4,10.6,7.81,12.15,913.8,9.9,1.82,0.458,0.109,10.58
6,2022,12,23,8,10.2,7.73,11.27,916.8,10.0,1.82,0.151,0.08,10.21
6,2022,12,23,12,10.8,7.73,11.52,905.8,10.1,1.32,0.441,0.103,10.7
6,2022,12,23,16,11.3,7.76,11.61,889.8,12.1,2.29,0.678,0.144,11.12
6,2022,12,24,16,11.4,7.67,12.31,926.6,2.6,2.01,0.698,0.128,10.44
6,2022,12,24,20,11.2,7.58,11.08,922.1,2.2,2.06,0.465,0.113,10.55
6,2022,12,25,0,11.4,7.62,11.96,913.3,2.7,2.06,0.465,0.113,10.55
6,2022,12,25,4,11.6,7.7,13.01,918.0,3.0,2.07,0.516,0.111,10.9
6,2022,12,25,8,11.6,7.64,11.86,920.8,2.4,1.69,0.181,0.08,10.55
6,2022,12,25,12,12.0,7.64,12.1,917.5,2.2,1.96,0.369,0.099,11.04
6,2022,12,25,16,12.3,7.64,11.87,912.3,2.5,2.32,0.802,0.137,11.37
6,2022,12,25,20,12.1,7.58,11.06,908.6,2.5,2.12,0.746,0.134,11.48
6,2022,12,26,0,12.0,7.61,11.81,907.4,2.8,2.12,0.746,0.134,11.48
6,2022,12,26,4,11.9,7.69,12.87,914.4,2.8,1.95,0.414,0.099,10.98
6,2022,12,26,8,11.7,7.63,11.76,915.3,2.1,1.82,0.156,0.075,10.73
6,2022,12,26,12,12.1,7.66,12.04,910.6,2.1,1.88,0.409,0.097,11.17
6,2022,12,26,16,12.5,7.69,12.06,901.6,2.7,2.12,0.653,0.123,11.41
6,2022,12,26,20,12.0,7.6,10.95,902.1,2.4,2.21,0.544,0.116,11.34
6,2022,12,27,0,12.0,7.63,11.66,903.0,2.7,2.21,0.544,0.116,11.34
6,2022,12,27,4,11.8,7.73,12.86,908.4,2.5,1.91,0.39,0.103,11.13
6,2022,12,27,8,11.3,7.68,11.63,914.9,2.1,1.73,0.113,0.075,10.62
6,2022,12,27,12,11.7,7.73,11.89,909.7,2.2,1.87,0.438,0.098,10.9
6,2022,12,27,16,11.7,7.73,11.89,909.7,2.2,1.88,0.422,0.101,10.78
6,2022,12,27,20,11.4,7.7,10.92,907.5,2.6,2.22,0.654,0.125,11.2
6,2022,12,28,0,11.3,7.71,11.45,909.3,2.5,2.22,0.654,0.125,11.2
6,2022,12,28,4,11.4,7.8,12.52,911.8,3.1,1.96,0.378,0.1,10.63
6,2022,12,28,8,11.2,7.71,11.42,921.1,2.2,1.81,0.148,0.076,10.14
6,2022,12,28,12,11.8,7.72,11.79,916.2,2.5,1.94,0.321,0.094,10.48
6,2022,12,28,16,12.4,7.77,12.54,907.4,4.4,1.94,0.36,0.098,10.57
6,2022,12,28,20,12.0,7.65,11.04,912.5,2.8,2.27,0.602,0.12,10.64
6,2022,12,29,0,12.3,7.7,11.96,916.8,4.4,2.27,0.602,0.12,10.64
6,2022,12,29,4,12.2,7.72,12.32,923.9,3.7,1.86,0.331,0.096,10.2
6,2022,12,29,8,11.9,7.66,11.14,925.4,2.9,1.82,0.11,0.076,9.93
6,2022,12,29,12,12.2,7.67,11.22,919.3,3.0,2.16,0.582,0.118,10.51
6,2022,12,29,16,12.4,7.69,11.57,906.7,3.1,2.08,0.4,0.111,10.23
6,2022,12,29,20,12.0,7.65,10.85,913.1,3.3,2.44,0.766,0.147,11.0
6,2022,12,30,0,12.1,7.73,12.28,920.1,4.1,2.44,0.766,0.147,11.0
6,2022,12,30,4,11.9,7.73,12.13,924.9,4.0,1.91,0.319,0.099,10.8
6,2022,12,30,8,11.7,7.65,11.09,934.0,2.9,2.03,0.163,0.099,10.86
6,2022,12,30,12,12.1,7.66,10.94,927.0,3.4,2.54,0.462,0.11,11.16
6,2022,12,30,16,12.5,7.68,11.44,916.1,3.6,2.44,0.394,0.107,11.28
6,2022,12,30,20,12.1,7.65,11.12,917.5,3.7,2.24,0.578,0.12,11.4
6,2022,12,31,0,12.3,7.75,12.25,925.8,4.8,2.24,0.578,0.12,11.4
6,2022,12,31,4,12.2,7.73,11.94,931.3,3.4,2.01,0.388,0.103,11.16
6,2022,12,31,8,12.0,7.65,11.12,937.3,2.4,1.86,0.137,0.078,10.87
6,2022,12,31,12,12.5,7.63,10.81,930.9,3.1,2.85,0.452,0.112,11.14
6,2022,12,31,16,12.9,7.68,10.93,916.2,3.3,2.73,0.638,0.129,11.26
6,2022,12,31,20,12.5,7.64,10.85,917.8,3.2,2.59,0.656,0.127,11.18
6,2023,1,1,0,12.6,7.72,12.01,924.1,4.3,2.59,0.656,0.127,11.18
6,2023,1,1,4,12.6,7.74,12.0,929.7,3.7,2.03,0.368,0.101,11.11
6,2023,1,1,8,12.5,7.65,10.97,931.0,3.3,2.24,0.289,0.092,10.96
6,2023,1,1,12,12.8,7.64,10.83,920.4,3.6,2.35,0.337,0.099,11.12
6,2023,1,1,16,13.0,7.67,10.97,911.9,4.0,2.65,0.602,0.13,11.11
6,2023,1,1,20,12.6,7.62,10.79,911.0,3.7,2.3,0.314,0.098,10.65
6,2023,1,2,0,12.6,7.69,11.86,916.4,4.8,2.3,0.314,0.098,10.65
6,2023,1,2,4,12.5,7.76,12.28,923.2,4.6,2.23,0.438,0.108,10.81
6,2023,1,2,8,12.1,7.66,11.0,928.6,4.6,2.71,0.289,0.098,10.61
6,2023,1,2,12,12.5,7.67,11.29,922.3,3.6,2.28,0.209,0.092,10.54
6,2023,1,2,16,12.8,7.7,11.2,917.6,4.2,2.68,0.681,0.139,10.74
6,2023,1,2,20,12.2,7.61,10.68,918.1,3.6,2.02,0.207,0.095,9.96
6,2023,1,3,0,12.1,7.65,11.18,921.4,4.5,2.02,0.207,0.095,9.96
6,2023,1,3,4,12.1,7.75,12.0,924.7,6.4,2.34,0.426,0.118,9.79
6,2023,1,3,8,11.8,7.68,11.25,933.3,4.2,2.34,0.426,0.118,9.79
6,2023,1,3,12,12.4,7.69,11.69,927.0,5.5,3.17,0.244,0.104,9.88
6,2023,1,3,16,12.6,7.71,11.56,920.4,6.3,2.86,0.442,0.121,10.04
6,2023,1,3,20,12.2,7.63,10.88,924.8,5.3,2.37,0.368,0.107,9.74
6,2023,1,4,0,12.0,7.61,10.74,928.3,5.5,2.37,0.368,0.107,9.74
6,2023,1,4,4,12.2,7.7,11.92,930.4,5.5,2.14,0.409,0.106,9.7
6,2023,1,4,8,12.0,7.68,11.45,939.9,4.0,2.22,0.167,0.078,9.28
6,2023,1,4,12,12.5,7.69,11.6,941.3,5.9,2.36,0.423,0.103,9.99
6,2023,1,4,16,13.0,7.73,11.78,939.4,4.9,2.87,0.491,0.118,10.29
6,2023,1,4,20,12.6,7.63,10.78,944.6,4.8,2.45,0.398,0.105,10.07
6,2023,1,5,0,12.4,7.61,10.7,945.7,5.2,2.45,0.398,0.105,10.07
6,2023,1,5,4,12.5,7.69,11.9,942.1,5.5,2.3,0.485,0.11,9.92
6,2023,1,5,8,12.4,7.67,11.4,941.8,4.9,2.15,0.155,0.077,9.39
6,2023,1,5,12,12.8,7.69,11.55,939.8,6.2,2.56,0.403,0.102,9.56
6,2023,1,5,16,12.6,7.68,11.77,952.2,3.8,2.97,0.368,0.108,9.2
6,2023,1,5,20,12.2,7.59,11.7,950.8,2.4,2.52,0.451,0.109,9.78
6,2023,1,6,0,12.6,7.63,12.16,933.0,5.8,2.58,0.703,0.134,10.06
6,2023,1,6,4,12.6,7.7,12.75,928.6,3.0,2.34,0.409,0.105,9.75
6,2023,1,6,8,12.5,7.66,11.87,930.6,2.7,2.25,0.17,0.08,9.68
6,2023,1,6,12,13.0,7.69,12.06,928.4,2.5,2.75,0.538,0.116,10.12
6,2023,1,6,20,13.0,7.66,11.13,917.0,2.5,2.09,0.355,0.099,9.93
6,2023,1,7,0,13.1,7.67,11.46,919.4,2.3,2.52,0.674,0.127,10.2
6,2023,1,7,4,13.1,7.76,12.44,917.4,3.0,2.52,0.674,0.127,10.2
6,2023,1,7,8,12.9,7.72,11.69,918.0,2.6,2.33,0.478,0.112,9.9
6,2023,1,7,12,13.4,7.74,11.86,917.2,2.1,2.18,0.15,0.08,9.33
6,2023,1,7,16,13.8,7.73,11.52,910.1,2.3,2.36,0.3,0.096,9.77
6,2023,1,7,20,13.4,7.65,10.74,913.5,2.4,2.84,0.736,0.143,10.23
6,2023,1,8,0,13.3,7.64,10.99,920.6,2.5,2.67,0.592,0.134,9.98
6,2023,1,8,4,13.2,7.71,12.04,918.1,2.6,2.67,0.592,0.134,9.98
6,2023,1,8,8,13.1,7.68,11.45,920.0,3.0,2.34,0.46,0.113,9.72
6,2023,1,8,12,13.8,7.7,11.81,915.2,2.4,2.4,0.198,0.088,9.27
6,2023,1,8,16,14.4,7.74,11.84,902.3,2.7,2.48,0.312,0.105,9.71
6,2023,1,8,20,14.1,7.66,10.44,905.7,3.5,2.74,0.596,0.132,10.02
6,2023,1,8,20,14.1,7.66,10.44,905.7,3.2,2.74,0.596,0.132,10.14
6,2023,1,9,4,14.0,7.73,11.86,912.7,3.1,2.74,0.596,0.132,10.14
6,2023,1,9,8,13.7,7.67,11.41,918.8,5.1,2.61,0.489,0.127,9.76
6,2023,1,9,12,14.3,7.69,11.84,914.2,2.9,2.4,0.2,0.097,9.44
6,2023,1,9,16,14.6,7.7,11.86,903.6,4.9,2.85,0.436,0.121,9.87
6,2023,1,9,20,14.2,7.62,10.58,908.1,4.9,2.98,0.498,0.13,9.79
6,2023,1,10,0,13.9,7.62,10.72,910.0,3.9,2.65,0.411,0.13,9.79
6,2023,1,10,4,13.8,7.71,12.0,914.0,5.3,2.65,0.411,0.13,9.79
6,2023,1,10,8,13.5,7.68,11.57,921.0,5.7,2.62,0.502,0.12,9.58
6,2023,1,10,8,13.5,7.68,11.57,921.0,5.7,2.43,0.502,0.081,9.77
6,2023,1,10,16,14.2,7.71,11.84,910.1,5.8,3.16,0.445,0.112,9.99
6,2023,1,10,16,14.2,7.71,11.84,910.1,5.8,3.16,0.407,0.112,9.99
6,2023,1,10,20,13.7,7.64,10.89,910.7,5.0,2.86,0.372,0.108,9.76
6,2023,1,11,0,13.5,7.64,10.94,911.6,4.9,2.54,0.372,0.103,9.56
6,2023,1,11,4,13.5,7.74,12.2,913.1,4.3,2.54,0.495,0.103,9.56
6,2023,1,11,8,13.4,7.71,11.77,917.5,5.6,2.58,0.183,0.112,9.2
6,2023,1,11,12,13.5,7.72,11.98,927.7,3.7,2.37,0.498,0.114,8.81
6,2023,1,11,16,13.1,7.64,11.39,949.0,4.1,3.28,0.543,0.125,9.15
6,2023,1,11,20,13.0,7.55,10.46,945.8,2.8,3.25,0.596,0.128,9.32
6,2023,1,12,0,13.4,7.59,10.54,926.0,2.8,2.96,0.596,0.128,9.32
6,2023,1,12,4,13.6,7.64,11.2,924.5,3.1,2.96,0.568,0.118,9.38
6,2023,1,12,8,13.8,7.61,10.72,921.6,2.2,2.61,0.164,0.085,8.94
6,2023,1,12,12,13.9,7.57,10.08,923.8,2.2,2.65,0.469,0.117,9.46
6,2023,1,12,16,14.0,7.5,8.35,922.8,2.4,3.34,0.656,0.14,9.78
6,2023,1,12,20,13.9,7.46,7.57,921.1,2.7,3.74,0.715,0.141,9.74
6,2023,1,13,0,13.9,7.45,7.47,922.0,2.6,3.17,0.715,0.141,9.74
6,2023,1,13,4,13.9,7.47,7.73,925.6,2.1,3.17,0.52,0.13,9.8
6,2023,1,13,8,14.4,7.47,7.98,926.4,1.9,2.65,0.224,0.1,9.35
6,2023,1,13,12,14.7,7.53,8.99,928.3,2.1,2.57,0.648,0.135,9.69
6,2023,1,13,16,14.4,7.57,9.54,937.2,2.1,2.67,0.111,0.091,9.3
6,2023,1,13,20,13.9,7.6,9.9,928.5,1.8,2.4,0.09,0.087,9.21
6,2023,1,14,0,13.8,7.62,10.01,930.4,1.8,2.33,0.09,0.087,9.21
6,2023,1,14,4,13.2,7.66,10.34,933.6,1.7,2.33,0.086,0.083,9.23
6,2023,1,14,8,12.5,7.67,10.23,939.0,1.6,2.16,0.059,0.08,9.13
6,2023,1,14,12,12.1,7.72,11.36,940.0,1.4,2.38,0.057,0.08,9.13
6,2023,1,14,16,12.0,7.81,12.07,932.8,1.7,2.94,0.058,0.08,9.13
6,2023,1,14,20,11.4,7.8,11.51,932.2,1.4,3.01,0.057,0.086,8.79
6,2023,1,15,0,10.9,7.77,11.49,933.1,1.5,2.72,0.057,0.086,8.79
6,2023,1,15,4,10.7,7.86,12.73,935.8,1.5,2.72,0.03,0.082,8.37
6,2023,1,15,8,10.6,7.85,12.52,945.2,1.6,2.49,0.026,0.082,8.49
6,2023,1,15,12,11.3,7.88,13.26,942.6,1.7,2.78,0.025,0.085,8.84
6,2023,1,15,16,11.7,7.84,12.87,933.7,1.9,2.8,0.025,0.085,8.98
6,2023,1,15,20,11.6,7.74,11.7,939.9,1.6,2.8,0.025,0.066,8.98
6,2023,1,16,0,11.7,7.77,12.09,946.4,1.9,2.32,0.025,0.066,9.03
6,2023,1,16,4,12.2,7.85,12.9,949.0,1.6,2.32,0.025,0.063,9.03
6,2023,1,16,12,12.3,7.8,12.23,956.0,1.5,2.18,0.025,0.072,9.01
6,2023,1,16,16,13.1,7.84,12.57,948.4,2.0,2.72,0.025,0.069,9.44
6,2023,1,16,20,12.7,7.74,11.69,955.2,1.9,2.75,0.025,0.06,9.08
6,2023,1,17,0,12.8,7.73,12.0,958.9,1.8,2.07,0.025,0.06,9.08
6,2023,1,17,4,12.9,7.82,12.94,956.9,1.9,2.07,0.025,0.059,9.08
6,2023,1,17,8,12.7,7.77,11.72,958.1,2.1,2.02,0.025,0.061,8.82
6,2023,1,17,12,13.3,7.81,12.34,955.6,2.0,2.44,0.025,0.071,8.82
6,2023,1,17,16,13.6,7.86,12.95,948.4,2.9,2.07,0.025,0.064,9.45
6,2023,1,17,20,13.1,7.76,11.64,957.7,3.0,2.7,0.025,0.058,9.49
6,2023,1,18,0,12.9,7.78,12.06,957.2,2.5,2.3,0.025,0.058,9.32
6,2023,1,18,4,12.9,7.86,12.8,955.2,2.8,2.3,0.025,0.054,9.32
6,2023,1,18,8,12.6,7.78,11.86,966.6,2.7,1.91,0.025,0.057,8.67
6,2023,1,18,12,13.3,7.8,11.97,959.2,2.8,2.27,0.025,0.069,8.62
6,2023,1,18,16,13.9,7.81,12.47,957.0,2.9,3.15,0.025,0.066,9.01
6,2023,1,18,20,13.5,7.73,11.54,961.6,3.0,3.1,0.025,0.055,8.77
6,2023,1,19,0,13.3,7.72,11.84,963.3,2.4,2.22,0.025,0.055,8.53
6,2023,1,19,4,13.4,7.8,12.88,956.1,3.9,2.22,0.025,0.054,8.53
6,2023,1,19,8,13.3,7.73,11.84,959.0,2.0,1.95,0.025,0.055,8.91
6,2023,2,3,20,9.2,7.93,16.54,740.8,4.0,2.28,0.025,0.051,6.98
6,2023,2,4,0,8.7,7.58,12.29,734.4,2.0,2.28,0.025,0.051,6.98
6,2023,2,4,4,8.2,7.49,10.52,732.1,2.6,1.73,0.025,0.04,6.94
6,2023,2,4,8,7.9,7.47,10.31,734.3,1.7,1.86,0.025,0.038,6.83
6,2023,2,4,12,8.7,7.63,13.06,733.0,1.9,1.81,0.025,0.038,6.83
6,2023,2,4,16,9.6,7.86,16.15,727.8,2.8,1.96,0.025,0.041,6.96
6,2023,2,4,20,9.8,7.86,16.14,727.6,3.9,1.74,0.025,0.039,6.96
6,2023,2,5,0,9.2,7.6,12.48,726.6,1.2,1.74,0.025,0.039,6.96
6,2023,2,5,4,8.5,7.47,10.36,731.0,1.3,1.67,0.025,0.034,7.04
6,2023,2,5,8,8.2,7.47,10.02,730.1,1.2,1.94,0.025,0.034,6.82
6,2023,2,5,12,8.6,7.61,12.5,729.3,1.1,1.7,0.025,0.035,6.91
6,2023,2,5,16,9.4,7.86,15.99,723.2,1.6,1.74,0.025,0.039,7.15
6,2023,2,5,20,9.5,7.82,15.92,726.5,2.1,1.73,0.04,0.04,7.24
6,2023,2,6,0,9.2,7.58,12.67,734.7,1.2,1.73,0.04,0.04,7.24
6,2023,2,6,4,8.8,7.44,10.19,734.2,1.2,1.85,0.033,0.036,7.04
6,2023,2,6,8,8.6,7.44,9.82,732.3,1.3,2.07,0.032,0.036,6.74
6,2023,2,6,12,9.2,7.6,13.08,727.9,1.5,1.76,0.025,0.035,6.88
6,2023,2,6,16,10.0,7.87,16.38,722.9,3.2,1.85,0.026,0.04,6.78
6,2023,2,6,20,10.1,7.92,16.96,726.1,2.0,1.68,0.037,0.039,6.95
6,2023,2,7,0,10.1,7.65,14.07,749.8,1.3,1.68,0.037,0.039,6.95
6,2023,2,7,4,9.6,7.44,10.64,763.2,1.2,1.91,0.058,0.037,7.32
6,2023,2,7,8,9.2,7.38,9.45,765.6,1.9,2.09,0.041,0.037,6.87
6,2023,2,7,12,9.7,7.54,12.86,757.8,1.2,1.78,0.025,0.036,6.92
6,2023,2,7,16,10.4,7.79,16.27,750.4,3.0,1.18,0.025,0.037,6.92
6,2023,2,7,20,10.4,7.82,16.76,750.2,3.7,1.18,0.025,0.04,7.05
6,2023,2,7,20,10.4,7.82,16.76,750.2,3.7,1.18,0.025,0.04,7.05
6,2023,2,8,4,9.6,7.42,10.73,764.0,1.1,1.85,0.026,0.035,6.92
6,2023,2,8,8,9.2,7.38,9.76,771.0,2.5,2.08,0.025,0.036,6.94
6,2023,2,8,12,9.8,7.55,13.0,764.6,1.6,1.85,0.025,0.036,6.97
6,2023,2,8,16,10.5,7.79,16.54,755.7,2.7,1.71,0.025,0.035,6.81
6,2023,2,8,20,10.8,7.86,17.04,755.9,3.4,1.18,0.025,0.037,6.91
6,2023,2,9,0,10.5,7.62,14.09,761.3,1.3,1.18,0.025,0.037,6.91
6,2023,2,9,4,10.0,7.42,10.6,768.1,1.0,1.82,0.026,0.034,7.2
6,2023,2,9,12,10.0,7.45,11.28,771.2,1.0,2.0,0.025,0.034,7.07
6,2023,2,9,16,10.1,7.59,13.58,766.8,1.5,1.9,0.032,0.037,7.07
6,2023,2,9,20,10.0,7.6,13.8,767.4,1.1,1.89,0.025,0.034,7.19
6,2023,2,10,0,9.8,7.48,11.79,769.7,1.1,1.89,0.025,0.034,7.19
6,2023,2,10,4,9.5,7.38,9.95,771.1,1.3,1.77,0.034,0.035,7.48
6,2023,2,10,8,9.3,7.36,9.47,771.8,1.1,2.2,0.049,0.038,7.47
6,2023,2,10,12,9.8,7.51,13.14,771.1,1.1,1.7,0.039,0.036,7.11
6,2023,2,10,16,10.4,7.84,17.42,778.2,3.2,1.7,0.025,0.039,7.06
6,2023,2,10,20,10.8,7.88,17.34,768.1,3.2,1.61,0.025,0.038,7.15
6,2023,2,11,0,10.6,7.63,14.05,768.3,1.4,1.61,0.025,0.038,7.15
6,2023,2,11,4,10.1,7.41,10.53,768.3,1.2,1.82,0.026,0.035,7.46
6,2023,2,11,8,10.0,7.36,9.42,766.7,1.2,1.78,0.025,0.035,7.39
6,2023,2,11,12,10.0,7.4,10.24,772.6,1.1,1.73,0.025,0.036,7.32
6,2023,2,11,16,10.2,7.52,12.86,778.4,1.1,1.73,0.033,0.036,7.32
6,2023,2,11,20,10.4,7.55,13.21,769.0,1.0,1.7,0.03,0.04,7.59
6,2023,2,12,0,10.4,7.49,12.0,767.5,1.2,1.7,0.03,0.04,7.59
6,2023,2,12,4,10.2,7.38,10.12,767.3,1.2,1.61,0.046,0.04,7.64
6,2023,2,12,8,10.2,7.36,9.44,767.5,1.5,1.86,0.064,0.04,7.55
6,2023,2,12,12,10.2,7.37,10.08,770.6,1.5,1.74,0.083,0.043,7.58
6,2023,2,12,16,10.2,7.46,11.8,767.8,1.1,1.63,0.074,0.042,7.28
6,2023,2,12,20,10.2,7.46,11.94,791.5,1.6,1.39,0.079,0.042,7.2
6,2023,2,13,0,10.1,7.4,10.68,839.2,2.5,1.39,0.079,0.042,7.2
6,2023,2,13,4,9.8,7.35,9.39,832.4,3.0,2.49,0.311,0.053,8.04
6,2023,2,13,8,9.5,7.35,9.25,789.6,2.3,2.16,0.172,0.047,8.48
6,2023,2,13,12,10.0,7.52,12.27,777.7,2.1,1.8,0.088,0.046,8.11
6,2023,2,13,20,10.5,7.79,15.83,769.5,1.8,1.65,0.043,0.04,8.01
6,2023,2,14,0,10.4,7.59,13.3,778.2,1.2,1.65,0.043,0.04,8.01
6,2023,2,14,4,9.7,7.42,10.55,780.9,1.2,1.79,0.059,0.038,7.81
6,2023,2,14,8,9.3,7.35,9.29,783.1,1.4,1.9,0.064,0.037,8.15
6,2023,2,14,12,9.7,7.47,11.96,780.9,1.1,1.65,0.063,0.036,5.69
6,2023,2,14,16,10.4,7.7,15.42,775.6,1.6,1.72,0.043,0.035,2.89
6,2023,2,14,20,10.5,7.72,15.91,777.4,1.9,1.7,0.035,0.034,4.89
6,2023,2,15,0,10.4,7.59,13.85,782.7,1.3,1.7,0.035,0.034,4.89
6,2023,2,15,4,10.0,7.43,10.93,787.1,1.5,1.84,0.04,0.034,6.14
6,2023,2,15,16,10.5,7.7,15.96,792.9,1.9,2.06,0.036,0.037,6.8
6,2023,2,15,20,10.5,7.7,15.93,794.4,5.1,1.8,0.032,0.034,6.65
6,2023,2,16,0,10.5,7.6,14.08,787.3,2.6,1.8,0.032,0.034,6.65
6,2023,2,16,4,10.0,7.45,11.2,792.6,2.1,1.83,0.031,0.034,7.34
6,2023,2,16,8,9.6,7.37,9.64,803.0,2.5,2.04,0.039,0.036,7.39
6,2023,2,16,12,10.4,7.5,12.85,798.8,2.3,1.75,0.031,0.037,7.1
6,2023,2,16,16,11.0,7.72,16.13,788.0,3.1,1.77,0.032,0.037,7.13
6,2023,2,16,20,11.3,7.76,16.59,796.9,2.2,1.78,0.025,0.035,7.22
6,2023,2,17,0,11.2,7.63,14.66,803.1,1.6,1.78,0.025,0.035,7.22
6,2023,2,17,4,10.6,7.44,11.43,814.8,1.3,1.78,0.025,0.035,7.39
6,2023,2,17,8,10.2,7.37,9.45,813.3,1.5,1.93,0.025,0.035,6.92
6,2023,2,17,12,10.5,7.46,11.84,803.4,1.8,1.48,0.032,0.035,7.01
6,2023,2,17,16,10.9,7.61,14.2,789.6,1.2,1.6,0.037,0.035,6.85
6,2023,2,18,4,10.7,7.41,10.38,774.8,1.3,1.94,0.031,0.038,7.03
6,2023,2,18,8,10.4,7.37,8.87,773.2,2.6,1.91,0.035,0.038,6.84
6,2023,2,18,12,10.5,7.39,9.64,772.8,1.5,2.2,0.177,0.054,6.92
6,2023,2,18,16,10.8,7.5,11.93,768.4,1.0,1.84,0.071,0.042,6.78
6,2023,2,18,20,10.5,7.59,12.94,765.2,1.0,1.84,0.032,0.04,7.03
6,2023,2,18,20,10.5,7.59,12.94,765.2,1.0,1.84,0.032,0.04,7.03
6,2023,2,18,20,10.5,7.59,12.94,765.2,1.0,1.84,0.032,0.04,7.03
6,2023,2,19,8,9.4,7.44,9.34,773.7,2.9,2.07,0.044,0.044,7.02
6,2023,2,19,12,10.3,7.52,12.25,764.0,2.0,1.88,0.038,0.041,7.02
6,2023,2,19,16,11.3,7.72,15.36,759.1,2.2,1.79,0.028,0.041,6.81
6,2023,2,19,20,11.4,7.75,15.46,764.6,1.6,1.69,0.029,0.042,6.79
6,2023,2,20,0,11.3,7.64,13.79,770.4,1.3,1.69,0.029,0.042,6.79
6,2023,2,20,4,10.6,7.49,11.29,767.0,1.3,1.86,0.029,0.043,6.81
6,2023,2,20,8,9.8,7.38,9.4,771.1,2.0,1.96,0.032,0.041,6.91
6,2023,2,20,12,10.5,7.49,12.3,760.4,1.9,1.96,0.032,0.04,6.91
6,2023,2,20,16,11.2,7.68,15.44,761.7,2.0,1.58,0.028,0.04,6.82
6,2023,2,20,20,11.3,7.7,15.89,763.7,2.3,1.77,0.027,0.038,6.75
6,2023,2,21,0,11.0,7.6,14.23,765.1,1.4,1.81,0.027,0.038,6.89
6,2023,2,21,4,10.4,7.46,11.61,763.4,1.1,1.81,0.029,0.038,6.89
6,2023,2,21,8,9.6,7.36,9.37,767.1,2.3,1.96,0.202,0.06,6.69
6,2023,2,21,12,10.1,7.46,12.33,756.7,1.6,2.04,0.055,0.042,6.7
6,2023,2,21,16,10.8,7.67,16.0,755.3,2.0,2.04,0.026,0.038,6.72
6,2023,2,21,20,10.8,7.71,16.56,755.6,1.8,1.51,0.025,0.036,6.46
6,2023,2,22,0,10.8,7.65,15.45,760.5,2.5,1.71,0.025,0.036,6.46
6,2023,2,22,4,10.5,7.49,12.48,761.4,1.3,1.71,0.026,0.036,6.52
6,2023,2,22,8,10.0,7.37,9.77,761.4,1.3,1.98,0.025,0.037,6.58
6,2023,2,22,12,10.6,7.51,12.77,753.1,2.2,2.18,0.025,0.036,6.36
6,2023,2,22,16,11.4,7.72,16.21,749.7,1.9,1.93,0.025,0.036,6.5
6,2023,2,22,20,11.6,7.77,16.56,754.7,2.1,1.79,0.025,0.035,6.43
6,2023,2,23,0,11.6,7.67,15.26,761.5,2.0,1.76,0.025,0.035,6.43
6,2023,2,23,4,11.1,7.49,12.47,763.7,1.3,1.76,0.026,0.036,6.65
6,2023,2,23,8,10.5,7.38,9.68,760.1,1.4,1.97,0.029,0.035,6.43
6,2023,2,23,12,11.1,7.51,12.44,755.1,1.4,2.22,0.025,0.036,6.59
6,2023,2,23,16,12.0,7.76,15.97,752.3,2.9,2.06,0.025,0.038,6.5
6,2023,2,23,20,12.1,7.8,16.34,754.0,4.0,2.08,0.025,0.037,6.5
6,2023,2,24,0,12.0,7.7,14.87,756.0,1.5,1.88,0.025,0.037,6.5
6,2023,2,24,4,11.4,7.52,11.51,757.9,1.4,1.88,0.025,0.038,6.67
6,2023,2,24,8,10.8,7.4,8.67,759.0,1.4,2.21,0.033,0.037,6.55
6,2023,2,24,12,11.2,7.54,11.66,756.9,1.9,2.44,0.027,0.04,6.84
6,2023,2,24,16,12.0,7.79,15.25,756.0,2.0,2.3,0.025,0.039,6.63
6,2023,2,24,20,12.0,7.84,16.02,761.1,2.5,2.12,0.025,0.038,6.79
6,2023,2,25,0,11.7,7.7,14.34,770.1,1.8,2.09,0.025,0.038,6.79
6,2023,2,25,4,10.9,7.52,11.3,776.9,1.3,2.09,0.027,0.036,6.64
6,2023,2,25,8,10.1,7.41,8.83,781.5,1.3,2.28,0.033,0.036,6.66
6,2023,2,25,12,11.0,7.55,11.94,772.8,1.3,2.51,0.025,0.037,6.66
6,2023,2,25,16,11.8,7.78,15.66,771.3,1.9,2.31,0.025,0.036,6.85
6,2023,2,25,20,12.1,7.84,16.12,776.5,3.1,1.91,0.025,0.036,6.8
6,2023,2,26,0,12.0,7.69,14.6,785.5,2.5,1.99,0.025,0.036,6.8
6,2023,2,26,4,11.4,7.52,11.68,789.2,1.3,1.99,0.025,0.036,6.84
6,2023,2,26,8,10.5,7.4,8.89,793.1,1.9,2.13,0.025,0.036,6.73
6,2023,2,26,12,11.2,7.54,12.08,787.8,1.4,2.34,0.025,0.036,6.77
6,2023,2,26,16,12.1,7.8,15.99,782.0,4.4,2.1,0.025,0.038,6.88
6,2023,2,26,20,12.4,7.84,16.19,784.2,2.1,2.02,0.025,0.037,6.78
6,2023,2,27,0,12.4,7.73,15.1,788.0,2.9,1.96,0.025,0.037,6.78
6,2023,2,27,4,12.0,7.53,11.92,787.6,1.5,1.96,0.025,0.036,7.01
6,2023,2,27,8,11.3,7.38,8.79,789.3,1.3,2.19,0.025,0.035,6.86
6,2023,2,27,12,11.8,7.52,11.99,777.2,1.4,2.21,0.025,0.036,6.72
6,2023,2,27,20,12.8,7.85,16.29,768.8,4.7,2.06,0.025,0.035,6.7
6,2023,2,28,0,12.6,7.72,14.95,774.6,3.6,2.06,0.025,0.035,6.7
6,2023,2,28,4,12.2,7.51,11.6,776.2,1.6,2.35,0.028,0.036,6.73
6,2023,2,28,12,12.4,7.54,12.25,778.6,2.0,2.16,0.025,0.035,6.68
6,2023,2,28,16,13.0,7.85,16.15,770.9,4.7,2.35,0.025,0.033,6.75
6,2023,2,28,20,13.1,7.91,16.07,766.1,3.1,2.12,0.025,0.035,6.59
6,2023,3,1,0,12.9,7.74,14.02,769.4,1.7,2.12,0.025,0.035,6.59
6,2023,3,1,4,12.2,7.53,10.8,772.3,1.3,2.35,0.029,0.037,6.51
6,2023,3,1,8,11.4,7.42,8.32,776.5,2.0,2.48,0.046,0.04,6.52
6,2023,3,1,16,13.3,8.02,16.77,759.0,2.0,2.15,0.025,0.034,6.24
6,2023,3,1,20,12.6,7.84,14.74,721.1,1.9,2.39,0.031,0.038,6.22
6,2023,3,2,0,10.8,7.62,10.56,671.4,1.3,2.39,0.031,0.038,6.22
6,2023,3,2,4,10.4,7.53,9.06,670.2,2.0,2.26,0.328,0.057,6.21
6,2023,3,2,8,10.3,7.56,9.46,657.5,1.4,2.0,0.029,0.029,5.85
6,2023,3,2,12,11.4,7.89,14.08,631.7,1.5,1.84,0.025,0.029,5.71
6,2023,3,2,16,12.6,8.31,17.61,613.6,2.0,1.8,0.025,0.029,5.52
6,2023,3,2,20,12.4,8.07,14.92,608.3,3.6,1.76,0.025,0.03,5.39
6,2023,3,3,0,11.3,7.63,10.6,599.0,1.3,1.76,0.025,0.03,5.39
6,2023,3,3,4,10.8,7.51,9.01,587.8,1.8,1.84,0.033,0.028,4.98
6,2023,3,3,8,10.4,7.52,9.39,586.6,1.7,2.08,0.046,0.029,4.96
6,2023,3,3,12,11.6,7.89,13.66,576.9,1.9,1.76,0.027,0.028,4.62
6,2023,3,3,16,13.0,8.34,17.21,564.1,1.6,1.82,0.025,0.029,4.6
6,2023,3,3,20,12.9,8.07,15.29,569.4,2.0,1.79,0.025,0.029,4.79
6,2023,3,4,0,11.7,7.65,10.86,578.6,1.4,1.79,0.025,0.029,4.79
6,2023,3,4,4,11.2,7.52,9.14,570.1,1.6,1.72,0.025,0.026,4.5
6,2023,3,4,8,11.0,7.53,9.36,562.3,1.6,2.06,0.025,0.025,4.22
6,2023,3,4,12,12.1,7.86,13.8,555.3,1.9,1.85,0.025,0.026,4.1
6,2023,3,4,16,13.1,8.36,18.1,544.1,2.3,1.85,0.025,0.027,4.18
6,2023,3,4,20,13.0,8.1,15.62,553.6,3.2,1.87,0.025,0.028,4.6
6,2023,3,5,0,12.0,7.64,10.87,554.3,1.2,1.87,0.025,0.028,4.6
6,2023,3,5,4,11.6,7.5,8.88,551.6,1.3,1.92,0.025,0.026,4.39
6,2023,3,5,8,11.4,7.5,9.22,550.6,1.5,2.08,0.025,0.025,3.96
6,2023,3,5,12,12.2,7.88,13.71,550.0,1.6,1.82,0.025,0.026,4.04
6,2023,3,5,16,13.1,8.42,17.98,541.5,2.5,1.87,0.025,0.028,4.36
6,2023,3,5,20,12.9,8.14,15.84,546.8,1.6,1.87,0.025,0.029,4.48
6,2023,3,6,0,12.1,7.62,10.75,555.1,1.3,1.87,0.025,0.029,4.48
6,2023,3,6,4,11.6,7.46,8.66,545.6,1.2,1.98,0.027,0.028,4.32
6,2023,3,6,8,11.6,7.48,8.9,543.1,1.4,2.15,0.026,0.026,3.9
6,2023,3,6,12,12.6,7.85,13.8,530.0,1.8,1.93,0.025,0.027,3.79
6,2023,3,6,16,13.8,8.43,18.04,513.3,1.7,1.93,0.025,0.027,3.66
6,2023,3,6,20,13.4,7.87,15.26,526.3,5.0,2.05,0.026,0.03,4.09
6,2023,3,7,0,12.4,7.28,10.72,530.1,2.1,2.05,0.026,0.03,4.09
6,2023,3,7,4,11.8,7.13,8.7,528.8,1.7,1.98,0.112,0.032,3.9
6,2023,3,7,8,11.7,7.14,9.02,531.5,1.7,2.31,0.037,0.026,3.62
6,2023,3,7,12,12.5,7.57,13.5,526.8,2.5,1.95,0.028,0.025,3.82
6,2023,3,7,20,13.4,7.91,14.99,516.0,4.5,2.1,0.025,0.026,3.98
6,2023,3,8,0,12.7,7.3,10.25,523.8,1.4,2.1,0.025,0.026,3.98
6,2023,3,8,4,12.6,7.16,8.46,528.6,1.6,1.98,0.033,0.025,3.77
6,2023,3,8,8,12.5,7.64,8.72,534.7,2.8,2.12,0.029,0.027,3.74
6,2023,3,8,12,13.3,7.78,13.63,528.9,2.9,2.06,0.025,0.028,3.89
6,2023,3,8,16,14.3,8.41,17.24,530.1,2.7,2.11,0.025,0.029,4.12
6,2023,3,8,20,14.0,8.02,15.31,532.9,4.2,2.01,0.025,0.029,4.14
6,2023,3,9,0,12.9,7.38,10.4,549.0,1.3,2.01,0.025,0.029,4.14
6,2023,3,9,4,12.4,7.16,8.3,556.9,1.3,1.85,0.044,0.027,4.04
6,2023,3,9,8,12.2,7.2,8.71,568.8,1.6,2.22,0.029,0.026,4.13
6,2023,3,9,12,13.1,7.62,13.06,558.1,2.4,2.14,0.033,0.028,4.2
6,2023,3,9,16,14.2,8.25,17.04,551.0,2.3,2.09,0.025,0.027,4.27
6,2023,3,9,20,14.4,7.99,15.56,562.3,5.1,2.12,0.025,0.028,4.61
6,2023,3,10,0,13.4,7.35,10.52,575.0,1.6,2.12,0.025,0.028,4.61
6,2023,3,10,4,13.0,7.16,8.2,578.2,1.7,2.13,0.025,0.026,4.34
6,2023,3,10,8,12.8,7.19,8.62,588.2,1.8,2.04,0.031,0.027,4.34
6,2023,3,10,12,13.8,7.62,13.05,585.4,2.3,2.15,0.027,0.029,4.44
6,2023,3,10,16,14.8,8.16,16.48,581.4,2.8,2.03,0.025,0.029,4.54
6,2023,3,10,20,14.9,7.93,14.33,587.2,3.3,2.01,0.025,0.029,4.69
6,2023,3,11,0,14.0,7.4,9.75,590.2,2.1,2.01,0.025,0.029,4.69
6,2023,3,11,4,13.5,7.24,8.15,584.8,1.9,2.02,0.032,0.029,4.51
6,2023,3,11,8,13.4,7.23,8.39,582.2,1.8,2.09,0.03,0.029,4.36
6,2023,3,11,12,13.8,7.45,11.25,581.5,2.0,1.96,0.025,0.03,4.58
6,2023,3,11,16,14.3,7.86,14.62,577.3,2.3,2.02,0.025,0.03,4.69
6,2023,3,11,20,13.9,7.72,13.24,575.9,2.8,2.01,0.029,0.031,4.76
6,2023,3,12,0,13.0,7.36,9.79,580.7,2.2,2.01,0.029,0.031,4.76
6,2023,3,12,4,12.2,7.19,8.27,590.2,2.1,2.1,0.04,0.03,4.36
6,2023,3,12,8,11.6,7.21,8.8,588.8,2.2,2.13,0.038,0.028,4.15
6,2023,3,12,12,12.7,7.58,12.51,577.7,2.0,1.84,0.03,0.029,4.43
6,2023,3,12,16,13.5,8.13,16.14,575.8,6.3,2.38,0.025,0.028,4.36
6,2023,3,12,20,13.6,7.89,14.18,592.7,3.2,2.22,0.029,0.029,4.7
6,2023,3,13,0,12.5,7.56,9.85,612.3,1.6,2.22,0.029,0.029,4.7
6,2023,3,13,4,12.0,7.46,7.93,631.8,3.3,2.62,0.495,0.054,5.63
6,2023,3,13,8,11.7,7.48,8.53,631.7,1.8,2.24,0.044,0.027,4.87
6,2023,3,13,12,12.2,7.65,11.64,624.5,1.8,2.03,0.03,0.026,5.07
6,2023,3,13,16,13.5,8.04,16.33,608.8,3.6,2.0,0.025,0.026,4.91
6,2023,3,13,20,13.4,7.88,14.66,618.8,2.7,1.94,0.025,0.026,5.22
6,2023,3,14,0,12.5,7.54,9.98,625.6,1.2,1.94,0.025,0.026,5.22
6,2023,3,14,4,12.1,7.46,8.14,626.3,1.5,2.02,0.107,0.031,5.08
6,2023,3,14,8,12.1,7.48,8.63,624.0,1.6,2.23,0.036,0.025,4.78
6,2023,3,14,12,13.4,7.73,13.09,614.5,1.8,2.23,0.036,0.025,4.78
6,2023,3,14,16,14.5,8.17,17.32,603.3,2.6,2.06,0.025,0.027,4.81
6,2023,3,14,20,14.0,7.96,14.24,613.2,1.9,1.99,0.025,0.027,4.87
6,2023,3,15,0,12.5,7.62,9.73,621.1,1.2,1.99,0.025,0.027,4.87
6,2023,3,15,4,11.8,7.5,8.23,620.8,1.8,2.12,0.108,0.034,4.82
6,2023,3,15,8,11.6,7.53,8.74,618.2,1.3,2.13,0.038,0.025,4.6
6,2023,3,15,12,12.8,7.78,13.15,608.2,1.7,1.87,0.034,0.026,4.85
6,2023,3,15,16,13.8,8.13,16.71,603.2,4.3,2.07,0.025,0.025,5.06
6,2023,3,15,20,13.5,7.98,14.77,608.2,2.6,2.16,0.03,0.025,5.1
6,2023,3,16,0,12.2,7.58,9.89,611.4,1.2,2.16,0.03,0.025,5.1
6,2023,3,16,4,11.7,7.44,7.85,615.1,1.4,2.4,0.215,0.042,5.1
6,2023,3,16,8,11.6,7.49,8.62,611.6,1.5,2.26,0.043,0.025,4.55
6,2023,3,16,12,12.6,7.77,13.26,599.1,1.9,2.11,0.037,0.026,4.73
6,2023,3,16,20,13.5,8.02,15.55,589.4,2.3,2.33,0.025,0.024,4.79
6,2023,3,17,0,12.2,7.61,10.42,594.1,1.4,2.33,0.025,0.024,4.79
6,2023,3,17,4,11.7,7.49,8.49,593.9,1.4,1.92,0.036,0.022,4.63
6,2023,3,17,8,11.7,7.51,8.79,594.2,1.5,2.17,0.034,0.023,4.48
6,2023,3,17,12,12.0,7.68,11.31,600.0,1.5,2.12,0.036,0.023,4.8
6,2023,3,17,16,12.9,8.14,16.62,588.4,14.3,1.78,0.034,0.024,4.78
6,2023,3,17,20,13.1,8.01,15.25,593.8,5.0,1.74,0.032,0.025,5.11
6,2023,3,18,0,12.6,7.66,10.93,599.7,5.7,1.74,0.032,0.025,5.11
6,2023,3,18,4,12.2,7.5,8.22,604.0,1.7,1.78,0.232,0.033,5.22
6,2023,3,18,8,12.2,7.51,8.79,604.3,4.1,1.88,0.043,0.025,4.99
6,2023,3,18,12,13.5,7.76,12.98,592.9,9.9,5.19,0.032,0.056,5.4
6,2023,3,18,16,14.7,8.13,16.61,584.6,5.0,2.22,0.025,0.032,4.92
6,2023,3,18,20,14.5,7.98,14.96,595.9,3.9,1.8,0.025,0.027,5.11
6,2023,3,19,0,13.4,7.61,10.2,599.9,1.9,1.8,0.025,0.027,5.11
6,2023,3,19,4,12.9,7.46,8.4,600.4,1.6,1.66,0.032,0.025,4.98
6,2023,3,19,8,12.8,7.45,9.16,599.2,1.8,1.92,0.033,0.025,4.97
6,2023,3,19,16,14.8,8.1,16.87,579.7,1.9,1.87,0.025,0.026,5.26
6,2023,3,19,20,14.8,7.97,15.28,583.6,2.2,1.74,0.025,0.025,5.33
6,2023,3,20,0,14.0,7.61,10.7,592.5,1.6,1.74,0.025,0.025,5.33
6,2023,3,20,4,13.9,7.41,7.72,597.0,1.5,1.68,0.034,0.028,5.24
6,2023,3,20,8,13.9,7.42,7.83,598.3,1.9,1.92,0.041,0.026,5.01
6,2023,3,20,12,14.5,7.64,11.7,593.5,2.3,1.68,0.028,0.026,5.06
6,2023,3,20,16,15.4,8.09,14.42,578.2,1.7,1.84,0.025,0.026,5.08
6,2023,3,20,20,15.3,7.95,14.99,581.9,3.1,1.81,0.03,0.027,5.18
6,2023,3,21,0,14.5,7.58,10.6,587.2,1.8,1.81,0.03,0.027,5.18
6,2023,3,21,4,14.2,7.43,7.66,588.5,1.6,1.73,0.073,0.029,4.79
6,2023,3,21,8,14.3,7.45,7.95,598.5,1.5,2.0,0.035,0.026,4.81
6,2023,3,21,12,14.8,7.63,11.15,592.0,1.8,1.75,0.041,0.03,4.81
6,2023,3,21,16,15.4,7.95,14.59,583.1,4.3,1.78,0.033,0.028,4.75
6,2023,3,21,20,15.4,8.0,14.89,577.8,2.6,1.82,0.025,0.026,4.7
6,2023,3,22,0,15.3,7.88,13.97,580.1,3.2,1.82,0.025,0.026,4.7
6,2023,3,22,4,15.0,7.66,11.63,588.7,2.1,1.94,0.047,0.03,4.75
6,2023,3,22,8,14.7,7.52,8.66,657.5,1.6,1.89,0.057,0.032,5.75
6,2023,3,22,12,14.9,7.57,10.14,714.7,4.2,2.69,0.744,0.084,6.76
6,2023,3,22,16,15.8,7.62,13.27,790.8,4.8,2.42,0.179,0.062,7.02
6,2023,3,22,20,15.8,7.62,13.82,795.9,26.2,2.11,0.047,0.035,6.96
6,2023,3,23,0,15.5,7.68,14.65,797.7,2.5,2.11,0.047,0.035,6.96
6,2023,3,23,4,15.0,7.64,13.3,808.8,3.2,2.05,0.052,0.036,6.86
6,2023,3,23,8,14.4,7.53,10.61,812.7,2.1,2.31,0.08,0.037,6.8
6,2023,3,23,12,14.7,7.5,10.97,811.4,3.7,2.21,0.055,0.038,7.19
6,2023,3,23,16,15.6,7.76,16.2,740.5,5.5,2.46,0.027,0.036,5.85
6,2023,3,23,20,14.7,7.94,14.52,593.3,2.8,1.98,0.05,0.035,5.12
6,2023,3,24,0,14.0,7.58,9.91,602.3,1.8,1.98,0.05,0.035,5.12
6,2023,3,24,4,13.5,7.49,7.81,622.3,2.0,2.91,0.196,0.049,5.18
6,2023,3,24,8,13.1,7.52,8.44,631.1,1.8,1.92,0.036,0.029,5.27
6,2023,3,24,12,13.9,7.8,13.11,640.8,2.1,1.9,0.025,0.029,5.6
6,2023,3,24,16,14.6,8.16,17.24,642.3,3.1,1.03,0.025,0.029,5.84
6,2023,3,24,20,14.5,8.01,15.61,656.4,2.9,1.81,0.034,0.031,6.19
6,2023,3,25,0,13.8,7.65,10.91,657.9,1.6,1.81,0.034,0.031,6.19
6,2023,3,25,4,13.4,7.5,7.92,679.7,2.7,2.34,0.823,0.092,6.9
6,2023,3,25,8,13.4,7.52,8.47,686.7,1.3,1.0,0.026,0.027,6.2
6,2023,3,25,12,14.4,7.84,13.82,698.0,2.8,1.67,0.025,0.026,6.46
6,2023,3,25,16,15.7,8.22,18.81,706.4,3.1,0.98,0.025,0.026,6.86
6,2023,3,25,20,15.6,8.01,16.33,753.2,4.9,0.88,0.035,0.03,7.6
6,2023,3,26,0,14.3,7.64,10.76,799.2,1.4,0.88,0.035,0.03,7.6
6,2023,3,26,4,13.6,7.47,7.72,776.6,1.4,1.69,0.077,0.028,7.84
6,2023,3,26,8,13.4,7.5,8.35,766.2,1.6,1.78,0.025,0.025,7.49
6,2023,3,26,12,14.5,7.82,14.03,804.6,2.3,1.56,0.025,0.026,8.16
6,2023,3,26,16,15.8,8.16,19.36,817.3,2.2,1.68,0.025,0.025,8.74
6,2023,3,26,20,16.0,7.98,16.75,878.0,2.7,1.43,0.025,0.028,9.54
6,2023,3,27,0,15.0,7.66,10.94,898.2,1.5,1.43,0.025,0.028,9.54
6,2023,3,27,4,14.3,7.48,7.4,847.7,1.7,1.5,0.079,0.028,8.92
6,2023,3,27,8,14.2,7.5,8.1,848.6,1.4,1.27,0.036,0.025,8.82
6,2023,3,27,12,15.3,7.78,14.08,826.9,3.5,1.16,0.025,0.025,8.38
6,2023,3,27,16,16.2,8.2,19.6,819.6,3.7,2.26,0.026,0.025,8.42
6,2023,3,27,20,16.0,8.01,17.19,814.5,6.6,1.89,0.051,0.026,8.31
6,2023,3,28,0,14.9,7.59,10.49,820.2,1.3,1.89,0.038,0.026,8.31
6,2023,3,28,4,14.4,7.51,7.6,855.5,1.7,1.81,0.07,0.031,8.03
6,2023,3,28,8,14.2,7.51,8.11,840.7,1.7,2.03,0.055,0.026,8.18
6,2023,3,28,12,15.0,7.88,15.2,838.9,4.6,1.91,0.037,0.025,8.22
6,2023,3,28,16,16.3,8.23,21.2,825.3,3.6,1.99,0.027,0.026,8.47
6,2023,3,28,20,16.5,7.93,16.2,863.8,5.1,2.09,0.04,0.027,9.19
6,2023,3,29,0,15.6,7.56,9.75,891.4,1.7,2.09,0.053,0.027,9.19
6,2023,3,29,8,14.9,7.5,8.34,865.2,1.8,1.79,0.082,0.028,9.26
6,2023,3,29,8,14.9,7.5,8.34,865.2,1.8,2.0,0.05,0.025,8.62
6,2023,3,29,16,17.0,8.11,19.31,861.7,3.8,1.78,0.041,0.027,8.68
6,2023,3,29,20,17.0,7.83,15.19,898.2,3.7,2.04,0.026,0.026,8.98
6,2023,3,29,20,17.0,7.83,15.19,898.2,3.7,1.86,0.068,0.027,9.29
6,2023,3,30,0,16.2,7.55,9.51,926.9,2.0,1.86,0.074,0.027,9.29
6,2023,3,30,8,15.7,7.54,8.07,930.1,2.2,1.88,0.554,0.044,10.44
6,2023,3,30,12,16.6,7.92,15.05,920.1,3.6,1.99,0.049,0.027,9.32
6,2023,3,30,16,17.7,8.18,19.83,899.8,7.0,1.69,0.037,0.029,9.19
6,2023,3,30,20,17.8,7.99,16.75,915.3,6.1,1.72,0.025,0.027,9.36
6,2023,3,31,0,16.8,7.61,10.24,913.2,2.6,1.63,0.032,0.027,9.41
6,2023,3,31,4,16.2,7.49,7.81,893.2,2.8,1.63,0.035,0.027,9.41
6,2023,3,31,20,17.6,7.84,14.64,860.0,7.0,1.6,0.037,0.026,8.17
6,2023,4,1,0,16.7,7.59,9.67,884.1,3.7,1.61,0.058,0.028,8.47
6,2023,4,1,4,16.3,7.48,7.54,878.8,3.2,1.61,0.056,0.028,8.47
6,2023,4,1,8,16.2,7.48,7.82,869.4,4.0,1.54,0.063,0.028,8.8
6,2023,4,1,12,16.8,7.78,13.51,871.3,6.4,1.99,0.035,0.029,8.43
6,2023,4,1,16,17.5,8.04,16.82,875.1,7.0,1.65,0.031,0.029,8.48
6,2023,4,1,20,17.5,7.81,13.92,894.6,9.7,1.64,0.028,0.029,8.72
6,2023,4,2,0,16.9,7.55,9.32,916.4,3.8,1.72,0.031,0.028,8.98
6,2023,4,2,4,16.7,7.46,7.11,916.9,4.5,1.72,0.059,0.028,8.98
6,2023,4,2,8,16.5,7.44,7.05,907.5,5.3,1.66,0.08,0.029,9.24
6,2023,4,2,12,16.8,7.58,10.2,909.8,5.9,2.06,0.071,0.029,9.0
6,2023,4,2,16,17.2,7.88,12.56,900.7,4.3,1.81,0.067,0.03,9.12
6,2023,4,2,20,17.4,7.82,11.32,898.2,5.0,1.43,0.058,0.032,9.02
6,2023,4,3,0,17.1,7.65,8.31,914.1,4.6,1.43,0.092,0.031,9.46
6,2023,4,3,4,16.7,7.57,6.62,907.2,4.4,1.43,0.13,0.031,9.46
6,2023,4,3,8,16.6,7.55,6.67,875.9,2.3,1.61,0.182,0.036,9.97
6,2023,4,3,12,16.8,7.68,9.11,882.6,2.0,1.65,0.095,0.03,9.37
6,2023,4,3,16,17.0,7.88,12.54,865.0,3.3,1.54,0.081,0.031,9.36
6,2023,4,3,20,17.0,7.83,11.77,869.4,3.0,1.5,0.072,0.031,9.23
6,2023,4,4,0,16.8,7.66,8.61,876.2,1.7,1.54,0.107,0.031,9.35
6,2023,4,4,4,16.5,7.58,6.85,877.5,1.7,1.54,0.107,0.031,9.35
6,2023,4,4,8,16.3,7.59,6.86,859.6,4.2,1.57,0.154,0.034,9.48
6,2023,4,4,12,16.1,7.68,8.62,845.8,1.9,1.99,0.106,0.039,9.01
6,2023,4,4,16,15.9,7.81,10.12,828.5,3.8,1.66,0.093,0.035,8.59
6,2023,4,4,20,15.8,7.76,9.25,835.0,8.0,1.88,0.098,0.036,8.27
6,2023,4,5,0,15.6,7.63,7.03,846.0,13.4,3.16,0.181,0.052,8.48
6,2023,4,5,4,15.4,7.62,6.7,839.1,4.6,3.16,0.181,0.052,8.48
6,2023,4,5,8,15.4,7.63,7.04,814.3,11.2,2.42,0.284,0.051,8.56
6,2023,4,5,12,15.7,7.78,9.63,789.9,1.8,2.03,0.106,0.036,8.12
6,2023,4,5,16,16.6,8.06,13.14,786.3,2.8,1.8,0.086,0.035,7.63
6,2023,4,5,20,16.6,7.92,11.58,816.3,3.4,1.91,0.228,0.043,7.87
6,2023,4,6,0,15.9,7.7,8.16,837.9,2.2,2.14,0.149,0.041,7.95
6,2023,4,6,4,15.5,7.6,6.38,849.3,2.4,2.14,0.149,0.041,7.95
6,2023,4,6,8,15.3,7.6,6.81,856.1,2.0,2.0,0.187,0.042,8.33
6,2023,4,6,12,16.3,7.95,12.35,847.4,2.8,2.04,0.094,0.034,8.41
6,2023,4,6,16,17.5,8.34,17.11,832.3,2.2,1.74,0.054,0.034,8.11
6,2023,4,7,0,15.6,7.72,8.54,861.3,1.8,1.79,0.035,0.032,8.61
6,2023,4,7,4,14.8,7.61,6.77,826.4,1.8,1.79,0.035,0.032,8.61
6,2023,4,7,8,14.7,7.63,7.47,822.7,2.1,1.82,0.163,0.04,8.21
6,2023,4,7,12,16.0,7.97,13.11,825.9,4.1,3.69,0.061,0.029,8.09
6,2023,4,7,16,17.1,8.37,17.37,844.8,2.7,1.89,0.034,0.029,8.05
6,2023,4,7,20,16.5,8.08,13.91,893.9,4.8,1.91,0.025,0.028,8.4
6,2023,4,8,0,15.3,7.75,8.95,906.0,2.0,1.74,0.03,0.028,9.02
6,2023,4,8,4,14.8,7.63,7.14,878.7,1.9,1.74,0.03,0.028,9.02
6,2023,4,8,8,14.8,7.65,7.89,864.6,1.8,1.78,0.043,0.027,8.59
6,2023,4,8,12,16.1,8.09,14.5,852.8,5.3,2.09,0.032,0.028,8.35
6,2023,4,8,16,17.5,8.48,18.52,839.4,11.3,1.25,0.025,0.03,7.94
6,2023,4,8,20,17.2,8.14,14.51,867.1,5.4,2.13,0.034,0.029,8.08
6,2023,4,9,0,15.9,7.76,9.27,884.3,2.1,1.68,0.034,0.029,8.68
6,2023,4,9,4,15.4,7.61,6.63,889.4,1.8,1.68,0.151,0.032,8.68
6,2023,4,9,8,15.3,7.62,7.29,883.6,1.8,1.67,0.043,0.026,9.02
6,2023,4,9,12,16.2,8.05,14.47,883.2,3.2,1.79,0.025,0.027,8.76
6,2023,4,9,16,17.2,8.36,18.05,871.5,3.5,1.71,0.025,0.027,8.65
6,2023,4,9,20,17.2,8.08,14.95,881.8,5.4,1.74,0.025,0.026,8.73
6,2023,4,10,0,16.5,7.73,9.52,894.1,1.5,1.55,0.025,0.026,8.75
6,2023,4,10,4,16.2,7.59,6.77,887.3,1.3,1.55,0.042,0.026,8.75
6,2023,4,10,8,16.0,7.59,6.93,872.3,1.4,1.62,0.029,0.028,8.75
6,2023,4,10,12,16.8,7.92,13.13,877.8,2.5,2.02,0.048,0.031,8.47
6,2023,4,10,16,17.7,8.21,17.12,877.0,3.1,1.9,0.025,0.029,8.64
6,2023,4,10,20,17.6,8.02,14.15,898.6,4.7,1.96,0.038,0.027,8.79
6,2023,4,11,0,16.7,7.72,9.13,924.1,1.5,1.82,0.038,0.027,9.09
6,2023,4,11,4,16.0,7.63,6.75,926.8,1.7,1.82,0.065,0.028,9.09
6,2023,4,11,8,15.4,7.67,7.21,900.2,1.7,1.62,0.041,0.028,9.22
6,2023,4,11,20,16.8,8.19,14.92,880.0,2.5,1.86,0.025,0.031,8.42
6,2023,4,12,0,15.8,7.79,9.34,903.1,1.5,1.61,0.025,0.029,8.52
6,2023,4,12,4,15.4,7.64,7.05,922.5,1.4,1.53,0.049,0.03,8.84
6,2023,4,12,8,15.4,7.69,7.91,922.0,1.4,1.56,0.033,0.028,9.16
6,2023,4,12,12,16.4,8.07,14.46,906.0,3.1,1.78,0.031,0.025,9.22
6,2023,4,12,16,17.4,8.46,20.25,901.3,6.2,1.86,0.025,0.029,9.17
6,2023,4,12,20,17.2,8.19,16.16,923.0,2.1,1.85,0.027,0.031,9.37
6,2023,4,13,0,16.4,7.84,10.41,945.5,1.4,1.71,0.027,0.027,9.57
6,2023,4,13,4,16.0,7.67,7.53,947.5,1.3,1.46,0.082,0.045,10.01
6,2023,4,13,8,15.9,7.67,7.59,941.9,1.2,1.94,0.084,0.025,9.77
6,2023,4,13,12,16.5,7.96,12.92,936.4,1.9,1.78,0.038,0.026,9.66
6,2023,4,13,16,17.4,8.39,19.15,914.7,1.6,2.16,0.025,0.028,9.36
6,2023,4,13,20,17.3,8.22,16.6,911.5,2.7,1.74,0.025,0.027,9.46
6,2023,4,14,0,16.8,7.82,10.62,918.8,1.6,1.74,0.025,0.027,9.46
6,2023,4,14,4,16.4,7.63,6.94,925.4,1.5,1.64,0.375,0.036,9.96
6,2023,4,14,8,16.4,7.64,7.18,920.3,1.3,1.84,0.041,0.025,9.49
6,2023,4,14,12,17.0,7.98,13.24,903.0,4.0,1.93,0.025,0.027,9.27
6,2023,4,14,16,17.7,8.45,20.15,874.5,2.0,2.14,0.025,0.028,9.05
6,2023,4,14,20,17.2,8.22,16.03,888.1,2.2,1.63,0.025,0.026,9.22
6,2023,4,15,0,16.4,7.81,10.09,906.3,1.3,1.63,0.025,0.026,9.22
6,2023,4,15,4,15.9,7.59,6.89,901.9,1.8,1.68,0.072,0.03,9.38
6,2023,4,15,8,15.9,7.63,7.49,886.1,1.7,1.81,0.025,0.025,8.89
6,2023,4,15,12,16.8,7.99,13.91,864.6,4.2,2.07,0.025,0.026,8.67
6,2023,4,15,16,17.2,8.39,18.2,860.9,2.1,2.16,0.025,0.029,8.69
6,2023,4,15,20,16.9,8.15,15.16,879.2,1.8,1.63,0.025,0.025,8.99
6,2023,4,16,0,16.3,7.81,10.08,905.4,1.6,1.63,0.025,0.025,8.99
6,2023,4,16,4,15.8,7.61,6.88,902.4,1.4,0.74,0.036,0.024,9.26
6,2023,4,16,8,15.7,7.61,7.21,881.9,2.0,2.25,0.031,0.03,8.93
6,2023,4,16,12,16.8,7.95,13.66,876.8,4.1,1.92,0.031,0.027,8.78
6,2023,4,16,16,18.0,8.39,19.39,857.9,3.1,2.2,0.032,0.027,8.78
6,2023,4,16,20,17.9,8.18,16.06,875.1,2.9,1.87,0.101,0.026,8.85
6,2023,4,17,0,16.7,7.76,9.86,901.3,1.8,1.87,0.101,0.026,8.85
6,2023,4,17,8,16.0,7.56,6.35,894.5,1.6,1.89,0.12,0.024,9.04
6,2023,4,17,12,16.8,7.89,12.88,890.5,2.7,1.64,0.045,0.027,9.04
6,2023,4,17,16,17.9,8.38,19.61,870.6,2.9,2.27,0.025,0.026,9.02
6,2023,4,17,20,17.9,8.26,17.67,883.2,4.4,1.73,0.025,0.025,9.26
6,2023,4,18,0,17.2,7.81,11.06,901.7,2.0,1.73,0.025,0.025,9.26
6,2023,4,18,4,16.7,7.59,6.94,911.1,1.9,1.61,0.034,0.023,9.17
6,2023,4,18,8,16.7,7.63,7.41,912.0,1.9,1.94,0.03,0.024,9.18
6,2023,4,18,12,17.9,8.08,14.54,898.6,4.2,2.1,0.025,0.031,8.83
6,2023,4,18,16,19.4,8.49,20.64,892.2,3.1,2.58,0.025,0.031,9.14
6,2023,4,18,20,19.3,8.28,16.96,910.6,4.4,2.0,0.025,0.029,9.22
6,2023,4,19,0,17.8,7.82,10.22,919.7,2.3,2.0,0.025,0.029,9.22
6,2023,4,19,4,17.3,7.62,6.88,923.6,2.3,1.64,0.025,0.025,9.05
6,2023,4,19,8,17.2,7.63,7.04,920.3,2.5,2.0,0.025,0.027,9.2
6,2023,4,19,12,18.3,8.03,13.83,905.6,5.1,2.0,0.025,0.029,9.15
6,2023,4,19,16,19.7,8.45,20.5,872.0,2.9,2.0,0.025,0.035,8.45
6,2023,4,19,20,19.5,8.2,16.81,888.7,5.8,1.46,0.025,0.028,9.2
6,2023,4,20,0,18.5,7.77,10.2,908.1,9.2,1.46,0.025,0.028,9.2
6,2023,4,20,4,17.9,7.6,6.35,899.1,2.5,1.81,0.2,0.036,8.99
6,2023,4,20,8,17.5,7.6,6.31,869.7,1.7,2.24,0.025,0.029,8.31
6,2023,4,20,12,17.4,7.7,8.53,856.9,2.6,2.12,0.033,0.032,8.22
6,2023,4,20,16,17.4,7.84,10.97,866.0,1.8,1.99,0.048,0.032,8.49
6,2023,4,20,20,17.3,7.82,10.42,883.3,1.8,1.68,0.068,0.029,8.8
6,2023,4,21,0,17.0,7.66,7.67,896.1,1.3,1.68,0.068,0.029,8.8
6,2023,4,21,4,16.8,7.62,6.45,907.5,1.3,1.46,0.11,0.029,8.98
6,2023,4,21,8,16.6,7.62,6.56,908.5,1.5,2.01,0.097,0.028,9.05
6,2023,4,21,12,17.0,7.84,10.85,899.2,1.7,1.66,0.079,0.028,8.67
6,2023,4,21,16,17.8,8.23,15.85,875.9,5.2,1.82,0.045,0.03,8.38
6,2023,4,21,20,17.5,8.17,14.9,880.9,2.3,1.73,0.034,0.03,8.79
6,2023,4,22,0,16.7,7.8,9.85,903.8,1.5,1.73,0.034,0.03,8.79
6,2023,4,22,4,16.2,7.64,7.0,905.0,1.5,1.26,0.108,0.031,9.21
6,2023,4,22,8,16.0,7.63,6.76,878.6,1.2,1.0,0.056,0.025,8.67
6,2023,4,22,12,16.2,7.73,8.86,867.1,1.0,1.69,0.056,0.025,8.46
6,2023,4,22,16,16.9,8.09,14.2,868.8,2.0,1.33,0.042,0.026,8.67
6,2023,4,22,20,16.8,8.1,14.43,881.0,3.2,1.2,0.048,0.027,8.97
6,2023,4,23,0,16.2,7.78,9.84,902.1,1.4,1.2,0.048,0.027,8.97
6,2023,4,23,4,15.7,7.62,6.95,896.1,1.2,1.18,0.1,0.025,9.07
6,2023,4,23,8,15.7,7.64,7.43,878.3,1.1,2.0,0.087,0.024,8.71
6,2023,4,23,12,16.2,7.84,11.39,869.2,1.4,2.0,0.083,0.024,8.5
6,2023,4,23,16,16.8,8.19,15.58,850.6,2.5,1.11,0.159,0.032,8.67
6,2023,4,24,4,15.9,7.62,7.04,879.6,1.1,1.55,0.111,0.027,9.13
6,2023,4,24,8,15.9,7.65,7.64,861.2,1.3,1.85,0.07,0.026,8.75
6,2023,4,24,16,18.2,8.34,17.66,842.8,1.4,1.62,0.025,0.03,8.75
6,2023,4,24,20,17.8,8.19,15.15,866.8,3.9,1.62,0.025,0.029,8.89
6,2023,4,25,0,16.7,7.81,10.3,888.4,1.4,1.62,0.025,0.029,8.89
6,2023,4,25,4,16.4,7.62,6.95,865.0,1.7,1.74,0.168,0.032,8.96
6,2023,4,25,8,16.4,7.64,7.14,851.0,1.2,1.91,0.028,0.022,8.38
6,2023,4,25,12,17.7,8.02,13.19,831.2,2.2,1.56,0.025,0.023,8.06
6,2023,4,25,16,18.7,8.44,18.09,827.1,5.6,1.69,0.025,0.025,8.48
6,2023,4,25,20,18.0,8.24,15.29,845.8,5.2,1.69,0.025,0.025,8.73
6,2023,4,26,0,16.8,7.8,9.95,856.0,1.4,1.69,0.025,0.025,8.73
6,2023,4,26,4,16.2,7.61,6.74,853.2,1.5,1.79,0.143,0.029,8.56
6,2023,4,26,8,16.2,7.63,7.29,847.7,1.1,2.05,0.025,0.022,8.16
6,2023,4,26,12,17.7,8.03,13.46,832.3,4.3,1.9,0.025,0.023,8.12
6,2023,4,26,16,18.5,8.38,17.42,823.0,1.8,1.94,0.025,0.024,8.32
6,2023,4,26,20,18.4,8.28,15.73,835.6,1.4,1.73,0.025,0.025,8.56
6,2023,4,27,0,17.4,7.8,9.99,854.4,1.2,1.73,0.025,0.025,8.56
6,2023,4,27,4,17.0,7.61,6.77,861.4,1.1,1.77,0.025,0.022,8.52
6,2023,4,27,12,17.3,7.8,10.38,829.9,1.4,1.88,0.025,0.027,8.29
6,2023,4,27,16,18.0,8.23,15.15,818.3,4.8,1.94,0.025,0.025,8.09
6,2023,4,27,20,18.0,8.09,13.7,836.9,4.0,1.8,0.025,0.023,8.48
6,2023,4,28,0,17.6,7.76,9.32,853.2,1.3,1.8,0.025,0.023,8.48
6,2023,4,28,8,17.2,7.58,6.44,858.1,1.8,2.57,0.088,0.029,8.47
6,2023,4,28,20,18.5,8.04,12.59,829.3,6.1,3.97,0.212,0.06,8.63
6,2023,4,29,0,17.3,7.58,6.16,832.9,8.5,3.97,0.212,0.06,8.63
6,2023,4,29,4,16.9,7.48,4.57,802.0,5.0,3.83,0.145,0.055,8.2
6,2023,4,29,12,18.4,7.99,12.69,792.9,3.2,2.5,0.077,0.038,7.88
6,2023,4,29,16,19.2,8.34,16.43,807.2,2.3,2.36,0.094,0.035,7.65
6,2023,4,29,20,18.8,8.09,13.32,836.0,2.9,2.84,0.197,0.038,7.88
6,2023,4,30,0,17.4,7.66,7.38,844.8,1.7,2.84,0.197,0.038,7.88
6,2023,4,30,4,16.8,7.52,4.88,831.6,1.4,2.3,0.136,0.029,7.33
6,2023,4,30,8,16.7,7.53,5.34,819.2,1.4,2.66,0.1,0.026,7.26
6,2023,4,30,12,18.2,7.95,12.81,811.0,3.1,2.39,0.088,0.028,7.26
6,2023,4,30,16,19.6,8.4,18.32,792.2,2.4,2.63,0.052,0.029,7.42
6,2023,4,30,20,19.4,8.25,15.45,800.4,3.9,2.74,0.025,0.028,7.35
6,2023,5,1,0,17.9,7.7,8.54,799.3,1.6,2.74,0.025,0.028,7.35
6,2023,5,1,4,17.4,7.52,5.21,781.7,1.2,2.24,0.025,0.022,6.57
6,2023,5,1,8,17.3,7.51,5.36,786.2,1.2,2.67,0.035,0.023,6.72
6,2023,5,1,12,18.5,8.0,13.3,780.4,2.5,2.39,0.025,0.027,6.7
6,2023,5,1,16,19.8,8.46,18.89,770.5,2.2,2.71,0.025,0.029,6.92
6,2023,5,1,20,19.7,8.32,16.1,794.6,3.6,2.24,0.025,0.027,7.31
6,2023,5,2,0,18.6,7.77,9.66,814.8,1.5,2.24,0.025,0.027,7.31
6,2023,5,2,4,18.2,7.55,5.8,819.0,1.3,2.18,0.025,0.022,7.11
6,2023,5,2,8,18.2,7.53,5.49,816.5,1.3,2.38,0.026,0.023,7.02
6,2023,5,4,4,19.4,7.55,5.6,838.5,1.8,0.88,0.025,0.024,7.55
6,2023,5,4,8,19.3,7.5,4.54,816.4,1.5,4.01,0.025,0.025,7.03
6,2023,5,4,12,19.4,7.59,6.5,801.3,1.6,4.01,0.04,0.028,6.84
6,2023,5,4,16,19.9,7.87,10.71,795.5,3.7,2.7,0.074,0.031,7.0
6,2023,5,4,20,19.8,7.84,10.16,826.8,3.9,2.53,0.109,0.03,7.73
6,2023,5,5,0,19.5,7.65,6.9,845.5,2.1,2.53,0.154,0.03,7.73
6,2023,5,5,4,19.3,7.53,4.54,840.9,1.4,2.5,0.23,0.034,8.06
6,2023,5,5,8,19.3,7.55,5.27,823.1,1.1,2.57,0.151,0.03,7.65
6,2023,5,5,12,19.4,7.71,8.33,800.1,1.2,2.36,0.141,0.031,7.42
6,2023,5,5,16,19.6,8.05,12.57,796.3,1.6,2.7,0.112,0.032,7.44
6,2023,5,5,20,19.4,8.02,12.41,825.5,3.6,2.64,0.122,0.032,7.85
6,2023,5,6,0,19.0,7.72,8.39,843.5,1.1,2.64,0.132,0.032,7.85
6,2023,5,6,4,18.5,7.57,5.38,849.0,1.1,2.57,0.158,0.029,8.18
6,2023,5,6,8,18.4,7.62,6.4,841.5,1.0,2.68,0.115,0.028,7.78
6,2023,5,6,12,19.2,8.08,12.85,825.0,1.7,2.5,0.061,0.03,7.5
6,2023,5,6,16,20.1,8.53,18.36,800.2,1.3,2.6,0.025,0.032,7.43
6,2023,5,6,20,20.0,8.39,16.41,807.1,1.9,2.63,0.038,0.032,7.62
6,2023,5,7,0,19.1,7.86,10.29,841.0,1.2,2.63,0.038,0.032,7.62
6,2023,5,7,4,18.4,7.6,6.3,861.6,1.3,2.55,0.083,0.028,8.06
6,2023,5,7,8,18.2,7.58,5.57,866.9,1.2,2.8,0.081,0.028,8.03
6,2023,5,7,12,19.7,8.12,14.03,843.1,1.4,2.47,0.025,0.027,7.59
6,2023,5,7,16,21.1,8.55,20.23,806.6,1.6,2.59,0.025,0.029,7.43
6,2023,5,7,20,21.3,8.51,18.96,809.8,1.6,2.63,0.025,0.029,7.65
6,2023,5,8,0,20.0,7.92,11.38,844.2,1.4,2.63,0.025,0.029,7.65
6,2023,5,8,4,18.9,7.61,6.46,854.9,0.9,2.56,0.025,0.025,7.98
6,2023,5,8,8,18.6,7.58,5.87,843.7,1.1,2.71,0.025,0.025,7.92
6,2023,5,8,12,20.2,8.08,13.98,814.4,3.5,2.39,0.025,0.027,7.41
6,2023,5,8,16,21.6,8.51,20.16,796.6,1.7,2.67,0.025,0.024,7.51
6,2023,5,8,20,21.3,8.44,14.11,820.5,2.8,3.05,0.025,0.027,7.63
6,2023,5,9,0,20.1,7.88,11.41,864.7,2.5,3.05,0.025,0.027,7.63
6,2023,5,9,4,19.0,7.57,6.03,887.2,1.6,3.13,0.298,0.039,8.74
6,2023,5,9,8,18.9,7.54,5.8,880.1,1.4,3.01,0.083,0.026,8.18
6,2023,5,9,12,20.8,7.89,10.61,842.7,5.7,3.34,0.097,0.042,7.47
6,2023,5,9,16,22.1,8.38,14.96,841.3,2.7,3.14,0.054,0.035,7.79
6,2023,5,10,16,22.8,8.4,17.22,861.2,1.9,2.95,0.056,0.032,7.28
6,2023,5,10,20,21.1,8.12,12.47,905.3,2.3,2.92,0.053,0.034,7.99
6,2023,5,11,0,19.6,7.7,7.02,921.9,1.2,2.8,0.036,0.029,9.05
6,2023,5,11,4,19.3,7.58,5.1,906.7,1.1,2.8,0.036,0.029,9.05
6,2023,5,11,8,19.4,7.63,6.28,885.0,1.3,2.67,0.049,0.024,8.94
6,2023,5,11,12,21.1,8.11,14.04,877.2,1.8,2.83,0.053,0.025,8.35
6,2023,5,11,16,21.6,8.32,16.74,893.7,1.5,2.95,0.063,0.034,8.24
6,2023,5,11,20,20.4,8.0,11.74,921.9,1.4,2.94,0.04,0.025,9.33
6,2023,5,12,0,19.4,7.68,6.58,923.9,1.1,2.71,0.04,0.025,10.07
6,2023,5,12,4,19.0,7.58,5.02,908.2,1.1,2.71,0.046,0.024,10.07
6,2023,5,12,8,19.1,7.66,6.66,895.4,1.2,2.61,0.045,0.024,9.67
6,2023,5,12,12,20.6,8.14,14.3,888.3,1.9,2.86,0.057,0.024,9.39
6,2023,5,12,16,20.8,8.14,13.27,888.7,2.5,2.74,0.063,0.029,9.2
6,2023,5,12,20,20.1,7.77,8.4,909.7,2.6,3.61,0.085,0.032,9.1
6,2023,5,13,0,19.3,7.58,5.32,919.0,1.5,4.56,0.085,0.03,9.83
6,2023,5,13,4,18.9,7.56,4.6,902.0,1.2,4.56,0.048,0.03,9.83
6,2023,5,13,8,19.1,7.66,6.6,889.0,1.1,2.71,0.049,0.024,8.94
6,2023,5,13,12,21.9,8.16,15.06,865.7,1.6,2.86,0.033,0.024,8.48
6,2023,5,13,16,23.7,8.37,18.7,859.0,1.7,2.29,0.04,0.028,8.34
6,2023,5,13,20,21.8,8.0,11.0,892.6,1.7,2.89,0.035,0.032,8.46
6,2023,5,14,0,20.2,7.65,5.84,908.5,1.3,2.81,0.035,0.029,8.96
6,2023,5,14,4,19.9,7.53,3.59,890.9,1.5,2.81,0.294,0.029,8.96
6,2023,5,14,8,20.0,7.59,5.62,876.8,1.4,2.89,0.046,0.034,8.48
6,2023,5,14,12,22.0,8.1,14.66,856.4,2.2,2.87,0.034,0.026,8.15
6,2023,5,14,16,23.5,8.29,17.46,854.3,2.1,2.79,0.058,0.029,8.0
6,2023,5,14,20,22.0,7.97,10.84,887.6,1.6,3.0,0.038,0.038,8.31
6,2023,5,15,0,20.7,7.65,5.77,905.6,1.4,2.74,0.038,0.03,8.68
6,2023,5,15,4,20.2,7.57,4.25,893.4,1.2,2.74,0.048,0.03,8.68
6,2023,5,15,8,20.4,7.66,6.14,878.7,1.5,2.54,0.048,0.025,8.55
6,2023,5,15,12,22.7,8.18,15.67,844.9,2.0,2.74,0.05,0.025,8.25
6,2023,5,15,16,24.4,8.31,18.08,835.4,2.3,2.72,0.048,0.03,7.62
6,2023,5,15,20,22.6,7.91,10.5,874.7,2.2,2.94,0.043,0.035,7.98
6,2023,5,16,0,21.3,7.62,5.73,893.2,1.5,1.99,0.043,0.03,8.6
6,2023,5,16,4,20.8,7.55,4.25,893.1,1.5,1.99,0.044,0.03,8.6
6,2023,5,16,8,20.7,7.65,5.51,874.5,1.6,1.98,0.052,0.025,8.41
6,2023,5,16,12,22.8,8.14,13.56,845.9,2.8,2.03,0.08,0.026,8.06
6,2023,5,17,12,23.3,8.15,14.74,875.0,3.2,2.24,0.07,0.03,7.54
6,2023,5,17,16,23.6,8.24,15.28,873.5,3.2,2.15,0.042,0.035,7.58
6,2023,5,17,20,22.8,7.99,11.74,886.3,2.5,2.2,0.038,0.035,7.97
6,2023,5,18,0,21.7,7.73,7.71,896.8,2.4,2.09,0.045,0.034,8.17
6,2023,5,18,4,21.0,7.59,5.12,894.7,2.2,2.09,0.045,0.034,8.17
6,2023,5,18,8,21.1,7.62,5.65,878.1,2.1,2.03,0.067,0.031,8.19
6,2023,5,18,8,21.1,7.62,5.65,878.1,2.1,2.03,0.055,0.031,8.19
6,2023,5,18,12,22.8,8.02,13.69,851.6,5.8,2.16,0.025,0.034,7.46
6,2023,5,18,16,23.9,8.19,16.59,842.2,3.0,2.14,0.025,0.035,7.25
6,2023,5,18,20,23.7,8.25,16.06,861.6,3.5,2.08,0.025,0.034,7.74
6,2023,5,19,0,22.7,7.96,10.94,894.6,2.8,2.08,0.025,0.034,7.74
6,2023,5,19,4,21.3,7.68,6.32,904.0,2.5,2.19,0.025,0.031,8.32
6,2023,5,19,8,21.0,7.6,4.95,896.6,2.3,2.86,0.07,0.039,8.38
6,2023,5,19,12,20.8,7.64,5.81,883.9,2.5,2.3,0.059,0.033,7.71
6,2023,5,19,16,20.6,7.7,6.93,883.0,1.9,2.67,0.106,0.039,7.53
6,2023,5,19,20,20.5,7.67,6.87,898.2,2.5,2.8,0.204,0.041,7.84
6,2023,5,20,0,20.2,7.6,6.4,921.3,2.6,2.8,0.204,0.041,7.84
6,2023,5,20,4,19.8,7.53,4.09,929.5,4.2,3.3,0.07,0.043,8.7
6,2023,5,20,8,19.4,7.53,4.11,923.0,3.3,3.22,0.084,0.041,8.65
6,2023,5,20,12,19.5,7.73,8.4,911.1,2.1,2.22,0.063,0.032,8.45
6,2023,5,20,16,19.2,7.88,10.34,894.9,2.1,2.12,0.072,0.032,8.28
6,2023,5,20,20,19.0,7.95,11.0,896.2,1.6,2.32,0.078,0.035,8.18
6,2023,5,21,0,18.8,7.78,8.51,909.8,1.5,2.32,0.078,0.035,8.18
6,2023,5,21,4,18.3,7.66,6.38,925.5,1.4,2.25,0.097,0.038,8.89
6,2023,5,21,8,18.2,7.64,6.0,930.1,1.4,2.47,0.081,0.038,8.84
6,2023,5,21,12,19.6,7.89,11.76,911.4,2.2,2.18,0.046,0.033,8.47
6,2023,5,21,16,20.7,8.09,14.85,887.0,1.7,2.23,0.04,0.033,8.09
6,2023,5,21,20,20.6,8.19,14.83,886.6,2.7,2.0,0.043,0.032,7.9
6,2023,5,22,0,20.4,8.07,13.02,901.5,3.1,2.0,0.043,0.032,7.9
6,2023,5,22,4,19.3,7.72,7.51,920.1,1.4,2.34,0.054,0.032,8.15
6,2023,5,22,8,18.7,7.64,5.96,926.5,1.5,2.27,0.074,0.031,8.34
6,2023,5,22,12,20.4,7.96,13.08,914.6,2.6,2.24,0.038,0.028,7.78
6,2023,5,22,16,21.8,8.13,16.16,881.3,1.9,2.26,0.033,0.025,7.6
6,2023,5,22,20,21.6,8.16,15.72,883.8,2.6,2.18,0.039,0.029,7.66
6,2023,5,23,0,21.2,8.0,12.61,903.6,2.8,2.18,0.039,0.029,7.66
6,2023,5,23,4,20.0,7.7,7.21,924.6,1.6,2.03,0.054,0.027,8.23
6,2023,5,23,8,19.3,7.64,5.96,933.5,1.7,2.5,0.077,0.031,8.49
6,2023,5,24,16,22.2,8.34,17.53,882.1,3.7,2.55,0.029,0.029,7.26
6,2023,5,25,12,21.6,8.25,16.14,884.7,3.5,2.44,0.032,0.028,7.84
6,2023,5,25,16,22.0,8.32,10.43,876.5,2.2,2.28,0.038,0.032,8.12
6,2023,5,25,20,21.2,7.93,10.74,852.2,2.0,2.76,0.035,0.025,7.84
6,2023,5,26,0,20.5,7.68,6.46,802.6,1.2,2.2,0.035,0.025,7.84
6,2023,5,26,4,20.1,7.55,4.2,780.3,1.4,2.05,0.082,0.026,6.49
6,2023,5,26,8,20.3,7.66,6.71,767.2,1.2,2.5,0.064,0.026,6.25
6,2023,5,26,12,22.4,8.4,17.04,759.3,2.4,2.49,0.058,0.033,6.24
6,2023,5,26,16,24.1,8.68,21.41,757.0,3.0,2.54,0.03,0.033,6.58
6,2023,5,26,20,22.8,8.22,13.48,794.0,2.2,2.29,0.046,0.029,6.67
6,2023,5,27,0,21.3,7.72,6.74,806.2,1.2,2.26,0.041,0.025,6.66
6,2023,5,27,4,21.0,7.56,4.3,812.1,1.3,2.33,0.064,0.028,6.63
6,2023,5,27,8,20.8,7.65,4.84,828.0,5.6,5.12,2.7,0.206,9.45
6,2023,5,27,12,21.1,7.76,8.28,811.0,1.9,3.61,0.258,0.052,7.25
6,2023,5,27,16,21.3,7.8,9.24,818.5,3.8,3.53,0.08,0.037,7.37
6,2023,5,27,20,21.2,7.73,8.13,822.8,1.8,2.68,0.048,0.029,7.28
6,2023,5,28,0,20.8,7.6,5.43,822.2,1.3,2.24,0.053,0.028,7.21
6,2023,5,28,4,20.7,7.54,3.68,817.0,1.7,2.68,0.666,0.06,7.39
6,2023,5,28,8,20.7,7.62,5.71,816.1,1.7,2.84,0.127,0.032,6.77
6,2023,5,28,12,22.4,8.2,14.75,812.8,1.5,2.56,0.07,0.034,6.76
6,2023,5,28,16,24.5,8.6,21.39,786.9,1.8,2.56,0.056,0.036,6.9
6,2023,5,28,20,23.1,8.03,11.96,793.4,2.0,2.58,0.043,0.03,6.94
6,2023,5,29,0,21.6,7.63,5.87,796.4,1.3,2.44,0.13,0.034,7.1
6,2023,5,29,4,21.1,7.52,3.68,789.8,2.0,2.43,0.099,0.032,6.55
6,2023,5,29,12,23.5,8.32,17.3,768.8,1.8,2.46,0.036,0.029,6.15
6,2023,5,29,16,25.2,8.58,21.68,759.5,1.6,2.47,0.043,0.031,6.56
6,2023,5,29,20,23.7,8.0,11.69,769.9,1.7,2.39,0.036,0.026,6.37
6,2023,5,30,0,22.2,7.6,5.46,757.3,1.2,2.26,0.078,0.026,5.96
6,2023,5,30,4,21.8,7.52,3.65,745.9,1.1,2.2,0.05,0.025,5.59
6,2023,5,30,8,21.7,7.53,3.78,734.4,3.2,4.65,0.94,0.091,6.38
6,2023,5,30,12,22.2,7.49,3.8,674.8,6.5,4.65,0.94,0.091,6.38
6,2023,5,30,12,22.2,7.49,3.8,674.8,6.5,6.23,0.685,0.089,6.15
6,2023,5,30,16,22.5,7.69,7.97,706.1,3.3,6.23,0.685,0.089,6.15
6,2023,5,30,16,22.5,7.69,7.97,706.1,3.3,3.3,0.058,0.042,5.58
6,2023,5,30,20,22.1,7.63,6.2,723.0,2.2,3.3,0.058,0.042,5.58
6,2023,5,30,20,22.1,7.63,6.2,723.0,2.2,2.68,0.042,0.031,5.62
6,2023,5,31,0,21.4,7.51,3.23,730.8,1.5,2.68,0.042,0.031,5.62
6,2023,5,31,0,21.4,7.51,3.23,730.8,1.5,2.68,0.042,0.031,5.62
6,2023,5,31,4,21.2,7.47,2.43,728.1,1.4,2.68,0.042,0.031,5.62
6,2023,5,31,4,21.2,7.47,2.43,728.1,1.4,2.74,0.108,0.03,5.09
6,2023,5,31,8,21.1,7.58,4.56,721.1,1.5,2.74,0.108,0.03,5.09
6,2023,5,31,12,22.1,7.97,10.5,717.0,2.5,2.9,0.042,0.028,5.0
6,2023,5,31,12,22.1,7.97,10.5,717.0,2.5,2.64,0.036,0.03,5.38
6,2023,5,31,16,22.9,8.17,11.9,711.2,2.6,2.64,0.036,0.03,5.38
6,2023,5,31,16,22.9,8.17,11.9,711.2,2.6,2.36,0.053,0.028,5.45
6,2023,5,31,20,22.2,7.82,7.64,726.1,1.5,2.36,0.053,0.028,5.45
6,2023,5,31,20,22.2,7.82,7.64,726.1,1.5,2.44,0.042,0.026,5.54
6,2023,6,1,0,21.3,7.56,3.69,728.1,1.4,2.44,0.042,0.026,5.54
6,2023,6,1,0,21.3,7.56,3.69,728.1,1.4,2.44,0.042,0.026,5.54
6,2023,6,1,4,20.8,7.48,2.48,728.9,1.4,2.44,0.042,0.026,5.54
6,2023,6,1,4,20.8,7.48,2.48,728.9,1.4,2.56,0.08,0.029,5.24
6,2023,6,1,8,20.8,7.59,4.91,726.6,1.3,2.56,0.08,0.029,5.24
6,2023,6,1,8,20.8,7.59,4.91,726.6,1.3,4.2,0.043,0.029,5.14
6,2023,6,1,8,20.8,7.59,4.91,726.6,1.3,4.2,0.043,0.029,5.14
6,2023,6,1,12,20.8,7.59,4.91,726.6,1.3,2.49,0.039,0.032,6.11
6,2023,6,1,16,24.4,8.29,15.78,726.8,1.5,2.49,0.039,0.032,6.11
6,2023,6,2,12,23.2,8.18,14.32,774.0,1.5,2.26,0.034,0.039,6.61
