point_id,year,month,day,hour,水温(℃),pH(无量纲),溶解氧(mg/L),电导率(μS/cm),浊度(NTU),高锰酸盐指数(mg/L),氨氮(mg/L),总磷(mg/L),总氮(mg/L)
1,2021,6,17,12,25.7,7.36,7.08,888.6,13.7,5.24,0.401,0.137,5.01
1,2021,6,17,12,25.7,7.36,7.08,888.6,13.7,5.24,0.401,0.137,5.01
1,2021,6,17,16,26.5,7.53,8.94,871.6,13.1,4.56,0.916,0.143,5.49
1,2021,6,17,16,26.5,7.53,8.94,871.6,13.1,4.71,1.506,0.144,6.07
1,2021,6,18,0,25.8,7.57,7.83,845.6,13.2,5.22,1.78,0.128,6.63
1,2021,6,18,4,25.1,7.44,6.91,841.1,14.3,4.97,1.078,0.099,6.94
1,2021,6,18,4,25.1,7.44,6.91,841.1,14.3,4.75,0.905,0.094,6.96
1,2021,6,18,8,24.5,7.42,6.65,849.4,13.7,5.2,0.661,0.09,6.97
1,2021,6,18,12,24.7,7.43,7.37,853.1,12.7,5.2,0.535,0.09,7.16
1,2021,6,18,16,25.6,7.44,8.13,888.4,11.7,4.52,0.535,0.09,7.16
1,2021,6,18,16,25.6,7.44,8.13,888.4,11.7,4.63,0.339,0.089,8.22
1,2021,6,18,20,25.8,7.59,11.59,887.8,10.4,4.48,0.198,0.079,8.01
1,2021,6,19,0,25.3,7.56,10.1,911.8,10.6,4.48,0.198,0.079,8.01
1,2021,6,19,4,25.1,7.54,10.38,902.7,9.6,3.88,0.123,0.079,8.49
1,2021,6,19,4,25.1,7.54,10.38,902.7,9.6,5.06,0.095,0.08,7.19
1,2021,6,19,8,24.9,7.49,10.27,894.6,9.6,5.71,0.066,0.066,7.25
1,2021,6,19,12,25.8,7.64,10.55,903.4,11.6,5.67,0.05,0.069,7.18
1,2021,6,19,16,26.9,8.51,11.34,826.4,11.8,6.01,0.037,0.07,6.14
1,2021,6,19,20,26.7,8.1,10.5,861.9,14.2,6.01,0.041,0.064,6.19
1,2021,6,20,0,25.6,7.91,9.95,868.7,12.2,4.61,0.041,0.064,6.19
1,2021,6,20,0,25.6,7.91,9.95,868.7,12.2,4.61,0.041,0.064,6.19
1,2021,6,20,8,24.9,7.66,9.65,855.1,12.9,5.72,0.037,0.056,5.7
1,2021,6,20,12,25.5,7.98,14.49,854.4,16.3,5.8,0.036,0.056,5.8
1,2021,6,20,16,26.4,8.66,13.59,802.4,15.2,5.83,0.036,0.056,5.8
1,2021,7,2,12,24.7,7.12,7.2,638.9,22.4,8.48,2.953,0.207,9.23
1,2021,7,2,16,25.8,7.12,7.26,625.8,28.9,7.38,2.953,0.207,9.23
1,2021,7,2,16,25.8,7.12,7.26,625.8,28.9,6.76,2.96,0.217,8.95
1,2021,7,2,20,26.7,7.13,14.23,605.3,28.3,5.92,2.948,0.216,8.16
1,2021,7,3,0,26.6,7.15,9.54,605.7,196.3,5.92,2.948,0.216,8.16
1,2021,7,3,4,26.4,7.22,12.79,662.5,23.4,4.56,1.637,0.174,7.02
1,2021,7,3,16,25.6,7.27,6.39,398.4,40.9,7.37,2.637,0.148,7.03
1,2021,7,3,16,25.6,7.27,6.39,398.4,40.9,6.08,2.41,0.162,6.91
1,2021,7,3,20,26.2,7.13,7.69,458.0,29.4,5.25,2.399,0.177,7.35
1,2021,7,4,0,26.0,7.05,8.65,502.2,21.1,5.25,2.399,0.177,7.35
1,2021,7,4,4,25.8,7.02,6.68,546.8,24.0,5.25,2.399,0.177,7.35
1,2021,7,4,4,25.8,7.02,6.68,546.8,24.0,5.71,2.701,0.244,8.61
1,2021,7,4,8,25.6,7.03,9.39,541.7,14.3,6.16,3.462,0.332,9.05
1,2021,7,4,12,26.1,7.05,5.32,554.9,13.0,6.16,3.714,0.399,9.65
1,2021,7,4,16,27.2,7.05,8.79,588.1,15.0,5.71,3.714,0.399,9.65
1,2021,7,4,16,27.2,7.05,8.79,588.1,15.0,5.88,3.719,0.444,9.35
1,2021,7,4,20,27.6,7.02,7.14,622.8,10.4,5.81,3.661,0.459,10.4
1,2021,7,5,4,27.1,7.02,3.7,661.3,10.6,5.81,3.661,0.459,10.4
1,2021,7,5,8,26.1,6.89,9.86,783.2,12.0,6.07,4.015,0.538,10.18
1,2021,7,5,8,26.1,6.89,9.86,783.2,12.0,6.38,2.271,0.402,9.91
1,2021,7,5,12,26.0,6.86,14.95,865.2,10.6,5.36,1.003,0.318,10.65
1,2021,7,5,16,27.6,7.03,11.74,741.8,11.1,5.36,3.543,0.503,10.93
1,2021,7,5,20,27.7,7.09,13.02,618.3,22.1,5.98,3.543,0.503,10.93
1,2021,7,5,20,27.7,7.09,13.02,618.3,22.1,4.84,2.426,0.299,8.04
1,2021,7,6,0,26.9,7.09,13.84,630.8,16.8,4.84,2.426,0.299,8.04
1,2021,7,6,4,26.2,7.16,14.28,655.2,27.7,4.84,0.668,0.175,7.0
1,2021,7,6,8,25.6,7.17,12.81,608.9,34.8,4.62,0.668,0.175,7.0
1,2021,7,6,8,25.6,7.17,12.81,608.9,34.8,6.12,1.132,0.145,6.3
1,2021,7,6,12,25.3,7.13,12.81,608.9,34.8,5.54,2.52,0.19,7.18
1,2021,7,6,16,26.4,7.06,11.52,532.7,23.1,6.04,2.719,0.178,7.57
1,2021,7,27,4,27.8,7.13,7.34,939.6,9.1,5.22,0.644,0.152,9.1
1,2021,7,27,12,26.8,7.26,7.33,550.5,34.9,8.1,1.13,0.213,5.38
1,2021,7,27,12,26.8,7.26,7.33,550.5,34.9,8.1,1.13,0.213,5.38
1,2021,7,27,12,26.8,7.26,7.33,550.5,34.9,7.82,3.828,0.213,8.42
1,2021,7,27,16,26.7,7.28,1.02,437.8,47.0,7.52,3.691,0.198,7.43
1,2021,7,27,20,26.7,7.23,2.18,504.8,28.1,6.87,4.307,0.254,8.95
1,2021,7,28,0,26.5,7.21,7.83,558.0,20.4,6.87,4.307,0.254,8.95
1,2021,7,28,4,26.4,7.21,7.53,594.2,16.2,6.87,4.307,0.254,8.95
1,2021,7,28,16,27.6,7.24,0.95,693.2,11.3,10.4,7.835,0.755,12.24
1,2021,7,29,4,27.3,7.23,7.85,748.1,12.6,4.9,2.447,0.294,5.71
1,2021,7,29,8,27.2,7.24,7.81,757.4,12.9,5.08,2.877,0.312,7.94
1,2021,7,29,12,27.1,7.28,7.46,742.2,14.0,5.33,2.877,0.312,7.73
1,2021,7,29,16,27.0,7.41,7.55,683.7,30.1,5.33,2.877,0.312,7.73
1,2021,7,29,16,27.0,7.41,7.55,683.7,30.1,5.1,1.941,0.294,6.97
1,2021,7,29,20,26.8,7.4,7.64,635.9,40.8,6.18,3.579,0.306,7.28
1,2021,7,30,4,25.7,7.23,7.78,639.2,19.7,6.18,3.579,0.306,7.28
1,2021,7,30,4,25.7,7.23,7.78,639.2,19.7,7.7,4.846,0.425,9.63
1,2021,7,30,8,25.5,7.21,1.94,653.6,15.8,8.37,5.114,0.485,10.02
1,2021,7,30,12,25.8,7.2,7.77,716.2,16.2,8.37,5.93,0.572,10.89
1,2021,7,30,16,26.6,7.15,3.17,742.1,17.6,7.89,5.93,0.572,10.89
1,2021,8,6,8,28.3,7.37,8.37,860.3,8.2,3.76,0.197,0.17,7.38
1,2021,8,6,8,28.3,7.37,8.37,860.3,8.2,3.89,0.156,0.167,7.63
1,2021,9,23,12,24.4,7.28,7.6,869.4,8.9,3.67,0.328,0.186,6.87
1,2021,9,23,16,24.9,7.3,7.71,863.9,8.4,3.71,0.316,0.18,7.33
1,2021,9,23,20,25.1,7.32,7.9,856.4,10.4,3.93,0.318,0.18,7.22
1,2021,9,24,0,24.5,7.3,7.74,897.7,9.2,3.93,0.318,0.18,7.22
1,2021,9,24,4,24.2,7.36,7.54,874.9,10.4,4.05,0.192,0.163,7.1
1,2021,10,28,12,16.7,7.79,9.02,705.9,8.2,3.69,0.18,0.078,6.12
1,2021,10,28,16,17.9,7.76,9.12,731.1,10.3,2.89,0.131,0.08,6.71
1,2021,10,28,20,18.5,7.62,8.96,771.8,11.9,3.34,0.066,0.081,7.34
1,2021,10,29,8,17.3,7.38,8.86,795.4,8.6,3.76,0.307,0.089,7.89
1,2021,10,29,12,17.2,7.53,8.93,775.0,8.0,3.15,0.32,0.077,7.14
1,2021,11,5,8,17.6,7.37,8.42,852.4,12.0,4.16,0.087,0.111,9.2
1,2021,11,5,16,18.2,7.2,8.46,882.4,10.1,4.18,0.16,0.106,9.03
1,2021,11,6,0,17.9,7.26,9.46,863.2,10.5,4.49,0.119,0.175,8.87
1,2021,11,6,4,17.6,7.32,9.32,855.6,13.7,4.06,0.104,0.121,8.33
1,2021,11,6,12,18.1,7.2,9.24,885.0,18.0,4.36,0.094,0.113,9.15
1,2021,11,6,16,17.8,7.29,9.44,843.4,8.1,4.54,0.168,0.105,8.45
1,2021,11,7,4,15.6,7.38,9.94,876.7,10.6,4.04,0.271,0.126,7.81
1,2021,11,7,12,14.7,7.51,10.13,845.9,11.1,3.98,0.308,0.13,8.12
1,2021,11,7,16,14.4,7.49,10.2,824.5,11.7,3.86,0.203,0.116,7.46
1,2021,11,7,20,14.6,7.44,10.12,811.6,14.8,3.86,0.35,0.108,7.46
1,2021,11,8,0,14.2,7.42,9.88,819.4,12.0,4.0,0.35,0.108,7.03
1,2021,11,8,8,12.4,7.4,9.76,841.7,10.7,3.8,0.373,0.106,7.18
1,2021,11,8,12,12.6,7.4,9.69,900.2,10.7,4.2,1.441,0.136,8.52
1,2021,11,8,16,13.2,7.38,9.75,963.8,12.1,4.65,2.001,0.165,9.03
1,2021,11,8,20,13.6,7.3,9.76,1037.4,9.6,4.87,2.509,0.167,9.63
1,2021,11,9,4,12.8,7.28,9.44,1030.8,9.8,5.42,1.387,0.157,9.59
1,2021,11,9,8,12.8,7.25,9.54,1043.3,10.1,5.47,1.004,0.146,9.66
1,2021,11,9,12,11.9,7.5,9.77,936.0,13.5,5.28,1.552,0.171,8.86
1,2021,11,9,16,12.8,7.47,9.54,1054.0,14.9,4.82,2.64,0.239,10.66
1,2021,11,10,0,13.3,7.32,9.34,1117.8,14.1,5.98,2.474,0.24,10.59
1,2021,11,10,4,13.3,7.32,9.34,1117.8,14.1,6.2,1.784,0.201,9.9
1,2021,11,10,8,13.0,7.28,9.09,1142.3,14.9,6.3,1.617,0.188,9.59
1,2021,11,10,12,13.3,7.3,9.17,1141.4,15.0,5.95,1.548,0.18,9.31
1,2021,11,10,16,13.9,7.32,9.39,1147.8,13.3,5.26,1.324,0.166,9.14
1,2021,11,10,20,15.1,7.29,9.62,1147.9,12.9,5.17,1.038,0.161,9.0
1,2021,11,11,0,12.8,7.47,9.62,1112.4,12.6,5.44,1.038,0.161,9.0
1,2021,11,11,4,12.9,7.43,9.2,1126.8,12.5,5.44,1.953,0.217,9.0
1,2021,11,11,12,13.7,7.34,9.34,1106.8,11.9,5.24,1.473,0.178,9.17
1,2021,11,11,16,13.9,7.4,9.65,1059.0,11.3,5.56,1.247,0.161,9.32
1,2021,11,11,20,14.0,7.4,9.93,1019.6,11.1,5.08,0.797,0.138,9.17
1,2021,11,12,0,14.4,7.36,10.02,1001.2,10.6,4.93,0.797,0.138,8.71
1,2021,11,12,4,14.5,7.29,9.92,1003.0,13.1,4.76,0.347,0.12,8.07
1,2021,11,26,12,13.2,7.18,10.53,1013.0,8.3,4.93,0.085,0.087,7.53
1,2021,11,26,16,13.5,7.19,10.52,1009.0,10.6,5.0,0.078,0.087,8.02
1,2021,11,26,20,11.9,7.41,10.94,933.4,10.2,4.68,0.092,0.083,7.63
1,2021,11,27,0,12.6,7.3,10.75,978.9,10.9,4.68,0.092,0.083,7.63
1,2021,11,27,4,10.9,7.46,11.1,915.5,10.7,3.61,0.092,0.078,7.5
1,2021,11,27,8,12.0,7.25,10.8,1017.7,10.3,4.79,0.078,0.084,8.3
1,2021,11,27,12,12.7,7.22,10.68,1040.9,9.8,5.01,0.08,0.082,8.89
1,2021,11,27,16,12.9,7.23,10.67,1033.7,8.9,5.01,0.168,0.085,9.12
1,2021,11,27,20,12.0,7.38,10.93,970.7,10.5,5.01,0.476,0.088,8.74
1,2021,11,28,0,12.8,7.29,10.68,1016.2,9.3,5.01,0.476,0.088,8.74
1,2021,11,28,4,13.0,7.24,10.61,1041.4,7.7,5.43,0.214,0.088,9.4
1,2021,11,28,8,13.1,7.18,10.52,1058.9,8.3,5.63,0.119,0.087,9.46
1,2021,11,28,12,13.6,7.18,10.42,1060.9,7.6,5.97,0.099,0.085,9.5
1,2021,11,28,16,13.8,7.19,10.4,1052.2,8.4,5.81,0.157,0.086,9.33
1,2021,11,28,20,12.7,7.34,10.67,987.0,7.7,5.28,0.227,0.086,8.53
1,2021,11,29,0,13.1,7.28,10.55,1030.6,7.5,5.28,0.227,0.086,8.53
1,2021,11,29,4,13.2,7.24,10.46,1052.8,7.6,5.45,0.124,0.087,8.75
1,2021,11,29,8,13.1,7.21,10.43,1052.4,7.5,5.79,0.11,0.088,8.89
1,2021,11,29,12,12.8,7.24,10.45,1034.2,7.4,5.43,0.104,0.086,8.68
1,2021,11,30,8,13.1,7.24,10.42,1095.2,8.7,7.82,0.13,0.096,9.99
1,2021,11,30,12,14.6,7.18,10.1,1185.1,6.1,6.59,0.337,0.12,11.02
1,2021,11,30,16,12.2,7.42,10.73,1038.0,9.1,5.67,0.26,0.103,9.44
1,2021,11,30,20,11.6,7.45,10.95,978.5,9.1,5.11,0.192,0.092,9.14
1,2021,11,30,20,11.6,7.45,10.95,978.5,9.1,5.11,0.192,0.092,9.14
1,2021,12,1,4,12.0,7.25,10.62,998.7,8.5,5.49,0.11,0.087,9.87
1,2021,12,1,12,12.7,7.2,10.6,1009.8,8.3,5.53,0.099,0.095,10.89
1,2021,12,1,16,12.2,7.32,10.72,964.3,9.2,5.44,0.197,0.094,10.08
1,2021,12,1,20,12.0,7.32,10.73,974.2,8.7,5.44,0.54,0.097,10.13
1,2021,12,2,0,10.7,7.48,10.93,913.8,8.4,5.44,0.54,0.097,10.13
1,2021,12,2,4,10.6,7.39,10.8,954.7,7.2,4.44,0.417,0.089,9.08
1,2021,12,2,12,11.2,7.38,10.75,984.5,7.2,4.5,0.125,0.09,9.77
1,2021,12,3,12,12.4,7.19,10.58,1038.3,8.3,5.74,0.087,0.117,9.28
1,2021,12,7,16,11.7,7.35,11.16,1022.4,8.2,5.34,0.077,0.377,8.49
1,2021,12,7,20,11.5,7.42,11.21,999.7,9.7,5.06,0.071,0.319,8.24
1,2021,12,8,8,12.2,7.19,10.57,1100.2,9.5,5.39,0.068,0.356,8.12
1,2021,12,8,12,12.3,7.18,10.71,1097.4,8.4,5.87,0.064,0.366,8.42
1,2021,12,8,16,13.0,7.15,10.78,1122.3,7.4,5.84,0.062,0.386,8.74
1,2021,12,8,20,14.2,7.03,10.44,1190.7,6.7,6.59,0.058,0.456,9.18
1,2021,12,9,0,14.4,7.03,10.26,1196.7,7.8,6.59,0.058,0.456,9.18
1,2021,12,9,4,14.4,7.01,10.12,1192.9,9.5,6.94,0.068,0.434,9.03
1,2021,12,9,8,14.5,7.0,10.03,1182.0,8.7,6.39,0.067,0.398,9.17
1,2021,12,10,12,11.8,7.3,10.69,999.5,9.6,5.04,0.139,0.192,7.62
1,2021,12,10,16,13.5,7.16,10.42,1096.8,11.3,5.58,0.15,0.191,7.62
1,2021,12,14,8,11.9,7.09,10.37,1067.1,6.6,6.07,0.418,0.149,7.4
1,2021,12,14,12,9.0,7.37,10.74,947.7,8.7,4.6,0.289,0.126,6.92
1,2021,12,14,16,9.9,7.29,11.68,952.6,6.0,4.48,0.192,0.121,6.9
1,2021,12,14,20,9.9,7.32,11.64,959.7,6.5,4.47,0.191,0.146,6.82
1,2021,12,15,0,9.5,7.3,11.08,986.1,5.2,4.47,0.191,0.146,6.82
1,2021,12,15,4,9.0,7.29,10.95,983.7,4.9,4.75,0.109,0.119,6.95
1,2021,12,21,12,10.7,7.23,10.91,968.1,7.5,5.62,0.164,0.072,8.25
1,2021,12,21,16,10.2,7.35,11.29,935.6,8.9,4.74,0.252,0.071,7.97
1,2021,12,22,8,10.8,7.27,10.23,1007.3,9.3,5.31,1.361,0.085,8.17
1,2021,12,22,16,11.0,7.39,11.2,958.8,9.4,4.92,0.391,0.087,8.34
1,2021,12,22,20,10.6,7.44,11.61,927.9,9.5,4.59,0.245,0.081,7.96
1,2021,12,23,0,10.2,7.4,11.27,943.0,7.9,4.45,0.245,0.081,7.22
1,2021,12,23,4,10.0,7.36,10.7,962.9,5.4,4.4,0.185,0.072,6.93
1,2021,12,23,8,10.3,7.34,10.47,996.6,5.7,4.47,0.206,0.065,6.66
1,2021,12,23,12,10.6,7.36,10.52,1017.2,6.2,4.68,0.251,0.073,6.92
1,2021,12,23,16,10.9,7.35,10.61,1032.1,8.2,4.67,0.204,0.076,7.18
1,2021,12,23,20,10.6,7.37,10.71,1012.0,8.8,5.75,0.19,0.077,7.06
1,2021,12,24,0,10.6,7.33,10.61,1007.0,7.5,5.75,0.19,0.077,7.06
1,2021,12,24,4,10.2,7.34,10.41,999.5,7.8,5.75,0.181,0.077,7.06
1,2021,12,24,12,10.9,7.24,10.6,1047.5,6.1,5.47,0.714,0.085,8.93
1,2021,12,27,16,7.2,7.47,12.17,943.0,11.0,4.53,0.3,0.092,8.08
1,2021,12,27,20,7.1,7.44,12.15,930.9,11.1,4.64,0.193,0.088,7.48
1,2021,12,28,0,6.8,7.41,11.89,924.6,11.1,4.37,0.193,0.088,7.15
1,2021,12,28,4,9.5,7.18,11.1,1021.6,5.5,4.37,0.183,0.07,7.15
1,2021,12,28,8,10.1,7.16,10.69,1027.9,4.3,5.07,0.574,0.069,7.38
1,2021,12,28,16,7.9,7.43,11.92,908.7,10.6,4.89,0.438,0.082,7.91
1,2021,12,30,12,10.6,7.19,10.62,1057.3,7.0,6.65,0.717,0.074,8.53
1,2022,1,11,8,9.1,7.28,10.74,1030.5,7.2,5.08,0.121,0.062,7.59
1,2022,1,11,12,9.4,7.28,10.92,1019.3,7.7,5.22,0.352,0.065,7.65
1,2022,1,11,16,9.1,7.34,11.37,978.3,8.1,4.99,0.411,0.071,8.09
1,2022,1,12,8,8.0,7.34,10.83,955.6,7.6,4.42,0.278,0.067,7.59
1,2022,1,12,12,8.0,7.34,10.95,965.8,7.4,4.77,0.279,0.074,7.8
1,2022,1,12,16,8.0,7.38,11.24,953.8,8.5,4.71,0.224,0.069,7.52
1,2022,1,14,12,7.8,7.31,11.15,989.5,7.1,4.57,0.348,0.056,8.76
1,2022,1,14,16,8.3,7.34,11.56,970.2,7.5,4.72,0.604,0.057,8.26
1,2022,1,19,8,7.3,7.34,10.78,911.3,6.2,4.77,0.546,0.065,9.44
1,2022,1,19,12,7.4,7.35,10.94,916.7,5.6,4.61,0.545,0.057,9.47
1,2022,1,19,16,7.8,7.4,11.95,911.1,6.8,4.43,0.451,0.061,9.34
1,2022,1,19,20,8.0,7.4,12.12,912.6,5.3,4.39,0.421,0.067,9.96
1,2022,1,20,0,7.9,7.35,11.24,917.3,4.8,4.39,0.421,0.067,9.96
1,2022,1,20,4,7.8,7.33,10.9,915.1,5.3,4.71,0.231,0.058,9.48
1,2022,1,20,8,7.6,7.33,10.72,913.3,17.3,4.73,0.205,0.059,9.29
1,2022,1,20,12,7.9,7.32,11.01,919.5,5.1,4.83,0.465,0.057,9.19
1,2022,1,20,20,8.4,7.35,12.04,910.3,5.6,17.78,1.22,0.06,9.31
1,2022,1,21,0,8.1,7.35,11.61,906.1,5.9,17.78,1.22,0.06,9.31
1,2022,1,21,4,10.0,7.09,10.56,1011.1,4.0,5.32,1.365,0.056,11.79
1,2022,1,21,8,10.0,7.08,10.38,1014.9,4.2,5.74,0.547,0.061,12.06
1,2022,1,21,12,9.7,7.15,10.67,975.6,6.0,8.72,0.238,0.068,11.68
1,2022,2,10,8,8.4,7.54,10.76,901.3,7.1,4.54,0.057,0.062,8.37
1,2022,2,10,12,8.6,7.52,11.25,899.3,5.9,4.48,0.065,0.059,8.12
1,2022,2,11,8,8.8,7.5,10.72,885.8,6.2,4.68,0.192,0.06,7.66
1,2022,2,11,16,9.0,7.55,11.38,877.4,6.6,4.49,0.236,0.059,7.01
1,2022,2,11,20,8.8,7.63,11.99,858.6,7.1,4.19,0.236,0.06,6.81
1,2022,2,12,0,9.8,7.55,12.06,902.7,7.7,4.19,0.236,0.06,6.81
1,2022,2,12,4,9.6,7.52,11.61,899.1,7.4,4.68,0.908,0.063,7.62
1,2022,2,12,16,9.1,7.54,11.1,892.1,6.4,4.48,0.205,0.063,8.09
1,2022,2,12,20,7.9,7.68,11.61,839.2,6.9,3.86,0.205,0.057,7.34
1,2022,2,13,0,8.6,7.62,12.12,844.2,7.1,3.86,0.205,0.057,7.34
1,2022,2,13,4,8.5,7.66,11.65,835.8,7.5,4.02,0.272,0.059,7.49
1,2022,2,13,8,8.6,7.62,10.82,871.3,6.8,4.31,0.191,0.061,7.71
1,2022,2,13,12,8.3,7.61,10.66,873.8,5.6,4.24,0.191,0.057,7.62
1,2022,2,13,16,7.9,7.64,11.06,865.0,5.7,4.0,0.084,0.056,7.4
1,2022,2,13,20,7.7,7.68,11.55,860.8,6.1,4.1,0.074,0.056,7.56
1,2022,2,13,20,7.7,7.68,11.55,860.8,6.1,4.1,0.074,0.056,7.56
1,2022,2,14,4,8.7,7.56,11.34,907.7,6.9,4.58,0.097,0.062,8.03
1,2022,2,18,8,7.9,7.51,11.36,1008.1,4.4,4.76,0.645,0.073,8.3
1,2022,2,18,12,7.9,7.51,11.48,1001.7,4.8,4.74,0.209,0.066,8.08
1,2022,2,18,16,8.2,7.49,11.81,1006.8,5.1,4.64,0.223,0.062,7.81
1,2022,2,18,20,8.3,7.48,11.98,1012.8,5.4,4.39,0.274,0.064,8.22
1,2022,2,19,0,7.9,7.5,11.95,1001.9,5.2,4.56,0.274,0.064,8.22
1,2022,2,19,4,7.4,7.54,11.7,986.9,5.1,4.56,0.426,0.066,7.82
1,2022,2,19,8,7.3,7.51,11.13,996.6,5.2,4.53,0.438,0.066,8.24
1,2022,2,22,12,8.4,7.53,11.87,936.6,5.7,4.35,0.184,0.071,7.58
1,2022,2,22,12,8.4,7.53,11.87,936.6,5.7,4.35,0.184,0.071,7.58
1,2022,2,22,16,7.9,7.63,12.33,902.3,5.9,4.35,0.184,0.071,8.64
1,2022,2,22,16,7.9,7.63,12.33,902.3,5.9,4.35,0.108,0.071,8.64
1,2022,2,22,20,7.7,7.63,12.78,898.7,6.7,4.1,0.105,0.066,5.29
1,2022,2,22,20,7.7,7.63,12.78,898.7,6.7,4.1,0.105,0.066,5.29
1,2022,2,23,4,7.9,7.59,11.61,896.3,7.1,4.1,0.14,0.076,5.29
1,2022,2,23,8,7.5,7.54,11.1,910.8,6.1,4.32,0.161,0.072,7.77
1,2022,2,23,12,7.9,7.51,11.37,910.4,5.4,4.53,0.251,0.069,7.65
1,2022,2,23,16,8.4,7.55,12.1,902.0,5.3,4.5,0.251,0.067,7.34
1,2022,3,1,8,10.6,7.56,10.14,934.2,7.5,4.88,1.259,0.075,8.43
1,2022,3,1,12,11.0,7.57,10.63,933.9,7.4,4.81,1.289,0.092,8.4
1,2022,3,1,16,10.9,7.73,11.83,882.3,6.7,4.14,0.526,0.082,7.33
1,2022,3,2,8,11.4,7.43,10.11,932.9,5.4,4.25,0.086,0.067,7.32
1,2022,3,2,12,10.0,7.69,11.25,861.3,6.1,4.41,0.122,0.064,6.52
1,2022,3,7,8,10.6,7.52,10.38,774.7,5.3,4.26,0.096,0.063,6.5
1,2022,3,7,12,11.8,7.55,11.22,767.4,5.3,4.02,0.116,0.061,6.33
1,2022,3,8,8,11.2,7.55,10.24,745.3,7.1,4.13,0.111,0.065,6.19
1,2022,3,8,12,12.3,7.51,10.98,769.9,6.2,4.13,0.226,0.085,6.27
1,2022,3,8,16,13.8,7.6,12.48,762.7,6.7,4.18,0.277,0.08,6.25
1,2022,3,8,20,14.2,7.66,12.72,753.6,7.7,4.32,0.223,0.074,6.04
1,2022,3,9,0,13.6,7.57,10.98,759.4,7.8,4.02,0.115,0.065,6.31
1,2022,3,9,4,12.4,7.51,9.94,751.8,7.6,4.02,0.115,0.065,6.31
1,2022,3,9,8,11.9,7.5,10.08,756.9,6.7,4.02,0.194,0.064,5.98
1,2022,3,9,8,11.9,7.5,10.08,756.9,6.7,4.31,0.295,0.077,6.15
1,2022,3,9,16,14.4,7.62,12.5,767.9,7.2,4.17,0.167,0.072,6.21
1,2022,3,10,8,13.1,7.4,9.52,802.8,8.1,4.75,0.129,0.066,6.77
1,2022,3,10,12,13.5,7.71,11.19,719.2,7.4,4.61,0.088,0.067,6.99
1,2022,3,10,16,14.4,7.74,11.43,728.5,7.7,3.51,0.232,0.069,5.49
1,2022,3,11,8,13.9,7.36,9.16,853.6,7.2,4.5,0.159,0.073,6.7
1,2022,3,11,12,14.0,7.35,9.42,847.9,6.6,4.8,0.266,0.081,6.6
1,2022,3,11,16,14.2,7.35,10.02,826.9,6.3,4.71,0.515,0.08,6.16
1,2022,3,11,20,14.4,7.44,10.67,779.4,7.4,4.76,0.622,0.071,6.16
1,2022,3,12,16,14.1,7.37,9.34,781.4,10.7,4.49,0.699,0.086,6.02
1,2022,3,12,20,13.6,7.57,10.72,709.6,11.5,3.96,0.491,0.072,5.3
1,2022,3,13,0,13.6,7.5,10.78,719.2,9.7,3.96,0.491,0.072,5.3
1,2022,3,13,4,13.2,7.44,9.62,729.8,9.0,4.23,0.494,0.062,6.17
1,2022,3,13,8,13.1,7.4,9.12,760.8,8.0,4.64,0.63,0.073,6.13
1,2022,3,13,12,13.5,7.39,9.96,792.4,9.4,4.6,0.563,0.078,6.28
1,2022,3,13,16,13.7,7.5,11.22,749.4,11.2,4.25,0.35,0.074,6.14
1,2022,3,13,20,14.0,7.61,11.88,713.1,9.1,3.97,0.19,0.063,5.7
1,2022,3,14,0,13.8,7.56,10.51,766.1,9.3,3.97,0.19,0.063,5.7
1,2022,3,14,4,13.7,7.42,9.3,823.7,9.0,4.56,0.353,0.061,6.34
1,2022,3,14,12,13.7,7.38,9.67,821.1,7.7,4.59,0.7,0.063,5.7
1,2022,3,14,16,15.0,7.35,10.77,859.0,7.9,4.96,0.811,0.064,6.6
1,2022,3,15,8,14.1,7.38,9.14,841.4,7.8,5.32,0.27,0.068,6.15
1,2022,3,15,16,14.6,7.51,11.17,797.8,9.6,4.12,0.4,0.08,5.16
1,2022,3,16,0,15.8,7.51,10.96,835.8,10.2,4.18,0.159,0.065,5.07
1,2022,3,16,4,15.0,7.45,9.41,830.2,9.3,4.18,0.159,0.065,5.07
1,2022,3,16,12,14.2,7.43,9.4,797.0,8.2,4.64,0.168,0.064,5.0
1,2022,3,16,16,14.9,7.4,10.24,809.7,65.9,4.4,0.311,0.062,5.05
1,2022,3,16,20,15.1,7.46,11.72,789.5,10.2,4.45,0.395,0.06,5.2
1,2022,3,17,0,15.1,7.53,11.62,786.7,9.4,4.46,0.376,0.061,5.26
1,2022,3,17,4,14.2,7.52,9.34,761.4,10.3,4.46,0.376,0.061,5.26
1,2022,3,17,8,13.7,7.5,9.24,753.0,8.6,4.28,0.537,0.064,5.18
1,2022,3,17,12,13.4,7.48,9.74,751.6,19.0,4.26,0.537,0.089,5.4
1,2022,3,17,16,13.5,7.68,11.05,717.9,7.7,3.97,0.246,0.076,5.27
1,2022,3,17,20,13.6,7.72,11.04,726.1,8.5,3.92,0.156,0.075,4.98
1,2022,3,18,8,12.3,7.48,9.46,774.7,7.9,4.3,0.212,0.075,5.36
1,2022,3,18,12,12.2,7.49,9.79,766.5,7.2,4.14,0.39,0.073,5.17
1,2022,3,18,16,12.1,7.48,10.12,787.6,8.0,4.14,0.56,0.072,5.54
1,2022,3,23,12,12.0,7.51,10.53,832.0,7.3,4.73,0.147,0.064,5.11
1,2022,3,24,16,13.0,7.63,12.57,787.8,7.2,4.79,0.255,0.058,5.46
1,2022,3,24,20,13.5,7.63,11.92,809.5,8.0,4.78,0.294,0.057,5.6
1,2022,3,25,0,13.2,7.56,10.02,813.1,7.9,4.78,0.294,0.057,5.6
1,2022,3,25,4,12.6,7.51,9.26,810.7,8.0,4.53,0.237,0.057,5.82
1,2022,3,25,8,12.2,7.52,9.44,815.7,7.0,5.2,0.195,0.059,5.91
1,2022,3,25,12,12.4,7.57,10.44,817.6,7.2,5.2,0.283,0.066,5.98
1,2022,3,25,16,12.7,7.78,11.72,780.1,6.7,4.29,0.2,0.178,5.52
1,2022,3,25,20,13.0,7.84,11.95,775.4,7.7,4.45,0.118,0.056,5.91
1,2022,3,26,0,12.7,7.72,10.56,787.9,7.7,4.45,0.118,0.056,5.91
1,2022,3,26,4,12.8,7.58,9.75,817.2,7.9,4.48,0.088,0.056,6.18
1,2022,3,26,8,12.7,7.48,9.89,841.2,7.5,4.59,0.165,0.066,5.92
1,2022,3,26,12,13.5,7.47,10.97,852.3,7.5,4.75,0.22,0.075,6.08
1,2022,3,26,16,14.2,7.61,12.2,821.4,8.9,4.62,0.192,0.073,6.02
1,2022,3,26,20,14.1,7.69,12.18,803.2,10.4,4.54,0.096,0.061,5.75
1,2022,3,27,0,13.3,7.66,10.57,804.7,8.7,4.54,0.096,0.061,5.75
1,2022,3,27,4,12.4,7.61,9.8,820.5,8.1,4.37,0.075,0.059,5.95
1,2022,3,27,8,12.3,7.57,9.98,832.9,7.4,4.7,0.079,0.058,5.94
1,2022,3,27,12,13.4,7.58,11.44,826.4,6.4,4.92,0.074,0.054,5.54
1,2022,3,27,16,14.9,7.95,13.88,764.6,6.8,4.14,0.062,0.054,5.08
1,2022,3,27,20,15.3,7.91,13.88,782.4,8.8,4.3,0.056,0.055,5.06
1,2022,3,28,0,14.2,7.72,11.84,786.9,8.2,4.3,0.056,0.055,5.06
1,2022,3,28,4,13.0,7.58,10.15,796.3,8.1,4.31,0.24,0.072,5.09
1,2022,3,28,8,12.6,7.55,10.18,805.3,7.8,4.56,0.185,0.072,5.09
1,2022,3,28,12,13.6,7.63,11.86,802.0,7.0,4.16,0.127,0.064,4.99
1,2022,3,28,16,15.2,7.88,14.25,764.4,9.7,4.03,0.128,0.058,5.27
1,2022,3,28,20,15.6,8.0,14.37,750.3,8.3,3.99,0.133,0.056,4.84
1,2022,3,29,0,14.9,7.69,11.83,797.3,8.2,3.99,0.133,0.056,4.84
1,2022,3,29,4,13.8,7.55,10.02,811.6,7.9,4.03,0.077,0.056,4.84
1,2022,3,29,12,13.8,7.52,10.14,826.1,9.1,4.61,0.182,0.064,5.35
1,2022,3,29,16,14.6,7.48,10.64,853.1,8.5,4.38,0.277,0.064,5.35
1,2022,3,29,20,15.1,7.57,11.42,832.6,8.9,4.35,0.37,0.064,5.51
1,2022,3,30,0,14.8,7.67,10.18,780.3,8.8,4.35,0.37,0.064,5.51
1,2022,3,30,4,14.0,7.57,8.87,771.0,8.0,4.38,0.266,0.054,5.17
1,2022,3,30,12,13.7,7.52,8.99,797.2,8.7,4.04,0.311,0.072,5.6
1,2022,3,30,16,14.4,7.51,10.16,839.3,7.9,4.24,0.201,0.068,5.89
1,2022,3,30,20,14.1,7.69,11.05,792.9,14.5,4.22,0.107,0.064,5.64
1,2022,3,31,0,14.0,7.6,9.9,808.7,17.1,4.22,0.107,0.064,5.64
1,2022,3,31,4,13.6,7.5,9.12,815.8,10.7,4.11,0.09,0.054,5.65
1,2022,3,31,8,13.3,7.46,9.24,826.0,9.2,4.48,0.097,0.057,5.58
1,2022,3,31,12,14.2,7.48,10.28,839.7,8.7,4.47,0.278,0.055,5.53
1,2022,3,31,16,15.2,7.6,11.89,845.5,10.2,4.19,0.394,0.059,5.57
1,2022,3,31,20,15.3,7.63,12.06,852.4,11.2,4.41,0.376,0.062,5.87
1,2022,4,1,0,14.6,7.55,10.96,834.2,8.4,4.41,0.376,0.062,5.87
1,2022,4,1,4,13.8,7.49,9.69,829.4,7.3,4.43,0.314,0.056,5.77
1,2022,4,1,12,14.1,7.42,8.93,882.1,8.6,5.25,0.754,0.132,6.77
1,2022,4,1,16,15.1,7.37,9.82,927.3,8.4,5.25,0.754,0.108,7.21
1,2022,4,1,20,15.5,7.38,10.63,950.8,9.9,5.57,1.211,0.083,7.4
1,2022,4,2,0,15.3,7.69,11.29,862.5,10.6,5.57,1.211,0.083,7.4
1,2022,4,2,4,14.6,7.6,9.9,867.1,9.9,4.96,0.522,0.071,6.49
1,2022,4,2,8,13.7,7.53,8.96,865.8,9.8,4.96,0.478,0.092,6.5
1,2022,4,2,16,15.9,7.87,13.91,822.9,9.3,4.53,0.129,0.069,5.85
1,2022,4,2,20,16.5,7.94,14.86,842.6,9.7,4.38,0.074,0.066,5.73
1,2022,4,3,0,16.1,7.89,13.46,840.7,9.7,4.55,0.074,0.066,5.73
1,2022,4,3,4,15.6,7.7,11.44,861.9,9.1,4.61,0.073,0.062,5.6
1,2022,4,3,8,15.4,7.36,9.43,959.9,8.3,4.59,0.071,0.066,5.72
1,2022,4,3,12,15.3,7.55,9.88,865.8,8.4,5.76,0.278,0.091,5.88
1,2022,4,3,16,16.5,7.72,13.05,854.2,9.0,4.85,0.129,0.073,5.82
1,2022,4,3,20,17.1,7.95,15.18,814.6,10.3,5.04,0.078,0.064,5.68
1,2022,4,4,0,17.0,8.01,13.64,774.6,9.5,4.66,0.078,0.064,5.68
1,2022,4,4,4,16.4,7.64,10.52,836.8,8.6,4.23,0.064,0.06,5.52
1,2022,4,4,8,15.8,7.48,9.17,862.5,7.8,4.52,0.069,0.061,5.89
1,2022,4,4,12,16.1,7.48,9.77,865.1,10.7,5.13,0.147,0.079,5.93
1,2022,4,4,16,17.2,7.59,12.24,846.7,8.0,5.09,0.141,0.084,5.93
1,2022,4,4,20,17.9,7.74,14.14,813.5,8.8,4.8,0.094,0.076,5.74
1,2022,4,5,0,17.8,7.55,12.78,852.2,8.6,4.51,0.094,0.076,5.74
1,2022,4,5,4,16.9,7.52,9.83,817.8,8.4,5.11,0.087,0.066,5.89
1,2022,4,5,8,16.0,7.48,8.78,814.1,7.5,4.61,0.075,0.064,5.88
1,2022,4,5,12,16.6,7.49,9.56,823.6,6.9,4.1,0.115,0.074,5.97
1,2022,4,5,16,17.6,7.56,11.44,835.8,8.1,4.9,0.237,0.093,6.12
1,2022,4,5,20,18.2,8.3,15.5,730.1,9.0,4.69,0.163,0.084,5.32
1,2022,4,6,0,18.0,7.8,12.69,799.5,9.0,4.25,0.163,0.084,5.32
1,2022,4,6,4,17.0,7.54,9.38,828.3,7.3,4.62,0.222,0.069,6.43
1,2022,4,6,8,16.4,7.44,8.36,838.4,7.2,4.98,0.21,0.084,6.27
1,2022,4,6,12,16.6,7.44,8.88,846.0,8.0,5.31,0.186,0.09,6.46
1,2022,4,6,16,17.3,7.41,10.34,887.5,7.4,5.44,0.138,0.088,7.25
1,2022,4,6,20,17.4,7.68,13.36,816.5,9.8,5.42,0.164,0.082,6.27
1,2022,4,7,4,16.3,7.58,9.5,787.5,8.6,4.74,0.13,0.069,6.66
1,2022,4,7,12,16.0,7.56,9.07,788.4,10.5,4.98,0.088,0.07,6.4
1,2022,4,7,16,16.8,7.7,11.54,797.5,8.7,4.72,0.132,0.081,6.62
1,2022,4,7,20,17.1,8.09,15.19,770.7,10.3,4.62,0.115,0.085,6.21
1,2022,4,8,0,17.1,7.8,13.06,822.1,9.9,4.76,0.102,0.085,5.69
1,2022,4,8,4,16.2,7.67,10.18,823.4,9.4,4.76,0.102,0.085,5.69
1,2022,4,8,8,15.6,7.57,9.07,829.1,8.5,4.77,0.06,0.088,5.66
1,2022,4,8,12,16.2,7.55,9.65,834.6,8.4,5.41,0.064,0.092,5.66
1,2022,4,8,16,17.2,7.76,12.41,789.6,9.0,4.61,0.138,0.094,5.69
1,2022,4,8,20,18.5,7.76,14.53,809.4,10.3,4.63,0.204,0.094,5.76
1,2022,4,9,0,18.5,7.62,12.44,823.4,9.2,4.91,0.091,0.086,6.3
1,2022,4,9,4,17.8,7.49,9.36,827.4,8.5,4.91,0.091,0.086,6.3
1,2022,4,9,8,17.3,7.4,8.16,841.8,8.4,7.72,0.061,0.089,6.91
1,2022,4,9,12,17.5,7.42,8.68,834.7,8.7,5.27,0.079,0.092,7.31
1,2022,4,9,20,19.1,7.89,14.22,777.2,10.9,4.53,0.13,0.088,6.46
1,2022,4,10,8,18.0,7.41,7.94,842.0,9.6,5.07,0.065,0.075,7.05
1,2022,4,10,16,19.1,7.69,11.86,797.5,10.1,5.17,0.051,0.083,6.83
1,2022,4,10,20,19.8,8.21,15.85,741.0,13.9,5.0,0.056,0.079,6.35
1,2022,4,11,0,19.9,7.76,12.7,809.9,9.8,4.57,0.054,0.07,5.43
1,2022,4,11,4,19.1,7.56,8.86,817.9,9.2,4.57,0.054,0.07,5.43
1,2022,4,11,8,18.7,7.44,7.68,835.3,8.9,4.99,0.059,0.076,6.48
1,2022,4,11,12,19.0,7.44,8.99,849.1,9.1,5.42,0.175,0.108,6.66
1,2022,4,11,16,19.7,7.72,13.06,820.7,9.9,5.44,0.184,0.11,6.73
1,2022,4,11,20,19.7,7.89,12.06,799.8,11.0,5.07,0.092,0.09,6.29
1,2022,4,11,20,19.7,7.89,12.06,799.8,11.0,4.56,0.057,0.076,6.19
1,2022,4,11,20,19.7,7.89,12.06,799.8,11.0,4.56,0.057,0.076,6.19
1,2022,4,13,0,19.2,7.48,12.68,904.3,9.5,6.55,0.088,0.096,7.46
1,2022,4,13,4,18.5,7.45,9.65,868.9,9.3,6.55,0.088,0.096,7.46
1,2022,4,13,8,17.8,7.38,8.09,872.4,8.7,5.86,0.065,0.086,6.66
1,2022,4,13,12,17.8,7.59,10.17,825.0,9.5,5.78,0.062,0.084,6.29
1,2022,4,13,16,18.3,8.42,17.13,764.3,11.7,5.83,0.154,0.094,5.97
1,2022,4,13,20,19.2,8.32,17.6,829.1,11.5,5.9,0.07,0.075,5.17
1,2022,4,14,0,19.1,7.96,13.68,849.6,9.6,5.85,0.048,0.072,5.89
1,2022,4,14,4,18.4,7.73,10.05,852.5,9.3,5.85,0.048,0.072,5.89
1,2022,4,14,8,17.6,7.59,9.03,880.5,9.2,5.71,0.052,0.08,6.0
1,2022,4,14,12,17.9,7.63,11.01,889.5,9.6,6.2,0.085,0.094,6.24
1,2022,4,14,16,18.4,8.01,14.89,854.6,10.2,6.05,0.097,0.1,6.31
1,2022,4,14,20,18.4,8.43,16.5,815.7,12.1,6.21,0.079,0.093,6.12
1,2022,4,15,8,17.2,7.74,8.55,880.2,10.8,5.73,0.056,0.082,6.24
1,2022,4,15,12,17.6,7.71,10.14,890.4,10.0,6.15,0.126,0.094,6.26
1,2022,4,15,16,18.8,8.06,15.0,868.3,10.7,6.73,0.126,0.086,6.16
1,2022,4,15,20,19.3,8.18,16.08,855.8,11.5,5.07,0.055,0.089,6.46
1,2022,4,16,0,18.9,7.96,12.71,868.7,12.0,5.07,0.055,0.089,6.46
1,2022,4,16,4,18.1,7.72,9.54,890.1,11.6,5.07,0.055,0.085,6.37
1,2022,4,16,8,17.4,7.63,8.46,891.5,11.0,5.64,0.061,0.087,6.19
1,2022,4,16,12,17.9,7.64,9.27,891.9,12.4,5.51,0.125,0.087,6.27
1,2022,4,16,16,18.8,7.66,10.85,900.4,12.6,5.36,0.157,0.108,6.31
1,2022,4,16,20,18.6,7.73,11.91,885.7,16.4,5.17,0.139,0.108,5.94
1,2022,4,17,0,18.7,7.76,12.93,897.2,17.4,5.17,0.139,0.108,5.94
1,2022,4,17,0,18.7,7.76,12.93,897.2,17.4,5.17,0.139,0.108,5.94
1,2022,4,17,12,18.5,7.59,9.12,903.0,10.5,5.39,0.119,0.104,6.23
1,2022,4,17,16,18.6,7.63,9.84,896.8,9.5,5.39,0.156,0.11,6.28
1,2022,4,17,20,18.5,7.59,9.94,909.4,10.4,5.57,0.235,0.11,6.63
1,2022,4,18,0,18.4,7.53,10.72,938.2,9.8,5.57,0.235,0.11,6.63
1,2022,4,18,4,18.2,7.51,11.31,940.2,9.4,6.14,0.315,0.107,7.64
1,2022,4,18,8,18.5,7.42,9.57,948.6,9.6,6.49,0.149,0.107,8.2
1,2022,4,18,12,19.1,7.5,9.64,918.5,9.4,6.7,0.187,0.12,8.63
1,2022,4,18,16,19.7,7.77,9.87,873.5,9.9,6.3,0.118,0.102,7.61
1,2022,4,18,20,19.4,7.91,10.7,859.2,10.6,5.91,0.063,0.084,7.28
1,2022,4,19,0,19.0,7.72,10.78,878.5,9.6,5.91,0.063,0.084,7.28
1,2022,4,19,8,18.4,7.48,9.45,919.1,8.8,6.44,0.056,0.084,8.28
1,2022,4,19,12,19.4,7.48,9.6,930.8,9.0,6.6,0.134,0.107,8.17
1,2022,4,19,16,20.4,7.56,12.46,935.6,8.7,6.75,0.11,0.115,8.7
1,2022,4,19,20,20.2,7.61,14.08,918.8,9.9,6.7,0.064,0.1,8.41
1,2022,4,20,0,20.1,7.57,12.94,900.6,9.5,6.7,0.064,0.1,8.41
1,2022,4,20,4,19.8,7.51,9.86,893.3,9.3,6.26,0.053,0.084,7.67
1,2022,4,20,8,19.4,7.49,8.37,878.6,9.2,6.51,0.055,0.083,7.47
1,2022,4,20,12,19.7,7.65,9.26,832.5,10.5,5.56,0.122,0.101,6.74
1,2022,4,20,16,20.8,8.17,14.21,778.5,11.1,4.9,0.093,0.1,6.74
1,2022,4,20,20,21.4,8.16,15.04,800.8,10.2,5.11,0.059,0.087,6.49
1,2022,4,21,0,21.1,7.86,13.0,834.4,8.9,5.11,0.059,0.087,6.49
1,2022,4,21,4,20.6,7.67,11.01,855.7,8.4,5.97,0.064,0.085,7.11
1,2022,4,21,8,20.2,7.57,9.63,864.4,9.3,6.49,0.065,0.087,7.13
1,2022,4,21,12,20.2,7.44,9.36,913.6,8.6,6.86,0.061,0.093,7.73
1,2022,4,21,16,20.8,7.26,9.27,1022.7,7.2,8.09,0.058,0.108,8.04
1,2022,4,21,20,20.9,7.28,9.69,1019.1,8.8,8.31,0.099,0.108,8.52
1,2022,4,21,20,20.9,7.28,9.69,1019.1,8.8,8.31,0.099,0.108,8.52
1,2022,4,22,4,19.6,7.63,8.71,853.2,8.9,8.96,0.101,0.102,6.39
1,2022,4,22,8,19.6,7.59,8.22,860.8,10.8,8.96,0.144,0.11,6.72
1,2022,4,22,12,20.1,7.63,9.43,862.0,7.4,6.21,0.128,0.112,6.75
1,2022,4,22,16,20.7,7.72,11.53,867.5,7.2,6.26,0.105,0.107,6.71
1,2022,4,22,20,20.7,7.66,10.28,896.2,7.7,6.9,0.086,0.108,7.34
1,2022,4,23,0,20.4,7.57,11.37,925.3,7.5,6.9,0.086,0.108,7.34
1,2022,4,23,4,20.1,7.54,9.46,874.6,7.6,6.73,0.073,0.095,7.34
1,2022,4,23,8,19.7,7.48,8.11,876.2,7.5,6.39,0.071,0.09,7.34
1,2022,4,23,12,20.2,7.56,10.02,866.1,7.7,6.39,0.066,0.09,7.34
1,2022,4,23,16,20.7,7.82,12.72,826.7,8.7,6.46,0.077,0.087,7.18
1,2022,4,23,20,20.6,7.76,12.63,835.4,8.0,6.08,0.077,0.083,6.84
1,2022,4,24,0,20.4,7.63,11.64,846.6,9.5,5.97,0.088,0.082,6.99
1,2022,4,24,4,20.3,7.53,9.7,857.0,8.1,5.97,0.068,0.08,7.71
1,2022,4,24,12,20.6,7.47,9.18,868.7,9.0,6.31,0.336,0.113,7.54
1,2022,4,24,16,21.3,7.47,11.29,853.9,8.3,6.2,0.236,0.102,7.25
1,2022,4,24,20,21.3,7.48,13.02,874.7,8.2,6.18,0.146,0.093,7.22
1,2022,4,25,8,21.0,7.32,9.82,884.8,8.3,6.71,0.088,0.079,7.37
1,2022,4,25,12,21.6,7.36,10.22,855.8,8.2,7.39,0.07,0.079,7.04
1,2022,4,25,16,22.2,7.75,14.61,843.1,9.0,7.28,0.182,0.09,6.68
1,2022,4,26,0,22.1,7.77,14.81,828.9,9.4,6.89,0.125,0.085,6.23
1,2022,4,26,4,21.8,7.5,10.36,830.8,9.2,6.47,0.093,0.092,5.85
1,2022,4,26,8,21.0,7.46,8.71,842.3,9.0,6.16,0.082,0.097,5.68
1,2022,4,26,12,21.1,7.6,11.03,838.4,9.4,6.36,0.101,0.126,6.09
1,2022,4,26,16,21.5,8.01,15.08,802.7,10.5,6.39,0.081,0.125,5.73
1,2022,4,26,20,21.5,7.95,15.94,828.2,10.1,6.38,0.07,0.109,5.34
1,2022,4,27,0,21.3,7.8,14.49,837.9,8.9,6.44,0.065,0.088,5.45
1,2022,4,27,4,21.1,7.59,11.19,827.0,8.7,6.41,0.061,0.072,5.47
1,2022,4,27,8,20.7,7.44,8.72,850.1,8.8,6.21,0.055,0.064,5.25
1,2022,4,27,12,20.2,7.4,8.25,859.8,8.4,6.38,0.064,0.074,5.56
1,2022,4,27,16,19.8,7.52,9.13,825.4,9.4,6.28,0.105,0.087,5.68
1,2022,4,27,20,19.4,7.64,10.23,804.5,10.3,5.78,0.108,0.085,5.55
1,2022,4,28,0,19.4,7.57,10.58,849.0,8.8,5.46,0.081,0.075,5.33
1,2022,4,28,4,19.2,7.58,9.69,833.1,9.5,5.46,0.081,0.075,5.33
1,2022,4,28,8,19.1,7.48,8.42,842.4,9.6,5.71,0.068,0.067,5.63
1,2022,4,28,12,19.3,7.46,8.66,871.8,9.0,5.89,0.089,0.07,5.47
1,2022,4,28,16,19.6,7.5,10.22,887.7,8.4,5.79,0.115,0.077,5.97
1,2022,4,28,20,19.4,7.44,11.46,902.9,10.4,6.13,0.241,0.103,6.5
1,2022,4,29,0,18.8,7.48,11.71,873.6,8.8,6.13,0.122,0.086,6.76
1,2022,4,29,4,18.1,7.41,9.45,871.6,9.2,6.13,0.122,0.086,6.76
1,2022,4,29,8,18.0,7.37,8.48,865.9,9.1,5.64,0.057,0.061,6.23
1,2022,4,29,12,18.6,7.41,9.48,861.3,8.4,5.66,0.08,0.062,5.97
1,2022,4,29,16,19.0,7.63,12.22,828.7,8.2,5.66,0.067,0.06,5.66
1,2022,4,29,20,19.5,7.69,14.33,854.4,10.4,5.25,0.058,0.054,5.4
1,2022,4,30,0,19.8,7.74,14.2,854.0,8.7,5.32,0.057,0.056,5.53
1,2022,4,30,4,19.4,7.58,10.44,857.4,9.2,5.32,0.057,0.056,5.53
1,2022,4,30,12,19.3,7.56,9.09,859.9,8.8,6.06,0.457,0.115,6.35
1,2022,4,30,16,19.8,7.87,11.98,822.9,9.3,5.76,0.369,0.111,6.08
1,2022,4,30,20,20.3,7.95,15.0,859.0,8.9,5.06,0.201,0.092,5.58
1,2022,5,1,0,20.4,7.92,14.43,857.8,7.7,5.15,0.074,0.071,6.13
1,2022,5,1,4,19.8,7.67,10.94,860.9,8.5,5.23,0.057,0.063,5.96
1,2022,5,1,8,19.3,7.53,8.95,878.0,7.8,5.24,0.056,0.059,6.15
1,2022,5,1,12,19.8,7.66,10.34,866.7,8.4,5.74,0.056,0.059,6.22
1,2022,5,1,16,20.0,7.92,13.32,850.6,8.6,5.69,0.054,0.053,6.06
1,2022,5,1,20,20.2,8.18,16.04,842.1,9.3,5.42,0.05,0.05,5.28
1,2022,5,2,0,20.4,7.92,13.86,875.3,8.8,5.3,0.051,0.051,5.58
1,2022,5,2,4,20.1,7.64,10.05,882.8,8.6,5.3,0.051,0.051,5.58
1,2022,5,2,8,19.5,7.51,8.3,894.0,8.5,5.67,0.058,0.054,6.42
1,2022,5,2,12,20.1,7.53,8.77,892.2,8.6,6.19,0.086,0.062,6.29
1,2022,5,2,16,20.6,7.83,12.33,840.2,8.2,5.66,0.377,0.088,6.6
1,2022,5,2,20,21.1,8.16,16.69,838.4,9.2,6.12,0.262,0.078,5.77
1,2022,5,3,4,20.4,7.64,10.66,880.4,8.1,5.49,0.08,0.063,5.53
1,2022,5,3,8,20.0,7.53,8.63,885.7,8.1,6.1,0.06,0.054,6.62
1,2022,5,3,12,20.7,7.64,9.9,870.9,8.5,6.31,0.087,0.057,6.56
1,2022,5,3,16,21.4,8.05,14.26,830.5,8.7,6.26,0.129,0.059,6.42
1,2022,5,5,8,22.3,7.53,9.3,863.8,11.7,5.95,0.055,0.048,4.98
1,2022,5,5,12,22.9,7.68,12.5,865.6,13.8,6.55,0.056,0.049,4.89
1,2022,5,5,16,23.4,8.14,17.85,825.5,14.0,6.3,0.054,0.047,5.24
1,2022,5,5,20,24.0,8.12,18.84,835.5,15.2,6.36,0.054,0.045,4.92
1,2022,5,6,0,24.0,7.82,14.72,844.0,11.9,5.86,0.055,0.048,5.17
1,2022,5,6,4,23.4,7.58,9.6,836.9,14.6,5.86,0.055,0.048,5.17
1,2022,5,6,8,22.6,7.45,7.48,851.6,14.1,5.7,0.062,0.052,5.75
1,2022,5,6,12,22.0,7.46,7.58,853.7,14.1,6.55,0.194,0.065,6.03
1,2022,5,6,16,21.7,7.58,8.7,832.4,15.0,6.33,0.185,0.065,6.02
1,2022,5,6,20,21.7,7.75,11.22,828.9,16.0,6.06,0.14,0.062,5.59
1,2022,5,7,0,21.5,7.66,9.77,845.5,12.4,5.71,0.072,0.058,5.85
1,2022,5,7,4,21.2,7.53,7.88,844.0,14.8,5.71,0.072,0.058,5.85
1,2022,5,7,8,20.8,7.46,6.7,845.1,14.1,5.99,0.084,0.06,6.08
1,2022,5,7,12,21.2,7.56,8.07,838.1,13.3,6.23,0.154,0.06,6.16
1,2022,5,7,16,20.9,8.01,11.76,783.9,13.8,6.09,0.229,0.074,6.03
1,2022,5,7,20,20.6,7.98,13.3,813.6,15.4,5.89,0.15,0.067,5.35
1,2022,5,8,0,20.1,7.71,11.23,844.5,13.1,5.96,0.078,0.059,5.94
1,2022,5,8,4,19.5,7.53,8.82,850.0,11.9,5.96,0.078,0.059,5.94
1,2022,5,8,8,19.2,7.44,7.77,863.5,13.8,5.89,0.088,0.062,6.68
1,2022,5,8,12,19.1,7.45,7.76,857.5,11.9,6.3,0.133,0.068,6.8
1,2022,5,8,16,19.2,7.52,8.93,839.2,12.0,6.18,0.227,0.082,7.03
1,2022,5,8,20,19.5,7.67,10.74,821.6,12.0,5.88,0.235,0.082,6.84
1,2022,5,9,4,19.2,7.68,9.45,816.3,11.8,5.59,0.177,0.077,6.2
1,2022,5,9,8,18.8,7.58,7.98,821.2,12.3,5.84,0.12,0.073,6.22
1,2022,5,9,12,19.0,7.68,8.53,807.8,10.5,5.95,0.105,0.071,6.34
1,2022,5,9,16,19.4,7.88,10.26,786.1,10.0,5.38,0.102,0.072,6.0
1,2022,5,9,20,19.6,7.91,12.35,802.8,12.1,4.86,0.102,0.069,5.54
1,2022,5,10,0,19.7,7.82,12.95,830.9,11.8,5.15,0.072,0.07,5.79
1,2022,5,10,4,19.0,7.64,9.5,822.7,11.7,5.15,0.072,0.07,5.79
1,2022,5,10,12,19.0,7.54,8.61,841.3,11.2,5.77,0.141,0.076,6.49
1,2022,5,10,12,19.0,7.54,8.61,841.3,11.2,5.58,0.141,0.08,7.03
1,2022,5,11,8,19.0,7.51,7.44,856.7,10.8,5.69,0.094,0.072,7.81
1,2022,5,11,12,19.3,7.56,7.96,847.4,10.0,5.69,0.101,0.072,8.28
1,2022,5,11,16,19.6,7.71,9.49,828.9,8.3,5.0,0.101,0.07,7.91
1,2022,5,11,20,19.7,7.84,11.47,833.9,9.6,5.38,0.1,0.069,7.07
1,2022,5,12,0,19.8,7.74,12.84,860.8,11.9,4.98,0.098,0.072,6.84
1,2022,5,12,4,19.1,7.6,9.81,841.8,12.6,4.98,0.098,0.072,6.84
1,2022,5,12,8,18.9,7.52,8.54,845.6,9.8,8.51,0.078,0.072,7.03
1,2022,5,12,12,19.2,7.59,9.34,838.2,9.5,5.65,0.16,0.079,6.71
1,2022,5,12,16,19.6,7.68,10.66,834.2,9.0,5.22,0.412,0.102,6.83
1,2022,5,16,8,21.2,7.55,8.81,875.2,12.0,5.01,0.123,0.094,7.8
1,2022,5,16,16,22.3,8.0,13.16,840.8,10.6,5.16,0.112,0.081,6.29
1,2022,5,16,20,22.5,8.03,15.45,839.4,12.6,4.94,0.097,0.077,6.22
1,2022,5,17,8,21.3,7.52,8.25,861.0,12.0,5.11,0.066,0.071,7.03
1,2022,5,17,12,21.9,7.57,9.27,865.8,11.9,5.38,0.106,0.076,7.15
1,2022,5,17,16,22.7,7.67,11.4,877.5,12.2,5.2,0.115,0.078,7.01
1,2022,5,17,20,22.6,7.71,12.58,877.0,12.9,5.16,0.098,0.082,7.07
1,2022,5,18,0,22.5,7.46,11.64,931.1,12.8,5.25,0.085,0.087,7.65
1,2022,5,18,4,22.1,7.36,10.98,941.4,13.5,5.25,0.085,0.087,7.65
1,2022,5,18,8,21.9,7.31,9.58,933.0,13.7,6.26,0.07,0.105,8.69
1,2022,5,18,12,22.6,7.35,9.14,907.1,13.5,6.36,0.094,0.108,8.65
1,2022,5,18,16,23.6,7.56,9.11,808.0,11.1,6.36,0.372,0.144,8.72
1,2022,5,18,20,23.8,7.81,9.89,833.6,11.9,5.57,0.197,0.106,6.63
1,2022,5,19,0,23.5,7.76,9.86,844.3,10.7,5.27,0.096,0.097,7.05
1,2022,5,19,4,23.2,7.67,9.22,843.3,12.4,5.27,0.096,0.097,7.05
1,2022,5,19,8,22.9,7.52,9.17,871.6,11.9,5.04,0.1,0.092,7.1
1,2022,5,19,12,23.1,7.5,10.71,889.6,12.5,5.48,0.068,0.091,7.37
1,2022,5,19,16,23.8,7.49,12.35,922.3,10.6,5.55,0.06,0.092,7.08
1,2022,5,19,20,23.8,7.49,10.87,930.2,12.1,9.08,0.061,0.093,7.08
1,2022,5,20,0,24.0,7.74,14.98,885.5,12.4,6.13,0.213,0.111,6.85
1,2022,5,20,8,23.7,7.48,8.71,884.4,14.4,5.05,0.143,0.093,6.38
1,2022,5,20,12,24.0,7.44,10.62,915.8,13.4,5.68,0.158,0.092,6.76
1,2022,5,20,16,24.4,7.57,14.16,913.8,14.8,5.93,0.126,0.095,6.51
1,2022,5,20,20,24.8,7.9,16.87,874.2,15.0,6.19,0.092,0.09,6.32
1,2022,5,21,0,24.6,7.62,15.19,907.9,17.0,5.86,0.079,0.073,6.11
1,2022,5,21,4,24.4,7.49,13.03,914.1,19.0,5.67,0.071,0.078,6.42
1,2022,5,21,8,24.2,7.4,10.58,907.2,20.5,5.66,0.068,0.083,6.74
1,2022,5,21,12,24.6,7.41,11.63,929.3,18.2,6.38,0.1,0.087,6.62
1,2022,5,21,20,25.4,7.67,19.99,915.2,19.9,6.67,0.078,0.084,7.63
1,2022,5,22,0,24.9,7.35,15.68,956.9,21.7,6.55,0.058,0.075,7.52
1,2022,5,22,4,25.3,7.55,14.68,877.0,24.9,6.92,0.057,0.076,8.62
1,2022,5,22,8,25.2,7.52,10.85,867.1,24.6,5.85,0.064,0.07,7.22
1,2022,5,22,12,25.5,7.37,12.79,903.0,23.4,5.73,0.106,0.08,7.14
1,2022,5,22,16,26.2,7.62,17.88,877.4,24.2,5.89,0.115,0.091,7.55
1,2022,5,22,20,26.5,7.75,18.78,859.3,27.5,5.79,0.068,0.078,6.87
1,2022,5,23,4,25.5,7.42,11.99,890.1,28.7,5.28,0.063,0.073,6.52
1,2022,5,23,8,25.3,7.3,9.96,898.1,30.9,5.37,0.099,0.087,7.15
1,2022,5,23,12,25.8,7.3,10.49,903.3,26.1,5.76,0.139,0.085,7.35
1,2022,5,23,16,26.4,7.41,13.44,903.7,10.7,5.76,0.1,0.081,6.91
1,2022,5,24,8,25.8,7.47,9.66,857.6,15.4,5.58,0.093,0.074,5.14
1,2022,5,24,12,26.1,7.48,11.82,878.9,13.5,5.9,0.076,0.079,5.22
1,2022,5,24,16,26.5,7.56,15.08,896.1,14.9,5.77,0.055,0.079,4.79
1,2022,5,24,20,26.2,7.48,14.53,906.9,14.1,5.85,0.051,0.075,5.54
1,2022,5,25,4,25.5,7.46,10.57,871.1,26.5,6.15,0.053,0.073,5.81
1,2022,5,25,8,25.2,7.6,9.57,837.7,16.5,5.66,0.082,0.079,5.19
1,2022,5,25,12,25.9,7.92,13.06,827.9,15.0,5.64,0.074,0.077,4.86
1,2022,5,25,16,26.3,7.97,15.02,848.5,16.7,5.38,0.052,0.07,4.89
1,2022,5,25,20,26.0,7.77,14.5,874.6,17.6,5.32,0.052,0.07,5.03
1,2022,5,26,0,25.5,7.64,12.74,872.2,17.5,5.57,0.05,0.07,5.32
1,2022,5,26,4,25.0,7.5,10.22,876.7,16.7,5.57,0.05,0.07,5.32
1,2022,5,26,8,24.8,7.44,9.37,866.9,19.9,5.32,0.052,0.074,4.27
1,2022,5,26,12,25.6,7.6,12.28,872.4,16.6,5.59,0.062,0.077,4.32
1,2022,5,26,16,26.2,8.11,15.6,825.7,20.3,5.68,0.085,0.085,4.57
1,2022,5,26,20,26.0,8.02,14.81,838.2,22.3,5.49,0.108,0.09,4.38
1,2022,5,27,0,25.6,7.92,14.02,845.4,21.7,5.34,0.06,0.081,4.73
1,2022,5,27,4,25.4,7.74,11.18,847.7,20.3,5.26,0.051,0.073,4.96
1,2022,5,27,8,25.0,7.56,9.67,868.4,21.0,5.28,0.052,0.078,5.1
1,2022,5,27,16,25.9,7.96,16.63,862.6,24.9,6.02,0.056,0.079,4.69
1,2022,5,27,20,25.9,7.62,13.72,905.5,21.7,5.91,0.064,0.072,4.81
1,2022,5,28,0,25.4,7.5,12.36,928.1,20.8,5.86,0.146,0.094,5.44
1,2022,5,28,4,25.3,7.58,12.34,889.4,23.4,6.02,0.072,0.096,6.2
1,2022,5,28,8,25.2,7.54,10.05,887.1,23.3,5.8,0.061,0.088,5.6
1,2022,5,28,12,25.7,7.73,11.91,861.1,21.4,6.1,0.283,0.111,5.72
1,2022,5,28,16,26.2,7.77,12.8,864.8,24.1,5.58,0.271,0.109,5.1
1,2022,5,28,16,26.2,7.77,12.8,864.8,24.1,5.64,0.256,0.099,5.24
1,2022,5,28,20,26.7,8.29,15.28,818.3,24.4,5.64,0.256,0.099,5.24
1,2022,5,29,0,26.5,7.88,12.71,855.3,24.1,5.16,0.132,0.072,4.68
1,2022,5,29,4,26.0,7.65,10.25,856.1,23.5,5.48,0.176,0.072,5.38
1,2022,5,29,8,25.7,7.52,9.3,879.9,20.7,5.31,0.083,0.068,5.63
1,2022,5,29,12,25.4,7.55,9.68,882.9,14.2,5.89,0.122,0.074,5.63
1,2022,5,29,16,25.8,7.86,13.58,883.0,13.0,5.98,0.096,0.075,5.28
1,2022,5,29,20,25.4,8.21,14.49,859.2,12.7,5.98,0.068,0.071,5.15
1,2022,5,30,0,24.8,7.99,12.98,885.3,14.6,6.0,0.058,0.066,4.96
1,2022,5,30,4,24.4,7.73,11.18,883.7,15.2,6.05,0.056,0.067,5.92
1,2022,5,30,12,25.4,7.92,13.35,894.9,12.6,6.08,0.07,0.076,5.76
1,2022,5,30,16,26.0,8.4,15.94,864.6,13.2,5.98,0.057,0.076,5.5
1,2022,5,30,16,26.0,8.4,15.94,864.6,13.2,5.85,0.056,0.068,4.78
1,2022,5,30,20,26.1,8.44,16.4,866.0,13.8,6.1,0.055,0.065,4.91
1,2022,5,31,0,25.6,7.94,12.41,913.7,14.6,6.1,0.055,0.065,4.91
1,2022,5,31,8,24.6,7.64,9.9,916.0,14.9,5.89,0.054,0.066,6.0
1,2022,5,31,12,24.8,7.65,11.89,926.9,14.3,6.09,0.057,0.074,5.97
1,2022,5,31,16,25.1,7.75,13.27,913.4,13.8,6.08,0.09,0.09,6.06
1,2022,5,31,16,25.1,7.75,13.27,913.4,13.8,6.04,0.333,0.104,5.93
1,2022,6,1,0,25.0,7.8,13.56,900.6,14.1,5.64,0.145,0.081,5.67
1,2022,6,1,0,25.0,7.8,13.56,900.6,14.1,5.64,0.145,0.081,5.67
1,2022,6,1,8,24.2,7.51,10.34,942.8,13.3,5.71,0.156,0.071,5.88
1,2022,6,1,12,24.8,7.51,16.06,960.0,11.4,6.45,0.167,0.085,6.6
1,2022,6,1,16,26.2,7.79,19.65,955.1,10.7,7.25,0.09,0.095,7.15
1,2022,6,1,20,25.9,7.89,18.9,941.5,9.2,7.38,0.09,0.1,7.07
1,2022,6,2,0,25.4,7.58,14.89,961.6,12.1,6.63,0.066,0.088,6.22
1,2022,6,2,0,25.4,7.58,14.89,961.6,12.1,6.63,0.066,0.088,6.22
1,2022,6,2,8,24.8,7.53,12.02,917.1,15.3,6.24,0.057,0.08,6.54
1,2022,6,2,12,25.2,7.68,14.5,913.3,14.4,6.11,0.063,0.084,6.74
1,2022,6,2,16,25.8,7.68,16.39,946.7,12.9,6.02,0.059,0.085,6.46
1,2022,6,2,20,26.4,7.82,17.62,938.3,10.8,6.41,0.08,0.092,6.81
1,2022,6,3,0,26.0,7.7,15.88,950.1,14.0,6.09,0.061,0.086,6.79
1,2022,6,3,4,25.8,7.56,15.42,941.4,16.3,6.09,0.061,0.086,6.79
1,2022,6,3,8,25.4,7.49,14.77,936.4,14.3,6.13,0.067,0.083,7.72
1,2022,6,3,12,26.0,7.62,16.04,933.2,13.1,6.46,0.058,0.082,7.8
1,2022,6,3,16,26.9,8.13,21.08,900.3,12.3,6.4,0.058,0.085,6.99
1,2022,6,3,20,27.3,8.39,21.0,869.8,12.9,6.5,0.062,0.083,6.34
1,2022,6,4,0,27.0,7.71,13.31,911.6,13.2,5.96,0.058,0.079,5.38
1,2022,6,4,4,26.4,7.52,8.71,916.9,13.8,5.96,0.058,0.079,5.38
1,2022,6,4,8,25.9,7.43,7.44,921.8,12.0,5.56,0.069,0.094,6.31
1,2022,6,4,12,26.1,7.49,8.5,917.7,10.1,5.82,0.091,0.096,6.55
1,2022,6,4,16,26.6,7.75,12.78,903.5,11.0,5.38,0.1,0.095,6.46
1,2022,6,4,20,27.1,7.89,13.74,908.1,12.6,5.38,0.09,0.089,6.2
1,2022,6,5,0,26.7,7.61,12.42,975.8,11.3,5.23,0.07,0.085,6.56
1,2022,6,5,4,26.6,7.72,12.53,925.4,14.6,5.23,0.07,0.085,6.56
1,2022,6,5,8,26.4,7.65,10.91,927.6,12.6,5.38,0.098,0.09,6.39
1,2022,6,5,12,26.8,7.86,14.72,931.7,12.1,5.77,0.088,0.089,6.3
1,2022,6,5,16,27.2,8.01,18.67,949.6,13.4,5.74,0.064,0.085,6.16
1,2022,6,5,20,27.1,8.2,19.61,944.1,14.8,6.25,0.061,0.087,6.14
1,2022,6,6,0,26.1,7.9,16.02,960.8,19.6,6.51,0.057,0.083,5.99
1,2022,6,6,4,25.5,7.69,12.23,921.2,19.6,6.51,0.057,0.083,5.99
1,2022,6,6,8,25.3,7.68,9.56,938.8,15.4,6.37,0.057,0.078,5.93
1,2022,6,6,8,25.3,7.68,9.56,938.8,15.4,6.37,0.057,0.078,5.93
1,2022,6,6,12,26.1,8.05,15.69,939.9,14.7,6.26,0.064,0.079,6.44
1,2022,6,6,16,26.6,8.55,23.92,935.9,14.9,6.89,0.058,0.075,6.48
1,2022,6,6,20,26.2,8.26,19.97,948.5,15.4,7.12,0.058,0.074,6.35
1,2022,6,7,0,25.9,8.17,18.97,952.1,19.1,6.69,0.058,0.068,6.47
1,2022,6,7,4,25.4,7.79,15.12,979.8,19.8,6.69,0.058,0.068,6.47
1,2022,6,7,8,25.2,7.48,14.03,996.5,18.1,6.62,0.056,0.068,7.35
1,2022,6,7,12,25.4,7.53,16.3,1003.8,17.2,6.93,0.061,0.074,7.62
1,2022,6,7,16,25.9,7.56,18.01,1012.3,18.2,7.26,0.062,0.077,7.86
1,2022,6,7,20,25.9,7.88,19.63,975.5,19.0,7.31,0.06,0.075,7.97
1,2022,6,8,0,25.4,7.9,16.43,925.4,22.1,11.09,0.06,0.07,7.45
1,2022,6,8,4,24.6,7.59,11.12,940.3,19.2,6.59,0.064,0.067,6.31
1,2022,6,8,12,24.9,7.67,14.12,942.6,16.6,6.52,0.087,0.074,6.25
1,2022,6,8,16,25.5,8.08,10.24,920.6,10.8,6.56,0.064,0.07,5.68
1,2022,6,9,0,25.0,8.16,18.72,918.3,16.1,6.72,0.055,0.06,5.44
1,2022,6,9,4,24.6,7.63,13.5,954.1,14.4,6.72,0.055,0.06,5.44
1,2022,6,9,12,24.3,7.58,13.58,958.1,10.6,6.28,0.108,0.069,5.65
1,2022,6,9,16,24.6,7.58,13.96,960.8,11.5,6.35,0.075,0.067,5.37
1,2022,6,9,20,24.6,7.78,16.23,940.1,11.8,6.16,0.063,0.063,5.59
1,2022,6,10,0,24.3,7.72,13.96,931.9,12.8,6.16,0.063,0.063,5.59
1,2022,6,10,4,24.0,7.66,11.42,925.7,13.6,5.49,0.082,0.065,5.43
1,2022,6,10,8,24.1,7.64,11.0,926.6,13.3,5.99,0.082,0.068,5.71
1,2022,6,10,12,24.6,7.72,14.01,927.4,12.2,5.96,0.067,0.066,5.27
1,2022,6,10,16,25.4,7.65,16.06,957.0,10.6,6.17,0.063,0.066,5.65
1,2022,6,10,20,25.5,7.71,14.52,959.7,9.6,6.0,0.055,0.056,5.58
1,2022,6,11,0,24.9,7.67,12.78,942.7,17.6,6.0,0.055,0.056,5.58
1,2022,6,11,4,23.9,7.86,9.51,850.9,15.2,4.68,0.086,0.059,4.67
1,2022,6,11,8,23.9,7.61,8.92,889.7,16.0,5.55,0.072,0.063,5.06
1,2022,6,11,12,24.3,7.27,9.38,974.8,14.2,6.4,0.083,0.066,6.28
1,2022,6,11,16,24.6,7.28,9.14,951.7,16.1,6.64,0.439,0.082,6.62
1,2022,6,11,20,24.6,7.29,8.81,911.3,17.5,6.35,0.228,0.082,5.97
1,2022,6,12,0,23.8,7.56,5.87,804.9,27.2,6.35,0.228,0.082,5.97
1,2022,6,12,4,23.7,7.74,6.9,827.0,83.3,5.21,0.291,0.091,5.6
1,2022,6,12,8,23.1,7.3,2.06,762.7,36.4,8.54,1.286,0.094,7.18
1,2022,6,12,12,23.4,7.14,1.49,752.8,35.3,11.43,1.833,0.097,6.59
1,2022,6,12,16,24.1,7.14,2.05,753.8,32.5,11.38,1.891,0.102,5.45
1,2022,6,12,20,24.3,7.14,3.58,776.4,34.8,10.31,1.832,0.113,4.46
1,2022,6,13,0,23.4,7.33,2.66,741.0,191.4,10.31,1.832,0.113,4.46
1,2022,6,13,4,23.6,7.4,2.86,795.8,92.6,10.31,1.832,0.113,4.46
1,2022,6,13,12,23.3,7.15,4.89,783.1,50.1,6.33,0.745,0.128,5.76
1,2022,6,13,16,23.7,7.16,4.37,758.0,38.7,6.44,1.184,0.128,5.6
1,2022,6,13,20,23.7,7.08,6.5,817.8,32.9,6.44,0.479,0.117,4.32
1,2022,6,14,0,23.5,7.22,4.08,702.5,38.2,6.44,0.479,0.117,4.32
1,2022,6,14,4,22.8,7.18,4.07,724.7,37.1,6.08,1.402,0.135,4.94
1,2022,6,14,8,22.7,7.19,4.79,717.1,31.5,6.34,1.487,0.14,4.65
1,2022,6,14,16,24.8,7.27,4.58,706.1,19.8,6.39,1.694,0.17,4.72
1,2022,6,14,20,24.8,7.25,5.36,733.4,18.0,5.95,1.411,0.142,5.01
1,2022,6,15,0,24.5,7.2,5.73,761.8,25.5,5.95,1.411,0.142,5.01
1,2022,6,15,4,24.3,7.22,4.99,760.0,27.2,6.1,1.379,0.142,4.5
1,2022,6,15,8,24.1,7.24,5.06,764.6,28.4,6.1,1.379,0.142,4.5
1,2022,6,15,12,24.4,7.3,5.71,767.1,20.2,6.38,1.506,0.142,4.79
1,2022,6,15,16,25.4,7.56,8.2,741.1,18.9,6.28,1.489,0.139,4.9
1,2022,6,15,20,25.8,7.58,9.62,793.4,18.5,6.38,1.386,0.135,4.88
1,2022,6,16,0,25.8,7.48,7.23,798.7,23.0,5.94,0.725,0.123,4.84
1,2022,6,16,4,25.3,7.45,5.32,788.7,24.4,5.94,0.725,0.123,4.84
1,2022,6,16,12,25.3,7.56,9.42,840.1,18.7,5.82,0.395,0.115,4.71
1,2022,6,16,16,26.7,8.57,23.18,819.1,14.9,6.11,0.173,0.106,4.33
1,2022,6,16,20,26.8,8.19,20.51,840.1,18.9,8.13,0.057,0.08,4.48
1,2022,6,17,0,25.9,7.67,11.2,845.4,23.5,7.66,0.054,0.078,4.39
1,2022,6,17,4,25.0,7.33,7.44,886.5,21.3,7.66,0.054,0.078,4.39
1,2022,6,17,8,24.9,7.29,7.81,896.3,19.7,6.33,0.086,0.078,4.9
1,2022,6,17,12,25.9,7.74,15.39,854.2,19.3,6.42,0.078,0.074,5.05
1,2022,6,17,16,27.8,8.84,25.76,776.9,17.1,7.04,0.057,0.072,4.63
1,2022,6,17,20,27.6,7.94,15.11,858.3,19.0,7.83,0.055,0.072,3.83
1,2022,6,18,0,26.3,7.46,8.84,879.4,17.2,6.02,0.057,0.071,4.95
1,2022,6,18,4,25.8,7.48,6.79,863.3,19.3,6.02,0.057,0.071,4.95
1,2022,6,18,8,25.8,7.47,7.34,877.8,15.7,5.15,0.079,0.074,4.63
1,2022,6,18,12,26.7,7.72,13.12,883.9,15.0,5.63,0.064,0.07,4.6
1,2022,6,18,16,27.2,7.72,15.91,913.0,18.9,5.91,0.06,0.067,4.44
1,2022,6,18,20,28.2,7.77,21.14,900.9,16.9,6.26,0.06,0.067,4.95
1,2022,6,19,0,27.3,7.79,10.42,861.2,16.1,5.75,0.06,0.063,4.84
1,2022,6,19,4,26.4,7.46,7.35,898.7,13.3,5.75,0.06,0.063,4.84
1,2022,6,19,8,26.2,7.44,7.2,902.0,11.8,4.71,0.071,0.071,4.59
1,2022,6,19,12,27.2,7.79,14.74,882.9,12.3,5.37,0.071,0.069,4.78
1,2022,6,19,16,28.8,8.58,26.8,802.6,19.1,5.82,0.061,0.065,4.46
1,2022,6,19,20,28.3,7.79,17.81,947.3,14.5,7.23,0.059,0.065,4.47
1,2022,6,20,0,27.6,7.49,17.1,932.0,12.7,6.32,0.058,0.059,5.28
1,2022,6,20,4,27.6,7.49,12.13,889.5,15.9,6.32,0.058,0.059,5.28
1,2022,6,20,8,26.7,7.43,8.08,939.5,13.8,5.43,0.063,0.057,4.91
1,2022,6,20,12,27.6,7.54,12.36,939.0,13.6,11.25,0.069,0.064,4.94
1,2022,6,20,16,28.7,7.97,19.99,914.0,15.0,5.73,0.062,0.063,5.01
1,2022,6,20,20,29.5,8.09,20.1,909.9,12.8,8.67,0.061,0.062,5.42
1,2022,6,21,0,29.0,7.76,13.65,924.1,14.2,5.62,0.059,0.061,5.1
1,2022,6,21,4,28.4,7.54,9.81,935.2,16.3,5.62,0.059,0.061,5.1
1,2022,6,21,8,27.8,7.38,7.85,963.1,13.9,5.19,0.061,0.064,5.25
1,2022,6,21,12,28.2,7.41,9.5,960.6,14.4,5.9,0.068,0.069,5.65
1,2022,6,22,8,27.9,7.42,5.39,902.3,14.4,5.32,0.086,0.072,5.56
1,2022,6,22,12,27.8,7.43,5.86,917.1,12.6,5.36,0.1,0.076,5.56
1,2022,6,22,16,27.8,7.44,6.49,936.4,14.4,5.17,0.096,0.078,6.08
1,2022,6,22,20,27.2,7.39,7.24,1006.8,11.1,5.44,0.077,0.082,7.25
1,2022,6,23,0,27.4,7.41,5.69,921.8,12.7,5.64,0.077,0.082,7.25
1,2022,6,23,4,27.2,7.38,5.23,918.6,11.1,5.64,0.186,0.088,7.25
1,2022,6,23,8,27.1,7.4,5.51,915.2,9.9,5.02,0.214,0.094,5.4
1,2022,6,23,12,27.9,7.44,6.28,902.8,8.8,5.36,0.195,0.097,5.8
1,2022,6,23,16,28.9,7.59,8.54,881.0,9.9,5.02,0.14,0.093,5.6
1,2022,7,4,12,26.0,7.2,2.68,513.5,14.5,6.68,3.234,0.194,6.77
1,2022,7,4,16,26.3,7.12,3.78,559.9,14.1,6.68,3.234,0.194,6.77
1,2022,7,11,8,26.5,7.37,6.2,752.1,7.9,5.38,0.123,0.132,5.53
1,2022,7,11,12,26.9,7.36,6.51,757.4,6.8,5.39,0.119,0.126,5.82
1,2022,7,11,16,27.1,7.39,7.08,754.7,7.1,5.07,0.126,0.128,6.2
1,2022,7,13,8,25.9,7.36,6.49,681.4,10.0,5.03,0.22,0.134,5.86
1,2022,7,13,12,26.7,7.32,6.86,695.8,9.2,5.56,0.789,0.14,6.54
1,2022,7,13,16,28.2,7.22,8.72,774.7,8.8,5.56,1.263,0.159,6.87
1,2022,7,18,12,29.5,7.53,8.5,759.8,8.9,5.97,0.096,0.09,5.8
1,2022,7,18,16,30.6,7.96,14.42,748.5,8.9,5.6,0.062,0.1,6.12
1,2022,7,19,20,29.4,7.49,13.09,823.9,10.8,6.47,0.048,0.085,5.55
1,2022,7,20,16,30.5,8.05,15.56,705.5,10.6,6.34,0.048,0.089,6.3
1,2022,7,21,8,28.0,7.41,7.23,753.3,9.2,5.91,0.135,0.088,5.48
1,2022,7,21,12,28.8,7.47,9.61,765.0,7.8,5.68,0.084,0.082,5.57
1,2022,7,22,8,28.7,7.49,9.53,756.4,10.1,5.62,0.056,0.07,5.81
1,2022,7,22,12,29.2,7.61,11.66,749.3,9.0,5.53,0.067,0.074,5.54
1,2022,7,22,20,29.8,8.47,13.46,643.1,12.4,5.83,0.051,0.073,6.04
1,2022,7,23,0,28.8,7.5,9.03,729.4,11.1,4.87,0.051,0.067,4.45
1,2022,7,23,4,28.6,7.64,7.59,670.7,13.1,4.87,0.051,0.067,4.45
1,2022,7,23,8,27.8,7.3,7.4,789.5,11.7,5.06,0.088,0.065,4.55
1,2022,7,23,12,28.6,7.45,9.51,738.4,10.5,6.02,0.073,0.079,6.26
1,2022,7,23,16,30.3,8.39,15.33,665.1,13.3,5.56,0.105,0.084,5.4
1,2022,7,23,20,30.3,7.84,12.42,700.2,12.8,5.46,0.048,0.073,4.33
1,2022,7,24,0,29.0,7.47,8.66,727.6,12.7,5.36,0.06,0.077,5.13
1,2022,7,24,4,27.8,7.24,7.2,786.3,10.0,5.28,0.073,0.082,5.28
1,2022,7,24,8,27.4,7.19,7.25,800.4,9.4,5.58,0.092,0.093,5.63
1,2022,7,24,12,28.3,7.26,7.63,779.3,8.7,6.13,0.208,0.094,5.52
1,2022,7,24,16,29.7,7.38,9.96,773.7,9.8,5.79,0.22,0.097,5.56
1,2022,7,24,20,30.1,8.08,11.4,714.8,11.8,5.75,0.18,0.1,5.55
1,2022,7,25,0,29.1,7.73,10.11,725.5,13.0,6.26,0.055,0.08,5.02
1,2022,7,25,4,28.9,7.56,8.14,724.5,13.2,5.77,0.058,0.079,4.9
1,2022,7,25,12,29.2,7.81,13.12,726.9,10.2,6.01,0.065,0.086,4.99
1,2022,7,25,16,30.2,8.64,20.12,704.0,20.5,6.4,0.05,0.08,5.05
1,2022,7,25,20,29.4,7.47,12.47,868.3,12.0,7.68,0.049,0.07,4.71
1,2022,7,26,0,28.5,7.32,11.84,825.9,12.4,6.99,0.057,0.082,6.66
1,2022,7,26,4,28.6,7.4,9.79,773.6,14.9,6.76,0.054,0.072,6.24
1,2022,7,26,8,28.4,7.4,7.85,777.5,10.7,6.36,0.058,0.082,5.34
1,2022,7,26,12,29.4,7.61,11.72,747.6,10.1,6.21,0.066,0.085,5.49
1,2022,7,26,16,30.8,8.94,20.33,659.4,15.6,5.97,0.05,0.085,5.41
1,2022,7,26,20,29.6,7.54,12.48,802.3,11.3,7.03,0.049,0.076,4.46
1,2022,7,27,0,29.4,7.85,12.65,693.2,13.5,6.36,0.097,0.088,6.01
1,2022,11,1,12,16.5,7.92,9.33,885.0,7.5,3.41,0.091,0.08,7.73
1,2022,11,1,16,16.6,7.96,9.4,879.1,7.4,3.11,0.089,0.079,7.78
1,2022,11,2,12,16.0,7.95,9.82,896.7,7.3,3.5,0.08,0.079,9.37
1,2022,11,3,0,15.8,8.01,9.54,880.1,8.4,3.39,0.087,0.082,9.51
1,2022,11,3,4,16.1,7.9,9.57,914.0,6.1,3.39,0.088,0.082,9.51
1,2022,11,3,8,16.5,7.83,9.5,926.8,6.9,3.74,0.088,0.102,9.93
1,2022,11,3,12,16.8,7.83,9.92,927.9,7.4,3.9,0.084,0.105,10.06
1,2022,11,3,16,17.2,7.79,10.0,942.6,7.1,3.9,0.087,0.101,10.02
1,2022,11,3,20,17.0,7.78,9.67,940.4,8.8,3.91,0.134,0.102,10.18
1,2022,11,4,0,15.8,7.86,9.97,890.7,8.2,4.26,0.134,0.102,9.88
1,2022,11,4,4,15.1,7.92,10.3,872.9,7.9,4.26,0.107,0.078,9.88
1,2022,11,4,8,14.9,7.9,10.1,876.9,7.2,3.46,0.1,0.075,8.52
1,2022,11,4,12,15.2,7.92,10.42,883.9,7.8,3.48,0.096,0.078,8.51
1,2022,11,4,16,15.5,7.87,10.28,893.9,19.8,3.52,0.093,0.076,8.41
1,2022,11,4,20,15.7,7.83,9.96,919.1,14.7,3.39,0.104,0.08,8.48
1,2022,11,5,0,16.4,7.72,9.64,954.6,7.9,3.77,0.104,0.08,8.91
1,2022,11,5,4,14.9,7.87,10.04,879.5,8.2,3.77,0.077,0.071,8.91
1,2022,11,5,8,14.5,7.88,9.74,879.2,8.3,3.44,0.086,0.067,7.99
1,2022,11,5,12,14.9,7.9,9.99,881.4,8.1,3.86,0.092,0.066,7.82
1,2022,11,5,16,15.1,7.94,10.33,879.2,7.3,3.69,0.09,0.063,8.1
1,2022,11,5,20,15.2,7.89,10.1,888.2,8.2,3.7,0.089,0.063,8.04
1,2022,11,6,0,14.9,7.87,10.06,886.8,9.4,3.36,0.089,0.063,8.01
1,2022,11,6,4,14.7,7.86,10.24,892.8,7.4,3.36,0.079,0.066,8.01
1,2022,11,6,8,14.6,7.86,10.24,900.2,7.3,3.6,0.077,0.067,8.22
1,2022,11,6,12,14.9,7.84,10.2,908.2,7.2,3.64,0.081,0.069,8.17
1,2022,11,6,16,15.0,7.83,9.96,909.9,8.4,3.88,0.095,0.07,8.37
1,2022,11,6,20,14.5,7.88,10.04,894.7,7.7,3.81,0.092,0.068,8.4
1,2022,11,7,0,14.2,7.87,10.02,895.4,8.3,3.6,0.092,0.068,8.48
1,2022,11,7,4,14.5,7.83,10.21,915.1,7.1,3.6,0.08,0.071,8.48
1,2022,11,7,8,14.4,7.84,10.43,917.9,6.6,3.7,0.075,0.066,9.14
1,2022,11,7,12,15.0,7.81,10.44,935.6,8.1,4.02,0.102,0.076,9.17
1,2022,11,7,16,15.3,7.8,10.34,940.1,8.0,3.8,0.114,0.075,9.5
1,2022,11,7,20,15.4,7.78,10.25,945.2,7.4,3.96,0.107,0.072,9.49
1,2022,11,8,0,14.6,7.85,10.16,914.2,8.9,3.9,0.107,0.072,9.78
1,2022,11,8,4,13.8,7.93,10.33,886.8,8.0,3.9,0.088,0.06,9.78
1,2022,11,8,8,14.1,7.86,10.31,909.3,6.8,3.48,0.078,0.06,8.83
1,2022,11,8,12,14.7,7.81,10.29,926.4,8.8,3.7,0.084,0.062,8.89
1,2022,11,8,16,15.2,7.79,10.22,936.0,7.9,3.92,0.104,0.063,8.84
1,2022,11,8,20,15.4,7.76,10.06,943.2,7.8,4.04,0.108,0.062,9.16
1,2022,11,9,0,14.7,7.8,10.09,927.6,8.9,4.06,0.108,0.062,9.24
1,2022,11,9,4,14.5,7.78,10.12,928.2,7.2,4.06,0.105,0.06,9.24
1,2022,11,9,8,14.4,7.78,10.19,925.1,6.7,3.6,0.104,0.058,9.14
1,2022,11,9,12,14.8,7.49,10.1,929.9,6.4,4.05,0.091,0.061,8.98
1,2022,11,9,16,15.0,7.5,10.02,941.4,8.2,3.47,0.114,0.062,9.71
1,2022,11,9,20,15.2,7.46,10.02,953.0,7.3,3.82,0.127,0.061,9.56
1,2022,11,10,0,15.2,7.45,9.95,954.2,7.4,3.68,0.127,0.061,10.02
1,2022,11,10,4,15.0,7.46,9.8,949.6,8.4,3.68,0.112,0.06,10.02
1,2022,11,10,8,15.1,7.43,9.71,961.7,7.3,3.73,0.107,0.061,10.38
1,2022,11,10,12,15.4,7.46,10.02,958.1,7.4,4.12,0.103,0.06,10.94
1,2022,11,10,16,15.9,7.44,10.21,966.3,6.7,3.74,0.098,0.059,10.55
1,2022,11,10,20,16.1,7.42,10.09,967.1,6.2,3.77,0.091,0.057,10.32
1,2022,11,11,0,16.0,7.48,9.92,946.6,7.8,3.67,0.091,0.057,9.9
1,2022,11,11,4,16.5,7.4,9.56,968.7,8.6,3.67,0.093,0.07,9.9
1,2022,11,11,8,16.7,7.37,9.48,967.3,7.5,4.08,0.097,0.073,9.06
1,2022,11,11,12,17.0,7.29,9.34,982.5,7.8,4.27,0.111,0.077,8.76
1,2022,11,11,16,16.9,7.26,9.02,975.0,8.4,4.13,0.232,0.078,9.02
1,2022,11,11,20,14.7,7.58,9.72,878.1,9.5,4.3,0.241,0.067,9.02
1,2022,11,12,0,15.2,7.48,9.7,896.1,7.3,3.38,0.241,0.067,8.76
1,2022,11,12,4,15.3,7.46,9.4,892.3,6.7,3.38,0.248,0.063,8.76
1,2022,11,12,8,13.7,7.83,9.1,757.3,20.1,3.69,0.364,0.068,8.9
1,2022,11,12,12,14.1,7.73,8.44,796.9,20.0,3.11,0.812,0.09,7.09
1,2022,11,12,16,15.0,7.5,8.04,810.1,21.9,3.79,1.51,0.132,7.91
1,2022,11,12,20,14.9,7.42,7.56,786.3,19.8,13.74,1.722,0.155,9.21
1,2022,11,13,0,15.0,7.37,6.46,774.2,19.9,5.69,1.722,0.155,9.4
1,2022,11,13,4,15.1,7.24,5.53,743.2,20.7,5.69,2.862,0.231,9.4
1,2022,11,13,8,14.6,7.26,5.81,715.1,20.5,7.38,2.621,0.209,10.56
1,2022,11,13,12,14.5,7.29,6.18,713.2,18.3,6.78,2.413,0.192,9.9
1,2022,11,13,16,14.8,7.3,6.73,717.7,17.2,6.38,2.194,0.176,9.44
1,2022,11,13,20,15.5,7.19,7.26,754.6,13.6,6.06,1.802,0.153,9.17
1,2022,11,14,0,14.4,7.33,6.68,702.2,17.4,5.62,1.802,0.153,9.94
1,2022,11,14,4,13.5,7.39,6.7,691.5,18.3,5.62,2.496,0.188,9.94
1,2022,11,14,8,13.1,7.37,7.15,707.3,15.3,5.61,2.231,0.18,9.47
1,2022,11,14,12,14.0,7.3,7.48,743.6,13.3,5.22,1.9,0.171,9.7
1,2022,11,14,16,14.6,7.28,7.7,762.1,12.1,5.05,1.723,0.16,9.48
1,2022,11,14,16,14.6,7.28,7.7,762.1,12.1,5.05,1.723,0.16,9.48
1,2022,11,14,20,14.6,7.27,7.59,773.3,13.3,5.13,1.719,0.162,9.27
1,2022,11,15,0,14.1,7.29,7.45,773.0,13.0,5.13,1.719,0.162,9.27
1,2022,11,15,4,14.1,7.26,7.44,791.1,11.6,5.33,2.015,0.182,9.58
1,2022,11,15,8,13.9,7.28,7.32,792.5,11.7,5.5,2.153,0.194,9.5
1,2022,11,15,12,14.4,7.26,7.29,799.6,11.2,5.33,1.997,0.199,9.39
1,2022,11,15,16,14.4,7.19,6.82,772.3,10.4,5.56,2.455,0.215,9.35
1,2022,11,16,12,13.6,7.29,8.5,787.5,8.0,4.71,1.267,0.116,8.91
1,2022,11,16,16,14.0,7.3,8.65,794.4,6.8,4.52,1.26,0.117,9.23
1,2022,11,16,20,14.2,7.28,8.8,815.4,6.3,4.4,1.202,0.114,9.22
1,2022,11,17,0,12.8,7.45,9.01,761.5,6.7,4.57,1.104,0.108,9.66
1,2022,11,17,4,13.7,7.33,9.17,828.3,5.8,4.12,1.112,0.102,8.66
1,2022,11,17,8,13.7,7.32,9.35,840.4,5.8,4.36,0.781,0.094,9.79
1,2022,11,17,12,14.0,7.33,9.46,850.8,6.0,4.41,0.541,0.086,9.91
1,2022,11,19,16,13.3,7.68,10.35,825.3,9.2,3.69,0.132,0.102,7.41
1,2022,11,19,20,12.7,7.84,11.26,810.4,7.7,3.3,0.129,0.072,7.21
1,2022,11,20,0,12.9,7.71,10.65,833.8,16.3,2.98,0.136,0.062,6.66
1,2022,11,20,4,13.5,7.56,9.83,858.3,8.6,3.18,0.164,0.062,7.02
1,2022,11,20,8,13.6,7.54,9.58,864.4,5.5,3.68,0.313,0.064,7.46
1,2022,11,20,12,14.1,7.45,9.31,880.7,5.2,3.85,0.426,0.062,7.67
1,2022,11,20,16,14.4,7.48,9.3,873.5,6.6,3.77,0.297,0.06,8.06
1,2022,11,20,20,13.2,7.66,9.94,841.4,9.2,3.62,0.173,0.06,8.26
1,2022,11,21,0,13.7,7.66,10.12,854.4,7.5,3.25,0.112,0.057,7.82
1,2022,11,21,4,13.8,7.63,9.93,867.8,7.8,3.25,0.112,0.057,7.82
1,2022,11,21,12,14.1,7.57,9.42,872.1,8.7,3.46,0.119,0.064,8.13
1,2022,11,21,16,13.1,7.76,9.83,835.6,7.5,3.01,0.12,0.07,7.69
1,2022,11,21,20,12.9,7.8,10.12,836.1,7.1,2.84,0.106,0.066,7.52
1,2022,11,22,0,13.1,7.75,10.35,857.4,6.6,2.84,0.106,0.066,7.52
1,2022,11,22,4,14.1,7.55,9.93,910.1,6.9,3.47,0.099,0.06,8.56
1,2022,11,22,8,14.5,7.44,9.62,933.4,7.8,3.73,0.089,0.061,9.59
1,2022,11,22,12,14.7,7.43,9.6,933.9,11.8,3.79,0.084,0.057,9.56
1,2022,11,22,16,14.9,7.42,9.58,937.3,7.1,3.77,0.183,0.087,9.92
1,2022,11,22,20,14.6,7.44,9.43,924.1,11.5,3.7,0.299,0.102,9.52
1,2022,11,23,0,13.6,7.55,9.8,889.0,9.6,3.7,0.299,0.102,9.52
1,2022,11,23,4,14.1,7.48,10.02,909.4,7.6,3.83,0.148,0.064,9.32
1,2022,11,23,8,14.0,7.51,10.49,907.3,6.6,3.96,0.11,0.061,9.56
1,2022,11,23,12,14.3,7.51,10.15,911.7,7.2,3.74,0.141,0.067,10.0
1,2022,11,23,16,12.8,7.81,10.52,842.6,7.7,3.42,0.14,0.063,8.68
1,2022,11,23,20,12.6,7.88,10.85,837.8,7.2,3.25,0.102,0.06,8.45
1,2022,11,24,0,12.7,7.77,11.19,856.9,6.6,3.25,0.102,0.06,8.45
1,2022,11,24,4,13.1,7.73,11.09,866.9,7.7,3.34,0.1,0.056,8.9
1,2022,11,24,8,13.3,7.63,10.35,880.9,7.7,3.7,0.142,0.065,9.75
1,2022,11,24,12,13.4,7.6,10.08,885.0,7.3,3.53,0.144,0.064,9.8
1,2022,11,24,16,13.5,7.6,10.02,885.0,7.3,3.53,0.139,0.062,9.38
1,2022,11,24,20,14.0,7.48,9.66,925.4,6.9,3.8,0.132,0.062,9.49
1,2022,11,25,0,14.8,7.36,9.35,970.7,11.4,3.8,0.132,0.062,9.49
1,2022,11,25,4,13.5,7.53,9.86,915.6,7.2,3.72,0.13,0.058,8.36
1,2022,11,25,8,13.5,7.56,10.26,922.0,6.8,3.9,0.117,0.059,8.9
1,2022,11,25,12,14.2,7.52,10.03,948.6,7.7,4.13,0.155,0.064,8.99
1,2022,11,25,12,14.2,7.52,10.03,948.6,7.7,4.13,0.155,0.064,8.99
1,2022,11,25,16,13.0,7.75,10.28,886.0,7.5,3.51,0.157,0.064,8.54
1,2022,11,25,20,11.8,8.01,10.5,833.2,8.7,3.08,0.102,0.059,7.82
1,2022,11,26,0,12.4,7.77,10.41,893.2,7.2,3.08,0.102,0.059,7.82
1,2022,11,26,4,11.9,7.78,10.4,889.1,7.3,3.4,0.093,0.056,8.05
1,2022,11,26,8,11.4,7.76,10.42,891.8,6.9,3.77,0.116,0.054,8.13
1,2022,11,26,12,11.9,7.66,10.44,922.5,35.0,3.85,0.114,0.054,9.16
1,2022,11,26,16,13.9,7.42,9.97,1011.5,8.3,3.85,0.114,0.054,9.16
1,2022,11,28,8,10.5,7.84,11.31,861.9,6.6,3.54,0.097,0.06,7.87
1,2022,11,28,12,13.2,7.48,10.56,944.9,27.5,3.77,0.107,0.064,8.67
1,2022,11,28,16,10.1,7.94,11.13,820.9,8.2,3.24,0.165,0.068,7.96
1,2022,11,29,8,10.6,7.68,10.77,928.3,7.2,4.32,0.09,0.07,10.97
1,2022,11,29,12,10.1,7.73,10.98,929.2,7.2,4.32,0.1,0.07,10.97
1,2022,11,29,16,9.4,7.79,10.98,924.2,7.6,4.11,0.116,0.07,10.73
1,2022,11,29,20,7.9,7.96,11.17,889.2,7.7,4.08,0.117,0.07,10.03
1,2022,11,30,0,9.0,7.81,11.02,924.4,8.6,3.63,0.117,0.064,9.64
1,2022,11,30,4,7.2,7.97,11.47,885.4,8.2,3.63,0.092,0.064,9.64
1,2022,11,30,8,6.4,8.01,11.62,875.8,8.7,3.56,0.111,0.064,9.7
1,2022,11,30,12,9.8,7.62,11.06,991.6,7.1,2.96,0.083,0.07,9.29
1,2022,11,30,16,10.7,7.58,10.87,998.2,6.1,4.11,0.077,0.077,11.75
1,2022,11,30,20,6.6,7.97,11.47,882.9,7.8,4.43,0.098,0.077,11.91
1,2022,12,1,0,6.9,7.86,11.38,912.9,8.6,3.19,0.098,0.065,8.62
1,2022,12,1,4,7.8,7.69,11.45,930.4,8.2,3.19,0.124,0.065,8.62
1,2022,12,1,12,7.3,7.68,11.66,925.6,5.5,3.66,0.088,0.061,9.38
1,2022,12,1,16,7.3,7.68,11.71,924.2,5.8,3.49,0.088,0.059,8.7
1,2022,12,2,0,5.8,7.85,11.93,884.9,9.6,3.42,0.102,0.059,8.41
1,2022,12,2,4,4.7,7.97,12.15,868.3,9.8,3.42,0.166,0.059,8.41
1,2022,12,2,8,4.5,8.02,12.41,868.7,7.8,3.14,0.13,0.062,8.14
1,2022,12,2,12,5.3,7.88,12.35,900.6,5.7,3.17,0.098,0.061,8.8
1,2022,12,2,16,7.5,7.66,11.8,948.0,5.1,3.61,0.09,0.068,9.88
1,2022,12,2,20,7.7,7.69,11.88,943.1,5.6,3.55,0.085,0.071,9.47
1,2022,12,3,0,5.8,7.92,12.27,904.2,6.7,3.55,0.085,0.071,9.47
1,2022,12,3,4,6.9,7.74,11.54,950.6,10.1,3.16,0.118,0.08,9.44
1,2022,12,3,8,8.4,7.57,11.2,992.7,8.7,3.92,0.103,0.081,10.42
1,2022,12,3,12,9.1,7.51,11.31,1006.2,7.8,3.92,0.098,0.082,11.03
1,2022,12,3,16,9.1,7.55,11.45,1003.8,7.8,3.98,0.098,0.081,10.92
1,2022,12,3,20,8.9,7.56,11.55,1006.4,7.1,4.03,0.108,0.083,11.26
1,2022,12,4,0,7.0,7.74,12.03,951.4,9.0,4.03,0.108,0.083,11.26
1,2022,12,4,4,6.5,7.78,12.11,941.0,9.1,4.03,0.139,0.083,11.26
1,2022,12,4,8,6.2,7.76,12.02,932.6,8.7,3.6,0.176,0.117,10.44
1,2022,12,4,12,8.2,7.61,11.72,978.6,6.9,3.91,0.134,0.135,11.7
1,2022,12,4,16,8.8,7.59,11.63,981.0,6.8,3.91,0.114,0.136,10.36
1,2022,12,4,20,9.0,7.6,11.59,946.2,6.4,3.88,0.114,0.131,11.28
1,2022,12,5,0,8.3,7.65,11.6,912.7,7.2,3.88,0.114,0.131,11.28
1,2022,12,5,4,8.7,7.58,11.18,930.1,9.0,3.93,0.166,0.131,10.74
1,2022,12,5,8,9.3,7.52,11.07,934.3,7.7,4.12,0.162,0.143,10.45
1,2022,12,5,12,10.1,7.51,11.43,929.5,7.0,4.04,0.147,0.139,9.22
1,2022,12,5,16,7.7,7.79,11.78,824.9,8.9,3.1,0.166,0.117,9.24
1,2022,12,6,0,6.3,7.88,12.22,817.3,7.0,2.89,0.135,0.108,9.22
1,2022,12,6,4,5.9,7.87,12.09,823.8,7.3,2.93,0.097,0.111,9.56
1,2022,12,6,8,5.5,7.86,12.05,824.8,6.4,3.04,0.092,0.108,10.0
1,2022,12,6,12,8.0,7.63,11.6,891.9,5.1,3.44,0.138,0.117,10.29
1,2022,12,6,16,9.8,7.55,11.36,898.6,5.0,3.68,0.118,0.126,10.26
1,2022,12,6,20,9.1,7.64,11.75,867.9,6.3,3.5,0.116,0.127,10.7
1,2022,12,7,0,7.2,7.68,11.66,839.5,10.5,3.5,0.116,0.127,10.7
1,2022,12,7,4,7.7,7.6,11.4,856.6,8.0,3.22,0.176,0.13,11.26
1,2022,12,7,8,7.9,7.59,11.36,870.1,6.4,3.48,0.163,0.127,11.42
1,2022,12,7,12,8.4,7.58,11.51,867.5,6.0,6.12,0.138,0.131,11.7
1,2022,12,7,16,8.7,7.58,11.64,863.5,6.6,3.29,0.141,0.137,11.4
1,2022,12,7,20,8.0,7.66,11.58,835.6,8.8,3.01,0.175,0.138,11.66
1,2022,12,8,0,7.6,7.7,11.54,834.3,9.3,3.01,0.175,0.138,11.66
1,2022,12,8,4,7.7,7.69,11.46,839.3,8.6,3.15,0.162,0.142,11.39
1,2022,12,8,8,7.2,7.77,11.57,823.3,8.1,2.91,0.144,0.134,11.71
1,2022,12,8,12,9.3,7.56,11.4,890.4,6.8,2.91,0.146,0.144,12.34
1,2022,12,8,16,9.7,7.54,11.7,907.1,6.5,3.96,0.111,0.14,12.05
1,2022,12,8,20,7.3,7.72,11.76,859.6,10.1,3.33,0.269,0.142,11.39
1,2022,12,9,0,6.9,7.78,11.94,846.9,7.5,3.33,0.269,0.142,11.39
1,2022,12,9,4,6.6,7.74,11.81,861.5,6.0,3.37,0.215,0.125,11.29
1,2022,12,9,8,7.8,7.6,11.5,875.1,4.7,3.78,0.208,0.12,11.39
1,2022,12,9,12,8.1,7.59,11.52,874.4,4.8,3.72,0.17,0.12,11.56
1,2022,12,9,16,8.3,7.57,11.45,872.3,5.6,3.32,0.144,0.116,11.34
1,2022,12,9,20,9.1,7.51,11.23,896.5,6.1,3.78,0.141,0.118,11.56
1,2022,12,10,0,9.0,7.54,11.12,884.8,7.5,3.78,0.141,0.118,11.56
1,2022,12,10,4,7.7,7.67,11.29,867.9,9.3,3.49,0.257,0.118,11.16
1,2022,12,10,8,8.1,7.63,11.29,889.9,7.8,3.86,0.309,0.123,11.27
1,2022,12,10,12,8.8,7.63,11.24,896.4,6.4,3.97,0.215,0.12,11.53
1,2022,12,10,16,9.0,7.66,11.22,897.2,6.7,4.0,0.187,0.123,11.44
1,2022,12,10,20,9.6,7.57,10.94,918.8,7.4,4.41,0.166,0.14,11.94
1,2022,12,11,0,10.5,7.41,10.52,932.6,8.0,4.41,0.166,0.14,11.94
1,2022,12,11,4,8.3,7.58,11.01,885.0,10.4,4.0,0.28,0.148,11.44
1,2022,12,11,8,8.2,7.6,11.24,883.9,7.1,3.99,0.151,0.134,11.55
1,2022,12,11,12,8.4,7.61,11.41,879.2,5.9,3.78,0.104,0.125,11.42
1,2022,12,11,16,8.7,7.62,11.49,880.5,6.3,3.69,0.092,0.12,11.9
1,2022,12,11,20,8.6,7.63,11.46,877.5,6.2,3.55,0.086,0.116,11.54
1,2022,12,12,0,8.9,7.63,11.42,887.0,7.0,3.55,0.086,0.116,11.54
1,2022,12,12,4,8.4,7.66,11.35,872.0,8.7,3.55,0.093,0.116,11.37
1,2022,12,12,8,8.8,7.61,11.02,891.7,7.6,3.86,0.093,0.115,11.64
1,2022,12,12,12,9.6,7.56,10.8,901.1,7.8,3.94,0.107,0.119,11.46
1,2022,12,12,16,9.9,7.56,10.71,899.0,8.4,4.24,0.124,0.122,11.15
1,2022,12,12,20,9.7,7.54,10.76,902.7,8.4,4.37,0.147,0.123,10.98
1,2022,12,13,0,8.8,7.59,10.87,879.5,10.1,4.37,0.147,0.123,10.98
1,2022,12,13,0,8.8,7.59,10.87,879.5,10.1,4.22,0.237,0.126,10.78
1,2022,12,13,12,7.3,7.7,11.19,879.4,9.6,4.24,0.16,0.126,11.4
1,2022,12,13,16,7.4,7.7,11.19,872.7,8.3,4.27,0.14,0.124,11.25
1,2022,12,13,20,7.5,7.69,11.2,871.0,8.1,4.22,0.131,0.125,11.5
1,2022,12,14,0,7.0,7.68,11.25,867.7,7.4,4.22,0.131,0.125,11.5
1,2022,12,14,4,6.0,7.78,11.58,851.3,7.3,3.92,0.109,0.113,10.9
1,2022,12,14,8,6.9,7.66,11.31,865.2,7.4,4.35,0.122,0.121,11.4
1,2022,12,14,12,8.0,7.56,11.18,877.0,7.4,4.48,0.139,0.125,11.45
1,2022,12,14,16,8.4,7.55,11.29,879.3,7.0,4.45,0.125,0.126,11.08
1,2022,12,14,20,6.6,7.75,11.69,842.8,7.2,3.75,0.085,0.103,10.51
1,2022,12,15,0,5.3,7.86,12.06,843.5,7.8,3.75,0.085,0.103,10.51
1,2022,12,15,4,6.2,7.69,11.84,862.7,7.5,3.84,0.165,0.106,10.43
1,2022,12,15,12,8.5,7.49,11.26,892.1,6.7,4.42,0.111,0.121,10.89
1,2022,12,15,16,8.8,7.5,11.46,897.9,6.4,4.53,0.1,0.121,10.97
1,2022,12,15,20,8.8,7.53,11.41,900.7,6.5,4.37,0.112,0.121,10.95
1,2022,12,16,0,8.3,7.59,11.67,896.4,7.2,4.37,0.112,0.121,10.95
1,2022,12,16,4,7.0,7.65,12.1,888.5,8.7,4.14,0.2,0.114,11.25
1,2022,12,16,8,8.0,7.54,11.7,911.8,8.0,4.74,0.202,0.118,11.48
1,2022,12,16,12,8.7,7.53,11.71,917.6,7.4,4.76,0.168,0.122,11.8
1,2022,12,16,16,8.8,7.56,11.69,917.5,7.1,4.56,0.151,0.119,11.77
1,2022,12,16,20,8.2,7.6,11.75,918.4,7.2,4.58,0.173,0.116,11.59
1,2022,12,17,0,7.1,7.7,11.73,900.3,9.7,4.58,0.173,0.116,11.59
1,2022,12,17,4,6.5,7.7,11.67,907.3,8.6,4.44,0.21,0.108,11.28
1,2022,12,17,8,6.8,7.65,11.59,907.9,7.0,4.38,0.204,0.105,11.48
1,2022,12,17,12,6.9,7.69,11.79,915.8,6.6,4.23,0.184,0.102,11.74
1,2022,12,17,16,7.6,7.67,11.65,920.4,6.2,4.31,0.15,0.103,12.07
1,2022,12,17,20,7.0,7.75,11.94,914.8,7.0,4.15,0.144,0.097,11.77
1,2022,12,18,0,6.0,7.84,12.37,898.2,6.4,4.15,0.144,0.097,11.77
1,2022,12,18,4,6.3,7.74,12.24,914.4,6.7,3.95,0.148,0.088,11.17
1,2022,12,18,8,6.8,7.7,12.02,915.9,6.7,4.19,0.148,0.088,11.17
1,2022,12,18,12,7.2,7.66,12.05,918.7,5.3,4.13,0.126,0.092,11.49
1,2022,12,18,16,7.5,7.67,12.08,913.8,5.3,3.96,0.112,0.091,11.4
1,2022,12,18,20,6.5,7.75,12.35,906.9,5.9,3.76,0.109,0.087,11.4
1,2022,12,19,0,6.3,7.74,12.19,912.5,6.4,3.76,0.109,0.087,11.4
1,2022,12,19,4,6.4,7.72,12.14,911.7,7.0,3.86,0.126,0.088,11.25
1,2022,12,19,8,6.5,7.69,12.13,911.1,5.9,4.15,0.138,0.087,11.25
1,2022,12,19,12,7.6,7.63,11.96,929.1,5.0,4.16,0.124,0.094,11.06
1,2022,12,19,16,7.9,7.61,11.9,935.7,5.2,4.17,0.118,0.1,11.17
1,2022,12,19,20,7.9,7.6,11.82,926.6,6.0,4.02,0.126,0.105,11.39
1,2022,12,20,0,6.3,7.7,12.04,908.8,6.8,4.02,0.126,0.105,11.39
1,2022,12,20,4,6.3,7.66,12.08,911.0,6.7,3.83,0.234,0.105,11.11
1,2022,12,20,8,6.7,7.64,11.97,911.8,5.6,4.14,0.267,0.109,11.45
1,2022,12,20,12,7.0,7.63,11.85,909.8,4.7,3.93,0.181,0.11,11.21
1,2022,12,20,16,7.5,7.59,11.64,913.2,5.0,3.92,0.137,0.111,11.29
1,2022,12,20,20,7.2,7.61,11.61,909.7,6.1,3.83,0.136,0.111,11.53
1,2022,12,21,0,5.9,7.72,11.79,891.2,8.0,3.83,0.136,0.111,11.53
1,2022,12,21,4,5.6,7.7,11.87,898.4,6.8,5.2,0.025,0.112,11.96
1,2022,12,21,8,5.8,7.71,11.84,894.4,6.1,3.9,0.189,0.11,12.13
1,2022,12,21,12,6.6,7.66,11.7,905.5,4.9,4.06,0.224,0.11,13.02
1,2022,12,21,16,7.2,7.61,11.62,912.3,5.0,4.2,0.214,0.138,13.3
1,2022,12,21,20,6.1,7.71,11.86,894.4,6.4,3.81,0.205,0.121,12.71
1,2022,12,22,0,5.8,7.7,11.86,889.9,6.8,3.81,0.205,0.121,12.71
1,2022,12,22,4,5.6,7.68,11.9,903.4,6.7,3.84,0.177,0.114,12.97
1,2022,12,22,8,5.7,7.68,11.77,906.2,5.4,3.84,0.25,0.119,12.79
1,2022,12,22,8,5.7,7.68,11.77,906.2,5.4,4.25,0.25,0.119,12.79
1,2022,12,22,12,6.4,7.63,11.64,930.2,6.0,4.25,0.217,0.121,13.88
1,2022,12,22,12,6.4,7.63,11.64,930.2,6.0,4.18,0.217,0.121,13.88
1,2022,12,22,16,6.8,7.62,11.48,924.8,6.5,4.18,0.219,0.123,13.57
1,2022,12,22,20,5.8,7.7,11.54,907.8,7.5,4.43,0.165,0.127,13.67
1,2022,12,23,0,4.5,7.85,11.91,875.1,6.1,4.19,0.165,0.127,13.67
1,2022,12,23,4,5.2,7.75,12.11,896.1,5.8,3.6,0.158,0.116,12.76
1,2022,12,23,8,5.9,7.68,11.72,899.2,5.1,3.79,0.228,0.118,12.4
1,2022,12,23,12,6.5,7.63,11.57,911.5,4.8,4.12,0.141,0.125,11.98
1,2022,12,23,16,6.6,7.64,11.7,903.4,4.9,4.05,0.105,0.124,11.92
1,2022,12,23,20,6.5,7.66,11.76,900.3,4.5,4.05,0.092,0.125,11.4
1,2022,12,24,0,5.6,7.75,12.05,879.8,4.9,3.97,0.092,0.125,11.4
1,2022,12,24,4,5.4,7.75,12.19,887.7,5.2,3.67,0.11,0.112,10.85
1,2022,12,24,8,6.9,7.59,11.73,916.6,5.0,3.52,0.18,0.114,11.08
1,2022,12,24,12,7.6,7.55,11.49,917.5,4.5,4.27,0.14,0.12,10.95
1,2022,12,24,16,7.9,7.53,11.4,915.0,4.5,4.46,0.126,0.122,10.8
1,2022,12,24,20,7.9,7.52,11.17,905.2,5.4,4.38,0.13,0.127,10.9
1,2022,12,25,0,6.9,7.59,11.41,880.2,6.1,4.24,0.13,0.127,10.9
1,2022,12,25,4,6.6,7.59,11.56,879.6,5.9,4.06,0.148,0.127,11.08
1,2022,12,25,8,6.6,7.61,11.73,877.9,4.8,4.03,0.195,0.123,11.31
1,2022,12,25,12,7.9,7.58,11.39,863.8,4.4,3.97,0.143,0.114,11.31
1,2022,12,25,16,7.7,7.55,11.61,917.5,4.6,4.03,0.122,0.119,11.93
1,2022,12,25,20,6.3,7.67,12.09,884.8,6.5,3.84,0.158,0.112,11.59
1,2022,12,26,0,5.2,7.81,12.67,881.8,6.5,3.39,0.158,0.112,11.59
1,2022,12,26,4,5.5,7.74,12.62,887.9,5.2,3.3,0.128,0.102,11.41
1,2022,12,26,8,6.2,7.62,11.81,899.2,4.6,3.38,0.138,0.099,11.05
1,2022,12,26,12,6.8,7.58,11.54,891.3,4.6,3.99,0.121,0.102,11.1
1,2022,12,26,16,7.3,7.52,11.5,896.7,4.8,3.99,0.133,0.107,11.02
1,2022,12,26,20,6.6,7.57,11.66,873.7,5.3,3.61,0.163,0.101,10.87
1,2022,12,27,0,5.6,7.65,12.04,863.7,5.6,3.61,0.163,0.101,10.87
1,2022,12,27,4,6.9,7.57,11.84,888.6,4.2,3.94,0.23,0.096,10.74
1,2022,12,27,8,6.8,7.57,11.5,882.7,5.0,4.0,0.213,0.096,10.62
1,2022,12,27,12,6.8,7.57,11.42,883.2,4.8,4.05,0.178,0.097,10.82
1,2022,12,27,16,6.5,7.64,11.53,870.3,5.5,3.82,0.199,0.095,10.67
1,2022,12,27,20,5.5,7.77,11.78,840.8,6.0,3.54,0.23,0.093,10.52
1,2022,12,28,0,4.7,7.86,12.37,838.3,6.0,3.54,0.23,0.093,10.52
1,2022,12,28,4,6.6,7.64,11.94,868.4,4.7,3.75,0.268,0.088,10.27
1,2022,12,28,8,6.9,7.57,11.56,876.7,4.2,4.09,0.231,0.086,9.87
1,2022,12,28,12,7.2,7.54,11.46,882.2,4.3,4.14,0.202,0.084,9.86
1,2022,12,28,16,7.4,7.54,11.59,884.3,4.8,4.1,0.224,0.084,9.88
1,2022,12,28,20,6.3,7.66,11.95,865.7,5.5,3.74,0.274,0.081,10.33
1,2022,12,29,0,5.0,7.81,12.52,845.6,5.1,3.74,0.274,0.081,10.33
1,2022,12,29,4,5.7,7.7,12.19,864.8,4.4,3.61,0.296,0.08,10.68
1,2022,12,29,8,6.5,7.57,11.51,878.1,3.9,4.26,0.294,0.082,10.94
1,2022,12,29,12,6.8,7.54,11.43,886.9,3.8,4.17,0.239,0.085,10.98
1,2022,12,29,16,7.2,7.56,11.51,883.5,4.1,4.21,0.239,0.087,10.96
1,2022,12,29,20,6.5,7.65,11.89,868.2,4.1,3.78,0.162,0.086,10.63
1,2022,12,30,0,6.0,7.72,12.34,860.0,4.2,3.78,0.162,0.086,10.63
1,2022,12,30,4,6.4,7.65,12.17,867.2,4.0,3.87,0.167,0.091,10.8
1,2022,12,30,8,6.8,7.56,11.55,888.3,4.0,4.39,0.205,0.104,11.14
1,2022,12,30,12,7.2,7.51,11.33,894.3,3.9,4.16,0.154,0.105,11.16
1,2022,12,30,16,7.6,7.5,11.46,900.1,4.3,4.03,0.145,0.1,10.81
1,2022,12,30,20,7.0,7.57,11.77,887.9,4.5,3.86,0.139,0.096,10.69
1,2022,12,31,0,6.2,7.68,12.14,867.7,4.9,3.86,0.139,0.096,10.69
1,2022,12,31,4,5.8,7.72,12.48,872.6,4.7,3.45,0.127,0.084,10.34
1,2022,12,31,8,5.9,7.68,12.04,877.1,4.5,3.7,0.147,0.084,10.53
1,2022,12,31,12,7.3,7.51,11.37,909.5,3.8,4.18,0.156,0.086,10.38
1,2022,12,31,16,7.2,7.55,11.5,897.6,4.5,3.92,0.162,0.082,9.98
1,2022,12,31,20,6.0,7.71,11.96,868.7,5.0,3.4,0.148,0.077,9.83
1,2023,1,1,0,6.1,7.74,12.36,887.2,5.3,3.4,0.148,0.077,9.83
1,2023,1,1,4,6.8,7.67,12.31,908.6,5.2,3.86,0.13,0.074,10.1
1,2023,1,1,8,6.5,7.66,12.02,900.1,4.7,4.06,0.178,0.074,10.19
1,2023,1,1,12,7.2,7.56,11.56,917.2,4.3,4.3,0.228,0.077,9.96
1,2023,1,1,16,7.6,7.53,11.63,921.9,4.3,4.21,0.256,0.078,10.02
1,2023,1,1,20,6.6,7.64,12.07,887.9,5.1,3.85,0.254,0.076,9.87
1,2023,1,2,0,5.7,7.78,12.68,868.9,5.3,3.85,0.254,0.076,9.87
1,2023,1,2,4,6.0,7.72,12.63,888.4,5.0,3.5,0.171,0.075,9.77
1,2023,1,2,8,6.6,7.63,11.88,898.9,4.6,4.12,0.212,0.076,9.88
1,2023,1,2,12,7.1,7.58,11.6,906.3,4.4,3.96,0.197,0.075,9.98
1,2023,1,2,16,7.5,7.58,11.74,911.8,4.7,4.04,0.163,0.075,10.02
1,2023,1,2,20,7.1,7.64,11.97,901.2,5.8,3.9,0.15,0.075,9.86
1,2023,1,3,0,6.5,7.72,12.57,888.5,6.0,3.9,0.15,0.075,9.86
1,2023,1,3,4,6.5,7.69,12.52,893.9,6.1,3.77,0.228,0.071,9.69
1,2023,1,3,8,7.0,7.58,11.65,910.1,4.7,3.77,0.228,0.071,9.69
1,2023,1,3,12,7.6,7.5,11.21,921.2,4.4,4.36,0.237,0.082,10.94
1,2023,1,3,16,8.0,7.48,11.29,921.6,4.5,4.4,0.17,0.085,11.18
1,2023,1,3,20,7.5,7.54,11.61,904.5,5.1,4.21,0.204,0.087,10.83
1,2023,1,4,0,6.0,7.77,12.53,870.2,5.2,4.21,0.204,0.087,10.83
1,2023,1,4,4,7.5,7.56,12.02,916.8,4.4,4.33,0.686,0.086,10.44
1,2023,1,4,8,7.9,7.46,11.29,919.4,4.2,4.71,0.73,0.09,11.14
1,2023,1,4,12,8.2,7.43,11.1,924.0,4.2,7.51,0.572,0.094,11.35
1,2023,1,4,16,8.6,7.43,11.18,925.0,4.5,4.79,0.458,0.098,11.1
1,2023,1,4,20,7.8,7.55,11.68,897.0,4.7,4.28,0.256,0.096,10.86
1,2023,1,5,0,7.3,7.58,12.12,899.0,4.7,4.28,0.256,0.096,10.86
1,2023,1,5,4,7.1,7.64,12.46,896.3,4.8,4.1,0.206,0.09,10.74
1,2023,1,5,8,8.0,7.49,11.53,921.9,4.4,4.81,0.311,0.099,11.32
1,2023,1,5,12,8.0,7.44,11.19,924.4,4.8,4.64,0.462,0.1,10.62
1,2023,1,5,16,8.2,7.46,11.23,922.8,5.4,4.57,0.609,0.103,10.2
1,2023,1,5,20,7.3,7.59,11.63,899.7,6.3,4.19,0.677,0.099,9.6
1,2023,1,6,0,5.8,7.77,12.48,882.7,6.5,3.58,0.555,0.089,9.11
1,2023,1,6,4,7.8,7.57,12.02,920.0,4.9,4.45,0.818,0.095,9.79
1,2023,1,6,8,8.3,7.5,11.44,922.7,4.0,4.82,0.85,0.091,9.71
1,2023,1,6,12,8.4,7.47,11.22,924.0,5.5,4.87,0.891,0.093,9.2
1,2023,1,6,16,8.6,7.5,11.11,919.9,7.0,4.5,0.934,0.095,9.34
1,2023,1,6,20,7.9,7.56,11.4,901.5,5.3,3.97,0.716,0.089,9.35
1,2023,1,7,0,7.3,7.63,11.63,888.7,6.7,3.85,0.536,0.089,9.25
1,2023,1,7,4,7.2,7.63,11.8,893.8,6.3,3.93,0.483,0.086,9.7
1,2023,1,7,8,8.2,7.52,11.53,918.6,4.9,4.42,0.583,0.09,9.73
1,2023,1,7,12,8.4,7.49,11.45,911.1,4.6,4.37,0.5,0.093,9.71
1,2023,1,7,16,8.4,7.5,11.27,910.7,4.8,4.16,0.399,0.091,9.04
1,2023,1,7,20,7.3,7.6,11.35,883.0,5.9,3.95,0.413,0.087,8.8
1,2023,1,8,0,8.2,7.52,11.21,915.2,5.6,4.28,1.028,0.104,8.66
1,2023,1,8,4,7.8,7.55,11.6,909.2,5.3,4.29,1.345,0.123,8.51
1,2023,1,8,8,8.6,7.48,11.49,928.5,4.3,4.68,1.227,0.122,8.98
1,2023,1,8,12,9.2,7.43,11.28,932.2,4.2,4.63,1.095,0.121,8.95
1,2023,1,8,16,9.3,7.42,11.12,924.0,4.4,4.65,0.912,0.113,8.8
1,2023,1,8,20,8.6,7.52,11.2,901.8,4.9,4.28,0.743,0.096,8.75
1,2023,1,9,0,6.8,7.73,11.56,867.7,6.6,3.73,0.576,0.098,8.67
1,2023,1,9,4,8.0,7.58,11.45,906.6,5.1,4.22,0.954,0.114,8.05
1,2023,1,9,8,8.8,7.49,11.2,923.5,4.3,4.88,1.446,0.103,8.46
1,2023,1,9,12,9.3,7.45,11.19,931.6,4.6,4.68,1.211,0.1,8.57
1,2023,1,9,16,9.2,7.44,11.32,923.4,4.5,4.75,0.942,0.115,8.8
1,2023,1,9,20,8.4,7.54,11.66,905.1,5.5,4.33,0.736,0.098,8.69
1,2023,1,10,4,8.7,7.49,11.28,913.8,5.0,3.91,0.437,0.09,8.34
1,2023,1,10,8,8.8,7.47,11.2,915.8,4.5,6.09,0.419,0.097,8.9
1,2023,1,10,12,9.3,7.44,11.26,928.0,4.4,4.41,0.277,0.097,8.69
1,2023,1,10,16,8.5,7.55,11.61,903.3,5.3,4.18,0.343,0.094,8.42
1,2023,1,10,16,8.5,7.55,11.61,903.3,5.3,4.18,0.386,0.094,8.42
1,2023,1,10,20,7.0,7.75,11.89,869.0,6.7,4.11,0.291,0.092,8.69
1,2023,1,11,0,7.0,7.75,11.97,883.5,5.1,3.77,0.291,0.082,8.68
1,2023,1,11,4,7.3,7.65,11.69,898.3,4.5,3.69,0.363,0.081,8.62
1,2023,1,11,8,7.3,7.61,11.64,899.3,4.1,3.82,0.278,0.087,9.13
1,2023,1,11,12,7.7,7.59,11.44,901.6,4.5,4.06,0.165,0.095,8.97
1,2023,1,11,16,8.0,7.57,11.2,897.1,4.9,4.02,0.291,0.094,8.47
1,2023,1,11,20,7.4,7.66,11.27,888.6,5.8,4.04,0.398,0.091,8.14
1,2023,1,12,0,6.8,7.75,11.81,881.6,5.4,3.76,0.398,0.091,8.41
1,2023,1,12,4,7.5,7.68,11.92,894.8,4.7,3.76,0.505,0.088,8.41
1,2023,1,12,8,7.9,7.65,11.81,901.7,4.4,3.64,0.688,0.09,8.36
1,2023,1,12,12,9.9,7.44,10.84,951.4,4.1,4.05,1.19,0.108,8.67
1,2023,1,12,16,10.0,7.42,10.46,940.6,4.0,4.76,1.251,0.109,8.73
1,2023,1,12,20,6.5,7.79,10.86,859.9,7.8,4.88,0.686,0.094,8.94
1,2023,1,13,0,7.4,7.69,11.28,897.9,5.2,3.54,0.686,0.094,8.46
1,2023,1,13,4,8.3,7.62,11.19,908.8,4.7,3.54,1.06,0.098,8.46
1,2023,1,13,8,8.4,7.57,10.72,909.1,4.8,4.14,0.7,0.095,8.26
1,2023,1,13,12,8.9,7.51,10.35,914.6,4.7,4.15,0.477,0.098,8.74
1,2023,1,13,16,8.8,7.54,10.22,917.7,5.1,7.76,0.487,0.093,8.71
1,2023,1,13,20,8.3,7.59,10.18,904.5,5.3,4.31,0.532,0.091,8.73
1,2023,1,14,0,7.0,7.73,10.47,881.4,6.4,4.02,0.532,0.091,8.35
1,2023,1,14,4,7.7,7.64,10.53,914.9,6.2,4.02,0.521,0.097,8.35
1,2023,1,14,8,8.0,7.59,10.33,921.2,5.3,4.24,0.614,0.094,8.25
1,2023,1,14,12,8.0,7.59,10.53,927.2,5.1,4.48,0.58,0.092,8.7
1,2023,1,14,16,7.9,7.63,10.77,918.6,5.6,4.44,0.469,0.091,8.54
1,2023,1,14,20,6.3,7.8,11.16,888.1,7.8,4.3,0.363,0.087,8.22
1,2023,1,15,0,6.0,7.85,11.5,885.3,7.6,3.95,0.363,0.087,8.13
1,2023,1,15,4,6.5,7.77,11.35,901.3,6.3,3.95,0.477,0.09,8.13
1,2023,1,15,8,6.9,7.66,10.92,913.4,6.0,4.01,0.446,0.094,8.01
1,2023,1,15,12,7.5,7.38,10.86,895.6,6.3,4.32,0.361,0.1,8.37
1,2023,1,15,16,7.2,7.38,11.12,920.7,7.7,4.41,0.451,0.104,8.73
1,2023,1,15,20,6.9,7.39,11.3,922.2,8.5,4.35,0.622,0.102,8.54
1,2023,1,16,0,7.0,7.43,11.6,925.1,5.6,4.41,0.622,0.102,8.7
1,2023,1,16,4,6.5,7.49,12.12,906.6,5.1,4.41,0.79,0.114,8.7
1,2023,1,16,12,6.5,7.38,11.5,913.6,4.5,4.3,0.575,0.102,8.05
1,2023,1,16,16,6.8,7.37,11.65,922.3,5.3,4.72,0.707,0.11,8.46
1,2023,1,16,20,7.2,7.34,11.71,923.0,5.3,5.83,0.929,0.113,8.1
1,2023,1,17,0,5.6,7.54,12.4,892.7,5.3,6.26,0.929,0.113,7.9
1,2023,1,17,4,6.5,7.38,12.12,921.5,5.0,6.26,0.682,0.103,7.9
1,2023,1,17,8,6.9,7.34,11.68,920.2,4.5,5.46,0.518,0.102,7.82
1,2023,1,17,12,6.9,7.34,11.54,922.3,4.6,5.45,0.355,0.102,8.73
1,2023,1,17,16,7.1,7.41,11.68,915.2,5.4,5.71,0.226,0.101,8.44
1,2023,1,17,20,6.9,7.45,12.03,916.8,6.6,6.36,0.156,0.107,8.33
1,2023,1,18,0,7.0,7.42,12.0,915.4,6.7,6.1,0.156,0.107,8.57
1,2023,1,18,4,6.9,7.36,12.03,921.1,5.4,6.1,0.232,0.105,8.57
1,2023,1,18,8,7.1,7.33,11.69,921.9,4.8,6.36,0.264,0.103,8.0
1,2023,1,18,12,7.5,7.3,11.43,925.4,4.6,5.87,0.375,0.101,8.19
1,2023,1,18,16,7.9,7.29,11.42,923.5,5.0,5.88,0.442,0.102,7.59
1,2023,1,18,20,7.3,7.35,11.56,914.5,6.5,5.88,0.41,0.099,7.87
1,2023,1,19,0,5.2,7.65,12.51,875.0,7.4,5.88,0.41,0.099,8.12
1,2023,1,19,4,6.7,7.4,12.24,917.0,5.7,5.88,0.321,0.119,8.12
1,2023,1,19,8,7.5,7.29,11.76,925.1,5.0,4.73,0.609,0.145,8.6
1,2023,1,28,8,7.0,7.31,11.88,980.1,4.4,5.55,0.443,0.103,10.72
1,2023,1,28,12,7.6,7.28,11.97,973.7,4.4,5.44,0.513,0.105,10.44
1,2023,1,28,16,7.9,7.27,12.12,966.4,4.7,5.34,0.476,0.108,10.22
1,2023,1,28,20,6.8,7.4,11.97,926.3,7.4,4.74,0.283,0.108,9.49
1,2023,1,29,0,6.8,7.38,11.86,917.7,9.4,4.74,0.283,0.108,9.49
1,2023,1,29,4,7.0,7.3,11.75,932.2,4.9,4.9,0.393,0.099,9.4
1,2023,1,29,8,7.2,7.28,11.76,928.9,4.9,5.07,0.432,0.102,9.6
1,2023,1,29,12,7.9,7.27,11.81,928.3,4.4,4.96,0.298,0.107,9.34
1,2023,1,29,16,8.4,7.27,11.88,940.2,5.4,4.99,0.233,0.111,9.58
1,2023,1,29,20,8.3,7.27,11.69,935.9,6.4,4.77,0.282,0.113,9.65
1,2023,1,30,4,7.5,7.26,11.48,931.5,8.7,4.78,0.551,0.115,10.04
1,2023,1,30,8,7.6,7.2,11.36,940.1,4.6,5.11,0.76,0.114,10.48
1,2023,1,30,12,8.0,7.17,11.54,933.4,4.4,4.98,0.917,0.112,10.22
1,2023,1,30,16,8.3,7.17,11.71,928.4,4.6,4.86,0.665,0.108,10.4
1,2023,1,30,20,8.0,7.22,11.85,923.1,5.4,4.65,0.362,0.104,11.26
1,2023,1,31,0,7.9,7.22,11.68,924.7,5.4,4.65,0.362,0.104,11.26
1,2023,1,31,4,7.6,7.19,11.52,923.0,4.9,4.94,0.324,0.105,11.55
1,2023,1,31,8,7.3,7.2,11.64,918.2,14.2,4.83,0.432,0.102,11.16
1,2023,1,31,12,8.0,7.18,11.64,925.4,4.2,4.75,0.579,0.106,11.26
1,2023,1,31,16,8.6,7.21,11.5,926.3,6.1,4.76,0.736,0.108,10.57
1,2023,1,31,20,8.3,7.26,11.36,929.5,6.2,4.78,0.902,0.108,10.28
1,2023,2,1,0,7.7,7.32,11.33,931.1,7.6,4.78,0.902,0.108,10.28
1,2023,2,1,4,7.5,7.33,11.21,923.3,6.4,4.72,1.244,0.1,9.96
1,2023,2,1,8,7.0,7.33,11.36,922.4,5.2,4.71,1.111,0.096,9.7
1,2023,2,1,12,7.5,7.3,11.39,926.2,5.0,4.68,0.959,0.092,9.51
1,2023,2,1,16,7.8,7.3,11.53,919.0,14.1,4.53,0.843,0.092,9.83
1,2023,2,1,20,6.0,7.5,12.04,887.3,6.3,3.72,0.422,0.079,9.8
1,2023,2,2,0,6.3,7.39,12.19,907.5,4.9,3.72,0.422,0.079,9.8
1,2023,2,2,4,6.8,7.33,11.95,897.7,4.6,4.19,0.576,0.078,9.54
1,2023,2,2,8,6.8,7.3,11.71,900.8,4.5,4.33,0.593,0.079,9.45
1,2023,2,2,12,6.9,7.28,11.64,903.1,4.3,4.25,0.566,0.079,9.41
1,2023,2,2,16,7.3,7.27,11.59,906.8,4.9,4.22,0.571,0.273,9.36
1,2023,2,2,20,6.3,7.38,11.75,884.6,5.1,3.74,0.426,0.078,9.19
1,2023,2,3,0,5.2,7.54,12.07,864.2,5.6,3.74,0.426,0.078,9.19
1,2023,2,3,4,6.2,7.35,11.73,904.1,4.9,3.96,0.457,0.08,9.51
1,2023,2,3,8,7.0,7.24,11.49,927.4,4.0,4.53,0.856,0.077,9.94
1,2023,2,3,12,7.5,7.2,11.64,937.9,5.2,4.78,0.885,0.084,9.57
1,2023,2,3,16,8.3,7.16,11.5,941.3,4.8,5.02,0.906,0.091,10.02
1,2023,2,3,20,8.1,7.19,11.58,931.7,6.8,4.81,0.683,0.089,10.14
1,2023,2,4,0,6.6,7.34,12.19,907.2,6.4,4.81,0.683,0.089,10.14
1,2023,2,4,4,7.2,7.24,11.88,913.4,4.7,4.99,0.435,0.083,10.51
1,2023,2,4,8,7.2,7.22,11.71,910.2,4.9,5.14,0.44,0.078,10.33
1,2023,2,4,12,7.7,7.2,11.65,915.7,4.7,4.96,0.342,0.075,10.03
1,2023,2,4,16,8.0,7.22,11.59,911.1,6.7,4.82,0.318,0.074,9.34
1,2023,2,4,20,7.7,7.29,11.78,897.7,6.4,4.74,0.39,0.076,9.01
1,2023,2,5,0,7.0,7.38,12.11,886.9,6.1,4.74,0.39,0.076,9.01
1,2023,2,5,4,7.6,7.26,11.96,906.6,5.0,5.04,0.362,0.089,9.47
1,2023,2,5,8,7.9,7.22,11.93,910.8,5.4,5.04,0.452,0.086,9.47
1,2023,2,5,12,8.3,7.18,11.74,913.8,5.0,5.2,0.495,0.094,9.39
1,2023,2,5,16,8.3,7.2,11.74,913.9,5.2,5.25,0.478,0.108,9.25
1,2023,2,5,20,6.9,7.38,11.94,878.0,12.8,4.92,0.47,0.1,9.36
1,2023,2,6,0,6.6,7.39,12.19,895.1,7.7,4.92,0.47,0.1,9.36
1,2023,2,6,4,7.4,7.32,12.21,905.1,6.1,5.39,0.833,0.105,9.14
1,2023,2,6,8,7.6,7.27,11.7,906.5,5.0,5.44,0.822,0.108,9.11
1,2023,2,6,12,7.9,7.23,11.32,910.7,5.1,5.55,0.86,0.112,8.9
1,2023,2,6,16,7.6,7.3,11.53,897.5,5.7,5.19,0.614,0.101,9.6
1,2023,2,6,20,6.8,7.45,12.01,882.4,7.4,4.83,0.39,0.093,9.03
1,2023,2,7,0,7.3,7.39,12.34,896.2,6.0,4.83,0.39,0.093,9.03
1,2023,2,7,4,7.6,7.35,12.41,898.7,5.8,5.39,0.433,0.092,9.61
1,2023,2,7,8,7.3,7.33,12.0,895.9,5.1,5.33,0.431,0.094,9.29
1,2023,2,7,12,7.9,7.26,11.52,899.9,5.2,5.38,0.488,0.101,8.73
1,2023,2,7,16,8.2,7.27,11.57,898.8,5.4,5.24,0.43,0.098,8.97
1,2023,2,7,20,8.2,7.28,11.62,898.4,5.5,5.24,0.372,0.097,8.97
1,2023,2,8,0,7.7,7.33,11.64,892.2,6.2,5.24,0.372,0.097,8.97
1,2023,2,8,4,7.1,7.42,11.91,883.8,7.5,4.92,0.24,0.094,8.9
1,2023,2,8,8,8.2,7.24,11.25,927.1,5.4,5.42,0.396,0.097,9.45
1,2023,2,8,12,9.3,7.18,11.27,933.1,5.1,5.53,0.396,0.099,9.45
1,2023,2,8,16,10.6,7.11,11.42,942.7,5.0,5.5,0.548,0.101,9.45
1,2023,2,8,20,10.3,7.17,12.04,923.4,7.0,5.06,0.406,0.097,10.07
1,2023,2,9,0,9.4,7.21,11.9,903.1,8.4,5.06,0.406,0.097,10.07
1,2023,2,9,4,9.2,7.17,11.52,907.8,5.7,5.1,0.454,0.099,9.22
1,2023,2,9,12,9.1,7.15,11.19,910.6,5.0,4.88,0.363,0.085,9.89
1,2023,2,9,16,8.8,7.18,11.18,911.6,5.3,4.8,0.357,0.081,9.98
1,2023,2,9,20,8.7,7.18,11.14,913.2,6.6,4.7,0.468,0.084,10.17
1,2023,2,10,0,8.6,7.2,11.34,913.4,7.1,4.7,0.468,0.084,10.17
1,2023,2,10,4,8.8,7.19,11.29,915.9,8.5,4.82,0.822,0.085,10.08
1,2023,2,10,8,8.7,7.19,11.15,910.2,5.7,4.84,0.955,0.08,10.08
1,2023,2,10,12,9.0,7.15,10.99,909.2,5.0,4.69,0.791,0.078,9.82
1,2023,2,10,16,9.1,7.17,11.11,903.6,5.1,4.64,0.582,0.079,9.7
1,2023,2,10,20,9.1,7.16,11.06,900.5,6.0,4.61,0.506,0.081,10.02
1,2023,2,11,0,9.0,7.15,10.99,899.2,7.4,4.61,0.506,0.081,10.02
1,2023,2,11,4,9.2,7.13,11.04,903.5,6.8,4.88,0.349,0.087,10.48
1,2023,2,11,8,9.4,7.13,11.1,904.0,4.8,4.89,0.261,0.086,10.52
1,2023,2,11,12,9.4,7.12,10.99,899.1,4.5,4.6,0.239,0.083,9.98
1,2023,2,11,16,9.2,7.14,10.86,893.7,4.9,4.56,0.248,0.084,9.67
1,2023,2,11,20,8.7,7.19,10.69,883.3,5.8,4.32,0.338,0.085,8.67
1,2023,2,12,0,9.1,7.14,10.62,890.5,5.4,4.32,0.338,0.085,8.67
1,2023,2,12,4,9.4,7.09,10.63,898.1,6.3,4.65,0.886,0.098,9.54
1,2023,2,12,8,9.5,7.08,10.65,905.2,5.2,5.06,1.502,0.097,10.54
1,2023,2,12,12,9.5,7.08,10.6,913.3,5.1,5.18,2.146,0.101,11.26
1,2023,2,12,16,9.2,7.1,10.51,914.6,5.9,5.26,2.253,0.097,11.91
1,2023,2,12,20,9.1,7.11,10.6,924.5,6.2,5.3,2.16,0.09,12.28
1,2023,2,13,0,9.7,7.02,10.41,939.5,6.6,5.3,2.16,0.09,12.28
1,2023,2,13,4,9.2,7.04,10.59,927.8,6.3,5.6,1.691,0.1,12.01
1,2023,2,13,8,8.8,7.06,11.16,937.7,5.3,5.69,1.817,0.106,12.16
1,2023,2,13,12,9.4,7.08,10.96,948.2,5.2,5.85,2.295,0.104,12.42
1,2023,2,13,20,9.0,7.25,10.92,924.8,7.9,5.76,2.008,0.104,10.38
1,2023,2,14,0,9.0,7.23,10.81,943.4,7.7,5.76,2.008,0.104,10.38
1,2023,2,14,4,9.1,7.2,10.7,944.9,7.0,5.99,2.078,0.108,10.4
1,2023,2,14,8,8.4,7.25,11.09,922.3,7.0,5.56,1.263,0.104,9.44
1,2023,2,14,12,9.0,7.18,11.07,930.3,6.4,5.85,0.911,0.109,9.68
1,2023,2,14,16,8.4,7.29,11.39,904.3,5.7,5.22,0.724,0.103,8.78
1,2023,2,14,20,8.6,7.21,11.02,934.1,7.1,8.8,0.697,0.108,8.6
1,2023,2,15,0,9.5,7.04,10.18,987.2,7.8,8.8,0.697,0.108,8.6
1,2023,2,15,4,10.2,6.92,8.94,1013.8,10.2,9.63,0.666,0.128,8.22
1,2023,2,15,8,10.5,6.89,8.26,1021.3,7.7,6.47,0.956,0.098,8.03
1,2023,2,15,12,10.9,6.96,9.3,1006.9,6.1,6.46,0.872,0.138,9.4
1,2023,2,15,16,10.2,7.09,10.37,950.5,9.6,5.65,0.839,0.13,9.15
1,2023,2,15,20,7.6,7.52,11.71,846.5,8.2,4.71,0.343,0.122,8.08
1,2023,2,16,0,7.2,7.57,11.96,843.9,7.7,4.71,0.343,0.122,8.08
1,2023,2,16,4,6.8,7.58,11.8,844.8,7.9,4.3,0.243,0.097,7.7
1,2023,2,16,8,7.3,7.36,10.86,877.3,6.3,4.73,0.356,0.09,8.1
1,2023,2,16,12,8.4,7.21,10.3,912.0,5.5,5.01,0.61,0.088,8.4
1,2023,2,16,16,9.5,7.14,10.03,941.7,5.7,5.28,0.977,0.095,8.76
1,2023,2,16,20,10.9,7.04,9.48,983.5,5.5,5.83,1.078,0.099,9.73
1,2023,2,17,0,10.5,7.11,9.72,959.8,6.2,5.83,1.078,0.099,9.73
1,2023,2,17,4,9.1,7.27,11.12,911.6,8.4,4.95,0.404,0.116,8.81
1,2023,2,17,8,8.6,7.35,11.46,888.0,6.9,4.74,0.448,0.108,8.45
1,2023,2,17,12,9.1,7.29,11.36,905.2,5.7,4.81,0.326,0.087,7.95
1,2023,2,17,16,9.1,7.29,11.33,905.6,5.3,4.85,0.34,0.082,7.87
1,2023,2,17,20,9.6,7.24,10.95,923.8,6.1,4.99,0.478,0.09,8.02
1,2023,2,18,0,11.0,7.07,10.42,978.2,6.0,4.99,0.478,0.09,8.02
1,2023,2,18,4,9.5,7.2,11.18,925.8,6.7,5.27,0.559,0.099,9.05
1,2023,2,18,8,9.2,7.2,11.0,932.1,6.3,5.14,0.601,0.102,9.62
1,2023,2,18,12,9.1,7.2,10.83,931.7,5.1,4.72,0.545,0.091,9.36
1,2023,2,18,16,9.4,7.18,10.85,935.7,5.4,5.01,0.694,0.084,9.97
1,2023,2,18,20,9.7,7.17,10.77,949.3,6.4,5.09,0.933,0.081,10.31
1,2023,2,19,0,9.2,7.23,10.86,931.1,5.5,5.09,0.933,0.081,10.31
1,2023,2,19,4,9.3,7.2,10.72,942.9,5.3,5.16,1.037,0.077,10.55
1,2023,2,19,8,9.5,7.14,10.47,943.5,5.7,5.27,0.835,0.077,10.62
1,2023,2,19,12,9.8,7.15,10.61,939.6,5.6,5.18,0.799,0.077,10.48
1,2023,2,19,16,10.2,7.21,10.75,931.9,9.4,5.06,0.755,0.08,10.26
1,2023,2,19,20,9.4,7.33,10.83,894.6,6.8,4.7,0.588,0.073,9.15
1,2023,2,20,0,7.8,7.63,11.61,860.5,8.1,4.7,0.588,0.073,9.15
1,2023,2,20,4,9.6,7.31,11.12,902.6,6.8,4.89,0.94,0.079,9.32
1,2023,2,20,8,9.4,7.31,11.02,888.4,6.5,5.14,1.034,0.099,8.71
1,2023,2,20,12,9.8,7.27,10.82,904.0,5.7,5.14,1.064,0.126,8.71
1,2023,2,20,16,10.5,7.22,10.67,915.3,5.6,5.24,0.984,0.124,8.34
1,2023,2,20,20,10.6,7.21,10.61,914.7,7.2,5.26,0.928,0.133,8.38
1,2023,2,21,0,10.3,7.19,10.6,909.8,7.6,5.26,0.928,0.133,8.73
1,2023,2,21,4,10.2,7.17,10.7,902.2,5.1,5.26,0.928,0.133,8.73
1,2023,2,21,12,10.5,7.18,10.86,906.9,5.0,5.28,0.99,0.112,9.21
1,2023,2,21,16,10.7,7.17,10.85,905.7,4.8,5.36,0.716,0.1,9.0
1,2023,2,21,20,10.5,7.19,10.76,896.2,6.3,5.06,0.436,0.099,8.86
1,2023,2,22,0,9.5,7.28,10.97,871.1,7.4,5.17,0.436,0.099,8.86
1,2023,2,22,4,9.9,7.23,11.06,882.1,4.9,5.17,0.542,0.092,8.73
1,2023,2,22,8,10.2,7.2,11.08,887.5,4.5,5.03,0.681,0.091,8.89
1,2023,2,22,12,10.6,7.12,11.11,893.9,4.4,5.09,0.593,0.091,8.89
1,2023,2,22,16,11.2,7.03,10.87,868.3,4.9,5.06,0.65,0.091,9.12
1,2023,2,22,20,9.4,7.39,11.21,841.9,6.3,5.06,0.581,0.108,8.33
1,2023,2,23,0,9.4,7.36,11.84,858.0,5.4,4.9,0.581,0.108,8.33
1,2023,2,23,4,10.2,7.24,11.72,881.4,5.4,4.9,0.666,0.086,9.43
1,2023,2,23,8,9.8,7.22,11.35,881.4,6.0,5.13,0.472,0.086,9.43
1,2023,2,23,12,10.1,7.22,11.11,888.6,4.8,5.15,0.591,0.076,9.11
1,2023,2,23,16,10.5,7.22,11.29,892.5,4.8,4.93,0.809,0.074,9.07
1,2023,2,23,20,10.3,7.26,11.4,883.8,6.2,4.94,1.019,0.082,7.6
1,2023,2,24,0,10.1,7.25,11.46,882.0,7.1,5.1,1.019,0.082,7.6
1,2023,2,24,4,10.3,7.15,11.2,898.3,6.7,5.1,1.138,0.085,11.42
1,2023,2,24,8,10.6,7.09,10.96,910.0,5.5,5.61,1.0,0.081,11.15
1,2023,2,24,12,11.0,7.08,10.99,911.9,4.8,5.7,0.912,0.079,12.62
1,2023,2,24,16,11.5,7.08,10.85,917.3,4.7,5.72,1.025,0.082,10.17
1,2023,2,24,20,11.7,7.08,10.72,925.1,6.2,5.68,1.257,0.084,11.11
1,2023,2,25,0,11.5,7.09,10.56,926.3,6.7,5.69,1.257,0.084,11.11
1,2023,2,25,4,11.4,7.05,10.41,945.2,7.4,5.69,1.883,0.095,11.55
1,2023,2,25,8,11.1,7.06,10.47,944.5,6.6,6.33,1.823,0.097,8.87
1,2023,2,25,12,11.7,7.08,10.75,956.1,5.9,6.38,1.248,0.091,12.04
1,2023,2,25,16,10.6,7.31,11.29,895.5,6.9,6.22,0.675,0.086,10.82
1,2023,2,25,20,9.5,7.6,12.33,868.2,7.9,5.42,0.41,0.083,7.03
1,2023,2,26,0,9.8,7.47,11.96,873.3,8.4,5.05,0.41,0.083,7.03
1,2023,2,26,4,9.5,7.45,11.58,868.2,8.0,5.05,0.619,0.09,10.61
1,2023,2,26,8,9.1,7.42,11.28,867.3,6.9,5.41,0.734,0.088,9.3
1,2023,2,26,12,9.7,7.36,11.25,882.1,6.0,5.43,0.824,0.091,9.84
1,2023,2,27,4,11.3,7.21,10.92,929.3,5.5,6.54,2.02,0.098,11.05
1,2023,2,27,8,10.9,7.24,11.04,915.1,5.7,6.29,1.94,0.1,6.59
1,2023,2,27,12,11.1,7.23,11.09,921.6,5.9,6.46,1.487,0.09,6.59
1,2023,2,27,20,11.7,7.23,11.11,920.4,7.7,6.23,0.894,0.09,10.04
1,2023,2,28,0,11.6,7.21,11.25,915.9,8.0,6.23,0.894,0.09,10.04
1,2023,2,28,4,11.3,7.26,11.57,901.3,8.5,6.42,0.541,0.093,9.18
1,2023,2,28,12,11.6,7.22,10.98,917.7,6.0,6.06,0.418,0.077,8.4
1,2023,2,28,16,12.3,7.23,10.8,922.0,5.8,5.83,0.541,0.07,8.27
1,2023,2,28,20,12.1,7.27,10.87,920.1,6.5,5.63,0.703,0.07,8.27
1,2023,3,1,0,11.8,7.28,11.15,913.5,7.5,5.63,0.703,0.07,8.27
1,2023,3,1,4,11.8,7.24,11.06,912.0,8.8,6.33,1.06,0.079,9.09
1,2023,3,1,8,11.5,7.22,10.86,905.1,7.4,6.13,0.821,0.074,9.08
1,2023,3,1,16,12.0,7.29,11.09,901.7,8.0,5.86,0.555,0.068,8.53
1,2023,3,1,20,11.9,7.32,10.85,898.6,9.3,6.14,0.655,0.07,8.52
1,2023,3,2,0,11.7,7.39,11.28,890.2,9.0,6.14,0.655,0.07,8.52
1,2023,3,2,4,12.2,7.21,10.82,910.3,8.0,6.49,1.363,0.07,8.98
1,2023,3,2,8,11.5,7.25,11.17,887.4,8.4,6.43,0.82,0.07,8.14
1,2023,3,2,12,11.8,7.26,11.02,889.8,7.1,5.94,0.367,0.067,8.03
1,2023,3,2,16,12.0,7.37,11.65,874.0,7.2,5.76,0.194,0.059,7.86
1,2023,3,2,20,11.6,7.61,12.87,855.7,9.3,5.99,0.127,0.063,7.07
1,2023,3,3,0,11.7,7.59,12.96,860.8,8.9,5.99,0.127,0.063,7.07
1,2023,3,3,4,11.6,7.41,11.83,869.1,8.9,5.92,0.094,0.064,7.4
1,2023,3,3,8,11.4,7.36,11.3,867.7,7.6,5.52,0.068,0.064,6.88
1,2023,3,3,12,11.9,7.35,11.41,872.0,7.2,5.65,0.089,0.065,6.73
1,2023,3,3,16,12.7,7.36,11.45,875.6,6.4,5.6,0.225,0.06,6.91
1,2023,3,3,20,12.8,7.29,11.04,889.3,7.4,5.92,0.683,0.065,7.08
1,2023,3,4,0,12.8,7.24,10.76,901.3,7.4,5.92,0.683,0.065,7.08
1,2023,3,4,4,12.7,7.17,10.51,912.6,7.8,6.2,1.26,0.072,8.02
1,2023,3,4,8,12.6,7.14,10.33,913.6,7.2,6.06,0.946,0.073,8.26
1,2023,3,4,12,13.0,7.13,10.46,918.2,6.7,5.97,0.484,0.07,8.27
1,2023,3,4,16,13.5,7.18,10.66,913.5,6.6,5.92,0.291,0.065,7.95
1,2023,3,4,20,13.0,7.31,11.56,896.9,8.5,5.81,0.231,0.068,7.84
1,2023,3,5,0,12.6,7.36,11.97,889.1,8.8,5.81,0.231,0.068,7.84
1,2023,3,5,4,12.1,7.38,11.7,881.0,9.8,5.73,0.159,0.073,8.19
1,2023,3,5,8,11.7,7.38,11.14,877.2,7.4,5.52,0.159,0.067,7.42
1,2023,3,5,12,12.2,7.39,11.19,873.5,6.8,5.32,0.164,0.063,7.69
1,2023,3,5,16,12.7,7.45,11.57,864.6,6.7,5.33,0.187,0.064,7.54
1,2023,3,5,20,12.7,7.52,12.09,854.9,8.2,5.57,0.18,0.068,7.44
1,2023,3,6,0,12.6,7.49,11.98,856.4,8.6,5.57,0.18,0.068,7.44
1,2023,3,6,4,12.5,7.42,11.58,858.2,9.0,5.67,0.24,0.073,7.42
1,2023,3,6,8,12.2,7.4,11.05,860.8,8.4,8.59,0.398,0.073,6.89
1,2023,3,6,12,12.7,7.38,10.94,872.7,6.5,5.59,0.543,0.07,7.14
1,2023,3,6,16,13.4,7.37,11.03,877.1,6.1,5.6,0.606,0.068,7.43
1,2023,3,6,20,13.7,7.37,11.07,877.5,7.4,5.67,0.636,0.073,7.83
1,2023,3,7,0,13.6,7.38,11.55,871.3,8.5,5.67,0.636,0.073,7.83
1,2023,3,7,4,13.2,7.38,11.74,864.4,9.3,6.07,0.553,0.076,7.87
1,2023,3,7,8,13.2,7.31,11.33,864.2,8.5,8.46,0.6,0.075,7.34
1,2023,3,7,12,13.5,7.32,11.35,865.8,6.4,8.78,0.607,0.069,7.93
1,2023,3,7,20,13.6,7.68,13.18,813.9,10.0,5.97,0.184,0.072,6.99
1,2023,3,8,0,12.7,8.11,13.87,780.9,10.2,5.97,0.184,0.072,6.99
1,2023,3,8,4,12.3,8.04,13.12,781.4,9.8,5.47,0.078,0.065,6.09
1,2023,3,8,8,12.7,7.65,11.91,821.6,8.2,5.54,0.158,0.07,6.65
1,2023,3,8,12,13.5,7.45,11.47,845.8,7.8,5.71,0.209,0.07,7.06
1,2023,3,8,16,15.5,7.14,10.27,925.7,5.6,6.18,0.29,0.081,7.46
1,2023,3,8,20,14.9,7.35,11.35,870.6,9.9,6.11,0.164,0.08,6.93
1,2023,3,9,0,14.1,7.52,12.21,842.9,10.7,6.11,0.164,0.08,6.93
1,2023,3,9,4,13.7,7.49,11.84,843.1,9.4,5.97,0.16,0.073,6.54
1,2023,3,9,8,13.9,7.31,10.74,868.9,9.1,6.35,0.365,0.081,6.68
1,2023,3,9,12,14.6,7.19,10.06,894.9,8.5,6.32,0.613,0.088,7.11
1,2023,3,9,16,15.0,7.21,10.03,890.4,8.4,6.26,0.51,0.093,7.47
1,2023,3,9,20,15.5,7.22,10.14,888.0,8.7,6.18,0.392,0.093,7.72
1,2023,3,10,0,15.2,7.27,11.12,876.6,9.9,6.18,0.392,0.093,7.72
1,2023,3,10,4,14.5,7.37,12.08,848.7,10.0,6.04,0.211,0.084,7.36
1,2023,3,10,8,14.2,7.34,11.64,844.9,9.9,6.09,0.178,0.083,6.94
1,2023,3,10,12,14.5,7.28,10.82,848.8,8.6,5.68,0.134,0.081,6.8
1,2023,3,10,16,15.4,7.3,10.7,845.3,7.5,5.62,0.113,0.075,6.63
1,2023,3,10,20,15.3,7.41,11.37,829.3,10.1,5.72,0.133,0.076,6.6
1,2023,3,11,0,15.1,7.49,12.12,824.0,10.9,5.72,0.133,0.076,6.6
1,2023,3,11,4,14.6,7.46,11.39,809.1,10.8,5.74,0.194,0.074,6.41
1,2023,3,11,8,14.4,7.42,10.37,791.2,10.8,5.55,0.144,0.073,6.02
1,2023,3,11,12,14.4,7.38,10.2,786.7,9.0,5.2,0.117,0.068,6.42
1,2023,3,11,16,14.2,7.46,10.75,772.3,7.6,4.92,0.087,0.064,6.7
1,2023,3,11,20,13.8,7.63,11.85,751.8,9.6,5.28,0.066,0.065,5.99
1,2023,3,12,0,13.7,7.53,11.47,762.1,9.9,5.28,0.066,0.065,5.99
1,2023,3,12,4,13.2,7.47,10.77,765.1,10.0,5.3,0.119,0.072,6.42
1,2023,3,12,8,12.8,7.46,10.2,776.3,9.9,5.35,0.09,0.08,6.42
1,2023,3,12,12,13.1,7.43,10.2,788.2,8.6,5.04,0.081,0.078,6.05
1,2023,3,12,16,13.8,7.41,10.24,800.3,7.9,4.97,0.082,0.078,7.16
1,2023,3,12,20,14.1,7.32,9.97,821.9,7.5,5.31,0.095,0.085,7.16
1,2023,3,13,0,14.0,7.3,10.03,822.8,9.1,5.31,0.095,0.085,7.16
1,2023,3,13,4,13.2,7.42,10.76,803.2,8.7,5.39,0.087,0.084,7.03
1,2023,3,13,8,13.8,7.25,10.08,839.3,8.6,5.81,0.118,0.095,7.48
1,2023,3,13,12,14.4,7.19,9.97,852.3,7.9,5.8,0.153,0.097,7.05
1,2023,3,13,16,14.9,7.2,10.06,853.2,7.7,5.53,0.157,0.09,6.56
1,2023,3,13,20,13.9,7.38,10.64,802.8,9.2,5.33,0.133,0.08,5.78
1,2023,3,14,0,13.7,7.42,11.66,798.6,8.7,5.33,0.133,0.08,5.78
1,2023,3,14,4,13.2,7.44,11.38,775.7,9.4,5.28,0.179,0.075,5.33
1,2023,3,14,8,12.8,7.37,10.63,777.9,7.4,5.38,0.49,0.07,5.3
1,2023,3,14,12,13.2,7.36,10.61,777.4,6.6,5.38,0.49,0.07,5.3
1,2023,3,14,16,14.0,7.4,10.74,778.6,7.2,5.12,0.546,0.064,5.6
1,2023,3,14,20,13.7,7.45,10.92,782.7,8.3,5.24,0.519,0.065,5.95
1,2023,3,15,0,13.2,7.54,11.56,787.7,8.6,5.24,0.519,0.065,5.95
1,2023,3,15,4,13.1,7.47,10.96,809.1,9.2,5.89,0.27,0.07,6.5
1,2023,3,15,8,13.0,7.4,10.53,814.6,8.9,5.83,0.144,0.071,6.13
1,2023,3,15,12,13.5,7.37,10.41,818.3,8.2,5.51,0.136,0.069,6.27
1,2023,3,15,16,14.0,7.38,10.56,815.9,8.3,5.4,0.143,0.064,6.19
1,2023,3,15,20,13.5,7.47,11.09,786.2,10.1,5.44,0.164,0.065,6.29
1,2023,3,16,0,13.1,7.5,11.6,789.2,9.1,5.44,0.164,0.065,6.29
1,2023,3,16,4,13.2,7.39,11.2,799.8,9.4,5.75,0.146,0.069,6.82
1,2023,3,16,8,13.0,7.35,10.87,802.9,8.5,5.54,0.092,0.069,6.75
1,2023,3,16,12,13.1,7.36,10.79,800.1,8.3,5.36,0.079,0.067,6.61
1,2023,3,16,20,13.8,7.42,11.46,798.6,8.2,5.45,0.079,0.064,6.73
1,2023,3,17,0,13.6,7.44,12.14,792.8,8.4,5.45,0.079,0.064,6.73
1,2023,3,17,4,13.0,7.54,12.59,772.7,9.8,5.7,0.061,0.064,6.44
1,2023,3,17,8,12.4,7.57,12.12,766.3,8.4,5.19,0.048,0.058,6.01
1,2023,3,17,12,13.1,7.39,11.19,806.2,7.6,5.62,0.059,0.079,6.52
1,2023,3,17,16,13.6,7.36,11.05,814.7,8.1,5.71,0.073,0.075,6.31
1,2023,3,17,20,13.1,7.62,12.58,774.4,9.4,5.67,0.054,0.058,5.75
1,2023,3,18,0,13.2,7.49,12.56,811.7,8.7,5.67,0.054,0.058,5.75
1,2023,3,18,4,13.2,7.38,12.27,824.2,9.5,6.2,0.177,0.067,6.27
1,2023,3,18,8,13.1,7.31,11.68,825.7,8.4,5.96,0.364,0.071,5.79
1,2023,3,18,12,13.5,7.3,11.46,829.3,7.6,5.96,0.427,0.072,6.03
1,2023,3,18,16,14.0,7.32,11.3,826.8,6.5,5.84,0.404,0.066,6.15
1,2023,3,18,20,13.7,7.46,11.84,795.9,7.6,5.63,0.35,0.06,6.3
1,2023,3,19,0,13.6,7.55,12.61,788.0,8.0,5.63,0.35,0.06,6.3
1,2023,3,19,4,13.7,7.38,12.22,819.3,8.3,6.03,0.814,0.062,6.97
1,2023,3,19,8,13.7,7.3,11.63,829.0,8.3,6.26,0.779,0.066,7.33
1,2023,3,19,16,14.5,7.27,11.05,841.3,7.0,5.97,0.485,0.063,7.77
1,2023,3,19,20,14.2,7.4,11.92,814.3,9.6,5.97,0.315,0.058,7.84
1,2023,3,20,0,13.5,7.59,13.16,789.5,9.9,5.97,0.315,0.058,7.84
1,2023,3,20,4,14.0,7.36,12.26,835.8,9.6,6.53,0.514,0.062,7.24
1,2023,3,20,8,14.0,7.28,11.9,839.6,9.2,6.4,0.302,0.062,7.77
1,2023,3,20,12,14.3,7.25,11.37,838.7,8.7,6.11,0.24,0.062,8.18
1,2023,3,20,16,14.9,7.28,11.2,836.0,8.5,6.39,0.28,0.062,7.2
1,2023,3,20,20,14.6,7.48,12.61,799.2,9.3,6.2,0.258,0.048,6.74
1,2023,3,21,0,14.2,7.54,12.96,794.6,9.7,6.2,0.258,0.048,6.74
1,2023,3,21,4,14.4,7.44,12.75,815.4,9.9,6.22,0.408,0.06,7.05
1,2023,3,21,8,14.4,7.35,11.76,827.1,9.0,6.34,0.738,0.062,6.92
1,2023,3,21,12,14.7,7.28,10.88,838.1,8.1,6.0,0.839,0.063,7.22
1,2023,3,21,16,15.0,7.32,10.51,831.6,8.1,5.67,0.84,0.056,7.06
1,2023,3,21,20,14.2,7.75,12.4,756.8,10.1,5.32,0.365,0.045,6.13
1,2023,3,22,0,14.1,7.7,12.38,770.5,9.7,5.32,0.365,0.045,6.13
1,2023,3,22,4,14.4,7.51,10.75,795.3,9.7,5.25,0.433,0.057,6.84
1,2023,3,22,8,14.2,7.48,10.06,793.2,9.4,5.24,0.366,0.054,6.66
1,2023,3,22,12,14.2,7.54,10.13,797.8,10.0,5.11,0.28,0.06,6.54
1,2023,3,22,16,14.4,7.63,10.37,789.4,8.8,5.06,0.17,0.057,6.48
1,2023,3,22,20,14.1,7.91,11.3,750.0,10.3,4.82,0.069,0.054,6.34
1,2023,3,23,0,14.4,7.71,11.33,783.9,9.1,4.82,0.069,0.054,6.34
1,2023,3,23,4,14.2,7.62,10.5,790.9,9.2,4.92,0.05,0.056,6.5
1,2023,3,23,8,14.3,7.43,9.63,810.1,8.4,5.2,0.084,0.059,6.53
1,2023,3,23,12,14.6,7.4,9.73,813.2,8.1,5.04,0.147,0.058,6.04
1,2023,3,23,16,15.2,7.32,10.23,808.6,8.5,5.08,0.173,0.06,5.86
1,2023,3,23,20,14.7,7.3,9.89,813.9,8.9,5.22,0.247,0.061,6.01
1,2023,3,24,0,14.5,7.29,9.86,822.7,8.1,5.22,0.247,0.061,6.01
1,2023,3,24,4,14.9,7.15,9.16,881.5,8.3,5.77,0.746,0.067,7.23
1,2023,3,24,8,15.4,6.98,8.67,978.1,6.1,6.95,1.559,0.073,9.27
1,2023,3,24,12,16.2,6.89,8.86,999.6,6.8,7.05,1.088,0.073,10.63
1,2023,3,24,16,16.0,7.03,10.05,926.0,6.0,6.06,0.279,0.065,9.19
1,2023,3,24,20,15.9,7.1,10.34,907.7,7.6,5.9,0.095,0.063,8.68
1,2023,3,25,0,15.4,7.15,10.41,893.2,9.0,5.9,0.095,0.063,8.68
1,2023,3,25,4,14.9,7.19,10.56,883.2,9.2,5.58,0.068,0.066,8.19
1,2023,3,25,8,15.0,7.16,10.28,881.7,9.4,5.66,0.262,0.068,8.19
1,2023,3,25,12,15.4,7.13,10.32,876.1,11.7,5.75,0.327,0.072,7.07
1,2023,3,25,16,15.5,7.23,10.3,838.2,8.4,5.19,0.253,0.065,7.42
1,2023,3,25,20,15.0,7.36,10.76,806.8,11.5,5.02,0.251,0.066,6.67
1,2023,3,26,0,14.5,7.48,11.8,792.5,10.4,5.02,0.251,0.066,6.67
1,2023,3,26,4,14.6,7.29,11.21,835.6,9.7,5.4,0.495,0.07,7.44
1,2023,3,26,8,14.4,7.18,10.59,851.6,9.8,5.48,0.471,0.072,7.68
1,2023,3,26,12,14.7,7.18,10.49,845.2,9.7,5.25,0.243,0.071,7.94
1,2023,3,26,16,15.2,7.22,10.79,838.9,7.4,11.55,0.145,0.067,7.75
1,2023,3,26,20,15.1,7.27,10.71,822.4,9.2,4.83,0.103,0.071,7.4
1,2023,3,27,0,14.9,7.31,10.95,812.0,9.0,4.83,0.103,0.071,7.4
1,2023,3,27,4,14.8,7.2,10.89,845.5,9.2,5.32,0.074,0.071,7.78
1,2023,3,27,8,14.7,7.18,11.04,852.0,9.2,5.5,0.079,0.074,7.49
1,2023,3,27,12,15.7,7.11,10.85,891.9,7.9,5.78,0.11,0.078,7.89
1,2023,3,27,16,16.5,7.1,10.69,885.8,6.3,5.33,0.383,0.075,7.42
1,2023,3,27,20,16.0,7.17,10.5,850.8,7.5,5.39,0.724,0.073,7.07
1,2023,3,28,0,15.5,7.2,10.98,836.9,7.7,5.39,0.724,0.073,7.07
1,2023,3,28,4,15.1,7.22,11.3,829.9,7.7,5.43,0.822,0.068,7.53
1,2023,3,28,8,14.9,7.21,10.54,827.6,7.1,5.25,0.869,0.064,7.71
1,2023,3,28,12,15.2,7.2,10.41,831.3,6.9,5.18,0.93,0.062,7.49
1,2023,3,28,16,15.6,7.22,10.51,832.5,6.7,5.16,0.764,0.062,7.86
1,2023,3,28,20,16.0,7.22,10.41,839.1,7.9,5.29,0.69,0.066,7.74
1,2023,3,29,0,16.0,7.27,11.11,836.3,9.8,5.29,0.69,0.066,7.74
1,2023,3,29,8,15.6,7.25,11.49,844.2,10.5,5.42,0.205,0.075,7.8
1,2023,3,29,8,15.6,7.25,11.49,844.2,10.5,5.44,0.113,0.076,7.56
1,2023,3,29,16,16.4,7.23,10.57,843.8,8.4,5.11,0.154,0.077,6.94
1,2023,3,29,20,16.7,7.24,10.55,838.1,8.2,5.14,0.203,0.072,6.71
1,2023,3,29,20,16.7,7.24,10.55,838.1,8.2,5.12,0.25,0.068,6.69
1,2023,3,30,0,16.6,7.25,11.0,838.1,9.3,5.12,0.25,0.068,6.69
1,2023,3,30,8,16.8,6.91,8.7,932.9,11.8,5.6,0.418,0.071,7.73
1,2023,3,30,12,17.1,7.03,10.11,898.9,9.5,6.64,0.514,0.09,9.02
1,2023,3,30,16,17.7,7.06,10.42,894.9,7.7,6.04,0.168,0.078,7.91
1,2023,3,30,20,17.6,7.15,10.44,865.0,8.4,5.67,0.151,0.068,7.59
1,2023,3,31,0,17.3,7.21,10.66,848.4,9.4,5.54,0.193,0.064,7.26
1,2023,3,31,4,17.0,7.11,10.27,880.9,9.5,5.54,0.193,0.064,7.26
1,2023,3,31,8,16.8,7.16,10.99,868.4,8.9,5.9,0.184,0.072,7.24
1,2023,3,31,12,17.2,7.22,11.01,864.1,10.2,5.86,0.106,0.074,6.96
1,2023,3,31,16,17.8,7.28,10.89,849.2,8.8,5.72,0.089,0.078,6.21
1,2023,3,31,20,17.6,7.61,12.64,806.0,10.5,5.29,0.094,0.071,5.79
1,2023,4,1,0,17.5,7.57,12.41,817.6,9.4,5.14,0.065,0.062,5.21
1,2023,4,1,4,17.4,7.42,11.29,835.4,8.8,5.14,0.065,0.062,5.21
1,2023,4,1,8,17.1,7.31,10.44,845.0,9.1,5.76,0.08,0.053,5.31
1,2023,4,1,12,17.7,7.27,10.82,868.2,8.6,5.67,0.097,0.053,5.5
1,2023,4,1,16,18.0,7.26,11.07,879.6,8.6,6.03,0.098,0.051,5.26
1,2023,4,1,20,18.4,7.22,10.28,886.2,8.3,6.27,0.108,0.05,5.52
1,2023,4,2,0,18.1,7.3,10.19,862.9,10.5,6.07,0.162,0.052,5.53
1,2023,4,2,4,17.9,7.32,10.84,872.2,9.3,6.07,0.162,0.052,5.53
1,2023,4,2,8,17.8,7.2,9.93,894.7,8.6,6.02,0.471,0.058,5.99
1,2023,4,2,12,18.0,7.18,9.78,900.2,8.3,6.16,0.694,0.057,6.35
1,2023,4,2,16,18.1,7.23,10.02,891.7,9.1,6.18,0.512,0.052,6.06
1,2023,4,2,20,17.7,7.5,10.9,832.2,11.3,6.22,0.38,0.052,7.1
1,2023,4,3,0,17.5,7.5,10.76,838.2,9.5,5.56,0.209,0.048,6.39
1,2023,4,3,4,17.5,7.31,9.64,865.8,8.8,5.56,0.209,0.048,6.39
1,2023,4,3,8,17.4,7.23,9.11,874.4,8.2,5.66,0.223,0.049,6.58
1,2023,4,3,12,17.5,7.25,9.21,888.2,8.1,5.52,0.123,0.049,6.65
1,2023,4,3,16,17.9,7.19,9.18,910.4,7.4,5.46,0.077,0.059,6.56
1,2023,4,3,20,17.7,7.19,9.3,904.1,8.9,5.42,0.07,0.06,6.78
1,2023,4,4,0,17.6,7.22,9.33,898.1,8.5,7.91,0.079,0.061,6.77
1,2023,4,4,4,17.5,7.23,9.34,892.3,8.2,7.91,0.079,0.061,6.77
1,2023,4,4,8,17.3,7.22,9.14,885.4,11.1,5.37,0.073,0.06,6.78
1,2023,4,4,12,17.1,7.22,8.84,880.8,9.2,5.35,0.074,0.066,6.54
1,2023,4,4,16,16.9,7.24,8.72,878.1,10.5,5.36,0.07,0.068,6.66
1,2023,4,4,20,16.1,7.48,8.97,840.4,11.1,5.07,0.063,0.064,6.65
1,2023,4,5,0,16.2,7.37,9.15,874.6,10.8,4.57,0.06,0.062,6.21
1,2023,4,5,4,16.4,7.26,8.8,889.8,9.5,4.57,0.06,0.062,6.21
1,2023,4,5,8,16.3,7.22,8.4,892.1,10.8,5.07,0.119,0.061,6.63
1,2023,4,5,12,16.5,7.2,8.36,891.2,9.5,5.1,0.187,0.068,6.4
1,2023,4,5,16,16.5,7.27,8.66,874.7,10.3,4.74,0.276,0.063,6.13
1,2023,4,5,20,16.5,7.32,9.38,868.6,9.1,4.84,0.245,0.063,6.35
1,2023,4,6,0,16.5,7.31,9.8,868.4,9.0,4.62,0.181,0.061,6.18
1,2023,4,6,4,16.3,7.3,9.71,868.4,9.6,4.62,0.181,0.061,6.18
1,2023,4,6,8,16.2,7.25,9.18,876.8,10.2,4.77,0.082,0.053,6.48
1,2023,4,6,12,16.4,7.33,9.47,877.3,9.4,4.9,0.073,0.059,5.61
1,2023,4,6,16,16.8,7.47,10.12,866.7,9.1,4.72,0.067,0.058,5.66
1,2023,4,7,0,15.8,7.62,10.51,848.3,10.5,4.31,0.042,0.058,5.88
1,2023,4,7,4,15.1,7.67,10.42,847.3,9.7,4.31,0.042,0.058,5.88
1,2023,4,7,8,15.4,7.44,9.75,879.9,8.9,4.36,0.038,0.056,5.57
1,2023,4,7,12,15.9,7.44,10.14,883.5,11.6,4.88,0.054,0.055,5.6
1,2023,4,7,16,16.5,7.49,10.41,887.5,10.4,5.05,0.066,0.061,5.68
1,2023,4,7,20,16.2,7.57,10.79,882.1,10.8,4.95,0.077,0.078,6.02
1,2023,4,8,0,16.1,7.52,11.05,893.4,9.6,7.65,0.07,0.063,5.9
1,2023,4,8,4,16.0,7.41,10.63,909.8,9.5,7.65,0.07,0.063,5.9
1,2023,4,8,8,16.0,7.39,10.52,911.2,10.4,5.48,0.055,0.055,6.62
1,2023,4,8,12,16.6,7.38,11.27,914.1,8.8,5.77,0.044,0.055,6.7
1,2023,4,8,16,17.0,7.55,12.44,887.2,9.8,5.86,0.037,0.05,6.71
1,2023,4,8,20,17.0,7.73,13.13,870.8,9.8,5.67,0.033,0.051,6.54
1,2023,4,9,0,17.0,7.66,12.66,875.8,9.1,5.21,0.033,0.051,6.7
1,2023,4,9,4,16.6,7.54,11.3,879.3,10.2,5.21,0.042,0.049,6.7
1,2023,4,9,8,16.0,7.54,10.44,872.6,8.6,4.98,0.055,0.047,6.74
1,2023,4,9,12,16.4,7.53,11.06,881.1,8.6,4.68,0.048,0.05,6.31
1,2023,4,9,16,16.9,7.5,11.23,888.1,10.1,5.18,0.056,0.05,6.61
1,2023,4,9,20,17.1,7.65,12.14,873.2,10.4,5.01,0.044,0.053,7.52
1,2023,4,10,0,17.2,7.56,12.26,883.1,9.4,5.15,0.044,0.053,6.38
1,2023,4,10,4,17.2,7.41,11.55,894.7,8.6,5.15,0.037,0.052,6.38
1,2023,4,10,8,17.0,7.33,10.82,900.0,8.2,5.36,0.036,0.045,7.05
1,2023,4,10,12,17.4,7.38,11.58,895.3,8.6,5.29,0.034,0.043,6.98
1,2023,4,10,16,17.9,7.4,11.76,893.6,9.1,5.24,0.034,0.045,7.01
1,2023,4,10,20,18.3,7.32,11.67,891.8,9.8,5.15,0.04,0.044,7.31
1,2023,4,11,0,17.7,7.37,11.64,870.2,10.6,5.19,0.04,0.044,7.28
1,2023,4,11,4,17.1,7.44,10.77,856.9,9.2,5.19,0.063,0.047,7.28
1,2023,4,11,8,16.6,7.42,9.62,860.8,8.5,4.82,0.081,0.048,6.55
1,2023,4,11,12,16.9,7.45,9.72,862.4,8.6,4.92,0.081,0.048,6.9
1,2023,4,11,16,17.1,7.53,9.9,865.4,10.6,4.74,0.108,0.049,7.06
1,2023,4,11,20,17.0,7.51,9.77,876.7,11.0,4.73,0.162,0.055,7.04
1,2023,4,12,0,16.7,7.56,10.44,871.8,9.8,5.07,0.31,0.06,7.48
1,2023,4,12,4,16.6,7.42,10.4,889.9,9.2,5.12,0.431,0.054,7.58
1,2023,4,12,8,16.7,7.3,9.88,898.7,9.6,5.18,0.677,0.052,7.91
1,2023,4,12,12,17.2,7.25,9.62,906.5,10.6,5.47,0.442,0.054,8.17
1,2023,4,12,16,17.7,7.24,9.69,907.3,9.7,5.35,0.186,0.058,8.07
1,2023,4,12,20,17.5,7.58,11.14,863.4,9.5,5.23,0.099,0.059,7.93
1,2023,4,13,0,17.7,7.48,11.55,876.0,9.1,4.8,0.048,0.05,7.27
1,2023,4,13,4,17.9,7.36,11.06,878.6,9.7,4.9,0.044,0.048,7.44
1,2023,4,13,8,17.6,7.32,10.3,876.4,10.0,5.19,0.052,0.053,6.85
1,2023,4,13,12,17.7,7.31,10.06,879.4,11.2,5.14,0.047,0.055,7.22
1,2023,4,13,16,18.2,7.29,9.72,879.9,10.4,5.62,0.055,0.056,7.58
1,2023,4,13,20,18.0,7.45,10.65,857.3,10.2,5.13,0.051,0.051,7.13
1,2023,4,14,0,17.6,7.57,12.08,847.7,9.7,5.13,0.051,0.051,7.13
1,2023,4,14,4,17.6,7.44,11.49,860.7,9.9,5.28,0.058,0.056,8.03
1,2023,4,14,8,17.5,7.27,10.32,875.1,10.2,5.6,0.076,0.058,7.93
1,2023,4,14,12,17.9,7.23,9.82,884.6,10.0,5.55,0.064,0.058,8.03
1,2023,4,14,16,18.1,7.31,10.11,882.4,11.8,5.49,0.054,0.059,7.53
1,2023,4,14,20,17.7,7.55,10.8,853.4,12.7,5.19,0.051,0.06,6.9
1,2023,4,15,0,17.4,7.56,11.58,853.7,11.7,5.19,0.051,0.06,6.9
1,2023,4,15,4,17.2,7.45,11.21,867.5,9.6,5.33,0.062,0.063,7.21
1,2023,4,15,8,17.0,7.37,10.38,869.9,11.4,4.75,0.06,0.064,6.95
1,2023,4,15,12,17.5,7.38,10.16,871.4,10.9,4.57,0.052,0.063,6.91
1,2023,4,15,16,17.9,7.44,10.07,872.4,11.2,4.42,0.047,0.061,6.51
1,2023,4,15,20,17.7,7.6,11.13,859.1,11.0,4.37,0.042,0.061,6.35
1,2023,4,16,0,17.6,7.56,11.64,864.6,8.7,4.37,0.042,0.061,6.35
1,2023,4,16,4,17.3,7.53,11.22,862.9,9.3,4.44,0.041,0.054,6.38
1,2023,4,16,8,17.1,7.38,10.03,882.1,11.2,4.74,0.044,0.057,5.77
1,2023,4,16,12,17.9,7.31,9.49,896.9,9.4,4.91,0.054,0.061,5.62
1,2023,4,16,16,18.1,7.49,10.26,866.0,10.3,4.72,0.049,0.063,5.96
1,2023,4,16,20,18.2,7.86,12.5,837.8,9.2,7.89,0.042,0.052,5.77
1,2023,4,17,0,18.2,7.75,12.32,851.3,9.3,7.89,0.042,0.052,5.77
1,2023,4,17,8,17.6,7.33,9.69,890.3,8.8,4.59,0.047,0.057,5.85
1,2023,4,17,12,18.0,7.33,9.69,895.4,11.8,4.76,0.045,0.064,5.96
1,2023,4,17,16,18.5,7.36,9.92,895.9,11.3,4.89,0.05,0.084,6.36
1,2023,4,17,20,18.6,7.42,10.15,888.8,10.6,4.82,0.05,0.07,6.57
1,2023,4,18,0,18.4,7.55,11.4,872.4,10.1,4.82,0.05,0.07,6.57
1,2023,4,18,4,18.1,7.57,11.88,867.4,8.6,4.35,0.045,0.055,6.24
1,2023,4,18,8,18.0,7.46,10.94,875.6,9.2,4.66,0.049,0.056,5.78
1,2023,4,18,12,18.4,7.4,10.66,879.5,9.2,4.64,0.047,0.052,6.22
1,2023,4,18,16,18.8,7.41,10.86,880.7,10.1,4.54,0.045,0.054,6.34
1,2023,4,18,20,19.6,7.52,11.3,870.9,9.4,4.42,0.044,0.052,6.39
1,2023,4,19,0,19.5,7.56,11.81,862.7,9.6,4.42,0.044,0.052,6.39
1,2023,4,19,4,19.1,7.44,11.66,875.1,8.5,4.41,0.053,0.051,6.46
1,2023,4,19,8,18.8,7.34,10.66,880.7,8.6,4.8,0.053,0.051,6.32
1,2023,4,19,12,19.1,7.33,10.71,888.3,9.6,4.8,0.047,0.05,6.66
1,2023,4,19,16,19.7,7.41,11.61,885.6,10.6,4.98,0.043,0.051,6.57
1,2023,4,19,20,20.1,7.57,12.18,866.4,11.8,4.68,0.039,0.053,6.76
1,2023,4,20,0,20.2,7.63,13.01,862.2,10.3,4.68,0.039,0.053,6.76
1,2023,4,20,4,20.1,7.41,12.07,871.9,9.5,5.11,0.054,0.047,7.23
1,2023,4,20,8,19.5,7.37,10.91,869.5,10.0,5.04,0.058,0.046,6.98
1,2023,4,20,12,19.3,7.35,9.94,873.5,10.4,5.16,0.107,0.05,7.26
1,2023,4,20,16,19.3,7.36,9.82,868.3,10.5,5.06,0.106,0.056,7.24
1,2023,4,20,20,18.8,7.86,11.12,805.9,9.4,4.37,0.06,0.046,6.21
1,2023,4,21,0,18.8,7.62,10.75,837.0,10.3,4.37,0.06,0.046,6.21
1,2023,4,21,4,18.7,7.42,9.7,856.1,11.1,4.84,0.064,0.055,6.81
1,2023,4,21,8,18.6,7.34,8.91,867.8,10.2,5.28,0.068,0.056,6.45
1,2023,4,21,12,19.1,7.34,8.8,867.7,12.3,4.83,0.061,0.063,6.18
1,2023,4,21,16,19.0,8.05,10.73,764.9,10.0,3.7,0.054,0.052,5.99
1,2023,4,21,20,19.0,8.18,10.24,752.8,9.7,3.52,0.054,0.051,5.87
1,2023,4,22,0,18.5,8.13,9.86,749.5,10.9,3.52,0.054,0.051,5.87
1,2023,4,22,4,18.0,7.77,9.09,796.0,9.3,3.77,0.056,0.054,6.12
1,2023,4,22,8,18.1,7.45,8.58,863.9,9.9,7.3,0.062,0.057,6.65
1,2023,4,22,12,18.1,7.4,8.5,875.9,10.1,4.65,0.066,0.057,6.9
1,2023,4,22,16,18.0,7.52,8.79,860.5,9.4,4.35,0.056,0.054,6.75
1,2023,4,22,20,17.5,7.76,9.55,824.1,10.8,4.03,0.049,0.057,6.27
1,2023,4,23,0,17.1,7.82,10.12,825.2,9.0,4.03,0.049,0.057,6.27
1,2023,4,23,4,17.4,7.58,10.08,874.8,10.4,4.39,0.047,0.054,7.15
1,2023,4,23,8,17.7,7.45,9.86,898.1,10.3,4.86,0.051,0.057,6.88
1,2023,4,23,12,18.1,7.43,9.9,901.5,8.5,4.94,0.05,0.053,6.83
1,2023,4,23,16,18.2,7.48,9.91,890.4,8.6,4.58,0.05,0.052,6.91
1,2023,4,23,20,17.8,7.65,10.4,855.1,9.6,4.31,0.046,0.051,6.96
1,2023,4,24,0,17.5,7.67,10.73,856.5,9.6,4.31,0.046,0.051,6.96
1,2023,4,24,4,17.2,7.55,10.23,865.9,9.3,4.36,0.044,0.05,7.51
1,2023,4,24,12,17.7,7.46,10.39,880.7,8.8,4.82,0.05,0.057,7.63
1,2023,4,24,16,18.2,7.53,10.56,871.7,8.1,4.7,0.046,0.05,7.47
1,2023,4,24,20,17.7,7.8,11.1,831.0,9.7,4.28,0.042,0.053,6.81
1,2023,4,25,0,17.6,7.76,11.34,845.8,9.2,4.28,0.042,0.053,6.81
1,2023,4,25,4,17.9,7.56,10.74,880.9,9.3,4.41,0.045,0.053,7.63
1,2023,4,25,8,18.0,7.43,10.22,891.6,9.0,4.87,0.05,0.052,7.34
1,2023,4,25,12,18.4,7.41,10.42,893.4,10.3,4.99,0.047,0.054,7.54
1,2023,4,25,16,19.0,7.44,10.5,896.8,10.7,4.98,0.046,0.055,8.01
1,2023,4,25,20,18.7,7.48,10.31,888.4,12.2,4.85,0.046,0.058,8.29
1,2023,4,26,0,18.1,7.61,10.64,867.1,10.7,4.85,0.046,0.058,8.29
1,2023,4,26,4,17.6,7.61,10.74,865.2,8.5,4.65,0.041,0.045,8.11
1,2023,4,26,8,17.6,7.55,10.62,875.9,8.7,5.0,0.045,0.045,8.28
1,2023,4,26,12,18.1,7.56,10.96,877.8,8.8,4.99,0.045,0.048,7.98
1,2023,4,26,16,18.6,7.58,11.12,882.5,8.9,8.56,0.046,0.048,8.16
1,2023,4,26,20,18.7,7.57,10.6,876.8,8.1,4.98,0.046,0.046,7.92
1,2023,4,27,0,18.4,7.64,10.56,860.8,9.8,4.98,0.046,0.046,7.92
1,2023,4,27,4,18.4,7.52,10.68,890.0,8.1,5.11,0.054,0.056,8.57
1,2023,4,27,8,18.5,7.49,10.88,882.3,8.7,5.31,0.064,0.047,7.64
1,2023,4,27,12,18.6,7.5,11.04,881.3,9.0,5.34,0.056,0.048,7.63
1,2023,4,27,16,18.8,7.5,10.85,881.7,10.4,5.29,0.054,0.048,7.5
1,2023,4,27,20,18.7,7.63,11.04,858.8,9.9,5.03,0.05,0.044,7.49
1,2023,4,28,0,18.4,7.75,11.55,837.0,9.4,5.03,0.05,0.044,7.49
1,2023,4,28,4,18.5,7.65,11.3,849.7,9.3,5.06,0.057,0.039,7.94
1,2023,4,28,8,18.6,7.41,10.29,876.5,9.9,5.48,0.082,0.042,8.25
1,2023,4,28,12,19.0,7.34,10.22,884.0,10.3,5.69,0.117,0.043,8.76
1,2023,4,28,16,19.4,7.31,9.87,880.9,11.6,5.52,0.212,0.05,9.02
1,2023,4,28,20,19.1,7.67,11.46,820.4,12.4,4.89,0.184,0.047,7.76
1,2023,4,29,0,18.7,7.73,10.26,789.8,12.2,4.89,0.184,0.047,7.76
1,2023,4,29,4,17.5,7.79,9.32,771.7,12.4,4.41,0.059,0.041,5.95
1,2023,4,29,8,18.0,7.8,9.3,769.7,16.2,4.99,0.115,0.05,6.46
1,2023,4,29,12,19.2,7.46,8.75,815.5,15.1,5.24,0.193,0.056,6.44
1,2023,4,29,16,19.6,7.49,8.79,804.8,11.8,5.09,0.141,0.055,6.52
1,2023,4,29,20,19.6,7.51,9.46,801.8,12.1,5.06,0.108,0.053,6.15
1,2023,4,30,0,19.2,7.51,9.16,792.0,14.0,5.06,0.108,0.053,6.15
1,2023,4,30,4,18.7,7.46,7.68,777.4,15.5,5.11,0.18,0.062,6.16
1,2023,4,30,8,18.2,7.36,6.38,777.7,13.5,5.34,0.327,0.063,6.3
1,2023,4,30,12,18.6,7.37,6.44,778.4,12.4,5.35,0.452,0.068,6.53
1,2023,4,30,16,18.9,7.37,6.37,777.8,13.0,5.65,0.613,0.073,6.82
1,2023,4,30,20,19.4,7.36,6.12,778.2,9.4,5.76,0.875,0.079,7.03
1,2023,5,1,0,19.5,7.33,5.64,775.2,9.1,5.76,0.875,0.079,7.03
1,2023,5,1,4,19.3,7.29,5.29,779.5,10.3,6.52,1.764,0.098,8.04
1,2023,5,1,8,19.3,7.27,5.37,786.4,11.1,6.72,1.916,0.108,8.0
1,2023,5,1,12,19.8,7.26,6.76,807.4,12.6,6.96,1.572,0.098,8.2
1,2023,5,1,16,20.4,7.33,8.09,812.2,13.1,6.95,1.353,0.092,7.51
1,2023,5,1,20,20.8,7.46,8.4,786.9,12.0,7.09,1.374,0.082,7.16
1,2023,5,2,0,20.8,7.61,9.29,771.8,13.0,7.09,1.374,0.082,7.16
1,2023,5,2,4,20.4,7.48,8.77,792.1,12.9,6.79,0.853,0.066,7.4
1,2023,5,2,8,20.1,7.32,8.34,823.1,15.1,6.78,0.577,0.067,7.41
1,2023,5,2,12,20.2,7.32,9.46,831.1,15.5,7.06,0.401,0.064,7.5
1,2023,5,2,16,20.6,7.5,12.59,774.9,18.3,7.37,0.414,0.067,6.78
1,2023,5,2,20,21.3,8.39,15.31,724.0,12.3,7.17,0.212,0.053,6.22
1,2023,5,3,0,21.5,8.23,14.81,745.4,15.5,7.17,0.212,0.053,6.22
1,2023,5,3,4,21.2,7.66,12.32,783.5,12.8,6.42,0.077,0.048,6.47
1,2023,5,3,8,20.9,7.54,11.33,789.6,13.8,6.37,0.067,0.05,6.11
1,2023,5,3,12,21.2,7.58,12.66,794.8,18.1,6.68,0.052,0.052,5.81
1,2023,5,3,16,21.8,7.79,14.49,789.7,16.0,7.04,0.05,0.048,5.71
1,2023,5,3,20,22.5,8.02,14.62,772.4,14.3,7.11,0.05,0.042,5.46
1,2023,5,4,0,22.2,7.84,13.76,780.8,14.3,7.11,0.05,0.042,5.46
1,2023,5,4,4,21.7,7.42,11.34,804.1,12.4,6.54,0.059,0.038,5.97
1,2023,5,4,8,21.4,7.36,10.12,798.3,14.8,6.47,0.081,0.043,5.7
1,2023,5,4,12,21.3,7.35,10.3,795.5,16.4,6.46,0.103,0.046,5.94
1,2023,5,4,16,21.6,7.52,11.66,748.3,16.9,6.1,0.128,0.043,5.57
1,2023,5,4,20,21.8,7.72,11.98,721.1,16.6,5.94,0.101,0.042,5.31
1,2023,5,5,0,21.6,7.52,10.51,753.7,15.7,5.94,0.101,0.042,5.31
1,2023,5,5,4,21.5,7.4,9.82,755.7,15.3,5.83,0.103,0.046,5.81
1,2023,5,5,8,21.5,7.4,9.33,750.8,19.5,5.64,0.085,0.052,5.56
1,2023,5,5,12,21.6,7.56,10.05,728.7,16.6,5.43,0.074,0.052,5.18
1,2023,5,5,16,21.9,7.78,10.54,711.2,14.1,5.04,0.071,0.05,4.69
1,2023,5,5,20,21.4,7.89,9.44,709.1,16.1,8.1,0.07,0.053,4.86
1,2023,5,6,0,21.0,7.59,8.94,761.4,14.1,8.1,0.07,0.053,4.86
1,2023,5,6,4,20.6,7.49,8.43,771.2,13.4,5.19,0.071,0.054,5.16
1,2023,5,6,8,20.6,7.47,8.58,784.0,11.5,9.15,0.072,0.055,5.04
1,2023,5,6,12,20.8,7.52,9.32,787.2,12.7,5.49,0.065,0.055,4.81
1,2023,5,6,16,21.0,7.6,9.77,777.7,14.8,5.45,0.061,0.056,5.3
1,2023,5,6,20,21.0,7.95,10.63,741.1,15.4,5.37,0.052,0.055,4.69
1,2023,5,7,0,21.0,7.82,10.74,765.4,12.2,5.37,0.052,0.055,4.69
1,2023,5,7,4,20.8,7.56,9.72,786.4,12.4,5.2,0.052,0.046,5.87
1,2023,5,7,8,20.6,7.46,9.28,792.4,15.6,5.42,0.053,0.056,6.3
1,2023,5,7,12,20.8,7.5,10.2,796.9,18.5,5.55,0.053,0.06,5.64
1,2023,5,7,16,21.3,7.69,12.04,788.7,16.4,5.67,0.052,0.179,5.74
1,2023,5,7,20,21.5,7.91,12.2,765.5,15.0,5.27,0.05,0.051,5.28
1,2023,5,8,0,21.4,7.84,11.46,768.5,13.1,5.27,0.05,0.051,5.28
1,2023,5,8,4,21.2,7.62,10.82,788.1,12.5,5.01,0.052,0.046,6.31
1,2023,5,8,8,20.9,7.56,10.45,786.4,15.2,5.22,0.056,0.052,5.91
1,2023,5,8,12,21.2,7.55,11.23,793.7,16.4,5.27,0.055,0.054,6.03
1,2023,5,8,16,21.6,7.66,12.43,793.8,15.1,5.49,0.053,0.047,6.04
1,2023,5,8,20,21.9,8.06,13.71,756.7,14.8,5.3,0.05,0.044,5.6
1,2023,5,9,0,22.0,8.01,13.2,755.2,14.2,5.3,0.05,0.044,5.6
1,2023,5,9,4,21.8,7.6,11.39,781.3,13.2,5.24,0.056,0.041,6.29
1,2023,5,9,8,21.8,7.45,10.56,787.2,13.6,5.43,0.077,0.048,6.42
1,2023,5,9,12,22.0,7.42,10.16,791.7,16.4,5.27,0.078,0.052,6.62
1,2023,5,9,16,22.5,7.48,10.78,793.7,16.6,5.25,0.066,0.048,7.04
1,2023,5,10,16,22.2,7.49,11.23,839.5,13.3,5.34,0.086,0.101,5.9
1,2023,5,10,20,23.0,7.76,13.36,815.9,13.7,5.66,0.093,0.087,6.56
1,2023,5,11,0,23.1,7.72,13.02,806.3,13.8,5.37,0.057,0.053,6.1
1,2023,5,11,4,22.5,7.59,10.94,800.2,10.6,5.37,0.057,0.053,6.1
1,2023,5,11,8,22.4,7.56,10.63,800.5,16.4,5.04,0.05,0.059,5.54
1,2023,5,11,12,22.5,7.6,11.23,802.7,15.6,5.17,0.051,0.186,5.54
1,2023,5,11,16,22.8,7.8,12.62,794.7,16.4,5.15,0.053,0.065,5.54
1,2023,5,11,20,22.7,7.82,12.35,793.6,17.3,5.16,0.058,0.061,5.76
1,2023,5,12,0,22.5,7.45,10.97,846.8,12.2,7.32,0.058,0.061,5.76
1,2023,5,12,4,22.1,7.45,11.08,840.5,11.6,7.32,0.104,0.054,6.68
1,2023,5,12,8,22.1,7.38,10.6,854.4,16.5,5.11,0.142,0.065,6.88
1,2023,5,12,12,22.5,7.35,10.33,860.9,14.0,5.4,0.158,0.064,6.97
1,2023,5,12,16,23.0,7.38,10.06,855.8,10.2,5.61,0.156,0.057,7.35
1,2023,5,12,20,22.8,7.63,11.41,821.2,14.3,5.42,0.128,0.06,6.8
1,2023,5,13,0,22.4,7.48,10.82,835.6,10.3,4.9,0.128,0.06,6.8
1,2023,5,13,4,22.0,7.41,9.69,835.8,15.8,4.9,0.077,0.059,7.02
1,2023,5,13,8,21.8,7.41,9.51,839.0,17.5,5.16,0.059,0.064,7.06
1,2023,5,13,12,22.2,7.47,10.58,841.3,17.3,5.21,0.053,0.064,7.0
1,2023,5,13,16,22.7,7.62,12.34,835.7,19.3,5.15,0.049,0.063,7.03
1,2023,5,13,20,23.1,8.05,13.84,793.3,16.5,5.16,0.047,0.053,6.01
1,2023,5,14,0,23.1,7.89,12.07,795.9,13.8,4.77,0.047,0.053,6.01
1,2023,5,14,4,22.8,7.54,9.87,821.5,16.0,4.77,0.05,0.16,7.0
1,2023,5,14,8,22.4,7.43,8.7,837.3,18.3,4.91,0.053,0.058,7.2
1,2023,5,14,12,22.5,7.46,9.41,846.4,21.8,5.24,0.048,0.065,7.51
1,2023,5,14,16,22.8,7.63,11.86,847.0,18.4,5.34,0.048,0.057,7.49
1,2023,5,14,20,23.2,7.64,11.64,845.8,15.9,5.48,0.046,0.048,7.51
1,2023,5,15,0,23.3,7.43,9.64,874.9,19.4,5.08,0.046,0.048,7.51
1,2023,5,15,4,22.6,7.12,7.62,971.1,18.8,5.08,0.055,0.06,11.6
1,2023,5,15,8,22.6,7.29,9.03,894.6,23.0,6.33,0.054,0.06,8.99
1,2023,5,15,12,23.1,7.46,10.99,856.9,21.4,5.75,0.052,0.058,7.96
1,2023,5,15,16,23.5,7.4,9.03,850.6,19.3,5.24,0.089,0.077,7.87
1,2023,5,15,20,23.7,7.37,9.52,861.1,11.2,5.34,0.086,0.06,8.44
1,2023,5,16,0,24.0,7.31,10.66,871.1,12.2,5.14,0.086,0.06,8.44
1,2023,5,16,4,23.8,7.25,10.7,856.4,12.3,5.14,0.054,0.051,9.14
1,2023,5,16,8,23.9,7.28,10.51,839.1,20.4,5.46,0.057,0.07,8.32
1,2023,5,16,12,24.1,7.36,11.72,828.7,19.8,5.42,0.047,0.07,8.15
1,2023,5,17,12,24.9,7.51,10.68,806.6,17.4,4.62,0.06,0.082,7.29
1,2023,5,17,16,25.2,7.6,11.34,806.3,15.6,4.64,0.049,0.066,7.41
1,2023,5,17,20,25.2,7.84,12.55,797.9,13.0,4.52,0.046,0.058,7.57
1,2023,5,18,0,24.6,7.79,12.06,804.7,13.9,4.19,0.047,0.05,6.72
1,2023,5,18,4,23.9,7.39,9.65,842.3,13.8,4.19,0.047,0.05,6.72
1,2023,5,18,8,23.6,7.32,9.04,848.8,15.6,5.22,0.052,0.056,8.49
1,2023,5,18,8,23.6,7.32,9.04,848.8,15.6,5.22,0.06,0.065,8.57
1,2023,5,18,12,24.0,7.38,10.13,846.2,19.3,5.32,0.05,0.067,8.48
1,2023,5,18,16,24.8,7.82,12.77,805.7,15.8,8.47,0.047,0.059,6.61
1,2023,5,18,20,25.4,7.89,13.04,811.7,12.5,4.89,0.045,0.049,6.86
1,2023,5,19,0,24.4,7.43,11.03,852.9,16.9,4.89,0.045,0.049,6.86
1,2023,5,19,4,23.8,7.34,9.91,862.6,14.6,5.45,0.045,0.053,8.17
1,2023,5,19,8,23.7,7.39,9.5,859.8,19.2,8.27,0.061,0.074,7.82
1,2023,5,19,12,23.4,7.42,9.0,848.2,14.2,5.15,0.062,0.066,7.94
1,2023,5,19,16,23.2,7.45,8.92,833.6,13.0,4.83,0.062,0.056,7.22
1,2023,5,19,20,23.6,7.61,8.81,812.2,15.8,4.65,0.065,0.056,6.86
1,2023,5,20,0,23.3,7.39,7.73,840.2,15.6,4.65,0.065,0.056,6.86
1,2023,5,20,4,23.1,7.41,7.64,828.7,17.1,4.72,0.176,0.072,7.27
1,2023,5,20,8,22.8,7.39,7.7,829.4,14.1,4.79,0.28,0.08,7.28
1,2023,5,20,12,22.7,7.48,7.65,818.5,14.9,4.42,0.254,0.079,7.01
1,2023,5,20,16,22.2,7.53,7.21,811.2,11.5,4.34,0.23,0.076,6.47
1,2023,5,20,20,21.6,7.73,7.17,778.8,11.3,4.0,0.178,0.067,5.84
1,2023,5,21,0,21.5,7.53,7.33,826.3,14.6,4.0,0.178,0.067,5.84
1,2023,5,21,4,21.3,7.4,7.07,852.9,15.6,4.92,0.164,0.085,7.86
1,2023,5,21,8,21.0,7.35,6.99,865.6,12.1,5.17,0.172,0.083,7.59
1,2023,5,21,12,21.6,7.35,7.18,874.3,12.3,5.29,0.204,0.09,7.84
1,2023,5,21,16,22.0,7.35,6.87,869.7,10.8,4.95,0.203,0.091,7.58
1,2023,5,21,20,22.0,7.51,7.14,838.5,13.1,4.53,0.187,0.09,6.45
1,2023,5,22,0,21.8,7.62,7.81,826.7,12.6,4.53,0.187,0.09,6.45
1,2023,5,22,4,21.8,7.46,8.11,864.1,14.7,5.02,0.105,0.094,7.56
1,2023,5,22,8,21.9,7.38,7.98,876.6,13.6,5.14,0.105,0.094,7.66
1,2023,5,22,12,22.2,7.39,8.33,882.2,14.8,5.31,0.096,0.094,7.66
1,2023,5,22,16,22.6,7.42,8.65,882.4,12.4,5.06,0.092,0.09,7.31
1,2023,5,22,20,22.7,7.46,8.44,871.8,13.6,4.88,0.098,0.091,6.99
1,2023,5,23,0,22.6,7.55,8.65,854.2,14.4,4.88,0.098,0.091,6.99
1,2023,5,23,4,22.5,7.46,9.08,861.1,17.0,4.87,0.068,0.091,6.91
1,2023,5,23,8,22.2,7.5,8.87,847.7,14.5,4.62,0.07,0.088,6.07
1,2023,5,24,16,23.9,7.56,10.91,878.7,16.9,5.08,0.05,0.088,6.99
1,2023,5,25,12,23.3,7.66,10.75,849.6,26.9,4.74,0.05,0.064,6.84
1,2023,5,25,16,23.6,7.58,10.53,860.6,11.2,4.84,0.066,0.069,7.04
1,2023,5,25,20,23.8,7.58,11.04,867.0,11.1,4.48,0.078,0.066,7.41
1,2023,5,26,0,23.6,7.55,11.09,862.4,11.6,4.48,0.078,0.066,7.41
1,2023,5,26,4,23.2,7.47,10.58,864.6,11.8,4.84,0.079,0.066,6.82
1,2023,5,26,8,23.0,7.44,9.52,886.7,9.9,4.76,0.061,0.067,6.78
1,2023,5,26,12,23.3,7.48,10.36,887.5,11.7,4.83,0.054,0.068,6.74
1,2023,5,26,16,23.9,7.59,11.9,894.0,10.9,5.04,0.046,0.063,6.98
1,2023,5,26,20,24.4,7.88,12.83,858.4,10.9,4.68,0.048,0.055,6.16
1,2023,5,27,0,24.3,7.71,11.72,879.8,13.6,4.69,0.048,0.061,6.98
1,2023,5,27,4,23.9,7.54,10.32,895.8,16.7,5.18,0.053,0.07,7.32
1,2023,5,27,12,23.4,7.38,8.97,911.3,13.4,5.0,0.06,0.074,7.13
1,2023,5,27,12,23.4,7.38,8.97,918.7,13.4,5.16,0.076,0.078,7.43
1,2023,5,27,20,23.7,7.64,9.57,922.0,11.1,5.21,0.132,0.081,7.34
1,2023,5,28,0,23.4,7.46,9.19,905.1,13.5,4.47,0.132,0.073,5.97
1,2023,5,28,0,23.4,7.46,9.19,905.1,13.5,5.1,0.218,0.072,7.4
1,2023,5,28,4,23.2,7.42,9.1,911.8,12.9,5.14,0.188,0.086,7.77
1,2023,5,28,12,23.4,7.38,9.17,914.5,13.9,5.3,0.115,0.084,7.35
1,2023,5,28,16,23.9,7.41,9.17,918.4,11.9,5.28,0.106,0.09,7.05
1,2023,5,28,20,24.3,7.6,11.25,885.3,11.6,5.2,0.085,0.08,7.16
1,2023,5,29,0,24.5,7.71,10.94,866.4,16.6,5.03,0.066,0.071,6.36
1,2023,5,29,4,24.4,7.6,9.91,876.8,15.4,5.03,0.066,0.071,6.36
1,2023,5,29,8,24.3,7.53,9.08,879.8,12.5,4.82,0.055,0.073,6.38
1,2023,5,29,16,24.8,7.5,9.59,893.2,13.0,5.14,0.057,0.07,6.68
1,2023,5,29,20,25.3,7.5,9.91,908.8,12.2,4.98,0.062,0.072,7.07
1,2023,5,30,0,25.2,7.41,9.57,949.8,14.6,5.05,0.057,0.072,8.23
1,2023,5,30,4,24.3,7.27,8.59,987.2,14.0,5.05,0.057,0.072,8.23
1,2023,5,30,8,24.2,7.26,8.48,987.2,17.4,6.14,0.052,0.082,11.06
1,2023,5,30,8,24.2,7.26,8.48,971.9,17.4,6.15,0.055,0.082,9.87
1,2023,5,30,12,24.4,7.34,9.14,948.8,14.5,6.15,0.055,0.082,9.87
1,2023,5,30,12,24.4,7.34,9.14,948.8,14.5,5.96,0.051,0.076,8.96
1,2023,5,30,16,24.7,7.64,10.7,886.9,14.1,5.96,0.051,0.076,8.96
1,2023,5,30,16,24.7,7.64,10.7,886.9,14.1,5.42,0.052,0.073,7.13
1,2023,5,30,20,25.0,7.9,11.04,848.0,14.1,5.42,0.052,0.073,7.13
1,2023,5,30,20,25.0,7.9,11.04,848.0,14.1,4.94,0.055,0.069,6.26
1,2023,5,31,0,24.5,7.54,9.52,892.5,15.3,4.94,0.055,0.069,6.26
1,2023,5,31,0,24.5,7.54,9.52,892.5,15.3,4.94,0.055,0.069,6.26
1,2023,5,31,4,24.2,7.46,8.66,891.1,16.9,4.94,0.055,0.069,6.26
1,2023,5,31,4,24.2,7.46,8.66,891.1,16.9,5.26,0.064,0.081,7.14
1,2023,5,31,8,24.2,7.41,8.42,897.7,15.0,5.26,0.064,0.081,7.14
1,2023,5,31,12,24.4,7.42,8.87,895.7,15.6,5.36,0.064,0.083,6.98
1,2023,5,31,12,24.4,7.42,8.87,895.7,15.6,5.37,0.063,0.079,7.21
1,2023,5,31,16,24.7,7.46,9.54,893.8,12.7,5.37,0.063,0.079,7.21
1,2023,5,31,16,24.7,7.46,9.54,893.8,12.7,5.16,0.058,0.073,7.2
1,2023,5,31,20,24.9,7.75,9.96,848.8,14.7,5.16,0.058,0.073,7.2
1,2023,5,31,20,24.9,7.75,9.96,848.8,14.7,4.59,0.057,0.069,5.81
1,2023,6,1,0,24.7,7.62,8.88,862.8,15.7,4.59,0.057,0.069,5.81
1,2023,6,1,0,24.7,7.62,8.88,862.8,15.7,4.59,0.057,0.069,5.81
1,2023,6,1,4,24.3,7.62,8.07,856.8,19.2,4.59,0.057,0.069,5.81
1,2023,6,1,4,24.3,7.62,8.07,856.8,19.2,4.65,0.059,0.084,6.34
1,2023,6,1,8,24.0,7.5,7.65,894.7,12.3,4.65,0.059,0.084,6.34
1,2023,6,1,8,24.0,7.5,7.65,894.7,12.3,5.0,0.062,0.086,7.23
1,2023,6,1,12,24.3,7.44,8.22,912.4,13.1,5.0,0.062,0.086,7.23
1,2023,6,1,12,24.3,7.44,8.22,912.4,13.1,5.13,0.06,0.079,7.46
1,2023,6,1,16,24.8,7.46,8.65,921.4,11.0,5.13,0.06,0.079,7.46
1,2023,6,1,16,24.8,7.46,8.65,921.4,11.0,5.16,0.059,0.076,7.69
