point_id,year,month,day,hour,水温(℃),pH(无量纲),溶解氧(mg/L),电导率(μS/cm),浊度(NTU),高锰酸盐指数(mg/L),氨氮(mg/L),总磷(mg/L),总氮(mg/L)
15,2021,6,17,12,26.2,8.38,9.19,460.0,17.8,2.22,0.096,0.005,1.63
15,2021,6,17,12,26.2,8.38,9.19,460.0,17.8,2.22,0.096,0.005,1.63
15,2021,6,17,16,26.2,8.42,9.25,457.2,22.4,2.25,0.025,0.005,1.51
15,2021,6,17,16,26.2,8.42,9.25,457.2,22.4,2.15,0.025,0.005,1.59
15,2021,6,17,20,25.6,8.39,8.79,458.6,29.8,2.49,0.025,0.005,1.59
15,2021,6,18,0,25.1,8.35,8.46,459.2,18.7,2.49,0.025,0.005,1.59
15,2021,6,18,4,24.7,8.34,8.28,460.2,27.9,2.21,0.025,0.005,1.55
15,2021,6,18,4,24.7,8.34,8.28,460.2,27.9,2.51,0.025,0.005,1.62
15,2021,6,18,8,23.9,8.22,7.54,463.0,22.3,2.17,0.082,0.005,1.59
15,2021,6,18,12,25.1,8.36,8.83,461.5,27.7,2.21,0.025,0.005,1.54
15,2021,6,18,16,25.7,8.46,9.85,466.8,30.2,2.21,0.025,0.005,1.54
15,2021,6,18,16,25.7,8.46,9.85,466.8,30.2,2.53,0.025,0.005,1.64
15,2021,6,18,20,24.7,8.36,8.7,447.2,29.9,2.68,0.025,0.005,1.59
15,2021,6,19,0,24.0,8.3,8.03,447.9,24.1,2.68,0.025,0.005,1.59
15,2021,6,19,4,23.0,8.19,7.57,449.9,21.0,2.56,0.025,0.005,1.58
15,2021,6,19,4,23.0,8.19,7.57,449.9,21.0,2.43,0.08,0.005,1.57
15,2021,6,19,8,22.3,8.13,7.15,453.1,22.3,2.41,0.085,0.005,1.63
15,2021,6,19,12,24.1,8.28,8.46,453.9,29.7,2.62,0.025,0.005,1.68
15,2021,6,19,16,24.5,8.34,8.96,451.6,37.7,2.57,0.025,0.005,1.59
15,2021,6,19,20,23.4,8.27,8.13,451.6,29.9,2.61,0.025,0.005,1.63
15,2021,6,20,0,22.8,8.18,7.61,453.8,26.6,2.61,0.025,0.005,1.63
15,2021,6,20,0,22.8,8.18,7.61,453.8,26.6,2.61,0.025,0.005,1.63
15,2021,6,20,8,21.6,8.14,7.17,452.9,30.7,2.5,0.025,0.005,1.55
15,2021,6,20,12,23.5,8.24,8.51,455.8,19.8,2.58,0.025,0.005,1.44
15,2021,6,20,16,24.5,8.3,8.83,454.2,24.4,2.58,0.025,0.005,1.44
15,2021,7,2,12,25.5,8.18,7.36,437.0,21.2,2.39,0.107,0.035,1.2
15,2021,7,2,16,27.0,8.38,8.67,436.5,21.4,2.39,0.107,0.035,1.22
15,2021,7,2,16,27.0,8.38,8.67,436.5,21.4,2.4,0.083,0.005,1.16
15,2021,7,2,20,26.3,8.34,8.32,435.4,20.0,2.25,0.025,0.005,1.16
15,2021,7,3,0,25.9,8.26,7.69,436.5,17.5,2.25,0.025,0.005,1.16
15,2021,7,3,4,25.5,8.23,7.57,425.6,21.3,2.25,0.025,0.005,1.16
15,2021,7,3,4,25.5,8.23,7.57,425.6,21.3,2.07,0.124,0.005,1.21
15,2021,7,3,8,25.0,8.21,7.48,418.3,28.0,2.19,0.139,0.005,1.21
15,2021,7,3,12,25.9,8.31,8.21,416.7,18.1,2.0,0.116,0.005,1.21
15,2021,7,3,16,26.8,8.42,9.2,412.5,16.2,2.0,0.116,0.005,1.21
15,2021,7,3,16,26.8,8.42,9.2,412.5,16.2,2.15,0.093,0.005,1.27
15,2021,7,3,20,26.3,8.41,8.72,416.0,20.3,2.3,0.092,0.005,1.27
15,2021,7,4,0,25.9,8.35,8.38,408.8,18.1,2.3,0.092,0.005,1.27
15,2021,7,4,4,25.5,8.3,8.16,399.9,17.2,2.3,0.092,0.005,1.27
15,2021,7,4,4,25.5,8.3,8.16,399.9,17.2,2.22,0.1,0.005,1.45
15,2021,7,4,8,25.1,8.2,7.89,385.4,21.2,2.85,0.114,0.005,1.78
15,2021,7,4,12,26.3,8.3,8.55,389.7,23.4,2.85,0.097,0.005,1.78
15,2021,7,4,16,28.2,8.49,10.45,390.2,17.0,2.73,0.097,0.005,1.68
15,2021,7,4,16,28.2,8.49,10.45,390.2,17.0,2.99,0.025,0.005,1.79
15,2021,7,4,20,27.3,8.42,9.21,390.8,17.9,3.04,0.081,0.005,1.74
15,2021,7,5,0,26.7,8.36,8.48,393.3,16.8,3.04,0.081,0.005,1.74
15,2021,7,5,4,25.6,8.12,7.61,378.4,16.2,3.04,0.081,0.005,1.74
15,2021,7,5,8,24.6,8.22,7.93,402.2,18.6,4.28,0.09,0.005,2.63
15,2021,7,5,8,24.6,8.22,7.93,402.2,18.6,3.66,0.025,0.005,2.86
15,2021,7,5,12,25.7,8.28,8.37,404.6,18.5,3.63,0.025,0.005,2.84
15,2021,7,5,16,25.5,8.3,8.29,404.8,21.6,3.63,0.095,0.005,2.84
15,2021,7,5,20,25.2,8.28,8.34,420.5,14.5,3.2,0.095,0.005,2.65
15,2021,7,5,20,25.2,8.28,8.34,420.5,14.5,2.75,0.025,0.005,2.46
15,2021,7,6,0,24.3,8.21,8.06,419.1,16.8,2.75,0.025,0.005,2.46
15,2021,7,6,4,24.0,8.2,7.75,423.2,18.7,2.82,0.093,0.005,2.46
15,2021,7,6,8,23.9,8.18,7.78,420.6,18.2,2.82,0.093,0.005,2.48
15,2021,7,6,8,23.9,8.18,7.78,420.6,18.2,3.02,0.094,0.005,2.5
15,2021,7,6,12,23.9,8.18,8.05,384.8,18.2,4.88,0.115,0.005,3.21
15,2021,7,6,16,25.2,8.43,9.44,396.6,17.2,4.27,0.025,0.036,2.71
15,2021,7,7,8,23.0,7.95,7.5,379.9,176.4,5.73,0.257,0.044,4.39
15,2021,7,7,12,24.4,7.99,7.86,396.6,162.7,6.83,0.469,0.073,6.03
15,2021,7,7,12,24.4,7.99,7.86,396.6,162.7,6.78,0.407,0.074,5.58
15,2021,7,26,12,27.1,8.71,8.71,397.8,17.2,3.66,0.134,0.032,1.96
15,2021,7,26,16,27.2,8.59,8.03,398.0,18.9,3.85,0.146,0.032,1.98
15,2021,7,26,20,27.1,8.66,8.4,399.3,18.6,3.85,0.146,0.032,1.98
15,2021,7,27,0,27.3,8.73,8.89,395.7,16.2,3.7,0.146,0.036,2.0
15,2021,7,27,0,27.3,8.73,8.89,395.7,16.2,3.7,0.146,0.036,2.0
15,2021,7,27,4,27.0,8.64,8.23,393.3,16.6,3.8,0.163,0.043,2.05
15,2021,7,27,8,26.2,8.43,7.6,360.9,21.0,3.8,0.164,0.043,2.05
15,2021,7,27,12,25.6,8.46,7.72,343.8,16.0,4.69,0.164,0.035,2.54
15,2021,7,27,12,25.6,8.46,7.72,343.8,16.0,4.69,0.164,0.035,2.54
15,2021,7,27,12,25.6,8.46,7.72,343.8,16.0,5.58,0.159,0.035,2.84
15,2021,7,27,16,25.3,8.46,7.9,348.4,17.6,5.07,0.155,0.032,2.94
15,2021,7,27,20,25.6,8.49,7.87,372.5,18.0,4.42,0.159,0.034,2.66
15,2021,7,28,0,25.8,8.51,7.92,372.3,12.6,4.42,0.159,0.034,2.66
15,2021,7,28,4,25.6,8.46,7.69,368.5,15.0,4.42,0.159,0.034,2.66
15,2021,7,28,4,25.6,8.46,7.69,368.5,15.0,4.23,0.147,0.036,2.71
15,2021,7,28,8,25.5,8.42,7.49,374.4,14.8,4.09,0.148,0.037,2.65
15,2021,7,28,12,25.2,8.4,7.61,390.1,16.9,4.09,0.137,0.037,2.65
15,2021,7,28,16,25.7,8.46,7.81,380.6,16.4,3.92,0.137,0.031,2.69
15,2021,7,28,16,25.7,8.46,7.81,380.6,16.4,3.87,0.138,0.033,2.49
15,2021,7,28,20,26.4,8.58,8.24,390.2,14.3,3.68,0.142,0.034,2.11
15,2021,7,29,0,26.3,8.55,8.05,392.0,14.2,3.68,0.142,0.034,2.11
15,2021,7,29,0,26.3,8.55,8.05,392.0,14.2,3.68,0.135,0.034,2.11
15,2021,7,29,0,26.3,8.55,8.05,392.0,14.2,3.68,0.135,0.034,2.11
15,2021,7,29,12,25.5,8.33,7.77,389.8,7.3,3.8,0.128,0.034,2.55
15,2021,7,29,16,25.9,8.25,7.42,391.2,8.7,3.8,0.128,0.034,2.55
15,2021,7,29,16,25.9,8.25,7.42,391.2,8.7,3.7,0.13,0.033,2.32
15,2021,7,29,20,26.1,8.24,7.51,391.8,16.9,3.8,0.155,0.041,2.37
15,2021,7,30,0,25.3,8.2,7.8,396.6,13.1,3.8,0.155,0.041,2.37
15,2021,7,30,4,24.4,8.15,7.72,410.2,13.7,3.8,0.155,0.041,2.37
15,2021,7,30,4,24.4,8.15,7.72,410.2,13.7,3.87,0.112,0.039,3.06
15,2021,7,30,8,23.8,8.12,7.72,418.4,13.9,3.8,0.109,0.034,3.08
15,2021,7,30,12,22.9,8.04,7.39,433.3,21.2,3.8,0.108,0.034,3.08
15,2021,7,30,16,22.7,8.08,7.94,432.5,17.4,3.92,0.108,0.033,3.74
15,2021,8,6,8,25.0,8.18,7.86,497.5,18.6,3.59,0.025,0.005,3.73
15,2021,8,6,8,25.0,8.18,7.86,497.5,18.6,3.58,0.025,0.005,4.06
15,2021,9,23,12,20.8,8.37,8.61,375.4,8.8,3.33,0.025,0.005,2.84
15,2021,9,23,16,21.2,8.33,8.72,407.2,5.6,3.13,0.025,0.005,2.66
15,2021,9,23,20,21.7,8.37,8.18,401.1,4.0,3.46,0.025,0.005,2.41
15,2021,9,24,0,21.7,8.43,8.66,401.5,4.3,3.46,0.025,0.005,2.41
15,2021,9,24,4,22.0,8.38,8.27,397.0,3.8,3.48,0.025,0.005,2.4
15,2021,10,28,12,15.4,8.25,9.99,397.2,6.4,3.16,0.025,0.005,2.8
15,2021,10,28,16,15.3,8.31,10.38,396.0,5.2,3.12,0.025,0.005,2.79
15,2021,10,28,20,15.3,8.32,10.34,395.4,4.8,3.16,0.025,0.005,2.77
15,2021,10,29,0,15.2,8.35,10.38,396.0,4.5,3.16,0.025,0.005,2.77
15,2021,10,29,4,15.2,8.36,10.5,396.5,4.0,3.11,0.025,0.005,2.79
15,2021,10,29,8,15.3,8.34,10.41,396.2,8.6,3.16,0.025,0.005,2.78
15,2021,10,29,12,15.6,8.25,9.83,397.0,4.1,3.08,0.025,0.005,2.76
15,2021,11,5,8,15.6,8.17,9.75,397.8,4.6,3.05,0.025,0.005,2.74
15,2021,11,5,12,15.6,8.19,9.62,397.5,4.0,3.09,0.025,0.005,2.77
15,2021,11,5,16,15.5,8.19,9.8,397.6,3.3,3.01,0.025,0.005,2.74
15,2021,11,5,20,15.4,8.19,9.68,397.4,3.5,3.0,0.025,0.005,2.74
15,2021,11,6,0,15.4,8.19,9.55,398.0,3.3,3.0,0.025,0.005,2.74
15,2021,11,6,4,15.4,8.18,9.54,397.7,3.8,2.96,0.025,0.005,2.74
15,2021,11,6,8,15.5,8.19,9.55,397.5,3.0,3.02,0.025,0.005,2.75
15,2021,11,6,12,15.5,8.19,9.62,397.6,4.1,3.03,0.025,0.005,2.76
15,2021,11,6,16,15.5,8.15,9.44,397.3,6.1,3.03,0.025,0.005,2.81
15,2021,11,6,20,15.1,8.16,9.64,397.0,4.6,3.04,0.025,0.005,2.82
15,2021,11,7,0,14.7,8.18,9.74,399.5,6.7,3.04,0.025,0.005,2.82
15,2021,11,7,4,14.3,8.18,9.83,401.6,5.4,3.0,0.025,0.005,2.85
15,2021,11,7,4,14.3,8.18,9.83,401.6,5.4,2.95,0.025,0.005,2.88
15,2021,11,7,12,13.6,8.2,10.06,405.8,6.6,2.92,0.025,0.005,3.0
15,2021,11,7,16,13.5,8.21,10.01,406.7,6.8,2.92,0.025,0.005,3.0
15,2021,11,7,20,13.1,8.22,10.23,411.1,7.0,2.92,0.025,0.005,3.05
15,2021,11,8,0,12.9,8.23,10.1,413.9,7.7,2.81,0.025,0.005,3.11
15,2021,11,8,4,12.5,8.23,10.16,416.6,6.3,2.81,0.025,0.005,3.11
15,2021,11,8,8,12.3,8.24,10.33,418.8,7.0,2.72,0.025,0.005,3.25
15,2021,11,8,12,12.2,8.25,10.35,421.1,6.9,2.69,0.025,0.005,3.31
15,2021,11,8,16,13.5,8.25,10.34,420.2,7.2,2.57,0.025,0.005,3.48
15,2021,11,8,20,13.4,8.24,10.33,419.2,7.4,2.58,0.025,0.005,3.43
15,2021,11,9,0,13.2,8.23,10.34,421.0,7.1,2.58,0.025,0.005,3.43
15,2021,11,9,4,13.2,8.22,10.44,422.0,7.0,2.48,0.025,0.005,3.49
15,2021,11,9,8,14.0,8.16,9.86,398.9,5.3,2.9,0.025,0.005,2.9
15,2021,11,9,12,13.7,8.2,10.07,409.9,5.8,2.63,0.025,0.005,3.28
15,2021,11,9,16,14.0,8.19,10.0,403.0,7.2,2.9,0.025,0.005,3.04
15,2021,11,9,20,14.1,8.19,9.98,398.6,5.2,2.85,0.025,0.005,2.95
15,2021,11,10,0,13.8,8.19,10.02,403.7,5.4,2.85,0.025,0.005,2.95
15,2021,11,10,4,13.6,8.19,10.05,404.6,5.2,2.8,0.025,0.005,3.06
15,2021,11,10,8,13.2,8.21,10.21,410.8,5.0,2.63,0.025,0.005,3.26
15,2021,11,10,12,13.2,8.22,10.25,413.4,5.1,2.53,0.025,0.005,3.38
15,2021,11,10,16,14.3,8.19,9.99,397.4,4.5,2.91,0.025,0.005,2.88
15,2021,11,10,20,13.0,8.2,10.26,414.2,5.4,2.63,0.025,0.005,3.27
15,2021,11,11,0,13.7,8.19,10.24,402.0,4.8,2.63,0.025,0.005,3.27
15,2021,11,11,4,13.6,8.2,10.17,403.6,4.4,2.75,0.025,0.005,3.01
15,2021,11,11,8,13.3,8.2,10.3,406.1,4.6,2.75,0.025,0.005,3.01
15,2021,11,11,12,14.3,8.16,9.82,396.7,3.8,2.72,0.025,0.005,3.09
15,2021,11,11,16,14.2,8.17,9.98,396.8,4.1,2.91,0.025,0.005,2.84
15,2021,11,11,20,14.0,8.17,9.93,396.7,3.9,2.91,0.025,0.005,2.84
15,2021,11,12,0,13.8,8.17,9.93,397.2,3.3,2.9,0.025,0.005,2.85
15,2021,11,12,4,13.6,8.17,10.0,398.2,3.8,2.84,0.025,0.005,2.88
15,2021,11,26,12,9.7,8.24,10.61,421.5,3.0,2.86,0.025,0.005,2.78
15,2021,11,26,16,9.4,8.26,10.58,422.2,3.2,2.85,0.025,0.005,2.81
15,2021,11,26,20,9.0,8.26,10.61,426.4,2.9,2.77,0.025,0.005,2.91
15,2021,11,27,0,9.4,8.25,10.61,422.0,2.8,2.77,0.025,0.005,2.91
15,2021,11,27,4,9.2,8.25,10.57,423.7,2.6,2.83,0.025,0.005,2.81
15,2021,11,27,8,9.2,8.25,10.54,423.4,3.0,2.83,0.025,0.005,2.81
15,2021,11,27,12,9.1,8.26,10.64,423.2,2.8,2.83,0.025,0.005,2.82
15,2021,11,27,16,9.1,8.28,10.62,422.9,2.7,2.81,0.025,0.005,2.79
15,2021,11,27,20,9.1,8.28,10.71,423.2,2.6,2.84,0.025,0.005,2.78
15,2021,11,28,0,9.1,8.27,10.7,422.8,2.5,2.84,0.025,0.005,2.78
15,2021,11,28,4,8.9,8.29,10.74,423.3,2.6,2.81,0.025,0.005,2.8
15,2021,11,28,8,9.3,8.25,10.6,422.9,2.4,2.78,0.025,0.005,2.77
15,2021,11,28,12,9.4,8.25,10.69,422.2,2.4,2.78,0.025,0.005,2.76
15,2021,11,28,16,9.3,8.27,10.63,422.2,2.4,2.86,0.025,0.005,2.75
15,2021,11,28,20,9.1,8.27,10.72,422.0,2.3,2.83,0.025,0.005,2.78
15,2021,11,29,0,9.0,8.27,10.74,423.2,2.4,2.83,0.025,0.005,2.78
15,2021,11,29,4,9.4,8.25,10.51,422.5,2.4,2.78,0.025,0.005,2.75
15,2021,11,29,8,9.1,8.26,10.59,423.5,2.4,2.78,0.025,0.005,2.78
15,2021,11,29,12,9.0,8.25,10.56,424.6,2.6,2.79,0.025,0.005,2.78
15,2021,11,30,8,8.1,8.29,10.89,426.6,2.7,2.84,0.025,0.005,2.81
15,2021,11,30,12,8.3,8.29,10.92,427.7,3.2,2.84,0.025,0.005,2.81
15,2021,11,30,16,8.0,8.33,11.13,429.6,2.8,2.72,0.025,0.005,2.9
15,2021,11,30,20,7.6,8.32,11.07,432.2,3.2,2.74,0.025,0.005,2.95
15,2021,11,30,20,7.6,8.32,11.07,432.2,3.2,2.74,0.025,0.005,2.95
15,2021,12,1,4,6.5,8.34,11.34,451.9,4.1,2.25,0.025,0.005,3.42
15,2021,12,1,8,6.0,8.34,11.53,462.2,4.0,2.13,0.025,0.005,3.59
15,2021,12,1,12,6.2,8.34,11.54,459.2,4.3,2.16,0.025,0.005,3.58
15,2021,12,1,16,6.8,8.33,11.28,447.4,3.2,2.41,0.025,0.005,3.26
15,2021,12,1,20,7.3,8.33,11.56,452.7,3.9,2.12,0.025,0.005,3.69
15,2021,12,2,0,8.0,8.33,11.3,435.4,3.4,2.12,0.025,0.005,3.69
15,2021,12,2,8,9.4,8.28,10.78,420.6,2.1,2.69,0.025,0.005,2.8
15,2021,12,2,12,9.1,8.3,10.92,421.9,2.5,2.73,0.025,0.005,2.79
15,2021,12,3,16,8.3,8.33,11.59,430.7,2.4,2.58,0.025,0.005,3.01
15,2021,12,7,16,7.1,8.36,11.62,451.2,2.4,2.14,0.025,0.005,3.49
15,2021,12,7,20,6.4,8.36,11.89,464.2,3.0,1.9,0.025,0.005,3.75
15,2021,12,8,8,7.8,8.33,11.35,436.8,1.9,2.41,0.025,0.005,3.08
15,2021,12,8,12,7.4,8.34,11.45,444.0,1.8,2.29,0.025,0.005,3.31
15,2021,12,8,16,6.9,8.36,11.62,451.3,2.6,2.1,0.025,0.005,3.45
15,2021,12,8,20,6.1,8.37,11.92,469.1,2.9,1.77,0.025,0.005,3.88
15,2021,12,9,0,5.8,8.38,12.03,476.2,2.5,1.77,0.025,0.005,3.88
15,2021,12,9,4,6.1,8.37,11.91,469.6,2.4,1.8,0.025,0.005,3.9
15,2021,12,9,8,6.0,8.36,11.92,472.7,3.0,1.83,0.025,0.005,3.91
15,2021,12,9,16,6.1,8.36,11.82,471.0,2.9,1.78,0.025,0.005,3.92
15,2021,12,10,12,8.8,8.26,10.82,427.9,2.2,2.69,0.025,0.005,2.73
15,2021,12,10,16,9.5,8.28,10.95,419.1,2.5,2.51,0.025,0.005,2.81
15,2021,12,14,8,7.0,8.33,11.27,443.8,2.0,1.49,0.025,0.005,4.08
15,2021,12,14,12,6.7,8.33,11.39,451.2,2.3,2.15,0.025,0.005,3.52
15,2021,12,14,16,5.9,8.34,11.73,469.7,2.6,1.76,0.025,0.005,3.96
15,2021,12,14,20,6.0,8.36,11.7,463.5,2.5,1.84,0.025,0.005,3.78
15,2021,12,15,0,6.4,8.35,11.56,456.2,2.6,1.84,0.025,0.005,3.78
15,2021,12,15,4,5.6,8.37,11.86,471.1,2.2,1.68,0.025,0.005,4.04
15,2021,12,21,12,3.0,8.22,12.23,508.8,2.8,1.57,0.025,0.005,4.08
15,2021,12,21,16,3.2,8.21,12.08,503.5,2.8,1.54,0.025,0.005,4.13
15,2021,12,22,8,3.1,8.22,12.31,508.1,2.6,1.58,0.025,0.005,4.16
15,2021,12,22,12,3.3,8.22,12.27,503.6,2.6,1.47,0.025,0.005,4.18
15,2021,12,22,16,3.3,8.23,12.25,503.5,2.4,1.54,0.025,0.005,4.09
15,2021,12,22,20,3.1,8.22,12.28,507.6,2.6,1.59,0.025,0.005,4.08
15,2021,12,23,0,3.4,8.22,12.21,502.4,2.6,1.33,0.025,0.005,4.17
15,2021,12,23,4,3.4,8.21,12.15,501.3,2.5,1.59,0.025,0.005,4.09
15,2021,12,23,8,3.3,8.22,12.21,503.5,2.4,1.59,0.025,0.005,4.05
15,2021,12,23,12,3.7,8.2,12.3,497.6,2.5,1.57,0.025,0.005,4.06
15,2021,12,23,16,3.7,8.2,12.23,496.9,3.0,1.57,0.025,0.005,4.06
15,2021,12,23,20,3.6,8.2,12.24,498.4,2.6,1.6,0.025,0.005,4.1
15,2021,12,24,0,3.7,8.2,12.29,496.8,2.6,1.6,0.025,0.005,4.1
15,2021,12,24,4,3.6,8.2,12.27,498.3,2.2,1.6,0.025,0.005,4.1
15,2021,12,24,8,3.6,8.21,12.29,499.7,2.4,1.58,0.025,0.005,4.08
15,2021,12,24,12,3.7,8.2,12.49,497.2,2.7,1.49,0.025,0.005,4.01
15,2021,12,27,16,3.6,8.21,12.21,499.1,2.2,1.7,0.025,0.005,3.96
15,2021,12,27,20,3.6,8.21,12.21,497.8,2.6,1.78,0.025,0.005,3.93
15,2021,12,28,0,3.6,8.21,12.26,500.5,2.6,1.56,0.025,0.005,3.9
15,2021,12,28,4,3.5,8.21,12.25,502.6,2.5,1.56,0.025,0.005,3.9
15,2021,12,28,8,3.5,8.21,12.27,503.1,2.5,1.48,0.025,0.005,4.04
15,2021,12,28,12,3.5,8.23,12.36,505.1,2.9,1.53,0.025,0.005,4.13
15,2021,12,28,16,3.4,8.1,12.37,505.9,2.2,1.53,0.025,0.005,4.13
15,2021,12,30,12,3.4,8.12,12.39,502.4,2.3,1.76,0.025,0.005,4.04
15,2021,6,17,12,23.2,8.17,11.55,569.6,3.6,1.35,0.025,0.005,2.83
15,2021,6,17,12,23.2,8.17,11.55,569.6,3.6,1.35,0.025,0.005,2.83
15,2021,6,17,16,24.0,8.2,10.27,566.1,3.8,1.38,0.025,0.005,2.83
15,2021,6,17,16,24.0,8.2,10.27,566.1,3.8,1.35,0.025,0.005,2.83
15,2021,6,17,20,23.0,7.98,8.06,569.4,4.6,1.33,0.025,0.005,2.79
15,2021,6,18,0,21.9,7.84,6.19,572.7,3.0,1.33,0.025,0.005,2.79
15,2021,6,18,4,21.2,7.78,5.67,574.1,3.0,1.24,0.025,0.005,2.81
15,2021,6,18,4,21.2,7.78,5.67,574.1,3.0,1.26,0.025,0.005,2.82
15,2021,6,18,8,21.0,7.97,7.36,573.4,3.6,1.27,0.025,0.005,2.8
15,2021,6,18,12,23.2,8.21,10.58,567.8,3.3,1.27,0.025,0.005,2.8
15,2021,6,18,16,23.8,8.24,11.0,564.9,3.7,1.26,0.025,0.005,2.79
15,2021,6,18,16,23.8,8.24,11.0,564.9,3.7,1.27,0.025,0.005,2.79
15,2021,6,18,20,22.6,8.0,7.93,568.9,4.9,1.27,0.025,0.005,2.8
15,2021,6,19,0,21.3,7.85,6.62,571.1,2.9,1.27,0.025,0.005,2.8
15,2021,6,19,4,20.4,7.79,5.87,570.1,3.5,1.21,0.025,0.005,2.78
15,2021,6,19,4,20.4,7.79,5.87,570.1,3.5,1.22,0.025,0.005,2.79
15,2021,6,19,8,21.3,8.06,8.44,565.9,3.4,1.28,0.025,0.005,2.74
15,2021,6,19,12,23.6,8.26,11.09,559.3,3.5,1.33,0.025,0.005,2.72
15,2021,6,19,16,23.7,8.28,10.85,558.3,3.9,1.29,0.025,0.005,2.74
15,2021,6,19,20,22.6,8.01,7.98,564.3,4.9,1.29,0.025,0.005,2.74
15,2021,6,20,0,21.4,7.86,6.57,567.2,3.0,1.26,0.025,0.005,2.73
15,2021,6,20,0,21.4,7.86,6.57,567.2,3.0,1.26,0.025,0.005,2.73
15,2021,6,20,8,21.6,8.08,8.76,562.1,3.5,1.25,0.025,0.005,2.71
15,2021,6,20,12,24.0,8.3,11.39,553.7,3.3,1.28,0.025,0.005,2.67
15,2021,6,20,16,24.3,8.3,11.01,551.2,3.3,1.32,0.025,0.005,2.65
15,2021,7,2,12,23.8,8.23,8.78,556.7,4.7,1.33,0.025,0.005,2.17
15,2021,7,2,16,25.0,8.3,8.94,550.8,4.8,1.35,0.025,0.005,2.15
15,2021,7,2,16,25.0,8.3,8.94,550.8,4.8,1.32,0.025,0.005,2.13
15,2021,7,2,20,24.6,8.12,7.36,555.0,4.0,1.38,0.025,0.005,2.13
15,2021,7,3,0,23.9,7.94,5.98,562.4,3.0,1.38,0.025,0.005,2.13
15,2021,7,3,4,23.1,7.86,5.5,557.2,3.4,1.38,0.025,0.005,2.13
15,2021,7,3,4,23.1,7.86,5.5,557.2,3.4,1.48,0.025,0.005,2.08
15,2021,7,3,8,22.7,7.86,5.57,547.7,4.0,1.66,0.025,0.005,2.0
15,2021,7,3,12,23.8,8.11,7.5,532.4,3.5,1.66,0.025,0.005,2.0
15,2021,7,3,16,24.8,8.2,8.15,535.8,4.4,1.74,0.025,0.005,1.92
15,2021,7,3,16,24.8,8.2,8.15,535.8,4.4,1.79,0.025,0.005,1.92
15,2021,7,3,20,24.4,8.03,6.53,549.3,4.8,1.77,0.025,0.005,1.92
15,2021,7,4,0,23.6,7.88,5.46,554.0,4.7,1.77,0.025,0.005,1.92
15,2021,7,4,4,23.3,7.82,4.98,554.3,4.5,1.77,0.025,0.005,1.92
15,2021,7,4,4,23.3,7.82,4.98,554.3,4.5,2.07,0.025,0.005,1.84
15,2021,7,4,8,23.3,7.86,5.41,557.1,4.1,2.26,0.025,0.005,1.72
15,2021,7,4,12,24.3,8.05,7.2,558.8,3.8,2.26,0.025,0.005,1.72
15,2021,7,4,16,25.6,8.13,7.59,558.4,4.0,2.32,0.025,0.005,1.7
15,2021,7,4,20,25.3,7.98,6.15,561.4,5.0,2.42,0.025,0.005,1.67
15,2021,7,5,0,24.3,7.83,5.06,567.2,6.3,2.42,0.025,0.005,1.67
15,2021,7,5,4,23.7,7.74,4.38,572.1,5.1,2.42,0.025,0.005,1.67
15,2021,7,5,8,23.8,7.77,4.69,575.6,5.1,2.81,0.025,0.005,1.82
15,2021,7,5,8,23.8,7.77,4.69,575.6,5.1,2.87,0.025,0.005,2.01
15,2021,7,5,12,24.8,7.9,5.68,569.2,5.4,3.0,0.025,0.005,2.31
15,2021,7,5,16,24.7,7.85,5.38,556.1,5.2,3.0,0.025,0.005,2.31
15,2021,7,5,20,24.4,7.8,4.83,547.9,6.2,3.18,0.025,0.005,2.55
15,2021,7,5,20,24.4,7.8,4.83,547.9,6.2,3.36,0.025,0.005,2.75
15,2021,7,6,0,23.7,7.74,4.43,521.3,6.1,3.36,0.025,0.005,2.75
15,2021,7,6,4,23.3,7.69,4.02,520.8,6.3,3.36,0.025,0.005,2.75
15,2021,7,6,8,23.2,7.72,4.39,520.6,7.3,3.56,0.025,0.005,2.85
15,2021,7,6,8,23.2,7.72,4.39,520.6,7.3,3.58,0.025,0.005,2.9
15,2021,7,6,12,23.2,7.77,5.0,522.0,7.3,3.91,0.025,0.005,3.16
15,2021,7,6,16,24.3,7.92,6.01,525.7,6.2,3.98,0.025,0.005,3.13
15,2021,7,7,8,23.6,7.77,4.88,562.0,4.5,3.37,0.025,0.005,3.22
15,2021,7,7,12,24.8,7.93,6.16,566.1,3.8,3.23,0.025,0.005,3.21
15,2021,7,7,12,24.8,7.93,6.16,566.1,3.8,3.1,0.025,0.005,3.27
15,2021,7,26,12,23.5,8.07,6.08,548.3,129.0,4.59,0.025,0.072,8.31
15,2021,7,26,16,23.7,8.14,6.18,550.2,105.2,4.48,0.025,0.076,8.38
15,2021,7,26,20,23.6,8.11,5.91,550.1,107.3,4.48,0.025,0.076,8.38
15,2021,7,26,20,23.6,8.11,5.91,550.1,107.3,4.38,0.025,0.059,8.06
15,2021,7,27,0,23.0,8.06,5.96,517.8,97.6,4.38,0.025,0.059,8.06
15,2021,7,27,4,22.0,8.03,6.27,449.9,82.6,4.14,0.025,0.041,6.61
15,2021,7,27,8,20.8,8.02,6.96,360.2,69.9,4.14,0.025,0.041,6.61
15,2021,7,27,8,20.8,8.02,6.96,360.2,69.9,7.25,0.025,0.04,6.21
15,2021,7,27,12,20.8,8.07,7.32,337.8,85.3,7.25,0.025,0.04,6.21
15,2021,7,27,12,20.8,8.07,7.32,337.8,85.3,7.12,0.025,0.038,5.72
15,2021,7,27,16,20.8,8.09,7.81,343.2,148.5,7.65,0.025,0.067,6.32
15,2021,7,27,20,19.8,8.05,8.21,343.6,75.3,6.49,0.025,0.036,5.7
15,2021,7,28,0,19.5,8.03,8.59,375.7,67.0,6.49,0.025,0.036,5.7
15,2021,7,28,0,19.5,8.03,8.59,375.7,67.0,5.68,0.025,0.005,5.97
15,2021,7,28,4,18.9,8.03,8.67,372.6,59.0,5.29,0.025,0.005,5.82
15,2021,7,28,8,19.4,8.05,8.18,378.4,74.1,4.98,0.025,0.03,5.91
15,2021,7,28,12,20.5,8.1,7.99,403.5,60.8,4.98,0.025,0.03,5.91
15,2021,7,28,12,20.5,8.1,7.99,403.5,60.8,4.95,0.025,0.005,6.25
15,2021,7,28,16,21.1,8.11,7.58,439.0,73.0,4.57,0.025,0.041,6.47
15,2021,7,28,20,21.3,8.1,7.4,438.4,65.9,4.43,0.025,0.041,6.43
15,2021,7,29,0,20.9,8.05,7.57,440.9,64.0,4.43,0.025,0.041,6.43
15,2021,7,29,0,20.9,8.05,7.57,440.9,64.0,4.21,0.025,0.034,6.48
15,2021,7,29,4,20.6,8.04,7.09,444.7,56.2,4.12,0.025,0.042,6.49
15,2021,7,29,8,20.5,8.06,7.1,450.0,69.6,4.16,0.025,0.032,6.32
15,2021,7,29,12,20.9,8.13,7.14,456.0,61.3,4.16,0.025,0.032,6.32
15,2021,7,29,16,21.0,8.15,7.05,461.1,60.3,3.96,0.025,0.032,6.48
15,2021,7,29,16,21.0,8.15,7.05,461.1,60.3,3.88,0.025,0.033,6.45
15,2021,7,29,20,20.8,8.11,6.98,464.6,62.8,3.78,0.025,0.005,6.48
15,2021,7,30,0,20.4,8.09,6.95,467.6,51.9,3.78,0.025,0.005,6.48
15,2021,7,30,0,20.4,8.09,6.95,467.6,51.9,3.69,0.025,0.005,6.49
15,2021,7,30,4,20.2,8.08,6.94,471.0,46.3,3.62,0.025,0.005,6.6
15,2021,7,30,8,20.1,8.1,7.08,472.6,46.2,3.62,0.025,0.005,6.44
15,2021,7,30,12,20.6,8.17,7.24,472.9,45.7,3.62,0.025,0.005,6.44
15,2021,7,30,16,20.6,8.16,7.24,466.9,49.4,3.57,0.025,0.005,6.34
15,2021,9,23,12,18.0,8.4,9.45,585.4,70.1,3.52,0.025,0.08,8.24
15,2021,9,23,16,19.3,8.48,9.52,583.0,77.5,3.47,0.025,0.079,8.05
15,2021,9,23,20,19.0,8.38,8.8,585.7,118.1,3.52,0.025,0.085,8.22
15,2021,9,24,0,18.5,8.27,8.6,588.0,66.0,3.52,0.025,0.085,8.22
15,2021,9,24,4,18.2,8.24,8.51,588.9,69.2,3.38,0.025,0.08,7.97
15,2021,10,28,12,11.0,8.39,12.22,557.3,7.2,1.51,0.025,0.005,8.89
15,2021,10,28,16,11.7,8.5,11.9,549.3,7.0,1.72,0.025,0.005,9.14
15,2021,10,28,20,11.6,8.35,10.6,551.0,5.7,1.57,0.025,0.005,8.78
15,2021,10,29,0,11.4,8.22,10.01,554.5,7.2,1.51,0.025,0.005,8.62
15,2021,10,29,4,10.9,8.13,9.88,559.9,8.9,1.51,0.025,0.005,8.65
15,2021,10,29,8,10.5,8.13,10.14,562.6,9.2,1.48,0.025,0.005,8.62
15,2021,10,29,12,11.5,8.4,11.97,556.3,7.7,1.5,0.025,0.005,8.68
15,2021,11,5,8,11.3,8.09,9.28,610.7,6.7,1.4,0.025,0.005,9.89
15,2021,11,5,12,11.7,8.26,11.32,607.9,6.6,1.41,0.025,0.005,10.04
15,2021,11,5,16,12.2,8.34,11.08,604.0,6.1,1.41,0.025,0.005,10.05
15,2021,11,5,20,12.0,8.25,10.05,605.3,6.4,1.4,0.025,0.005,10.02
15,2021,11,6,0,11.9,8.18,9.63,605.6,6.8,1.36,0.025,0.005,10.17
15,2021,11,6,4,11.8,8.11,9.38,607.2,6.5,1.36,0.025,0.005,9.98
15,2021,11,6,8,11.7,8.07,9.29,611.0,6.8,1.35,0.025,0.005,10.08
15,2021,11,6,12,11.9,8.16,10.25,610.9,7.0,1.44,0.025,0.005,10.01
15,2021,11,6,16,11.6,8.17,9.9,609.1,6.5,1.4,0.025,0.005,10.08
15,2021,11,6,20,10.5,8.15,9.99,608.6,7.8,1.47,0.025,0.005,9.97
15,2021,11,7,0,9.5,8.13,9.73,609.0,8.7,1.44,0.025,0.005,9.85
15,2021,11,7,4,8.3,8.11,9.94,609.6,10.0,1.44,0.025,0.005,9.95
15,2021,11,7,8,8.3,8.11,9.94,609.6,10.0,1.41,0.025,0.005,10.02
15,2021,11,7,12,6.4,8.19,10.92,610.7,7.7,1.4,0.025,0.005,9.91
15,2021,11,7,16,6.1,8.26,11.37,611.4,6.6,1.4,0.025,0.005,10.07
15,2021,11,7,20,5.7,8.22,11.0,614.7,6.1,1.4,0.025,0.005,10.03
15,2021,11,8,0,5.2,8.2,10.76,618.7,7.2,1.38,0.025,0.005,10.01
15,2021,11,8,4,5.0,8.16,10.71,622.0,6.2,1.36,0.025,0.005,10.06
15,2021,11,8,8,4.6,8.16,10.78,625.3,6.3,1.33,0.025,0.005,10.13
15,2021,11,8,12,5.6,8.27,11.76,620.5,6.6,1.35,0.025,0.005,10.24
15,2021,11,8,16,6.2,8.34,11.83,616.0,6.1,1.34,0.025,0.005,10.05
15,2021,11,8,20,5.8,8.29,11.14,619.1,6.0,1.35,0.025,0.005,10.03
15,2021,11,9,0,5.2,8.24,10.84,622.8,5.9,1.36,0.025,0.005,10.1
15,2021,11,9,4,4.7,8.19,10.76,627.7,5.8,1.3,0.025,0.005,9.97
15,2021,11,9,8,4.3,8.17,10.71,631.3,6.0,1.31,0.025,0.005,10.37
15,2021,11,9,12,5.5,8.26,11.31,625.6,5.8,1.32,0.025,0.005,10.04
15,2021,11,9,16,6.4,8.33,11.67,619.1,5.9,1.33,0.025,0.005,10.24
15,2021,11,9,20,6.2,8.28,10.99,618.7,5.3,1.34,0.025,0.005,9.72
15,2021,11,10,0,6.0,8.23,10.42,618.6,5.4,1.32,0.025,0.005,10.2
15,2021,11,10,4,5.8,8.18,10.34,621.5,5.8,1.31,0.025,0.005,9.93
15,2021,11,10,8,5.5,8.17,10.55,623.8,5.6,1.34,0.025,0.005,10.08
15,2021,11,10,12,6.6,8.28,11.44,619.9,5.7,1.39,0.025,0.005,9.95
15,2021,11,10,16,7.4,8.35,11.6,615.5,5.5,1.35,0.025,0.005,10.12
15,2021,11,10,20,6.9,8.3,10.8,616.9,6.8,1.32,0.025,0.005,10.2
15,2021,11,11,0,6.6,8.24,10.68,620.2,5.8,1.29,0.025,0.005,10.23
15,2021,11,11,4,6.1,8.19,10.5,625.1,4.8,1.29,0.025,0.005,10.29
15,2021,11,11,8,5.7,8.17,10.56,630.0,4.9,1.25,0.025,0.005,10.25
15,2021,11,11,12,6.7,8.28,11.3,626.7,4.9,1.3,0.025,0.005,10.24
15,2021,11,11,16,7.2,8.34,11.6,625.6,4.8,1.28,0.025,0.005,10.44
15,2021,11,11,20,6.8,8.29,10.69,627.8,4.8,1.24,0.025,0.005,10.56
15,2021,11,12,0,6.5,8.24,10.36,630.6,4.7,1.22,0.025,0.005,10.42
15,2021,11,12,4,6.0,8.19,10.31,632.6,4.2,1.26,0.025,0.005,10.53
15,2021,11,26,12,3.8,8.22,11.92,654.2,7.1,1.13,0.025,0.005,10.98
15,2021,11,26,16,4.6,8.27,12.11,650.7,7.1,1.09,0.025,0.005,11.01
15,2021,11,26,20,4.1,8.22,11.3,653.3,6.5,1.08,0.025,0.005,10.91
15,2021,11,27,0,3.8,8.2,11.33,655.3,5.1,1.08,0.025,0.005,10.91
15,2021,11,27,4,3.4,8.17,11.05,657.6,6.3,1.09,0.025,0.005,10.93
15,2021,11,27,8,3.0,8.16,11.11,662.5,7.8,1.12,0.025,0.005,10.98
15,2021,11,27,12,3.8,8.24,11.97,659.9,9.3,1.12,0.025,0.005,10.85
15,2021,11,27,16,4.4,8.27,11.89,654.7,6.7,1.1,0.025,0.005,11.23
15,2021,11,27,20,4.2,8.22,11.4,656.3,6.1,1.06,0.025,0.005,11.08
15,2021,11,28,0,4.1,8.2,11.19,655.3,5.7,1.06,0.025,0.005,11.08
15,2021,11,28,4,4.0,8.17,10.99,656.2,5.2,1.05,0.025,0.005,10.81
15,2021,11,28,8,4.0,8.15,11.01,657.0,6.4,1.1,0.025,0.005,11.03
15,2021,11,28,12,4.5,8.24,11.71,652.7,7.0,1.09,0.025,0.005,11.0
15,2021,11,28,16,5.0,8.26,11.81,649.9,6.7,1.09,0.025,0.005,11.22
15,2021,11,28,20,4.7,8.21,11.14,654.4,5.4,1.07,0.025,0.005,10.96
15,2021,11,29,0,4.7,8.19,10.86,652.5,5.3,1.07,0.025,0.005,10.96
15,2021,11,29,4,4.5,8.16,10.8,651.4,5.0,1.05,0.025,0.005,10.94
15,2021,11,29,8,4.3,8.15,10.74,652.3,5.2,1.11,0.025,0.005,10.91
15,2021,11,29,12,4.6,8.22,11.64,649.6,6.4,1.07,0.025,0.005,11.1
15,2021,11,30,8,3.6,8.17,10.82,655.9,5.7,1.11,0.025,0.005,10.98
15,2021,11,30,12,4.1,8.26,11.89,653.3,6.9,1.09,0.025,0.005,10.99
15,2021,11,30,16,4.4,8.29,11.73,650.1,8.4,1.09,0.025,0.005,10.95
15,2021,11,30,20,3.9,8.24,11.36,653.0,6.7,1.04,0.025,0.005,11.05
15,2021,11,30,20,3.9,8.24,11.36,653.0,6.7,1.04,0.025,0.005,11.05
15,2021,12,1,4,3.1,8.19,10.87,659.0,5.3,1.05,0.025,0.005,11.15
15,2021,12,1,8,2.6,8.18,11.1,663.4,7.2,1.09,0.025,0.005,11.24
15,2021,12,1,12,3.3,8.25,11.84,659.0,8.5,1.09,0.025,0.005,11.04
15,2021,12,1,16,4.0,8.28,11.89,655.5,7.3,1.11,0.025,0.005,10.94
15,2021,12,1,20,3.5,8.23,11.36,658.4,6.6,1.1,0.025,0.005,11.11
15,2021,12,2,0,3.2,8.21,11.06,660.3,5.8,1.1,0.025,0.005,11.11
15,2021,12,2,4,2.8,8.19,10.96,663.4,5.2,1.07,0.025,0.005,11.03
15,2021,12,2,12,3.2,8.25,11.63,662.8,7.9,1.11,0.025,0.005,11.31
15,2021,12,3,12,3.7,8.25,11.6,660.5,10.6,1.15,0.025,0.005,11.17
15,2021,12,7,16,4.5,8.28,11.64,655.4,5.1,1.09,0.025,0.005,11.09
15,2021,12,7,20,4.0,8.22,11.1,659.4,5.1,1.09,0.025,0.005,10.87
15,2021,12,8,8,2.7,8.19,10.91,666.7,6.0,1.09,0.025,0.005,11.15
15,2021,12,8,12,3.2,8.25,11.51,663.9,5.6,1.1,0.025,0.005,10.94
15,2021,12,8,16,3.7,8.27,11.49,659.3,6.0,1.13,0.025,0.005,10.89
15,2021,12,8,20,3.6,8.22,10.98,660.9,5.0,1.08,0.025,0.005,11.03
15,2021,12,9,0,3.6,8.2,11.0,660.8,4.6,1.08,0.025,0.005,11.03
15,2021,12,9,4,3.7,8.18,10.88,660.0,4.8,1.09,0.025,0.005,10.93
15,2021,12,9,8,3.7,8.17,10.72,660.1,5.0,1.13,0.025,0.005,10.88
15,2021,12,9,16,4.0,8.19,11.02,658.0,5.5,1.13,0.025,0.005,10.87
15,2021,12,10,12,4.2,8.24,11.31,657.3,9.8,1.17,0.025,0.005,11.03
15,2021,12,10,16,4.9,8.27,11.43,653.2,7.7,1.17,0.025,0.005,11.08
15,2021,12,14,8,1.3,8.18,11.33,678.9,10.3,1.08,0.025,0.005,11.25
15,2021,12,14,12,2.0,8.22,11.47,674.0,9.8,1.13,0.025,0.005,11.17
15,2021,12,14,16,2.8,8.24,11.34,669.0,10.0,1.13,0.025,0.005,10.89
15,2021,12,14,20,2.4,8.2,11.0,673.0,7.1,1.09,0.025,0.005,11.22
15,2021,12,15,0,2.0,8.19,11.1,675.9,7.4,1.09,0.025,0.005,11.22
15,2021,12,15,4,1.7,8.19,10.9,675.9,5.8,1.05,0.025,0.005,11.26
15,2021,12,21,12,2.0,8.06,11.17,708.2,11.3,1.15,0.025,0.005,11.91
15,2021,12,21,16,2.6,8.07,11.27,704.6,10.4,1.2,0.025,0.005,12.14
15,2021,12,22,4,2.5,8.04,10.8,706.6,8.2,1.08,0.025,0.005,12.09
15,2021,12,22,12,3.0,8.07,11.22,704.2,10.1,1.15,0.025,0.005,11.98
15,2021,12,22,16,3.4,8.08,11.29,702.5,10.2,1.17,0.025,0.005,12.33
15,2021,12,22,20,2.9,8.06,11.05,704.6,8.0,1.14,0.025,0.005,12.14
15,2021,12,23,0,2.7,8.06,10.96,704.7,7.9,1.12,0.025,0.005,12.01
15,2021,12,23,4,2.5,8.05,10.91,705.8,8.1,1.12,0.025,0.005,12.03
15,2021,12,23,8,2.4,8.04,10.79,706.0,8.2,1.08,0.025,0.005,12.14
15,2021,12,23,12,2.4,8.05,11.1,706.9,10.4,1.13,0.025,0.005,12.07
15,2021,12,23,16,2.5,8.06,11.26,705.2,9.5,1.12,0.025,0.005,12.15
15,2021,12,23,20,2.3,8.05,11.1,703.6,8.4,1.09,0.08,0.005,12.11
15,2021,12,24,0,1.8,8.05,11.13,704.4,7.3,1.09,0.08,0.005,11.97
15,2021,12,24,4,1.0,8.05,11.13,709.9,9.1,1.09,0.089,0.005,12.14
15,2021,12,24,8,1.2,8.04,11.1,705.6,11.2,1.13,0.1,0.005,11.94
15,2021,12,24,12,1.8,8.03,11.92,703.8,26.9,1.37,0.102,0.005,11.83
15,2022,1,11,8,1.2,8.14,11.65,722.3,6.2,0.99,0.093,0.005,12.61
15,2022,1,11,12,1.2,8.15,12.04,725.9,8.2,0.98,0.09,0.005,12.5
15,2022,1,11,16,1.5,8.16,11.98,717.0,7.6,0.99,0.094,0.005,12.61
15,2022,1,12,8,1.2,8.13,11.89,725.0,8.7,0.98,0.09,0.005,12.64
15,2022,1,12,12,1.3,8.15,11.81,726.0,6.6,1.07,0.088,0.005,12.53
15,2022,1,12,16,1.2,8.17,12.04,722.6,6.7,1.0,0.091,0.005,12.73
15,2022,1,14,12,1.3,8.15,11.84,726.9,8.3,1.04,0.091,0.005,12.77
15,2022,1,14,16,1.4,8.16,11.73,719.3,5.5,1.01,0.093,0.005,12.45
15,2022,1,19,8,1.0,8.16,11.58,738.2,4.8,0.97,0.025,0.005,12.83
15,2022,1,19,12,1.6,8.16,11.95,724.7,4.8,1.01,0.025,0.005,12.9
15,2022,1,19,16,2.0,8.18,11.83,717.2,5.3,1.01,0.025,0.005,12.83
15,2022,1,19,20,1.7,8.17,11.79,720.8,4.7,0.99,0.025,0.005,12.87
15,2022,1,20,0,1.8,8.17,11.88,720.3,4.1,0.99,0.025,0.005,12.87
15,2022,1,20,4,1.7,8.16,11.67,720.2,5.1,0.98,0.025,0.005,12.85
15,2022,1,20,8,1.6,8.16,11.74,719.5,5.0,0.98,0.025,0.005,12.81
15,2022,1,20,12,1.9,8.18,11.88,716.4,5.5,1.0,0.025,0.005,12.75
15,2022,1,20,16,2.1,8.19,11.98,714.1,5.7,0.97,0.025,0.005,12.82
15,2022,1,20,20,1.7,8.19,11.89,718.3,4.5,0.96,0.025,0.005,12.66
15,2022,1,21,0,1.6,8.18,11.71,719.1,4.7,0.96,0.025,0.005,12.66
15,2022,1,21,4,1.6,8.18,11.66,721.0,4.7,0.97,0.025,0.005,12.86
15,2022,1,21,8,1.5,8.17,11.77,719.4,4.2,0.98,0.025,0.005,12.72
15,2022,1,21,12,1.7,8.19,11.85,719.2,5.6,0.98,0.025,0.005,12.89
15,2022,1,24,8,2.1,8.17,11.5,701.8,5.7,0.98,0.025,0.005,12.47
15,2022,1,24,12,2.5,8.19,11.57,698.3,7.5,1.0,0.025,0.005,12.75
15,2022,1,24,16,2.9,8.2,11.75,693.3,7.8,1.05,0.025,0.005,12.7
15,2022,2,10,8,0.9,8.24,11.9,738.0,4.5,0.82,0.025,0.005,12.81
15,2022,2,10,12,1.7,8.26,12.11,728.6,4.7,0.83,0.025,0.005,12.66
15,2022,2,11,8,1.1,8.24,12.31,730.6,5.3,0.81,0.025,0.005,12.56
15,2022,2,11,12,1.9,8.26,12.56,720.9,4.4,0.8,0.025,0.005,12.41
15,2022,2,11,16,2.7,8.28,12.65,715.0,7.0,0.84,0.025,0.005,12.67
15,2022,2,11,20,2.4,8.27,12.42,715.9,5.5,0.81,0.025,0.005,12.68
15,2022,2,12,0,1.9,8.26,12.27,721.8,5.5,0.81,0.025,0.005,12.68
15,2022,2,12,4,1.8,8.25,12.06,721.7,5.2,0.84,0.025,0.005,12.72
15,2022,2,12,8,1.5,8.25,12.08,722.4,5.4,0.83,0.025,0.005,12.51
15,2022,2,12,12,1.8,8.27,12.28,716.1,6.5,0.83,0.025,0.005,12.62
15,2022,2,12,16,2.1,8.29,12.47,711.0,6.9,0.82,0.025,0.005,12.82
15,2022,2,12,20,1.8,8.27,12.22,714.4,6.0,0.87,0.025,0.005,12.61
15,2022,2,13,0,1.4,8.26,12.17,718.8,5.3,0.87,0.025,0.005,12.61
15,2022,2,13,4,1.1,8.25,12.01,721.5,5.6,0.82,0.025,0.005,12.96
15,2022,2,13,8,1.0,8.24,12.04,721.2,6.0,0.87,0.025,0.005,12.72
15,2022,2,13,12,1.1,8.25,12.27,717.1,5.4,0.85,0.025,0.005,12.6
15,2022,2,13,16,1.1,8.27,12.37,714.3,6.1,0.82,0.025,0.005,12.32
15,2022,2,13,20,1.0,8.26,12.15,717.3,5.5,0.82,0.025,0.005,12.72
15,2022,2,14,0,0.9,8.25,12.07,720.2,4.9,0.82,0.025,0.005,12.72
15,2022,2,14,4,0.8,8.23,12.02,720.3,4.8,1.15,0.025,0.005,12.31
15,2022,2,18,8,1.0,8.22,12.35,729.1,3.3,0.81,0.025,0.005,12.02
15,2022,2,18,12,1.3,8.25,12.49,726.0,6.0,0.8,0.025,0.005,12.35
15,2022,2,18,16,2.0,8.28,12.69,711.8,4.8,0.81,0.025,0.005,12.39
15,2022,2,18,20,1.4,8.27,12.54,717.1,4.7,0.79,0.025,0.005,12.3
15,2022,2,19,0,0.9,8.26,12.6,726.4,3.5,0.79,0.025,0.005,12.27
15,2022,2,19,4,0.9,8.25,12.46,729.8,3.9,0.8,0.025,0.005,12.27
15,2022,2,19,8,1.0,8.24,12.49,732.6,3.5,0.81,0.025,0.005,12.13
15,2022,2,22,12,1.5,8.28,12.59,741.8,4.4,0.82,0.025,0.005,12.93
15,2022,2,22,12,1.5,8.28,12.59,741.8,4.4,0.82,0.025,0.005,12.93
15,2022,2,22,16,2.4,8.3,12.73,724.3,4.3,0.81,0.025,0.005,12.85
15,2022,2,22,16,2.4,8.3,12.73,724.3,4.3,0.81,0.025,0.005,12.85
15,2022,2,22,20,1.8,8.3,12.58,726.6,4.2,0.85,0.025,0.005,12.66
15,2022,2,23,0,1.2,8.28,12.33,734.4,3.3,0.84,0.025,0.005,12.64
15,2022,2,23,4,0.9,8.27,12.14,739.6,3.2,0.84,0.025,0.005,12.64
15,2022,2,23,8,0.9,8.26,12.38,742.3,3.2,0.83,0.025,0.005,12.71
15,2022,2,23,12,1.6,8.28,12.58,735.6,4.2,0.81,0.025,0.005,12.64
15,2022,2,23,16,2.8,8.31,12.48,715.7,5.1,0.85,0.025,0.005,12.5
15,2022,3,1,8,3.1,8.27,11.55,683.4,14.9,0.96,0.025,0.005,11.78
15,2022,3,1,12,3.9,8.32,12.27,674.2,11.3,0.87,0.025,0.005,11.71
15,2022,3,1,16,5.4,8.35,12.53,661.6,8.5,0.89,0.025,0.005,11.61
15,2022,3,2,8,2.8,8.27,11.47,674.5,8.0,0.91,0.025,0.005,11.8
15,2022,3,2,12,4.0,8.32,11.99,660.7,6.5,0.9,0.025,0.005,11.65
15,2022,3,7,8,3.3,8.1,11.29,652.8,3.2,0.94,0.025,0.005,11.02
15,2022,3,7,12,4.9,8.16,12.12,642.2,4.4,0.95,0.025,0.005,10.98
15,2022,3,8,8,4.2,8.11,11.33,649.9,3.7,1.02,0.025,0.005,11.13
15,2022,3,8,12,5.8,8.17,11.91,642.2,4.1,0.94,0.025,0.005,10.9
15,2022,3,8,16,7.4,8.21,12.41,630.4,3.6,0.92,0.025,0.005,10.84
15,2022,3,8,20,6.7,8.17,11.69,631.7,3.6,0.93,0.025,0.005,10.69
15,2022,3,9,0,5.7,8.12,11.17,639.1,3.1,0.86,0.025,0.005,10.81
15,2022,3,9,4,5.2,8.1,10.98,642.9,3.3,0.86,0.025,0.005,10.81
15,2022,3,9,8,4.9,8.1,11.11,644.7,2.8,0.9,0.025,0.005,11.02
15,2022,3,9,12,6.3,8.18,12.0,638.0,2.6,0.97,0.025,0.005,10.91
15,2022,3,9,16,7.7,8.22,12.38,627.2,3.5,0.99,0.025,0.005,10.82
15,2022,3,10,8,5.7,8.09,10.99,638.8,3.0,0.88,0.025,0.005,10.75
15,2022,3,10,12,6.9,8.18,12.1,631.1,3.3,0.96,0.025,0.005,10.79
15,2022,3,10,16,8.3,8.22,12.24,623.9,3.5,1.03,0.025,0.005,11.03
15,2022,3,11,8,6.6,8.08,11.23,631.2,3.2,0.77,0.025,0.005,10.91
15,2022,3,11,12,7.0,8.15,11.74,628.7,4.1,0.94,0.025,0.005,10.79
15,2022,3,11,16,7.1,8.17,11.94,625.7,4.5,1.07,0.025,0.005,10.91
15,2022,3,11,20,6.8,8.12,11.48,627.4,3.8,0.83,0.025,0.005,11.13
15,2022,3,12,16,8.0,8.21,12.43,616.7,3.1,0.83,0.025,0.005,10.85
15,2022,3,12,20,7.5,8.16,11.52,616.9,3.0,0.93,0.025,0.005,11.08
15,2022,3,13,0,6.9,8.11,11.0,621.4,3.4,0.93,0.025,0.005,11.08
15,2022,3,13,4,6.6,8.09,10.93,622.4,3.0,0.72,0.025,0.005,11.11
15,2022,3,13,8,6.4,8.09,10.75,624.0,2.8,0.82,0.025,0.005,11.01
15,2022,3,13,12,7.8,8.18,11.95,618.3,2.9,0.85,0.025,0.005,11.05
15,2022,3,13,16,9.0,8.23,12.43,611.7,3.5,0.81,0.025,0.005,11.02
15,2022,3,13,20,8.3,8.18,11.53,616.0,3.7,0.8,0.025,0.005,10.85
15,2022,3,14,0,7.9,8.12,10.78,619.5,3.6,0.8,0.025,0.005,10.85
15,2022,3,14,4,7.8,8.1,10.51,620.5,3.9,0.97,0.025,0.005,11.14
15,2022,3,14,8,7.7,8.1,10.8,621.4,3.5,0.87,0.025,0.005,11.05
15,2022,3,14,12,9.3,8.19,11.78,615.4,3.5,0.9,0.025,0.005,11.16
15,2022,3,14,16,11.0,8.23,12.19,606.9,3.6,0.85,0.025,0.005,11.14
15,2022,3,15,8,8.4,8.1,10.34,619.1,3.0,0.88,0.025,0.005,11.08
15,2022,3,15,16,11.2,8.23,11.89,607.8,3.9,0.88,0.025,0.005,10.77
15,2022,3,16,0,10.0,8.12,10.33,614.1,4.3,0.9,0.025,0.005,10.69
15,2022,3,16,4,9.7,8.09,10.16,617.0,3.9,0.9,0.025,0.005,10.69
15,2022,3,16,8,9.5,8.09,10.22,619.4,4.2,0.81,0.025,0.005,11.0
15,2022,3,16,12,10.7,8.18,11.45,614.6,3.9,0.91,0.025,0.005,11.2
15,2022,3,16,16,11.8,8.23,11.72,609.5,4.4,0.91,0.025,0.005,11.0
15,2022,3,16,20,11.0,8.19,10.85,613.2,5.4,0.9,0.025,0.005,10.96
15,2022,3,17,0,10.3,8.13,10.22,617.4,5.1,0.91,0.025,0.005,10.81
15,2022,3,17,4,9.9,8.1,10.13,621.2,4.8,0.91,0.025,0.005,10.81
15,2022,3,17,8,9.5,8.09,10.27,622.4,4.9,0.99,0.025,0.005,11.08
15,2022,3,17,12,9.6,8.17,11.27,662.6,3.7,0.96,0.025,0.005,10.92
15,2022,3,17,16,9.3,8.2,11.55,660.7,3.8,0.98,0.025,0.005,10.98
15,2022,3,17,20,8.5,8.15,11.12,663.6,4.1,0.96,0.025,0.005,10.91
15,2022,3,18,8,7.1,8.09,10.49,673.4,3.4,0.99,0.025,0.005,11.19
15,2022,3,18,12,7.1,8.13,10.88,673.0,3.8,0.92,0.025,0.005,10.95
15,2022,3,18,16,6.5,8.16,11.08,670.5,3.1,0.95,0.025,0.005,11.26
15,2022,3,23,12,7.1,8.18,11.33,683.7,3.7,0.92,0.025,0.005,11.15
15,2022,3,24,16,7.2,8.17,10.75,681.7,4.2,0.87,0.025,0.005,11.0
15,2022,3,24,20,7.2,8.13,10.58,683.2,3.3,0.84,0.025,0.005,10.88
15,2022,3,25,0,7.1,8.11,10.5,684.4,3.0,0.84,0.025,0.005,10.88
15,2022,3,25,4,6.9,8.09,10.35,686.4,3.0,0.83,0.025,0.005,11.16
15,2022,3,25,8,6.8,8.1,10.56,687.6,3.6,0.91,0.025,0.005,11.08
15,2022,3,25,12,7.6,8.17,11.32,684.4,3.5,0.84,0.025,0.005,11.13
15,2022,3,25,16,8.2,8.21,11.49,679.8,3.7,0.87,0.025,0.005,11.16
15,2022,3,25,20,7.8,8.18,11.03,681.6,3.8,0.89,0.025,0.005,11.47
15,2022,3,26,0,7.3,8.15,10.5,686.1,3.3,0.89,0.025,0.005,11.47
15,2022,3,26,4,6.9,8.13,10.46,687.1,3.4,0.87,0.025,0.005,11.34
15,2022,3,26,8,6.6,8.15,10.68,688.4,4.4,0.89,0.025,0.005,11.13
15,2022,3,26,12,8.4,8.2,11.31,680.9,4.3,0.87,0.025,0.005,11.29
15,2022,3,26,16,9.8,8.23,11.36,672.4,4.5,0.82,0.025,0.005,11.03
15,2022,3,26,20,9.0,8.2,10.81,676.5,3.7,0.88,0.025,0.005,11.21
15,2022,3,27,0,8.1,8.17,10.47,681.3,4.4,0.88,0.025,0.005,11.21
15,2022,3,27,4,7.6,8.14,10.51,683.2,4.4,0.87,0.025,0.005,11.28
15,2022,3,27,8,7.2,8.15,10.65,686.5,4.3,0.93,0.025,0.005,10.98
15,2022,3,27,12,9.0,8.21,11.19,680.5,4.6,0.91,0.025,0.005,11.23
15,2022,3,27,16,10.7,8.24,11.47,671.8,4.8,0.94,0.025,0.005,11.36
15,2022,3,27,20,9.8,8.2,10.95,675.7,4.7,0.93,0.025,0.005,11.23
15,2022,3,28,0,8.8,8.16,10.45,680.3,4.2,0.93,0.025,0.005,11.23
15,2022,3,28,4,8.1,8.14,10.28,684.2,4.3,0.91,0.025,0.005,11.23
15,2022,3,28,8,7.9,8.15,10.59,685.5,4.9,1.02,0.025,0.005,11.08
15,2022,3,28,12,9.8,8.21,11.12,678.6,4.7,0.91,0.025,0.005,11.34
15,2022,3,28,16,11.4,8.25,11.27,673.2,5.5,0.94,0.025,0.005,11.27
15,2022,3,28,20,10.6,8.21,10.63,675.1,6.3,0.97,0.025,0.005,11.18
15,2022,3,29,0,10.0,8.17,10.31,678.0,6.2,0.97,0.025,0.005,11.18
15,2022,3,29,4,9.8,8.15,10.03,679.6,6.1,0.9,0.025,0.005,11.24
15,2022,3,29,8,9.7,8.14,10.08,680.2,5.9,0.93,0.025,0.005,11.12
15,2022,3,29,12,9.8,8.16,10.15,679.2,5.2,0.92,0.025,0.005,11.17
15,2022,3,29,16,10.0,8.19,10.48,677.9,5.6,0.91,0.025,0.005,11.23
15,2022,3,29,20,9.9,8.16,10.21,679.6,5.6,0.98,0.025,0.005,11.41
15,2022,3,30,0,9.4,8.12,9.92,682.9,4.6,0.98,0.025,0.005,11.41
15,2022,3,30,4,9.0,8.11,9.88,685.3,5.1,0.97,0.025,0.005,11.39
15,2022,3,30,8,8.7,8.11,10.23,688.8,5.2,0.97,0.025,0.005,11.25
15,2022,3,30,12,8.7,8.17,10.59,687.3,4.2,0.9,0.025,0.005,11.33
15,2022,3,30,16,9.0,8.2,10.88,685.9,5.4,0.9,0.025,0.005,11.53
15,2022,3,30,20,8.7,8.17,10.58,687.6,5.3,0.94,0.025,0.005,11.2
15,2022,3,31,0,8.0,8.14,10.47,690.4,4.4,0.94,0.025,0.005,11.2
15,2022,3,31,4,7.4,8.13,10.47,692.4,5.0,0.92,0.025,0.005,11.19
15,2022,3,31,8,7.1,8.15,10.6,693.1,5.8,0.95,0.025,0.005,11.19
15,2022,3,31,12,9.0,8.21,11.57,687.2,4.7,0.97,0.025,0.005,11.26
15,2022,3,31,16,10.6,8.25,11.7,679.4,4.7,0.95,0.025,0.005,11.22
15,2022,3,31,20,9.7,8.22,11.12,680.5,5.4,0.94,0.025,0.005,11.1
15,2022,4,1,0,8.7,8.18,10.68,684.9,4.2,0.94,0.025,0.005,11.1
15,2022,4,1,4,8.1,8.16,10.67,687.6,4.6,0.96,0.025,0.005,11.3
15,2022,4,1,12,9.7,8.23,11.39,681.4,4.8,0.93,0.025,0.005,11.22
15,2022,4,1,16,10.8,8.26,11.44,675.3,5.3,0.93,0.025,0.005,11.4
15,2022,4,1,20,10.0,8.23,11.0,677.1,5.1,0.95,0.025,0.005,11.47
15,2022,4,2,0,9.4,8.18,10.45,680.2,4.5,0.95,0.025,0.005,11.47
15,2022,4,2,4,8.8,8.16,10.27,682.2,4.8,0.94,0.025,0.005,11.13
15,2022,4,2,8,8.6,8.17,10.47,684.1,4.9,1.01,0.025,0.005,11.13
15,2022,4,2,16,12.6,8.27,11.28,669.7,5.4,1.02,0.025,0.005,11.24
15,2022,4,2,20,11.7,8.23,10.57,671.5,5.6,0.98,0.025,0.005,11.12
15,2022,4,3,0,10.6,8.18,10.27,675.4,5.6,0.98,0.025,0.005,11.14
15,2022,4,3,4,9.8,8.15,9.93,679.3,5.4,0.94,0.025,0.005,11.4
15,2022,4,3,8,9.4,8.17,10.21,681.1,5.4,1.0,0.025,0.005,11.22
15,2022,4,3,12,11.4,8.25,11.08,674.9,4.6,1.01,0.025,0.005,11.03
15,2022,4,3,16,13.2,8.28,11.08,668.7,5.1,0.94,0.025,0.005,11.18
15,2022,4,3,20,12.4,8.24,10.26,670.1,5.9,0.96,0.025,0.005,11.15
15,2022,4,4,0,11.4,8.18,10.06,675.5,5.3,0.96,0.025,0.005,11.2
15,2022,4,4,4,10.9,8.15,9.8,676.6,5.9,0.95,0.025,0.005,11.25
15,2022,4,4,8,10.7,8.17,10.1,679.5,5.0,1.01,0.025,0.005,11.19
15,2022,4,4,12,12.6,8.25,10.93,674.7,5.2,1.0,0.025,0.005,11.41
15,2022,4,4,16,14.1,8.3,11.04,670.2,5.0,1.03,0.025,0.005,11.22
15,2022,4,4,20,13.3,8.24,10.18,669.5,6.0,0.98,0.025,0.005,11.2
15,2022,4,5,0,12.6,8.18,9.6,674.5,5.6,0.98,0.025,0.005,11.21
15,2022,4,5,4,12.0,8.15,9.42,676.8,6.1,0.98,0.025,0.005,11.06
15,2022,4,5,8,11.8,8.17,9.87,677.8,6.2,1.05,0.025,0.005,11.02
15,2022,4,5,12,13.6,8.26,10.88,671.8,6.3,0.98,0.025,0.005,11.16
15,2022,4,5,16,14.9,8.31,11.01,667.6,6.5,1.05,0.025,0.005,11.14
15,2022,4,5,20,14.0,8.25,10.05,667.3,5.7,1.05,0.025,0.005,11.04
15,2022,4,6,0,13.0,8.19,9.64,670.8,6.6,1.05,0.025,0.005,11.24
15,2022,4,6,4,12.6,8.16,9.37,672.1,6.2,1.01,0.025,0.005,11.03
15,2022,4,6,8,12.2,8.15,9.49,674.2,5.7,1.06,0.025,0.005,11.27
15,2022,4,6,12,12.8,8.25,10.71,671.4,5.0,1.01,0.025,0.005,11.29
15,2022,4,6,16,13.8,8.31,10.97,667.7,5.6,1.03,0.025,0.005,11.24
15,2022,4,6,20,12.9,8.26,10.31,668.3,7.0,0.98,0.025,0.005,11.22
15,2022,4,7,8,10.7,8.19,10.07,676.2,6.4,0.97,0.025,0.005,11.36
15,2022,4,7,12,12.6,8.28,11.45,671.2,5.6,1.06,0.025,0.005,11.27
15,2022,4,7,16,13.9,8.31,11.6,665.0,5.4,1.04,0.025,0.005,11.13
15,2022,4,7,20,13.1,8.26,10.83,665.8,6.0,1.05,0.025,0.005,11.11
15,2022,4,8,0,12.4,8.2,10.05,670.5,7.0,1.04,0.025,0.005,11.06
15,2022,4,8,4,11.9,8.16,9.95,672.1,7.1,1.04,0.025,0.005,11.06
15,2022,4,8,8,11.8,8.18,10.23,672.1,6.2,0.99,0.025,0.005,11.39
15,2022,4,8,12,13.8,8.29,11.24,665.0,5.7,1.1,0.025,0.005,11.27
15,2022,4,8,16,15.6,8.33,11.43,658.7,5.8,1.03,0.025,0.005,11.13
15,2022,4,8,20,14.9,8.27,10.28,659.0,6.9,1.1,0.025,0.005,11.12
15,2022,4,9,0,14.1,8.19,9.62,664.0,7.7,1.06,0.025,0.005,10.96
15,2022,4,9,4,13.7,8.16,9.31,665.2,6.9,1.06,0.025,0.005,10.96
15,2022,4,9,8,13.6,8.18,9.7,665.8,6.5,1.11,0.025,0.005,10.74
15,2022,4,9,12,15.5,8.3,10.99,661.2,6.5,1.07,0.025,0.005,10.93
15,2022,4,9,20,16.1,8.27,10.09,656.0,8.0,1.07,0.025,0.005,10.91
15,2022,4,10,0,15.5,8.19,9.27,659.2,8.4,1.15,0.025,0.005,10.78
15,2022,4,10,4,14.8,8.13,9.06,656.3,8.7,1.15,0.025,0.005,10.78
15,2022,4,10,8,14.4,8.15,9.32,651.9,7.5,1.11,0.025,0.005,10.82
15,2022,4,10,12,16.0,8.29,10.9,643.4,7.2,1.2,0.025,0.005,10.94
15,2022,4,10,16,17.4,8.33,11.1,632.8,6.8,1.18,0.025,0.005,10.6
15,2022,4,10,20,16.6,8.23,9.66,633.3,8.6,1.18,0.025,0.005,10.17
15,2022,4,11,0,15.9,8.14,8.95,634.5,7.9,1.25,0.025,0.005,10.28
15,2022,4,11,4,15.4,8.1,8.63,635.2,8.4,1.25,0.025,0.005,10.28
15,2022,4,11,8,15.3,8.13,9.01,633.5,9.2,1.17,0.025,0.005,10.0
15,2022,4,11,12,16.4,8.28,10.69,630.3,6.9,1.22,0.025,0.005,10.02
15,2022,4,11,16,16.9,8.29,10.32,624.1,7.9,1.22,0.025,0.005,9.8
15,2022,4,11,20,15.7,8.19,9.23,627.1,10.7,1.22,0.025,0.005,9.64
15,2022,4,12,0,15.1,8.13,8.83,629.2,10.1,1.29,0.025,0.005,9.65
15,2022,4,12,4,14.4,8.1,8.81,631.3,10.5,1.29,0.025,0.005,9.65
15,2022,4,12,8,13.8,8.14,9.51,631.7,9.9,1.11,0.025,0.005,10.09
15,2022,4,12,12,15.5,8.3,11.21,625.5,9.9,1.2,0.025,0.005,9.72
15,2022,4,12,16,17.0,8.36,11.5,617.1,10.6,1.19,0.025,0.005,9.66
15,2022,4,12,20,15.8,8.27,10.01,620.3,13.0,1.21,0.025,0.005,9.47
15,2022,4,13,0,14.7,8.18,9.29,623.4,11.6,1.2,0.025,0.005,9.55
15,2022,4,13,4,14.3,8.13,8.98,624.7,12.5,1.2,0.025,0.005,9.55
15,2022,4,13,8,13.9,8.15,9.51,626.1,14.2,1.19,0.025,0.005,9.63
15,2022,4,13,12,14.6,8.28,11.15,618.6,8.6,1.23,0.025,0.005,9.64
15,2022,4,13,16,15.0,8.36,11.48,616.7,8.1,1.16,0.025,0.005,9.65
15,2022,4,13,20,14.3,8.28,10.49,618.1,8.6,1.24,0.025,0.005,9.53
15,2022,4,14,0,13.3,8.18,9.79,622.4,10.4,1.24,0.025,0.005,9.56
15,2022,4,14,4,12.5,8.14,9.58,625.1,10.0,1.24,0.025,0.005,9.56
15,2022,4,14,8,12.1,8.2,10.45,627.5,9.8,1.14,0.025,0.005,9.7
15,2022,4,14,12,14.0,8.33,11.82,621.2,7.6,1.24,0.025,0.005,9.64
15,2022,4,14,16,15.6,8.38,11.86,614.0,6.7,1.17,0.025,0.005,9.64
15,2022,4,14,20,14.3,8.29,10.67,616.2,8.1,1.2,0.025,0.005,9.4
15,2022,4,15,8,11.9,8.19,10.53,623.7,9.4,1.13,0.025,0.005,9.34
15,2022,4,15,12,14.2,8.32,11.88,617.7,8.6,1.18,0.025,0.005,9.41
15,2022,4,15,16,16.1,8.38,11.93,610.1,9.0,1.21,0.025,0.005,9.41
15,2022,4,15,20,15.0,8.28,10.48,610.8,10.7,1.18,0.025,0.005,9.21
15,2022,4,16,0,13.5,8.18,9.82,614.8,10.5,1.18,0.025,0.005,9.21
15,2022,4,16,4,12.4,8.13,9.64,618.5,12.9,1.09,0.025,0.005,9.27
15,2022,4,16,8,11.8,8.18,10.44,621.5,12.3,1.14,0.025,0.005,9.79
15,2022,4,16,12,14.2,8.33,11.79,617.4,11.2,1.19,0.025,0.005,9.67
15,2022,4,16,16,16.3,8.39,11.86,614.0,12.0,1.19,0.025,0.005,9.46
15,2022,4,16,20,15.3,8.29,10.38,617.1,12.8,1.22,0.025,0.005,9.53
15,2022,4,17,0,13.9,8.17,9.68,621.7,15.3,1.22,0.025,0.005,9.53
15,2022,4,17,0,13.9,8.17,9.68,621.7,15.3,1.22,0.025,0.005,9.53
15,2022,4,17,12,14.0,8.35,11.66,622.4,16.6,1.23,0.025,0.005,9.42
15,2022,4,17,16,15.2,8.41,11.82,616.5,18.8,1.23,0.025,0.005,9.42
15,2022,4,17,20,14.5,8.3,10.41,619.3,21.5,1.19,0.025,0.005,9.7
15,2022,4,18,0,13.8,8.18,9.45,624.5,21.6,1.19,0.025,0.005,9.7
15,2022,4,18,4,13.1,8.13,9.23,627.1,24.8,1.11,0.025,0.005,9.82
15,2022,4,18,8,12.7,8.19,10.14,629.2,24.7,1.19,0.025,0.005,9.47
15,2022,4,18,12,14.9,8.36,11.59,621.6,25.7,1.2,0.025,0.005,9.57
15,2022,4,18,16,16.9,8.41,11.82,613.5,6.2,1.21,0.025,0.005,9.35
15,2022,4,18,20,15.9,8.31,10.28,617.3,7.1,1.25,0.025,0.005,9.6
15,2022,4,19,0,14.6,8.17,9.22,620.8,7.5,1.25,0.025,0.005,9.6
15,2022,4,19,4,14.0,8.11,8.82,623.9,7.3,1.16,0.025,0.005,9.57
15,2022,4,19,8,13.6,8.18,9.7,624.1,7.6,1.21,0.025,0.005,9.73
15,2022,4,19,12,15.8,8.36,11.32,616.9,6.2,1.14,0.025,0.005,9.59
15,2022,4,19,16,17.8,8.42,11.37,609.6,6.0,1.15,0.025,0.005,9.5
15,2022,4,19,20,16.7,8.31,9.82,611.2,7.6,1.16,0.025,0.005,9.73
15,2022,4,20,0,15.6,8.17,8.88,614.6,6.9,1.16,0.025,0.005,9.73
15,2022,4,20,4,14.9,8.11,8.51,616.8,7.5,1.16,0.025,0.005,9.41
15,2022,4,20,8,14.6,8.18,9.3,619.8,6.9,1.13,0.025,0.005,9.37
15,2022,4,20,12,16.8,8.38,11.3,611.8,6.3,1.25,0.025,0.005,9.45
15,2022,4,20,16,18.4,8.45,11.46,606.7,5.2,1.24,0.025,0.005,9.28
15,2022,4,20,20,17.4,8.32,9.72,607.1,7.3,1.2,0.025,0.005,9.31
15,2022,4,21,0,16.5,8.17,8.58,608.2,6.8,1.2,0.025,0.005,9.31
15,2022,4,21,4,15.9,8.11,8.22,612.0,7.6,1.16,0.025,0.005,9.3
15,2022,4,21,8,15.7,8.12,8.67,613.1,7.2,1.21,0.025,0.005,9.23
15,2022,4,21,12,16.9,8.36,10.84,606.3,7.1,1.19,0.025,0.005,9.0
15,2022,4,21,16,18.7,8.47,11.76,600.6,6.9,1.27,0.025,0.005,9.36
15,2022,4,21,20,17.7,8.33,9.74,607.7,7.4,1.24,0.025,0.005,9.3
15,2022,4,22,0,16.0,8.19,8.77,609.7,8.2,1.24,0.025,0.005,9.3
15,2022,4,22,4,15.0,8.12,8.47,615.5,7.8,1.19,0.025,0.005,9.13
15,2022,4,22,8,14.6,8.22,9.78,617.1,8.8,1.25,0.025,0.005,9.09
15,2022,4,22,12,16.6,8.4,11.48,609.4,7.3,1.26,0.025,0.005,9.14
15,2022,4,22,16,18.5,8.46,11.65,602.2,8.1,1.22,0.025,0.005,9.27
15,2022,4,22,20,17.4,8.34,9.94,604.6,8.4,1.23,0.025,0.005,9.22
15,2022,4,23,0,16.0,8.18,9.01,606.8,6.7,1.23,0.025,0.005,9.22
15,2022,4,23,4,15.2,8.11,8.47,611.4,8.2,1.2,0.025,0.005,9.26
15,2022,4,23,8,15.0,8.2,9.55,613.6,8.3,1.25,0.025,0.005,9.03
15,2022,4,23,12,16.7,8.41,11.38,607.5,7.5,1.25,0.025,0.005,9.03
15,2022,4,23,16,18.5,8.47,11.63,600.9,8.5,1.3,0.025,0.005,9.04
15,2022,4,23,20,17.7,8.34,9.66,602.2,6.4,1.27,0.025,0.005,9.22
15,2022,4,24,0,16.6,8.17,8.73,606.0,8.3,1.27,0.025,0.005,9.18
15,2022,4,24,4,15.9,8.1,8.27,607.7,7.5,1.27,0.025,0.005,9.18
15,2022,4,24,8,15.6,8.19,9.32,609.9,7.7,1.21,0.025,0.005,9.17
15,2022,4,24,12,17.7,8.4,11.29,601.9,6.7,1.28,0.025,0.005,9.17
15,2022,4,24,16,19.5,8.46,11.55,596.5,7.1,1.23,0.025,0.005,9.28
15,2022,4,24,20,18.6,8.32,9.6,598.7,7.3,1.28,0.025,0.005,9.1
15,2022,4,25,8,17.1,8.12,8.56,604.0,7.4,1.2,0.025,0.005,8.97
15,2022,4,25,12,18.8,8.36,10.84,597.4,7.1,1.3,0.025,0.005,8.99
15,2022,4,25,16,20.6,8.44,11.38,591.1,7.0,1.22,0.025,0.005,8.8
15,2022,4,25,20,19.8,8.27,9.21,593.1,7.2,1.28,0.025,0.005,9.13
15,2022,4,26,0,19.0,8.1,7.89,596.0,7.2,1.2,0.025,0.005,8.69
15,2022,4,26,4,18.2,8.04,7.61,598.6,7.4,1.2,0.025,0.005,8.76
15,2022,4,26,8,17.2,8.16,8.75,600.9,8.0,1.22,0.025,0.005,8.93
15,2022,4,26,12,18.5,8.36,10.65,596.6,7.7,1.24,0.025,0.005,8.84
15,2022,4,26,16,19.4,8.43,11.36,592.8,8.5,1.23,0.025,0.005,8.88
15,2022,4,26,20,17.8,8.31,9.47,594.6,9.0,1.29,0.025,0.005,8.64
15,2022,4,27,0,16.5,8.16,8.71,598.4,9.1,1.25,0.025,0.005,8.79
15,2022,4,27,4,15.9,8.09,8.21,599.1,10.5,1.21,0.025,0.005,8.84
15,2022,4,27,8,15.5,8.15,9.01,601.9,10.1,1.21,0.025,0.005,9.04
15,2022,4,27,12,15.6,8.28,10.44,600.3,10.0,1.27,0.025,0.005,8.89
15,2022,4,27,16,15.3,8.29,10.34,601.4,8.1,1.26,0.025,0.005,8.82
15,2022,4,27,20,14.6,8.18,9.44,600.1,10.1,1.28,0.025,0.005,9.04
15,2022,4,28,0,14.1,8.09,8.74,600.4,10.6,1.2,0.025,0.005,8.97
15,2022,4,28,4,13.7,8.05,8.74,599.7,10.7,1.2,0.025,0.005,8.97
15,2022,4,28,8,13.4,8.1,9.38,601.2,10.8,1.15,0.025,0.005,8.59
15,2022,4,28,12,14.8,8.3,11.12,597.7,5.9,1.25,0.682,0.005,9.07
15,2022,4,28,16,16.6,8.39,11.49,605.5,6.5,1.25,0.025,0.005,8.91
15,2022,4,28,20,15.8,8.29,10.3,606.7,5.2,1.28,0.025,0.005,9.07
15,2022,4,29,0,14.7,8.16,9.3,611.1,6.7,1.26,0.025,0.005,8.68
15,2022,4,29,4,14.1,8.1,9.0,612.7,6.8,1.26,0.025,0.005,8.68
15,2022,4,29,8,14.0,8.15,9.52,615.1,6.2,1.2,0.025,0.005,8.87
15,2022,4,29,12,15.5,8.33,10.94,610.0,6.2,1.24,0.025,0.005,8.96
15,2022,4,29,16,17.1,8.41,11.64,604.7,6.7,1.27,0.025,0.005,8.54
15,2022,4,29,20,16.6,8.29,10.1,605.0,5.5,1.29,0.025,0.005,8.6
15,2022,4,30,0,15.4,8.15,9.0,609.3,6.4,1.26,0.025,0.005,8.39
15,2022,4,30,4,14.7,8.09,8.76,611.7,6.9,1.26,0.025,0.005,8.39
15,2022,4,30,8,14.5,8.17,9.78,614.9,6.5,1.2,0.025,0.005,8.7
15,2022,4,30,12,16.3,8.33,11.2,611.0,5.6,1.2,0.025,0.005,8.72
15,2022,4,30,16,18.0,8.38,11.32,604.2,7.0,1.23,0.025,0.005,8.8
15,2022,4,30,20,17.0,8.27,9.8,606.4,7.1,1.2,0.025,0.005,8.55
15,2022,5,1,0,15.4,8.15,8.94,609.0,6.9,1.21,0.025,0.005,8.77
15,2022,5,1,4,14.2,8.1,8.83,612.6,7.2,1.17,0.025,0.005,8.62
15,2022,5,1,8,13.7,8.15,9.39,616.3,7.2,1.14,0.025,0.005,8.83
15,2022,5,1,12,15.5,8.3,10.9,611.6,6.1,1.19,0.025,0.005,8.88
15,2022,5,1,16,16.6,8.34,10.77,609.9,6.7,1.2,0.025,0.005,8.53
15,2022,5,1,20,16.0,8.27,10.04,609.5,6.7,1.23,0.025,0.005,8.72
15,2022,5,2,0,15.0,8.15,8.92,611.7,6.0,1.21,0.025,0.005,8.66
15,2022,5,2,4,14.1,8.09,8.86,615.0,7.7,1.21,0.025,0.005,8.66
15,2022,5,2,8,14.1,8.17,9.77,618.0,8.1,1.14,0.025,0.005,8.71
15,2022,5,2,12,16.3,8.31,10.96,611.6,6.1,1.18,0.025,0.005,8.7
15,2022,5,2,16,18.3,8.37,10.95,607.9,7.1,1.23,0.025,0.005,8.65
15,2022,5,2,20,17.5,8.26,9.69,609.2,6.4,1.25,0.025,0.005,8.84
15,2022,5,3,0,16.3,8.14,8.66,610.1,7.1,1.24,0.025,0.005,8.5
15,2022,5,3,4,15.6,8.08,8.36,613.7,7.1,1.24,0.025,0.005,8.5
15,2022,5,3,8,15.5,8.16,9.27,615.5,7.4,1.16,0.025,0.005,8.7
15,2022,5,3,12,17.8,8.31,10.48,610.8,5.9,1.2,0.025,0.005,8.69
15,2022,5,3,16,20.0,8.36,10.86,605.3,6.7,1.21,0.025,0.005,8.45
15,2022,5,5,8,18.3,8.12,8.33,609.1,9.2,1.22,0.025,0.005,8.35
15,2022,5,5,12,20.0,8.29,9.82,605.3,8.8,1.26,0.025,0.005,8.47
15,2022,5,5,16,21.0,8.32,9.9,603.3,10.0,1.2,0.025,0.005,8.51
15,2022,5,5,20,20.4,8.2,8.55,605.8,11.3,1.29,0.025,0.005,8.42
15,2022,5,6,0,19.5,8.08,7.57,607.4,11.4,1.28,0.025,0.005,8.35
15,2022,5,6,4,18.6,8.03,7.31,609.7,11.8,1.28,0.025,0.005,8.35
15,2022,5,6,8,17.5,8.03,7.59,613.5,13.5,1.24,0.025,0.005,8.28
15,2022,5,6,12,18.8,8.22,9.43,609.6,9.6,1.3,0.025,0.005,8.49
15,2022,5,6,16,20.4,8.32,10.16,604.9,8.7,1.33,0.025,0.005,8.43
15,2022,5,6,20,19.1,8.22,8.79,607.1,9.7,1.28,0.025,0.005,8.79
15,2022,5,7,0,17.3,8.11,8.12,609.5,10.0,1.31,0.025,0.005,8.52
15,2022,5,7,4,16.3,8.06,7.94,611.3,9.6,1.31,0.025,0.005,8.52
15,2022,5,7,8,16.2,8.14,8.94,609.1,9.9,1.24,0.025,0.005,8.29
15,2022,5,7,12,18.0,8.26,9.94,606.6,9.1,1.27,0.025,0.005,8.31
15,2022,5,7,16,19.4,8.32,10.31,602.4,7.9,1.24,0.025,0.005,8.23
15,2022,5,7,20,18.2,8.21,8.91,605.9,9.5,1.23,0.025,0.005,8.23
15,2022,5,8,0,16.7,8.11,8.27,608.8,9.2,1.26,0.025,0.005,8.19
15,2022,5,8,4,16.1,8.05,8.01,605.5,10.8,1.26,0.025,0.005,8.19
15,2022,5,8,8,15.7,8.05,8.03,604.5,10.0,1.23,0.025,0.005,8.13
15,2022,5,8,12,16.0,8.18,9.35,605.2,8.7,1.24,0.025,0.005,8.13
15,2022,5,8,16,16.6,8.27,9.84,603.1,8.5,1.2,0.025,0.005,8.12
15,2022,5,8,20,16.2,8.19,8.95,601.8,7.4,1.22,0.025,0.005,8.15
15,2022,5,9,0,15.2,8.09,8.51,605.8,9.6,1.2,0.025,0.005,8.15
15,2022,5,9,4,14.3,8.05,8.25,609.6,10.7,1.2,0.025,0.005,8.15
15,2022,5,9,8,14.3,8.15,9.28,608.9,7.5,1.09,0.025,0.005,8.22
15,2022,5,9,12,16.6,8.27,10.06,602.3,8.0,1.2,0.025,0.005,7.98
15,2022,5,9,16,18.7,8.32,9.98,599.7,8.5,1.18,0.025,0.005,7.99
15,2022,5,9,20,17.8,8.24,8.99,601.3,9.1,1.2,0.025,0.005,7.9
15,2022,5,10,0,16.3,8.14,8.36,596.8,10.9,1.19,0.025,0.005,8.23
15,2022,5,10,4,16.0,8.08,8.02,605.5,11.3,1.19,0.025,0.005,8.23
15,2022,5,10,8,15.9,8.1,8.26,609.9,10.3,1.19,0.025,0.005,8.32
15,2022,5,10,12,16.0,8.2,8.98,607.1,10.7,1.19,0.025,0.005,8.15
15,2022,5,10,12,16.0,8.2,8.98,607.1,10.7,1.18,0.025,0.005,8.32
15,2022,5,11,8,14.5,8.14,9.02,615.0,11.8,1.16,0.025,0.005,8.65
15,2022,5,11,12,16.3,8.27,9.98,607.7,10.5,1.17,0.025,0.005,8.04
15,2022,5,11,16,18.2,8.33,10.27,604.6,11.1,1.12,0.025,0.005,8.47
15,2022,5,11,20,17.5,8.24,9.11,604.9,11.4,1.18,0.025,0.005,8.05
15,2022,5,12,0,16.3,8.14,8.27,611.5,12.7,1.16,0.025,0.005,7.76
15,2022,5,12,4,15.7,8.09,8.01,608.9,13.0,1.16,0.025,0.005,7.76
15,2022,5,12,8,15.4,8.16,8.65,607.6,11.7,1.17,0.025,0.005,8.59
15,2022,5,12,12,16.8,8.3,9.97,600.6,11.0,1.23,0.025,0.005,8.19
15,2022,5,12,16,18.5,8.36,10.29,596.2,10.6,1.23,0.025,0.005,8.05
15,2022,5,16,8,15.4,8.02,9.84,637.6,13.0,1.23,0.025,0.005,8.89
15,2022,5,16,16,19.7,8.18,11.76,628.2,10.2,1.31,0.025,0.005,8.6
15,2022,5,16,20,19.1,8.07,9.96,630.5,11.0,1.31,0.025,0.005,8.71
15,2022,5,17,8,16.8,8.02,9.55,635.5,10.8,1.25,0.025,0.005,9.14
15,2022,5,17,12,18.8,8.13,11.27,630.8,8.0,1.28,0.025,0.005,8.87
15,2022,5,17,16,20.1,8.15,11.27,628.4,8.2,1.24,0.025,0.005,9.14
15,2022,5,17,20,19.4,8.07,9.66,630.7,9.2,1.24,0.025,0.005,8.58
15,2022,5,18,0,18.2,7.98,8.66,632.9,9.0,1.3,0.025,0.005,8.6
15,2022,5,18,4,17.4,7.92,8.24,634.0,9.4,1.3,0.025,0.005,8.6
15,2022,5,18,8,17.3,8.02,9.46,634.0,7.8,1.28,0.025,0.005,8.81
15,2022,5,18,12,19.4,8.13,11.26,629.6,7.4,1.3,0.025,0.005,9.16
15,2022,5,18,16,21.4,8.18,11.79,624.8,8.0,1.25,0.025,0.005,8.68
15,2022,5,18,20,20.7,8.07,9.84,626.2,8.4,1.32,0.025,0.005,8.84
15,2022,5,19,0,19.2,7.98,8.68,629.6,8.1,1.28,0.025,0.005,8.9
15,2022,5,19,4,18.3,7.91,8.12,631.5,8.4,1.28,0.025,0.005,8.9
15,2022,5,19,8,18.3,8.01,9.35,631.0,7.7,1.27,0.025,0.005,8.86
15,2022,5,19,12,20.1,8.13,11.22,626.5,7.6,1.33,0.025,0.005,8.87
15,2022,5,20,8,19.1,8.01,9.24,627.2,8.4,1.29,0.025,0.005,8.51
15,2022,5,20,12,21.2,8.12,11.12,625.3,7.9,1.34,0.025,0.005,8.3
15,2022,5,20,16,23.0,8.17,11.62,621.2,8.2,1.31,0.025,0.005,8.34
15,2022,5,20,20,22.4,8.06,9.55,622.6,10.2,1.37,0.025,0.005,8.37
15,2022,5,21,0,20.9,7.96,8.33,625.9,9.4,1.37,0.025,0.005,8.39
15,2022,5,21,4,20.0,7.89,7.74,627.6,9.8,1.36,0.025,0.005,8.31
15,2022,5,21,8,20.0,8.0,9.07,626.9,7.0,1.36,0.025,0.005,8.32
15,2022,5,21,12,22.0,8.12,11.02,622.6,6.9,1.37,0.025,0.005,8.34
15,2022,5,21,16,24.0,8.18,11.61,618.3,8.8,1.32,0.025,0.005,8.4
15,2022,5,21,20,23.2,8.04,9.16,620.8,10.6,1.43,0.025,0.005,8.34
15,2022,5,22,0,21.6,7.94,8.0,624.7,9.6,1.39,0.025,0.005,8.21
15,2022,5,22,4,20.6,7.89,7.51,626.9,11.8,1.37,0.025,0.005,8.35
15,2022,5,22,8,20.5,8.0,8.93,624.5,9.0,1.32,0.025,0.005,8.26
15,2022,5,22,12,22.4,8.12,10.92,621.2,8.0,1.41,0.025,0.005,8.29
15,2022,5,22,16,23.9,8.17,11.34,617.5,8.7,1.4,0.025,0.005,8.38
15,2022,5,22,20,23.2,8.05,9.05,619.8,10.6,1.41,0.025,0.005,8.21
15,2022,5,23,0,21.9,7.95,7.98,623.2,10.7,1.4,0.025,0.005,8.27
15,2022,5,23,4,21.1,7.89,7.44,625.0,11.2,1.39,0.025,0.005,8.3
15,2022,5,23,8,21.2,8.0,8.84,622.8,10.9,1.38,0.025,0.005,8.23
15,2022,5,23,12,22.9,8.12,10.95,619.3,9.4,1.29,0.025,0.005,8.13
15,2022,5,23,16,24.6,8.19,11.6,615.2,10.4,1.38,0.025,0.005,8.13
15,2022,5,24,8,20.9,8.01,8.86,620.9,15.6,1.33,0.025,0.005,8.27
15,2022,5,24,12,22.4,8.13,10.73,617.1,15.7,1.37,0.025,0.005,8.11
15,2022,5,24,16,23.4,8.1,9.89,616.0,18.4,1.39,0.025,0.005,7.96
15,2022,5,24,20,22.9,8.04,8.78,616.5,21.4,1.47,0.025,0.005,8.16
15,2022,5,25,0,21.6,7.96,7.86,620.7,23.2,1.38,0.025,0.005,8.1
15,2022,5,25,4,20.3,7.91,7.51,622.6,22.6,1.38,0.025,0.005,8.1
15,2022,5,25,8,20.2,8.03,9.02,621.8,23.8,1.33,0.025,0.005,8.04
15,2022,5,25,12,21.6,8.11,10.55,618.9,25.2,1.39,0.025,0.005,8.05
15,2022,5,25,16,22.8,8.17,11.14,614.8,29.2,1.34,0.025,0.005,8.01
15,2022,5,25,20,21.9,8.09,9.35,617.2,33.0,1.4,0.025,0.005,8.15
15,2022,5,26,0,20.3,8.01,8.33,619.4,35.3,1.35,0.025,0.005,8.06
15,2022,5,26,4,19.0,7.94,7.78,622.8,34.1,1.35,0.025,0.005,8.06
15,2022,5,26,8,19.0,8.05,9.18,618.8,34.9,1.29,0.025,0.005,8.1
15,2022,5,26,8,19.0,8.05,9.18,618.8,34.9,1.29,0.025,0.005,8.1
15,2022,5,26,16,22.4,8.18,11.06,613.5,6.6,1.41,0.025,0.005,7.99
15,2022,5,26,20,22.0,8.09,9.39,614.6,7.0,1.33,0.025,0.005,7.91
15,2022,5,27,0,20.4,8.01,8.39,617.2,6.9,1.3,0.025,0.005,7.88
15,2022,5,27,4,19.1,7.95,7.85,620.6,7.0,1.24,0.025,0.005,7.7
15,2022,5,27,8,19.2,8.06,9.3,619.1,6.0,1.24,0.025,0.005,8.0
15,2022,5,27,16,23.1,8.2,11.31,609.4,6.9,1.23,0.025,0.005,7.87
15,2022,5,27,20,22.5,8.1,9.34,611.0,8.1,1.25,0.025,0.005,7.74
15,2022,5,28,0,21.1,8.02,8.32,614.0,6.0,1.31,0.025,0.005,7.91
15,2022,5,28,4,20.1,7.93,7.7,617.1,7.4,1.31,0.025,0.005,7.91
15,2022,5,28,8,20.7,8.05,9.13,615.0,7.2,1.27,0.025,0.005,7.55
15,2022,5,28,12,22.9,8.15,10.85,610.4,6.5,1.32,0.025,0.005,7.87
15,2022,5,28,16,24.4,8.2,11.2,606.6,7.2,1.28,0.025,0.005,7.57
15,2022,5,28,20,23.9,8.09,8.99,608.8,8.1,1.3,0.025,0.005,7.7
15,2022,5,28,20,23.9,8.09,8.99,608.8,8.1,1.3,0.025,0.005,7.7
15,2022,5,29,0,22.5,8.01,8.0,610.8,8.0,1.34,0.025,0.005,7.78
15,2022,5,29,4,21.5,7.93,7.4,614.6,7.5,1.34,0.025,0.005,7.78
15,2022,5,29,8,21.9,8.03,8.76,613.3,8.4,1.26,0.025,0.005,7.51
15,2022,5,29,12,21.2,7.99,8.28,612.5,6.4,1.36,0.025,0.005,7.61
15,2022,5,29,16,22.7,8.15,10.32,608.4,8.4,1.35,0.025,0.005,7.74
15,2022,5,29,20,21.9,8.06,8.87,610.7,9.3,1.32,0.025,0.005,7.55
15,2022,5,30,0,20.6,8.0,8.13,613.1,8.2,1.29,0.025,0.005,7.65
15,2022,5,30,4,18.9,7.92,7.7,617.5,8.2,1.29,0.025,0.005,7.65
15,2022,5,30,8,18.5,8.02,9.0,617.7,6.5,1.25,0.025,0.005,7.49
15,2022,5,30,12,20.6,8.15,10.8,613.2,6.9,1.27,0.025,0.005,7.49
15,2022,5,30,16,22.2,8.19,11.15,610.4,7.3,1.28,0.025,0.005,7.66
15,2022,5,30,16,22.2,8.19,11.15,610.4,7.3,1.28,0.025,0.005,7.49
15,2022,5,30,20,21.8,8.09,9.26,611.6,8.3,1.31,0.025,0.005,7.62
15,2022,5,31,0,20.2,8.02,8.4,613.2,7.8,1.31,0.025,0.005,7.62
15,2022,5,31,8,18.6,8.06,9.37,616.1,6.4,1.25,0.025,0.005,7.6
15,2022,5,31,12,20.2,8.16,10.67,612.7,7.3,1.26,0.025,0.005,7.56
15,2022,5,31,16,20.8,8.2,10.89,611.1,7.5,1.27,0.025,0.005,7.45
15,2022,5,31,16,20.8,8.2,10.89,611.1,7.5,1.27,0.025,0.005,7.44
15,2022,6,1,0,19.5,8.03,8.48,613.5,7.4,1.3,0.025,0.005,7.51
15,2022,6,1,0,19.5,8.03,8.48,613.5,7.4,1.3,0.025,0.005,7.51
15,2022,6,1,8,18.9,8.08,9.43,614.9,8.5,1.21,0.025,0.005,7.58
15,2022,6,1,12,21.1,8.17,10.89,610.6,7.9,1.24,0.025,0.005,7.35
15,2022,6,1,16,23.0,8.21,11.21,606.1,8.6,1.25,0.025,0.005,7.4
15,2022,6,1,20,22.7,8.12,9.29,607.1,9.9,1.29,0.025,0.005,7.43
15,2022,6,2,0,21.1,8.03,8.37,609.2,9.3,1.35,0.025,0.005,7.4
15,2022,6,2,0,21.1,8.03,8.37,609.2,9.3,1.35,0.025,0.005,7.4
15,2022,6,2,8,19.8,8.08,9.32,610.0,9.4,1.27,0.025,0.005,7.37
15,2022,6,2,12,22.2,8.19,10.88,607.2,7.4,1.33,0.025,0.005,7.46
15,2022,6,2,16,23.9,8.24,11.27,603.2,7.3,1.38,0.025,0.005,7.32
15,2022,6,2,20,23.5,8.13,9.24,604.3,8.4,1.29,0.025,0.005,7.37
15,2022,6,3,0,22.2,8.05,8.17,606.5,8.3,1.34,0.025,0.005,7.54
15,2022,6,3,4,20.9,7.96,7.6,609.8,8.0,1.34,0.025,0.005,7.54
15,2022,6,3,8,21.1,8.05,8.78,608.3,8.1,1.33,0.025,0.005,7.44
15,2022,6,3,12,23.0,8.18,10.78,602.2,6.3,1.37,0.025,0.005,7.22
15,2022,6,3,16,24.6,8.23,11.19,599.3,6.8,1.35,0.025,0.005,7.21
15,2022,6,3,20,24.2,8.1,8.87,602.1,8.2,1.39,0.025,0.005,7.1
15,2022,6,4,0,23.3,8.01,7.89,605.0,7.1,1.35,0.025,0.005,7.19
15,2022,6,4,4,22.2,7.92,7.28,607.6,7.5,1.35,0.025,0.005,7.19
15,2022,6,4,8,22.0,7.93,7.5,607.8,7.8,1.28,0.025,0.005,7.31
15,2022,6,4,12,22.8,8.08,9.41,604.5,7.5,1.34,0.025,0.005,7.27
15,2022,6,4,16,24.7,8.15,10.4,602.1,7.2,1.3,0.025,0.005,7.19
15,2022,6,4,20,24.4,8.06,8.66,604.5,9.7,1.33,0.025,0.005,7.27
15,2022,6,5,0,23.1,7.99,7.78,607.2,7.7,1.33,0.025,0.005,7.16
15,2022,6,5,4,21.4,7.91,7.28,610.6,9.7,1.33,0.025,0.005,7.16
15,2022,6,5,8,21.7,8.04,8.97,609.7,8.3,1.28,0.025,0.005,7.39
15,2022,6,5,12,23.9,8.15,10.62,604.8,9.0,1.35,0.025,0.005,7.19
15,2022,6,5,16,24.3,8.17,10.15,603.2,7.6,1.34,0.025,0.005,7.15
15,2022,6,5,20,23.5,8.07,8.42,605.9,7.7,1.34,0.025,0.005,7.14
15,2022,6,6,0,22.0,8.0,7.73,608.4,8.5,1.31,0.025,0.005,7.2
15,2022,6,6,4,20.8,7.94,7.38,610.4,9.4,1.31,0.025,0.005,7.2
15,2022,6,6,8,21.0,8.06,8.98,607.7,8.7,1.25,0.025,0.005,7.25
15,2022,6,6,8,21.0,8.06,8.98,607.7,8.7,1.25,0.025,0.005,7.25
15,2022,6,6,12,21.6,8.16,10.26,605.8,7.5,1.33,0.025,0.005,7.23
15,2022,6,6,16,22.3,8.2,10.55,604.7,7.8,1.27,0.025,0.005,7.14
15,2022,6,6,20,21.6,8.12,8.97,607.5,9.0,1.34,0.025,0.005,7.0
15,2022,6,7,0,20.3,8.04,8.19,609.9,8.6,1.29,0.025,0.005,7.58
15,2022,6,7,4,19.2,7.97,7.81,611.9,8.7,1.29,0.025,0.005,7.58
15,2022,6,7,8,19.5,8.09,9.32,611.2,7.2,1.26,0.025,0.005,7.12
15,2022,6,7,12,21.6,8.19,10.88,606.8,6.4,1.29,0.025,0.005,7.25
15,2022,6,7,16,23.0,8.24,11.28,603.6,8.0,1.27,0.025,0.005,7.04
15,2022,6,7,20,22.3,8.15,9.26,605.5,8.3,1.31,0.025,0.005,7.09
15,2022,6,8,0,21.3,8.06,8.27,605.4,8.2,1.32,0.025,0.005,7.1
15,2022,6,8,4,20.2,7.98,7.75,607.9,8.9,1.27,0.025,0.005,7.0
15,2022,6,8,8,20.1,7.99,8.06,607.5,9.2,1.27,0.025,0.005,7.05
15,2022,6,8,12,20.4,8.1,9.28,606.8,8.8,1.34,0.025,0.005,7.08
15,2022,6,8,16,21.8,8.2,10.67,604.1,8.3,1.3,0.025,0.005,7.09
15,2022,6,8,20,21.2,8.1,9.04,606.5,9.9,1.3,0.025,0.005,7.04
15,2022,6,9,0,20.4,8.03,8.27,608.1,10.7,1.28,0.025,0.005,7.14
15,2022,6,9,4,19.2,7.95,7.8,611.7,10.2,1.28,0.025,0.005,7.14
15,2022,6,9,8,19.0,8.03,8.75,612.6,9.7,1.24,0.025,0.005,7.16
15,2022,6,9,12,19.6,8.12,9.72,610.2,9.4,1.3,0.025,0.005,7.05
15,2022,6,9,12,19.6,8.12,9.72,610.2,9.4,1.23,0.025,0.005,6.98
15,2022,6,9,16,20.6,8.23,10.99,605.9,9.4,1.31,0.025,0.005,7.03
15,2022,6,9,20,20.3,8.11,9.1,610.0,11.6,1.24,0.025,0.005,6.96
15,2022,6,10,0,19.9,8.03,8.38,610.4,11.3,1.24,0.025,0.005,6.96
15,2022,6,10,4,19.3,7.96,7.85,614.0,11.7,1.23,0.025,0.005,6.88
15,2022,6,10,8,19.4,8.05,8.83,613.3,9.8,1.29,0.025,0.005,7.06
15,2022,6,10,12,21.7,8.2,11.11,609.3,6.4,1.26,0.025,0.005,7.11
15,2022,6,10,16,23.3,8.27,11.62,604.9,5.3,1.25,0.025,0.005,7.1
15,2022,6,10,20,22.7,8.16,9.47,613.4,6.7,1.33,0.025,0.005,7.19
15,2022,6,11,0,21.8,8.08,8.42,614.9,7.3,1.33,0.025,0.005,7.19
15,2022,6,11,4,20.7,7.99,7.84,617.3,6.7,1.27,0.025,0.005,7.0
15,2022,6,11,8,20.7,8.04,8.47,616.5,6.9,1.3,0.025,0.005,7.1
15,2022,6,11,12,21.6,8.17,10.2,612.2,5.2,1.28,0.025,0.005,6.97
15,2022,6,11,16,22.0,8.2,10.33,611.0,5.4,1.3,0.025,0.005,6.99
15,2022,6,11,20,21.6,8.11,8.75,613.9,6.8,1.34,0.025,0.005,6.91
15,2022,6,12,0,21.0,8.02,7.99,613.5,7.6,1.34,0.025,0.005,6.91
15,2022,6,12,4,20.6,7.95,7.52,614.3,8.2,1.29,0.025,0.005,6.98
15,2022,6,12,8,20.6,8.0,8.12,614.4,6.2,1.35,0.025,0.005,6.87
15,2022,6,12,12,21.0,8.11,9.41,613.6,6.1,1.26,0.025,0.005,6.9
15,2022,6,12,16,22.2,8.21,10.59,609.9,6.3,1.33,0.025,0.005,6.83
15,2022,6,12,20,21.6,8.11,8.77,606.0,6.8,1.34,0.025,0.005,6.99
15,2022,6,13,0,20.7,8.03,8.05,609.4,7.1,1.34,0.025,0.005,6.99
15,2022,6,13,4,20.0,7.97,7.65,612.1,7.4,1.3,0.025,0.005,6.87
15,2022,6,13,8,19.9,8.03,8.26,610.8,7.4,1.35,0.025,0.005,6.92
15,2022,6,13,12,20.6,8.15,9.9,605.2,5.7,1.32,0.025,0.005,6.92
15,2022,6,13,16,21.0,8.18,10.0,603.6,6.5,1.3,0.025,0.005,6.96
15,2022,6,13,20,20.9,8.13,9.13,604.3,7.4,1.33,0.025,0.005,6.74
15,2022,6,14,0,20.2,8.05,8.29,606.8,7.4,1.33,0.025,0.005,6.74
15,2022,6,14,4,19.6,7.99,7.83,610.9,6.6,1.28,0.025,0.005,6.95
15,2022,6,14,8,20.0,8.1,9.21,611.1,7.2,1.32,0.025,0.005,6.75
15,2022,6,14,12,21.9,8.2,10.66,608.8,5.1,1.34,0.025,0.005,6.85
15,2022,6,14,16,22.8,8.26,11.14,607.0,5.7,1.3,0.025,0.005,6.93
15,2022,6,14,20,22.2,8.17,9.18,605.6,8.2,1.34,0.025,0.005,6.76
15,2022,6,15,0,21.2,8.1,8.26,604.4,8.6,1.34,0.025,0.005,6.76
15,2022,6,15,4,20.7,8.03,7.73,604.2,8.1,1.33,0.025,0.005,6.64
15,2022,6,15,8,20.5,8.05,8.13,605.5,6.1,1.33,0.025,0.005,6.64
15,2022,6,15,12,21.9,8.18,10.11,603.7,6.9,1.38,0.025,0.005,6.67
15,2022,6,15,16,23.8,8.26,11.13,600.4,7.0,1.34,0.025,0.005,6.67
15,2022,6,15,20,23.5,8.18,9.19,602.1,9.1,1.37,0.025,0.005,6.77
15,2022,6,16,0,22.5,8.09,8.08,604.6,9.0,1.46,0.025,0.005,6.77
15,2022,6,16,4,22.1,8.02,7.54,605.7,9.6,1.46,0.025,0.005,6.77
15,2022,6,16,8,22.0,8.09,8.46,605.2,7.8,1.39,0.025,0.005,6.76
15,2022,6,16,12,23.5,8.22,10.42,603.6,6.7,1.45,0.025,0.005,6.76
15,2022,6,16,16,25.2,8.28,11.23,600.2,7.0,1.42,0.025,0.005,6.64
15,2022,6,16,20,24.8,8.18,9.05,602.0,8.8,1.42,0.025,0.005,6.69
15,2022,6,17,0,23.6,8.09,7.83,605.0,10.9,1.46,0.025,0.005,6.63
15,2022,6,17,4,22.9,8.01,7.31,605.4,10.6,1.46,0.025,0.005,6.63
15,2022,6,17,8,22.9,8.1,8.55,604.8,10.2,1.36,0.025,0.005,6.76
15,2022,6,17,12,24.4,8.21,10.36,602.9,6.3,1.48,0.025,0.005,6.75
15,2022,6,17,16,25.6,8.27,10.9,601.3,7.8,1.43,0.025,0.005,6.74
15,2022,6,17,20,25.2,8.16,8.72,601.8,10.2,1.36,0.025,0.005,6.68
15,2022,6,18,0,24.3,8.06,7.6,604.1,10.5,1.25,0.025,0.005,6.65
15,2022,6,18,4,23.7,7.99,7.06,605.7,11.9,1.25,0.025,0.005,6.65
15,2022,6,18,8,23.7,8.09,8.36,604.1,12.2,1.4,0.025,0.005,6.69
15,2022,6,18,12,25.5,8.21,10.41,602.8,11.0,1.49,0.025,0.005,6.68
15,2022,6,18,16,27.1,8.26,10.81,599.6,12.3,1.4,0.025,0.005,6.74
15,2022,6,18,20,26.6,8.15,8.49,601.2,14.5,1.39,0.025,0.005,6.69
15,2022,6,19,0,25.5,8.06,7.37,603.3,15.7,1.4,0.025,0.005,6.74
15,2022,6,19,4,24.8,7.99,6.89,603.6,17.6,1.4,0.025,0.005,6.74
15,2022,6,19,8,24.8,8.1,8.46,606.5,8.0,1.38,0.025,0.005,6.62
15,2022,6,19,12,26.4,8.22,10.58,600.8,6.6,1.42,0.025,0.005,6.9
15,2022,6,19,16,27.6,8.26,10.81,599.7,6.9,1.44,0.025,0.005,6.7
15,2022,6,19,20,27.0,8.13,8.37,601.7,7.6,1.4,0.025,0.005,6.62
15,2022,6,20,0,26.0,8.04,7.34,603.7,8.3,1.39,0.025,0.005,6.53
15,2022,6,20,4,25.5,7.97,6.83,604.4,9.4,1.39,0.025,0.005,6.53
15,2022,6,20,8,25.2,8.03,7.61,604.2,8.2,1.38,0.025,0.005,6.8
15,2022,6,20,12,26.7,8.18,10.03,603.4,7.5,1.52,0.025,0.005,6.7
15,2022,6,20,16,27.3,8.16,9.22,605.4,7.2,1.5,0.025,0.005,6.7
15,2022,6,20,20,26.9,8.1,8.06,605.9,8.8,1.43,0.025,0.005,6.52
15,2022,6,21,0,25.9,8.01,7.16,608.1,8.7,1.46,0.025,0.005,6.66
15,2022,6,21,4,25.3,7.96,6.79,608.6,11.4,1.46,0.025,0.005,6.66
15,2022,6,21,8,25.3,8.06,8.2,607.6,9.1,1.44,0.025,0.005,6.71
15,2022,6,21,12,26.6,8.18,10.1,606.5,7.3,1.45,0.025,0.005,6.72
15,2022,6,22,8,23.8,8.0,7.23,613.6,9.1,1.46,0.025,0.005,6.75
15,2022,6,22,12,23.5,8.05,7.97,610.9,7.5,1.47,0.025,0.005,6.69
15,2022,6,22,16,23.4,8.03,7.8,611.8,7.2,1.54,0.025,0.005,6.56
15,2022,6,22,20,23.3,8.0,7.46,610.3,9.6,1.43,0.025,0.005,6.51
15,2022,6,23,0,23.0,7.95,7.08,612.7,11.1,1.39,0.025,0.005,6.64
15,2022,6,23,4,22.5,7.94,7.01,616.4,11.4,1.39,0.025,0.005,6.64
15,2022,6,23,8,22.5,8.05,8.44,617.2,7.7,1.45,0.025,0.005,6.73
15,2022,6,23,12,24.5,8.16,10.17,614.0,9.0,1.47,0.025,0.005,6.67
15,2022,6,23,16,26.1,8.2,10.21,611.4,8.8,1.45,0.025,0.005,6.5
15,2022,7,4,12,24.2,8.11,8.76,614.9,14.6,1.33,0.025,0.005,6.53
15,2022,7,4,16,25.2,8.23,10.25,612.9,13.5,1.33,0.025,0.005,6.53
15,2022,7,11,8,24.0,8.12,8.59,601.7,16.3,1.49,0.025,0.005,6.38
15,2022,7,11,12,25.3,8.24,10.69,602.0,12.3,1.31,0.025,0.005,6.36
15,2022,7,11,16,25.8,8.26,10.25,601.9,11.1,1.69,0.025,0.005,6.47
15,2022,7,13,8,23.3,8.15,8.7,606.2,15.6,1.34,0.025,0.005,6.27
15,2022,7,13,12,25.2,8.27,10.82,602.6,13.6,1.31,0.025,0.005,6.12
15,2022,7,13,16,27.0,8.3,10.63,601.3,12.9,1.36,0.025,0.005,6.13
15,2022,7,18,12,26.5,8.09,9.94,582.3,13.7,1.14,0.025,0.005,5.82
15,2022,7,18,16,27.5,8.13,10.15,575.3,14.2,1.06,0.025,0.005,5.89
15,2022,7,19,20,25.2,8.02,8.13,579.3,14.3,1.18,0.025,0.005,5.46
15,2022,7,20,8,24.1,8.0,8.23,586.3,15.2,1.13,0.025,0.005,5.6
15,2022,7,20,12,26.1,8.12,10.47,588.7,11.8,0.92,0.025,0.005,5.6
15,2022,7,20,16,26.7,8.17,10.4,578.4,12.4,1.13,0.025,0.005,5.8
15,2022,7,21,8,24.4,7.97,8.09,600.4,11.4,1.02,0.025,0.005,5.72
15,2022,7,21,12,26.6,8.13,10.58,596.7,12.2,0.86,0.025,0.005,5.7
15,2022,7,22,8,25.4,7.99,8.5,592.4,11.6,0.81,0.025,0.005,5.66
15,2022,7,22,12,27.0,8.15,10.99,585.7,10.6,0.74,0.025,0.005,5.58
15,2022,7,22,16,26.5,8.13,10.29,585.6,9.0,0.92,0.025,0.005,5.55
15,2022,7,22,20,25.4,7.95,7.8,594.1,13.5,0.82,0.025,0.005,5.5
15,2022,7,23,0,24.4,7.85,6.85,593.9,11.1,0.94,0.025,0.005,5.54
15,2022,7,23,4,24.0,7.83,6.55,592.7,11.8,0.94,0.025,0.005,5.54
15,2022,7,23,8,24.2,7.97,8.38,587.8,11.0,0.92,0.025,0.005,5.57
15,2022,7,23,12,26.6,8.15,11.07,580.0,9.9,0.87,0.025,0.005,5.5
15,2022,7,23,16,27.5,8.15,10.74,576.4,9.2,0.92,0.025,0.005,5.42
15,2022,7,23,20,25.8,7.94,7.89,585.1,12.3,0.85,0.025,0.005,5.41
15,2022,7,24,0,24.3,7.81,6.71,591.5,9.8,0.95,0.025,0.005,5.46
15,2022,7,24,4,23.5,7.78,6.42,591.9,11.9,1.1,0.025,0.005,5.42
15,2022,7,24,8,24.4,7.97,8.99,586.5,10.6,0.73,0.025,0.005,5.43
15,2022,7,24,12,27.1,8.15,11.42,575.9,8.4,0.9,0.025,0.005,5.39
15,2022,7,24,16,27.8,8.18,11.3,570.8,9.4,0.87,0.025,0.005,5.34
15,2022,7,24,20,25.7,7.93,7.51,576.1,12.5,0.74,0.025,0.005,5.29
15,2022,7,25,0,24.2,7.81,6.48,584.8,10.4,0.91,0.025,0.005,5.37
15,2022,7,25,4,23.4,7.76,6.23,587.5,11.6,0.81,0.025,0.005,5.37
15,2022,7,25,12,26.0,8.12,11.24,571.1,9.3,0.73,0.025,0.005,5.33
15,2022,7,25,16,26.8,8.16,11.19,563.4,9.8,1.15,0.025,0.005,5.26
15,2022,7,25,20,25.5,7.91,7.8,572.0,12.6,0.87,0.025,0.005,5.22
15,2022,7,26,0,24.2,7.79,6.59,580.5,8.6,1.12,0.025,0.005,5.26
15,2022,7,26,4,23.4,7.73,6.2,583.8,11.5,1.18,0.025,0.005,5.24
15,2022,7,26,8,24.2,7.95,9.23,577.9,10.2,0.88,0.025,0.005,5.26
15,2022,7,26,12,26.7,8.16,12.2,565.9,9.4,0.93,0.025,0.005,5.17
15,2022,7,26,16,27.1,8.19,11.85,558.4,8.6,0.9,0.025,0.005,5.19
15,2022,7,26,20,25.9,7.95,7.99,566.8,12.7,0.92,0.025,0.005,5.17
15,2022,7,27,0,24.4,7.79,6.7,569.5,11.0,0.93,0.025,0.005,5.2
15,2022,7,27,4,23.7,7.73,6.09,576.4,9.7,0.81,0.025,0.005,5.14
15,2022,7,27,8,24.0,7.89,8.2,574.7,8.2,1.09,0.025,0.005,5.16
15,2022,7,27,12,25.2,8.09,10.92,565.2,9.5,0.97,0.025,0.005,5.13
15,2022,7,27,16,25.0,8.09,9.96,568.5,7.1,1.19,0.025,0.005,5.08
15,2022,7,27,20,24.1,7.9,7.58,566.6,10.3,0.97,0.025,0.005,5.08
15,2022,7,27,20,24.1,7.9,7.58,566.6,10.3,1.06,0.025,0.005,5.17
15,2022,7,28,0,23.3,7.8,6.89,572.9,10.3,1.06,0.025,0.005,5.16
15,2022,7,28,8,23.0,7.92,7.22,562.1,12.1,1.04,0.025,0.005,4.98
15,2022,11,1,12,11.0,8.12,11.87,647.1,1.2,0.87,0.025,0.005,7.03
15,2022,11,1,16,11.6,8.19,12.44,642.7,1.3,0.88,0.025,0.005,7.03
15,2022,11,2,12,10.9,8.13,12.11,644.3,1.2,0.86,0.025,0.005,7.09
15,2022,11,2,20,11.2,8.1,11.21,645.3,1.2,0.89,0.025,0.005,7.03
15,2022,11,3,0,11.0,8.02,10.48,647.4,1.3,0.87,0.025,0.005,7.02
15,2022,11,3,4,10.8,7.97,10.1,648.0,1.3,0.87,0.025,0.005,7.02
15,2022,11,3,8,10.4,8.0,10.38,649.8,1.2,0.85,0.025,0.005,7.08
15,2022,11,3,12,11.1,8.13,12.08,646.8,1.3,0.84,0.025,0.005,7.04
15,2022,11,3,16,11.6,8.2,12.67,642.6,1.1,0.84,0.025,0.005,7.05
15,2022,11,3,20,11.0,8.13,11.43,645.7,1.3,0.88,0.025,0.005,6.98
15,2022,11,4,0,9.9,8.04,10.65,650.5,1.0,0.88,0.025,0.005,7.14
15,2022,11,4,4,9.2,7.99,10.3,653.9,1.3,0.88,0.025,0.005,7.14
15,2022,11,4,8,8.7,8.01,10.58,655.2,1.3,0.82,0.025,0.005,7.05
15,2022,11,4,12,9.6,8.13,12.17,651.9,1.2,0.85,0.025,0.005,7.04
15,2022,11,4,16,10.3,8.19,12.79,647.1,1.1,0.88,0.025,0.005,7.02
15,2022,11,4,20,10.0,8.12,11.55,649.5,1.2,0.88,0.025,0.005,7.02
15,2022,11,5,0,9.0,8.04,10.89,653.3,1.1,0.88,0.025,0.005,7.07
15,2022,11,5,4,8.4,7.99,10.52,655.8,1.2,0.88,0.025,0.005,7.07
15,2022,11,5,8,7.8,8.01,10.8,659.3,1.3,0.84,0.025,0.005,7.12
15,2022,11,5,12,8.7,8.13,12.31,655.8,1.2,0.88,0.025,0.005,7.1
15,2022,11,5,16,9.5,8.19,12.87,651.7,1.2,0.87,0.025,0.005,7.1
15,2022,11,5,20,9.3,8.12,11.69,653.9,1.2,0.72,0.025,0.005,7.11
15,2022,11,6,0,8.6,8.05,10.98,656.3,1.0,0.82,0.025,0.005,7.13
15,2022,11,6,4,8.2,8.0,10.65,658.5,1.1,0.82,0.025,0.005,7.13
15,2022,11,6,8,8.1,8.01,10.88,659.9,1.2,0.86,0.025,0.005,7.16
15,2022,11,6,12,8.6,8.14,12.49,656.9,1.0,0.86,0.025,0.005,7.15
15,2022,11,6,16,9.3,8.21,13.12,652.7,1.1,0.85,0.025,0.005,7.16
15,2022,11,6,20,9.3,8.14,11.86,654.0,1.1,0.75,0.025,0.005,7.14
15,2022,11,7,0,8.8,8.05,10.99,656.0,1.2,0.99,0.025,0.005,7.15
15,2022,11,7,4,8.4,7.99,10.6,657.7,1.0,0.99,0.025,0.005,7.15
15,2022,11,7,8,8.2,8.02,10.84,659.1,1.3,0.81,0.025,0.005,7.2
15,2022,11,7,12,9.0,8.15,12.47,655.5,1.1,0.8,0.025,0.005,7.22
15,2022,11,7,16,9.8,8.22,13.06,651.4,1.1,0.81,0.025,0.005,7.15
15,2022,11,7,20,9.5,8.14,11.83,652.9,1.0,1.03,0.025,0.005,7.13
15,2022,11,8,0,8.6,8.06,11.05,657.1,1.0,0.81,0.025,0.005,7.19
15,2022,11,8,4,8.0,8.01,10.65,658.9,1.1,0.81,0.025,0.005,7.19
15,2022,11,8,8,7.6,8.03,10.96,661.8,1.8,0.81,0.025,0.005,7.21
15,2022,11,8,12,8.4,8.16,12.65,657.6,1.0,0.8,0.025,0.005,7.25
15,2022,11,8,16,9.0,8.23,13.24,654.7,1.0,1.11,0.025,0.005,7.2
15,2022,11,8,20,8.9,8.15,12.0,655.2,1.1,0.83,0.025,0.005,7.2
15,2022,11,9,0,8.3,8.06,11.15,659.0,1.1,0.81,0.025,0.005,7.25
15,2022,11,9,4,8.0,8.0,10.7,661.4,1.0,0.81,0.025,0.005,7.25
15,2022,11,9,8,7.7,8.03,10.97,663.3,1.3,0.83,0.025,0.005,7.22
15,2022,11,9,12,8.4,8.17,12.65,659.0,1.0,0.87,0.025,0.005,7.24
15,2022,11,9,16,9.0,8.21,13.01,656.6,0.8,0.7,0.025,0.005,7.23
15,2022,11,9,20,9.2,8.14,11.9,656.1,1.1,0.88,0.025,0.005,7.22
15,2022,11,10,0,9.1,8.04,10.98,657.3,1.0,0.81,0.025,0.005,7.24
15,2022,11,10,4,9.2,7.98,10.53,658.0,1.1,0.81,0.025,0.005,7.24
15,2022,11,10,8,9.1,8.01,10.79,658.6,1.0,0.82,0.025,0.005,7.22
15,2022,11,10,12,10.0,8.17,12.79,653.9,0.9,0.89,0.025,0.005,7.24
15,2022,11,10,16,10.7,8.26,13.6,648.8,1.1,0.84,0.025,0.005,7.2
15,2022,11,10,20,10.8,8.17,12.1,650.1,1.2,0.89,0.025,0.005,7.19
15,2022,11,11,0,10.6,8.06,10.93,653.8,1.1,0.86,0.025,0.005,7.21
15,2022,11,11,4,10.7,7.99,10.44,653.7,1.1,0.86,0.025,0.005,7.21
15,2022,11,11,8,10.8,7.98,10.21,654.7,1.9,0.82,0.025,0.005,7.27
15,2022,11,11,12,10.9,8.01,10.48,656.1,1.1,0.91,0.025,0.005,7.3
15,2022,11,11,16,10.9,8.0,10.42,657.8,1.4,0.94,0.025,0.005,7.35
15,2022,11,11,20,11.0,7.96,10.01,653.7,1.4,1.01,0.025,0.005,7.38
15,2022,11,12,0,11.1,7.92,9.65,646.1,1.4,1.14,0.025,0.005,7.34
15,2022,11,12,4,11.1,7.9,9.52,643.5,1.8,1.14,0.025,0.005,7.34
15,2022,11,12,8,10.7,7.92,9.68,647.7,1.4,1.16,0.025,0.005,7.27
15,2022,11,12,12,10.7,8.1,11.76,647.5,1.4,1.14,0.025,0.005,7.33
15,2022,11,12,16,10.6,8.23,12.75,646.7,1.6,1.08,0.025,0.005,7.33
15,2022,11,12,20,9.7,8.15,11.54,650.5,1.6,1.12,0.025,0.005,7.36
15,2022,11,13,0,9.0,8.04,10.69,654.7,1.4,1.13,0.025,0.005,7.35
15,2022,11,13,4,8.4,8.0,10.48,657.2,1.5,1.13,0.025,0.005,7.35
15,2022,11,13,8,7.9,8.0,10.63,661.4,1.4,1.12,0.025,0.005,7.39
15,2022,11,13,12,8.5,8.13,12.29,658.2,1.3,1.16,0.025,0.005,7.38
15,2022,11,13,16,9.2,8.23,13.06,653.9,1.8,1.2,0.025,0.005,7.4
15,2022,11,13,20,8.7,8.16,11.93,656.4,1.3,1.18,0.025,0.005,7.42
15,2022,11,14,0,7.9,8.05,11.02,660.3,1.1,1.11,0.025,0.005,7.33
15,2022,11,14,4,7.4,8.02,10.81,664.0,1.2,1.11,0.025,0.005,7.33
15,2022,11,14,8,6.9,8.02,10.9,667.4,1.1,1.1,0.025,0.005,7.33
15,2022,11,14,12,7.5,8.14,12.4,664.1,1.1,1.03,0.025,0.005,7.3
15,2022,11,14,16,8.3,8.25,13.24,659.2,1.1,1.0,0.025,0.005,7.34
15,2022,11,14,16,8.3,8.25,13.24,659.2,1.1,1.0,0.025,0.005,7.34
15,2022,11,14,20,8.1,8.17,12.05,659.9,1.3,0.96,0.025,0.005,7.33
15,2022,11,15,0,7.5,8.06,11.14,664.4,1.1,0.96,0.025,0.005,7.33
15,2022,11,15,4,7.1,8.02,10.81,666.8,1.0,0.92,0.025,0.005,7.34
15,2022,11,15,8,6.7,8.03,10.98,669.2,1.1,0.92,0.025,0.005,7.34
15,2022,11,15,12,7.6,8.15,12.49,664.3,1.2,0.89,0.025,0.005,7.36
15,2022,11,15,16,8.4,8.25,13.28,658.3,1.1,0.93,0.025,0.005,7.38
15,2022,11,16,12,7.2,8.18,12.74,667.1,1.0,0.84,0.025,0.005,7.4
15,2022,11,16,16,7.9,8.28,13.57,661.8,0.8,0.86,0.025,0.005,7.39
15,2022,11,16,20,7.7,8.21,12.38,663.2,1.0,0.86,0.025,0.005,7.43
15,2022,11,17,0,7.1,8.09,11.38,668.2,0.8,0.86,0.025,0.005,7.45
15,2022,11,17,4,6.8,8.05,11.0,671.4,0.8,0.84,0.025,0.005,7.49
15,2022,11,17,8,6.4,8.06,11.18,674.3,1.2,0.8,0.025,0.005,7.44
15,2022,11,17,12,7.2,8.19,12.78,670.4,0.8,0.91,0.025,0.005,7.49
15,2022,11,17,16,7.9,8.29,13.7,664.5,1.0,0.84,0.025,0.005,7.47
15,2022,11,17,20,7.7,8.22,12.47,666.0,0.9,0.81,0.025,0.005,7.49
15,2022,11,18,0,7.2,8.1,11.42,671.0,0.8,0.82,0.025,0.005,7.49
15,2022,11,18,4,7.0,8.06,11.09,672.6,0.8,0.8,0.025,0.005,7.55
15,2022,11,18,8,6.8,8.07,11.2,674.7,1.0,0.72,0.025,0.005,7.57
15,2022,11,18,12,7.3,8.2,12.88,671.2,0.9,0.84,0.025,0.005,7.58
15,2022,11,18,16,7.8,8.29,13.72,666.0,1.4,0.84,0.025,0.005,7.54
15,2022,11,18,20,7.9,8.22,12.56,667.4,0.9,0.8,0.025,0.005,7.61
15,2022,11,19,0,7.8,8.09,11.41,670.0,0.9,0.8,0.025,0.005,7.6
15,2022,11,19,4,8.0,8.05,10.98,670.0,0.9,0.96,0.025,0.005,7.61
15,2022,11,19,8,8.1,8.03,10.87,671.5,0.9,0.8,0.025,0.005,7.61
15,2022,11,19,12,8.7,8.19,12.76,667.8,1.6,0.72,0.025,0.005,7.6
15,2022,11,19,16,9.2,8.29,13.72,662.9,1.5,0.73,0.025,0.005,7.66
15,2022,11,19,20,9.0,8.23,12.43,664.2,1.1,0.78,0.025,0.005,7.67
15,2022,11,20,0,8.3,8.09,11.17,669.1,0.8,1.09,0.025,0.005,7.63
15,2022,11,20,4,8.0,8.05,10.73,671.0,1.0,0.82,0.025,0.005,7.66
15,2022,11,20,8,7.8,8.05,10.77,673.2,1.2,1.04,0.025,0.005,7.64
15,2022,11,20,12,7.9,8.13,11.72,672.5,1.9,0.88,0.025,0.005,7.65
15,2022,11,20,16,8.0,8.18,12.06,671.1,3.6,0.8,0.025,0.005,7.65
15,2022,11,20,20,8.0,8.12,11.32,672.8,1.7,0.86,0.025,0.005,7.7
15,2022,11,21,0,8.0,8.04,10.72,673.6,1.2,1.12,0.025,0.005,7.68
15,2022,11,21,4,7.9,8.02,10.52,675.0,1.3,1.12,0.025,0.005,7.68
15,2022,11,21,12,8.1,8.16,12.45,673.2,1.2,0.97,0.025,0.005,7.69
15,2022,11,21,16,8.6,8.28,13.52,668.4,1.2,1.0,0.025,0.005,7.71
15,2022,11,21,20,8.2,8.23,12.39,669.6,1.3,1.15,0.025,0.005,7.71
15,2022,11,22,0,7.6,8.11,11.31,673.8,1.1,1.15,0.025,0.005,7.71
15,2022,11,22,4,7.3,8.07,10.98,676.8,1.1,0.83,0.025,0.005,7.73
15,2022,11,22,8,7.1,8.06,10.92,678.4,1.4,0.99,0.025,0.005,7.73
15,2022,11,22,12,7.2,8.14,11.94,677.7,1.2,0.87,0.025,0.005,7.75
15,2022,11,22,16,7.6,8.22,12.67,673.8,1.9,0.85,0.025,0.005,7.75
15,2022,11,22,20,7.5,8.18,11.87,674.0,1.3,0.94,0.025,0.005,7.72
15,2022,11,23,0,7.5,8.08,11.09,676.3,1.1,0.94,0.025,0.005,7.72
15,2022,11,23,4,7.2,8.04,10.79,679.0,1.1,0.78,0.025,0.005,7.73
15,2022,11,23,8,6.8,8.05,10.96,681.1,0.9,1.12,0.025,0.005,7.78
15,2022,11,23,12,7.4,8.18,12.61,676.8,1.1,0.87,0.025,0.005,7.72
15,2022,11,23,16,7.9,8.29,13.54,671.6,0.9,1.16,0.025,0.005,7.74
15,2022,11,23,20,7.6,8.23,12.39,672.4,1.1,0.91,0.025,0.005,7.73
15,2022,11,24,0,7.0,8.11,11.42,678.2,1.0,0.91,0.025,0.005,7.73
15,2022,11,24,4,6.9,8.08,11.03,679.3,1.0,0.8,0.025,0.005,7.77
15,2022,11,24,8,7.0,8.07,10.96,678.9,1.0,1.09,0.025,0.005,7.76
15,2022,11,24,12,7.1,8.13,11.68,679.5,1.2,0.77,0.025,0.005,7.81
15,2022,11,24,16,7.4,8.21,12.54,676.7,1.1,1.16,0.025,0.005,7.75
15,2022,11,24,20,7.5,8.17,11.81,677.2,1.0,1.09,0.025,0.005,7.81
15,2022,11,25,0,7.6,8.08,11.03,678.1,1.0,1.09,0.025,0.005,7.81
15,2022,11,25,4,7.5,8.04,10.68,679.5,0.9,0.96,0.025,0.005,7.81
15,2022,11,25,8,7.2,8.05,10.76,681.2,1.0,0.99,0.025,0.005,7.8
15,2022,11,25,12,7.7,8.18,12.34,678.4,1.2,0.86,0.025,0.005,7.82
15,2022,11,25,12,7.7,8.18,12.34,678.4,1.2,0.86,0.025,0.005,7.82
15,2022,11,25,16,8.0,8.29,13.22,674.0,1.2,0.8,0.025,0.005,7.85
15,2022,11,25,20,7.5,8.24,12.26,676.0,1.2,1.15,0.025,0.005,7.85
15,2022,11,26,0,6.8,8.13,11.32,681.5,1.1,1.15,0.025,0.005,7.85
15,2022,11,26,4,6.2,8.09,11.02,685.9,1.2,0.88,0.025,0.005,7.86
15,2022,11,26,8,5.6,8.09,11.1,688.4,1.0,0.84,0.025,0.005,7.87
15,2022,11,26,12,6.0,8.18,12.35,687.7,1.3,1.07,0.025,0.005,7.9
15,2022,11,26,16,6.2,8.26,13.15,683.3,1.1,1.07,0.025,0.005,7.9
15,2022,11,28,8,5.6,8.09,11.12,691.7,0.9,0.71,0.025,0.005,7.89
15,2022,11,28,12,6.0,8.18,12.36,689.0,1.3,1.08,0.025,0.005,7.94
15,2022,11,28,16,6.4,8.25,13.02,685.6,1.0,1.07,0.025,0.005,7.92
15,2022,11,29,8,3.3,8.11,11.46,705.8,1.3,0.79,0.025,0.005,7.98
15,2022,11,29,12,3.5,8.18,12.49,705.5,1.8,0.79,0.025,0.005,7.98
15,2022,11,29,16,3.2,8.24,13.09,704.9,1.4,0.77,0.025,0.005,7.96
15,2022,11,29,16,3.2,8.24,13.09,704.9,1.4,0.77,0.025,0.005,7.96
15,2022,11,29,16,3.2,8.24,13.09,704.9,1.4,0.77,0.025,0.005,7.96
15,2022,11,29,20,2.3,8.22,12.65,713.6,1.1,1.06,0.025,0.005,7.99
15,2022,11,30,0,1.5,8.15,12.28,722.0,1.1,1.0,0.025,0.005,7.99
15,2022,11,30,4,1.1,8.12,12.09,727.0,1.0,1.0,0.025,0.005,7.99
15,2022,11,30,8,0.6,8.12,12.25,734.4,1.2,1.12,0.025,0.005,8.04
15,2022,11,30,12,1.4,8.17,12.92,729.4,1.8,1.03,0.025,0.005,8.04
15,2022,11,30,16,1.8,8.2,13.27,723.1,2.1,0.86,0.025,0.005,8.07
15,2022,11,30,20,1.7,8.19,12.88,723.6,1.2,1.16,0.025,0.005,8.09
15,2022,12,1,0,1.3,8.14,12.51,728.6,1.0,0.84,0.025,0.005,8.05
15,2022,12,1,4,0.7,8.09,12.26,737.6,1.8,0.84,0.025,0.005,8.05
15,2022,12,1,8,0.4,8.09,12.29,744.5,2.6,0.7,0.025,0.005,8.07
15,2022,12,1,12,1.2,8.15,12.94,739.7,1.8,0.7,0.025,0.005,8.07
15,2022,12,1,16,1.6,8.19,13.28,734.2,4.1,0.97,0.025,0.005,8.1
15,2022,12,1,16,1.6,8.19,13.28,734.2,4.1,0.97,0.025,0.005,8.1
15,2022,12,2,0,0.9,8.12,12.45,743.4,1.4,0.97,0.025,0.005,8.1
15,2022,12,2,4,0.6,8.09,12.3,748.1,1.4,0.97,0.025,0.005,8.1
15,2022,12,2,8,0.6,8.1,12.36,752.3,1.3,0.77,0.025,0.005,8.24
15,2022,12,2,12,1.0,8.15,12.94,750.5,4.4,0.72,0.025,0.005,8.29
15,2022,12,2,16,1.4,8.19,12.84,743.8,3.0,1.16,0.025,0.005,8.23
15,2022,12,2,20,1.3,8.18,12.86,744.2,1.4,1.11,0.025,0.005,8.27
15,2022,12,3,0,1.0,8.12,12.39,749.5,1.6,1.11,0.025,0.005,8.27
15,2022,12,3,4,0.8,8.08,12.11,751.8,1.4,1.18,0.025,0.005,8.28
15,2022,12,3,8,0.6,8.09,12.18,755.5,2.9,0.72,0.025,0.005,8.33
15,2022,12,3,12,1.2,8.14,12.83,751.6,2.1,0.94,0.025,0.005,8.32
15,2022,12,3,16,1.7,8.19,13.09,745.6,1.9,1.08,0.025,0.005,8.33
15,2022,12,3,20,1.6,8.18,12.85,746.1,1.7,0.96,0.025,0.005,8.31
15,2022,12,4,0,1.0,8.13,12.45,754.3,1.9,0.96,0.025,0.005,8.31
15,2022,12,4,4,0.6,8.1,12.21,760.4,1.5,0.86,0.025,0.005,8.34
15,2022,12,4,8,0.4,8.1,12.31,764.8,2.4,0.75,0.025,0.005,8.42
15,2022,12,4,12,1.1,8.01,12.88,760.7,4.1,0.75,0.025,0.005,8.42
15,2022,12,4,16,1.9,8.06,13.26,737.9,2.9,1.13,0.025,0.005,8.31
15,2022,12,4,20,1.7,8.06,12.93,741.0,2.1,0.77,0.025,0.005,8.63
15,2022,12,5,0,1.3,8.0,12.52,747.8,1.5,0.77,0.025,0.005,8.63
15,2022,12,5,4,0.8,7.96,12.25,752.3,1.5,0.74,0.025,0.005,8.49
15,2022,12,5,8,0.7,7.97,12.35,758.4,2.3,0.98,0.025,0.005,8.52
15,2022,12,5,12,1.3,8.03,12.93,752.7,2.6,0.95,0.025,0.005,8.55
15,2022,12,5,16,1.8,8.07,13.22,744.9,2.2,1.08,0.025,0.005,8.53
15,2022,12,5,20,1.7,8.07,12.91,746.1,1.9,1.14,0.025,0.005,8.51
15,2022,12,6,0,1.2,8.02,12.47,752.0,1.7,1.14,0.025,0.005,8.51
15,2022,12,6,4,0.8,7.97,12.22,756.8,1.5,1.07,0.025,0.005,8.54
15,2022,12,6,8,0.6,7.98,12.3,761.8,3.4,1.12,0.025,0.005,8.59
15,2022,12,6,12,1.3,8.03,12.82,755.7,2.5,0.81,0.025,0.005,8.49
15,2022,12,6,16,1.7,8.07,13.1,748.9,2.6,0.98,0.025,0.005,8.5
15,2022,12,6,20,1.5,8.08,12.87,749.6,1.8,1.14,0.025,0.005,8.59
15,2022,12,7,0,1.2,8.02,12.39,753.8,1.4,1.14,0.025,0.005,8.59
15,2022,12,7,4,0.8,7.98,12.16,758.0,1.5,1.01,0.025,0.005,8.56
15,2022,12,7,8,0.7,7.98,12.31,762.0,4.4,1.05,0.025,0.005,8.63
15,2022,12,7,12,1.1,8.04,12.78,757.8,2.7,0.95,0.025,0.005,8.63
15,2022,12,7,16,1.5,8.08,13.08,752.1,2.6,1.0,0.025,0.005,8.59
15,2022,12,7,20,1.4,8.08,12.85,753.4,1.6,1.1,0.025,0.005,8.58
15,2022,12,8,0,1.5,8.02,12.38,753.6,1.7,1.1,0.025,0.005,8.58
15,2022,12,8,4,1.5,7.98,12.11,752.4,1.8,1.09,0.025,0.005,8.6
15,2022,12,8,8,1.4,7.99,12.09,753.6,1.6,1.03,0.025,0.005,8.65
15,2022,12,8,12,2.2,8.06,12.73,748.6,2.1,1.13,0.025,0.005,8.66
15,2022,12,8,16,2.7,8.11,13.12,742.2,2.0,1.07,0.025,0.005,8.63
15,2022,12,8,20,2.6,8.1,12.74,743.2,1.6,1.1,0.025,0.005,8.65
15,2022,12,9,0,2.0,8.04,12.29,748.7,1.8,1.1,0.025,0.005,8.65
15,2022,12,9,4,1.6,7.99,12.0,753.0,1.7,0.77,0.025,0.005,8.66
15,2022,12,9,8,1.3,8.0,12.05,755.6,2.5,0.75,0.025,0.005,8.67
15,2022,12,9,12,2.0,8.06,12.72,750.2,2.1,0.75,0.025,0.005,8.7
15,2022,12,9,16,2.5,8.12,13.13,743.8,1.8,1.06,0.025,0.005,8.73
15,2022,12,9,20,2.7,8.11,12.76,743.0,1.6,0.82,0.025,0.005,8.68
15,2022,12,10,0,2.4,8.04,12.18,745.5,1.6,0.82,0.025,0.005,8.68
15,2022,12,10,4,2.1,8.0,11.89,747.9,1.8,0.72,0.025,0.005,8.67
15,2022,12,10,8,1.9,8.0,11.92,750.8,1.7,0.74,0.025,0.005,8.74
15,2022,12,10,12,2.4,8.07,12.62,747.4,1.9,1.11,0.025,0.005,8.8
15,2022,12,10,16,2.7,8.13,13.05,745.3,2.1,0.91,0.025,0.005,8.79
15,2022,12,10,20,2.5,8.12,12.76,746.4,1.6,0.87,0.025,0.005,8.82
15,2022,12,11,0,1.9,8.06,12.36,752.1,1.8,0.87,0.025,0.005,8.82
15,2022,12,11,4,1.5,8.01,12.07,756.4,1.5,1.1,0.025,0.005,8.79
15,2022,12,11,8,1.2,8.0,12.07,760.2,1.7,1.1,0.025,0.005,8.8
15,2022,12,11,12,1.9,8.07,12.84,756.0,1.7,1.0,0.025,0.005,8.85
15,2022,12,11,16,2.4,8.12,13.11,748.7,1.5,1.14,0.025,0.005,8.85
15,2022,12,11,20,2.5,8.12,12.84,749.7,1.5,0.99,0.025,0.005,8.81
15,2022,12,12,0,2.3,8.05,12.31,749.9,1.2,0.99,0.025,0.005,8.81
15,2022,12,12,4,1.8,7.99,11.93,754.1,1.8,0.7,0.025,0.005,8.84
15,2022,12,12,8,1.9,7.99,11.86,754.7,1.4,0.97,0.025,0.005,8.83
15,2022,12,12,12,2.3,8.02,12.6,751.5,2.3,1.15,0.025,0.005,8.93
15,2022,12,12,16,2.7,8.09,13.06,748.0,1.9,0.82,0.025,0.005,8.91
15,2022,12,12,20,2.4,8.08,12.76,748.9,1.5,0.82,0.025,0.005,8.88
15,2022,12,13,0,2.0,8.02,12.29,753.5,1.8,0.82,0.025,0.005,8.88
15,2022,12,13,4,1.5,7.96,11.98,758.1,2.7,0.87,0.025,0.005,8.92
15,2022,12,13,8,1.1,7.97,12.01,763.3,1.7,0.99,0.025,0.005,8.93
15,2022,12,13,12,1.6,8.02,12.71,759.1,1.7,0.7,0.025,0.005,8.94
15,2022,12,13,16,1.6,8.08,13.19,757.4,1.8,1.04,0.025,0.005,8.98
15,2022,12,13,20,1.2,8.08,12.96,760.9,1.4,0.84,0.025,0.005,8.91
15,2022,12,14,0,0.7,8.02,12.63,766.9,3.0,0.84,0.025,0.005,8.91
15,2022,12,14,4,0.6,7.97,12.31,772.9,5.1,0.94,0.025,0.005,9.01
15,2022,12,14,8,0.4,7.95,12.34,778.9,3.1,0.8,0.025,0.005,9.09
15,2022,12,14,12,1.0,8.0,12.87,773.1,2.4,0.77,0.025,0.005,9.09
15,2022,12,14,16,1.0,8.04,13.21,773.2,1.9,0.89,0.025,0.005,9.08
15,2022,12,14,20,0.9,8.04,13.02,770.7,1.6,0.96,0.025,0.005,9.04
15,2022,12,15,0,0.7,8.0,12.63,775.8,2.7,0.96,0.025,0.005,9.04
15,2022,12,15,4,0.6,7.94,12.29,779.6,3.2,1.16,0.025,0.005,9.1
15,2022,12,15,8,0.7,7.94,12.34,783.3,2.1,0.87,0.025,0.005,9.12
15,2022,12,15,12,0.9,7.99,12.8,781.2,1.6,1.17,0.025,0.005,9.19
15,2022,12,15,16,1.0,8.04,13.25,779.9,1.2,0.9,0.025,0.005,9.17
15,2022,12,15,20,0.8,8.04,13.09,782.5,1.3,1.16,0.025,0.005,9.18
15,2022,12,16,0,0.6,8.0,12.74,787.8,1.8,1.16,0.025,0.005,9.18
15,2022,12,16,4,0.6,7.95,12.48,790.4,1.4,1.0,0.025,0.005,9.26
15,2022,12,16,8,0.6,7.94,12.47,791.1,1.5,1.17,0.025,0.005,9.23
15,2022,12,16,12,1.1,7.97,12.83,782.6,2.2,0.78,0.025,0.005,9.13
15,2022,12,16,16,1.1,8.03,13.29,785.8,2.3,0.84,0.025,0.005,9.23
15,2022,12,16,20,0.9,8.03,13.1,782.8,2.3,0.77,0.025,0.005,9.2
15,2022,12,17,0,0.7,8.0,12.77,786.1,4.4,0.77,0.025,0.005,9.2
15,2022,12,17,4,0.6,7.94,12.38,789.0,2.9,0.74,0.025,0.005,9.2
15,2022,12,17,8,0.5,7.94,12.45,792.9,2.7,0.96,0.025,0.005,9.23
15,2022,12,17,12,1.0,7.99,12.94,785.8,2.4,0.72,0.025,0.005,9.2
15,2022,12,17,16,1.1,8.03,13.29,781.6,2.2,1.01,0.025,0.005,9.17
15,2022,12,17,20,0.8,8.04,13.12,782.8,1.4,0.71,0.025,0.005,9.13
15,2022,12,18,0,0.6,8.0,12.75,788.9,2.9,0.71,0.025,0.005,9.13
15,2022,12,18,4,0.6,7.94,12.4,792.9,2.9,1.18,0.025,0.005,9.18
15,2022,12,18,8,0.6,7.93,12.36,792.6,1.5,1.0,0.025,0.005,9.21
15,2022,12,18,12,1.1,7.98,12.83,788.0,2.0,0.95,0.025,0.005,9.25
15,2022,12,18,16,1.0,8.03,13.2,788.9,1.8,1.07,0.025,0.005,9.24
15,2022,12,18,20,0.8,8.03,13.01,785.6,2.0,0.91,0.025,0.005,9.14
15,2022,12,19,0,0.6,7.99,12.64,790.2,2.9,0.91,0.025,0.005,9.14
15,2022,12,19,4,0.6,7.93,12.29,793.3,4.8,1.13,0.025,0.005,9.3
15,2022,12,19,8,0.6,7.93,12.26,794.1,6.9,1.13,0.025,0.013,9.27
15,2022,12,19,12,1.1,7.98,12.76,785.9,2.3,0.76,0.025,0.005,9.15
15,2022,12,19,16,1.2,8.03,13.09,783.7,2.1,1.15,0.025,0.005,9.2
15,2022,12,19,20,0.9,8.03,12.96,781.5,1.5,0.71,0.025,0.005,9.12
15,2022,12,20,0,0.7,8.0,12.57,786.0,3.7,0.71,0.025,0.005,9.12
15,2022,12,20,4,0.6,7.94,12.21,789.7,5.7,0.75,0.025,0.005,9.23
15,2022,12,20,8,0.7,7.93,12.15,788.2,5.9,0.91,0.025,0.005,9.23
15,2022,12,20,12,1.2,7.99,12.73,783.1,1.9,0.84,0.025,0.005,9.02
15,2022,12,20,16,1.3,8.04,13.12,778.8,1.9,0.86,0.025,0.005,8.99
15,2022,12,20,20,1.0,8.04,12.94,777.5,1.3,0.88,0.025,0.005,9.06
15,2022,12,21,0,0.8,8.01,12.54,781.4,4.0,0.88,0.025,0.005,9.06
15,2022,12,21,4,0.7,7.95,12.13,784.3,4.4,1.03,0.025,0.005,9.05
15,2022,12,21,8,0.6,7.94,12.06,784.8,4.7,0.94,0.025,0.005,9.18
15,2022,12,21,12,1.3,8.0,12.67,778.1,1.7,1.07,0.025,0.005,8.94
15,2022,12,21,16,1.2,8.05,13.01,775.9,1.4,1.02,0.025,0.005,8.82
15,2022,12,21,20,0.9,8.05,12.88,776.9,1.3,1.08,0.025,0.005,9.09
15,2022,12,22,0,0.7,8.01,12.52,782.5,4.1,1.08,0.025,0.005,9.09
15,2022,12,22,4,0.6,7.96,12.19,786.4,5.5,0.93,0.025,0.005,9.17
15,2022,12,22,8,0.6,7.95,12.18,786.3,3.6,0.89,0.025,0.005,9.06
15,2022,12,22,8,0.6,7.95,12.18,786.3,3.6,0.89,0.025,0.005,9.06
15,2022,12,22,12,1.0,8.01,12.75,782.3,2.3,0.76,0.025,0.005,8.91
15,2022,12,22,12,1.0,8.01,12.75,782.3,2.3,0.76,0.025,0.005,8.91
15,2022,12,22,16,1.1,8.05,13.1,778.6,1.6,1.06,0.025,0.005,8.96
15,2022,12,22,20,0.8,8.06,13.03,778.4,1.3,0.93,0.025,0.005,8.62
15,2022,12,23,0,0.6,8.02,12.66,785.2,4.8,0.93,0.025,0.005,8.62
15,2022,12,23,4,0.6,7.96,12.35,787.4,4.0,0.73,0.025,0.005,9.01
15,2022,12,23,8,0.6,7.95,12.26,787.1,5.7,0.87,0.025,0.005,8.97
15,2022,12,23,12,1.1,7.98,12.71,781.0,3.0,1.19,0.025,0.005,9.02
15,2022,12,23,16,0.9,8.04,13.17,786.1,1.5,1.06,0.025,0.005,8.95
15,2022,12,23,20,0.8,8.05,13.12,781.6,1.4,1.13,0.025,0.005,9.13
15,2022,12,24,0,0.6,8.01,12.77,787.2,3.1,1.13,0.025,0.005,9.13
15,2022,12,24,4,0.6,7.95,12.39,788.8,3.3,0.75,0.025,0.005,9.03
15,2022,12,24,8,0.6,7.94,12.34,787.7,4.7,1.15,0.025,0.005,8.95
15,2022,12,24,12,1.0,8.0,12.82,784.7,1.4,1.14,0.025,0.005,9.11
15,2022,12,24,16,1.2,8.04,13.16,778.8,1.3,0.87,0.025,0.005,9.05
15,2022,12,24,20,0.9,8.05,13.06,777.7,1.0,1.1,0.025,0.005,8.94
15,2022,12,25,0,0.7,8.01,12.67,783.5,6.8,1.1,0.025,0.005,8.94
15,2022,12,25,4,0.6,7.95,12.36,787.8,1.3,0.92,0.025,0.005,9.06
15,2022,12,25,8,0.7,7.95,12.26,786.5,3.1,0.7,0.025,0.005,9.06
15,2022,12,25,12,1.0,8.0,12.83,785.7,1.3,0.74,0.025,0.005,9.26
15,2022,12,25,16,1.2,8.05,13.16,779.2,2.1,0.93,0.025,0.005,9.04
15,2022,12,25,20,0.8,8.06,13.07,780.8,1.1,1.17,0.025,0.005,9.11
15,2022,12,26,0,0.6,8.01,12.71,786.5,1.2,1.17,0.025,0.005,9.11
15,2022,12,26,4,0.6,7.96,12.36,788.4,1.2,1.08,0.025,0.005,8.98
15,2022,12,26,8,0.6,7.94,12.34,788.2,1.8,0.87,0.025,0.005,9.25
15,2022,12,26,12,1.1,7.99,12.77,784.8,2.4,1.15,0.025,0.005,9.05
15,2022,12,26,16,1.1,8.04,13.17,784.2,1.8,0.74,0.025,0.005,9.14
15,2022,12,26,20,0.8,8.05,13.08,779.4,1.1,1.08,0.025,0.005,8.85
15,2022,12,27,0,0.6,8.01,12.7,784.9,4.6,1.08,0.025,0.005,8.85
15,2022,12,27,4,0.6,7.95,12.32,789.2,3.5,0.96,0.025,0.005,9.14
15,2022,12,27,8,0.5,7.94,12.27,791.5,5.5,0.82,0.025,0.005,9.2
15,2022,12,27,12,1.0,7.99,12.7,784.6,1.8,1.05,0.025,0.005,9.17
15,2022,12,27,16,1.0,8.04,13.16,783.8,2.2,0.96,0.025,0.005,8.88
15,2022,12,27,20,0.8,8.05,13.1,783.7,0.9,0.9,0.025,0.005,9.08
15,2022,12,28,0,0.6,8.02,12.74,790.6,1.2,0.9,0.025,0.005,9.08
15,2022,12,28,4,0.6,7.95,12.36,793.8,0.8,0.98,0.025,0.005,9.08
15,2022,12,28,8,0.4,7.95,11.86,794.2,1.9,0.9,0.025,0.005,8.97
15,2022,12,28,12,1.1,7.98,12.76,786.6,1.5,0.75,0.025,0.005,9.15
15,2022,12,28,16,1.0,8.03,13.2,792.0,2.7,0.78,0.025,0.005,8.93
15,2022,12,28,20,0.7,8.04,13.04,788.7,1.2,0.87,0.025,0.005,9.19
15,2022,12,29,0,0.6,8.01,12.74,793.2,1.3,0.87,0.025,0.005,9.19
15,2022,12,29,4,0.6,7.95,12.36,795.6,1.5,0.89,0.025,0.005,9.31
15,2022,12,29,8,0.6,7.94,12.36,795.9,1.2,0.85,0.025,0.005,9.3
15,2022,12,29,12,1.0,7.98,12.74,790.8,1.5,0.84,0.025,0.005,9.23
15,2022,12,29,16,1.0,8.03,13.16,792.2,1.3,1.0,0.025,0.005,9.28
15,2022,12,29,20,0.8,8.04,13.1,788.7,0.9,0.83,0.025,0.005,9.24
15,2022,12,30,0,0.6,8.01,12.75,793.5,1.3,0.83,0.025,0.005,9.24
15,2022,12,30,4,0.6,7.95,12.4,797.3,1.3,1.02,0.025,0.005,9.34
15,2022,12,30,8,0.5,7.94,12.36,796.7,1.4,0.96,0.025,0.005,9.33
15,2022,12,30,12,1.1,7.98,12.73,790.5,1.8,0.77,0.025,0.005,9.13
15,2022,12,30,16,1.0,8.03,13.13,792.4,1.1,1.11,0.025,0.005,9.24
15,2022,12,30,20,0.8,8.04,13.07,788.0,0.9,1.01,0.025,0.005,9.33
15,2022,12,31,0,0.6,8.01,12.7,793.8,2.4,1.01,0.025,0.005,9.33
15,2022,12,31,4,0.6,7.95,12.33,796.0,4.4,1.05,0.025,0.005,9.52
15,2022,12,31,8,0.6,7.94,12.27,797.7,2.1,0.92,0.025,0.005,9.25
15,2022,12,31,12,1.1,7.97,12.66,792.0,1.9,0.71,0.025,0.005,9.2
15,2022,12,31,16,1.0,8.03,13.15,792.2,1.4,0.74,0.025,0.005,9.22
15,2022,12,31,20,0.8,8.05,13.11,787.8,1.1,0.9,0.025,0.005,9.4
15,2023,1,1,0,0.7,8.01,12.68,790.7,2.9,0.9,0.025,0.005,9.4
15,2023,1,1,4,0.6,7.96,12.36,793.1,3.1,0.97,0.025,0.005,9.23
15,2023,1,1,8,0.6,7.94,12.28,792.1,3.4,1.15,0.025,0.005,9.37
15,2023,1,1,12,1.2,7.99,12.72,788.6,1.4,0.99,0.025,0.005,9.42
15,2023,1,1,16,1.2,8.04,13.08,782.7,1.4,1.03,0.025,0.005,9.21
15,2023,1,1,20,0.9,8.05,13.04,782.2,1.2,0.88,0.025,0.005,9.25
15,2023,1,2,0,0.8,8.02,12.71,786.6,2.6,0.88,0.025,0.005,9.25
15,2023,1,2,4,0.6,7.96,12.39,790.1,5.8,0.7,0.025,0.005,9.27
15,2023,1,2,8,0.6,7.95,12.28,790.5,4.0,0.95,0.025,0.005,9.37
15,2023,1,2,12,1.1,8.0,12.82,788.6,1.2,0.86,0.025,0.005,9.46
15,2023,1,2,16,1.2,8.04,13.08,782.0,0.9,0.77,0.025,0.005,9.22
15,2023,1,2,20,0.9,8.06,13.07,781.6,0.9,0.79,0.025,0.005,9.07
15,2023,1,3,0,0.7,8.02,12.74,787.0,2.2,0.79,0.025,0.005,9.07
15,2023,1,3,4,0.6,7.96,12.44,790.2,3.6,0.72,0.025,0.005,9.22
15,2023,1,3,8,0.5,7.95,12.35,792.0,2.8,0.72,0.025,0.005,9.22
15,2023,1,3,12,1.1,7.98,12.67,783.9,1.6,0.91,0.025,0.005,9.2
15,2023,1,3,16,1.2,8.04,13.11,784.7,1.6,0.71,0.025,0.005,9.34
15,2023,1,3,20,0.9,8.06,13.06,780.8,1.3,0.87,0.025,0.005,9.38
15,2023,1,4,0,0.8,8.03,12.72,785.5,3.0,0.87,0.025,0.005,9.38
15,2023,1,4,4,0.6,7.96,12.32,789.4,4.4,0.82,0.025,0.005,9.39
15,2023,1,4,8,0.6,7.95,12.24,789.9,4.1,1.19,0.025,0.005,9.25
15,2023,1,4,12,1.1,7.99,12.61,784.9,1.4,0.72,0.025,0.005,9.15
15,2023,1,4,16,1.3,8.05,13.1,780.3,1.5,0.7,0.025,0.005,9.16
15,2023,1,4,20,1.0,8.07,13.05,777.6,1.2,0.76,0.025,0.005,9.4
15,2023,1,5,0,0.8,8.03,12.65,782.0,1.3,0.76,0.025,0.005,9.4
15,2023,1,5,4,0.6,7.97,12.29,787.2,3.5,1.05,0.025,0.005,9.21
15,2023,1,5,8,0.6,7.95,12.2,787.4,4.4,0.79,0.025,0.005,9.33
15,2023,1,5,12,1.1,7.98,12.57,780.6,1.8,0.96,0.025,0.005,9.38
15,2023,1,5,16,1.2,8.04,13.04,780.0,1.1,0.76,0.025,0.005,9.38
15,2023,1,5,20,0.9,8.06,13.06,777.1,1.6,1.14,0.025,0.005,9.41
15,2023,1,6,0,0.9,8.02,12.6,779.8,1.2,1.12,0.025,0.005,9.26
15,2023,1,6,4,0.7,7.96,12.18,782.6,2.7,1.03,0.025,0.005,9.24
15,2023,1,6,8,0.7,7.95,12.09,781.8,2.4,1.1,0.025,0.005,9.09
15,2023,1,6,12,1.2,7.98,12.5,776.9,1.0,0.99,0.025,0.005,9.38
15,2023,1,6,16,1.4,8.04,12.9,773.3,1.2,1.14,0.025,0.005,9.07
15,2023,1,6,20,1.1,8.07,12.88,770.9,1.1,0.92,0.025,0.005,9.25
15,2023,1,7,0,0.9,8.03,12.48,775.1,1.2,1.17,0.025,0.005,9.35
15,2023,1,7,4,0.6,7.97,12.13,780.6,3.3,0.9,0.025,0.005,9.35
15,2023,1,7,8,0.5,7.96,12.07,783.0,3.6,1.11,0.025,0.005,9.34
15,2023,1,7,12,1.1,8.0,12.5,778.5,1.1,1.19,0.025,0.005,9.52
15,2023,1,7,16,1.4,8.05,12.94,772.6,1.1,1.02,0.025,0.005,9.38
15,2023,1,7,20,1.2,8.08,12.88,770.2,1.1,0.83,0.025,0.005,9.18
15,2023,1,8,0,1.0,8.04,12.52,773.5,2.9,1.19,0.025,0.005,9.15
15,2023,1,8,4,0.8,7.98,12.1,777.8,2.1,0.97,0.025,0.005,9.1
15,2023,1,8,8,0.6,7.96,11.99,779.9,2.3,0.93,0.025,0.005,9.22
15,2023,1,8,12,1.4,8.0,12.46,773.3,1.3,0.82,0.025,0.005,9.26
15,2023,1,8,16,1.7,8.06,12.86,765.9,1.1,1.05,0.025,0.005,9.06
15,2023,1,8,20,1.7,8.09,12.81,762.0,1.2,0.71,0.025,0.005,9.2
15,2023,1,9,0,1.5,8.05,12.42,764.2,1.0,0.9,0.025,0.005,9.23
15,2023,1,9,4,1.4,7.98,12.06,767.0,1.3,0.94,0.025,0.005,8.98
15,2023,1,9,8,1.4,7.97,11.91,766.4,1.2,0.85,0.025,0.005,9.16
15,2023,1,9,12,2.1,8.01,12.3,758.4,0.9,1.12,0.025,0.005,9.12
15,2023,1,9,16,2.3,8.07,12.8,754.4,1.3,1.13,0.025,0.005,8.93
15,2023,1,9,20,2.1,8.09,12.76,753.4,1.4,0.92,0.025,0.005,9.0
15,2023,1,10,4,1.3,7.98,12.02,764.3,4.3,0.99,0.025,0.005,8.94
15,2023,1,10,8,1.0,7.96,11.89,766.8,2.9,1.04,0.025,0.005,9.16
15,2023,1,10,12,1.7,8.01,12.37,760.6,1.0,1.16,0.025,0.005,9.13
15,2023,1,10,16,1.9,8.06,12.85,756.4,1.3,0.8,0.025,0.005,9.15
15,2023,1,10,16,1.9,8.06,12.85,756.4,1.3,0.8,0.025,0.005,9.15
15,2023,1,10,20,1.8,8.09,12.81,754.2,0.9,0.89,0.025,0.005,9.29
15,2023,1,11,0,1.4,8.05,12.46,758.1,2.5,0.82,0.025,0.005,8.99
15,2023,1,11,4,1.0,7.97,12.0,763.2,2.1,0.93,0.025,0.005,9.05
15,2023,1,11,8,0.8,7.95,11.95,766.4,3.1,0.75,0.025,0.005,9.37
15,2023,1,11,12,1.4,8.0,12.36,762.6,2.2,0.83,0.025,0.005,9.11
15,2023,1,11,16,1.7,8.05,12.77,757.9,1.1,0.91,0.025,0.005,9.11
15,2023,1,11,20,1.9,8.08,12.78,755.4,1.1,0.8,0.025,0.005,8.97
15,2023,1,12,0,1.9,8.03,12.31,754.1,1.8,0.74,0.025,0.005,8.97
15,2023,1,12,4,1.9,7.97,11.85,755.3,3.6,0.74,0.025,0.005,8.97
15,2023,1,12,8,2.0,7.95,11.64,753.7,1.8,0.82,0.025,0.005,9.26
15,2023,1,12,12,2.1,7.96,11.67,753.1,1.6,0.99,0.025,0.005,9.19
15,2023,1,12,16,2.0,7.98,11.76,752.1,1.9,1.14,0.025,0.005,9.08
15,2023,1,12,20,1.9,7.98,11.7,753.2,1.6,0.82,0.025,0.005,9.1
15,2023,1,13,0,2.0,7.96,11.51,752.2,1.4,0.82,0.025,0.005,8.97
15,2023,1,13,4,2.0,7.94,11.41,750.3,1.5,0.82,0.025,0.005,8.97
15,2023,1,13,8,2.1,7.94,11.37,749.7,1.3,0.83,0.025,0.005,9.2
15,2023,1,13,12,2.0,8.11,11.71,747.0,1.3,0.8,0.025,0.005,9.09
15,2023,1,13,16,2.0,8.19,12.06,744.8,1.7,0.83,0.025,0.005,8.99
15,2023,1,13,20,1.9,8.21,12.02,746.3,1.1,0.83,0.025,0.005,9.1
15,2023,1,14,0,1.4,8.22,11.86,750.1,1.4,0.88,0.025,0.005,9.04
15,2023,1,14,4,0.8,8.22,12.17,756.9,1.7,0.88,0.025,0.005,9.04
15,2023,1,14,8,0.4,8.22,11.96,761.4,3.3,0.7,0.025,0.005,9.04
15,2023,1,14,12,0.7,8.25,12.44,758.7,2.2,0.75,0.025,0.005,9.23
15,2023,1,14,16,0.8,8.29,12.89,758.1,2.6,0.82,0.025,0.005,9.38
15,2023,1,14,20,0.4,8.29,12.77,758.4,1.6,0.98,0.025,0.005,9.25
15,2023,1,15,0,0.4,8.3,12.71,762.1,1.6,0.98,0.025,0.005,8.9
15,2023,1,15,4,0.2,8.25,12.4,771.3,1.7,0.98,0.025,0.005,8.9
15,2023,1,16,0,0.4,8.35,12.68,770.9,4.8,0.94,0.025,0.005,8.82
15,2023,1,16,4,0.4,8.29,12.36,777.9,5.1,0.94,0.025,0.005,8.82
15,2023,1,16,8,0.4,8.27,12.29,781.5,5.6,0.76,0.025,0.005,9.35
15,2023,1,16,12,0.8,8.29,12.55,776.7,2.2,0.85,0.025,0.005,9.21
15,2023,1,16,16,0.8,8.34,12.86,777.2,2.0,0.72,0.025,0.005,9.28
15,2023,1,16,20,0.7,8.36,12.76,772.8,1.3,0.73,0.025,0.005,9.3
15,2023,1,17,0,0.4,8.34,12.54,776.8,3.4,0.72,0.025,0.005,9.23
15,2023,1,17,4,0.4,8.3,12.25,779.8,2.7,0.72,0.025,0.005,9.23
15,2023,1,17,8,0.4,8.29,12.15,780.5,3.2,0.77,0.025,0.005,9.2
15,2023,1,17,12,0.8,8.31,12.45,774.2,1.3,0.73,0.025,0.005,9.2
15,2023,1,17,16,1.0,8.36,12.78,769.7,1.6,0.72,0.025,0.005,9.36
15,2023,1,17,20,0.7,8.38,12.69,768.8,1.3,1.05,0.025,0.005,9.07
15,2023,1,18,0,0.4,8.37,12.5,772.4,1.1,1.0,0.025,0.005,9.16
15,2023,1,18,4,0.4,8.32,12.19,777.1,1.1,1.0,0.025,0.005,9.16
15,2023,1,18,8,0.4,8.31,12.1,780.6,1.0,1.1,0.025,0.005,9.17
15,2023,1,18,12,0.8,8.34,12.42,774.9,1.1,1.04,0.025,0.005,9.15
15,2023,1,18,16,1.0,8.38,12.74,770.2,1.1,1.18,0.025,0.005,9.13
15,2023,1,18,20,0.7,8.39,12.61,766.7,0.9,1.09,0.025,0.005,8.88
15,2023,1,19,0,0.4,8.38,12.4,772.7,1.0,0.72,0.025,0.005,8.89
15,2023,1,19,4,0.4,8.34,12.08,777.5,0.9,0.72,0.025,0.005,8.89
15,2023,1,19,8,0.4,8.32,12.0,776.8,1.3,0.81,0.025,0.005,8.9
15,2023,1,19,12,0.8,8.36,12.36,771.9,1.0,0.71,0.025,0.005,9.15
15,2023,1,28,8,0.6,8.14,12.09,799.1,1.1,1.16,0.025,0.005,11.05
15,2023,1,28,12,1.0,8.16,12.36,792.5,1.0,0.71,0.025,0.005,11.36
15,2023,1,28,16,1.0,8.19,12.55,788.2,1.1,1.02,0.025,0.005,11.04
15,2023,1,28,20,0.9,8.19,12.35,785.4,1.1,0.9,0.025,0.005,10.94
15,2023,1,29,0,0.6,8.18,12.1,790.2,0.9,0.9,0.025,0.005,10.94
15,2023,1,29,4,0.6,8.15,12.0,794.9,1.0,0.93,0.025,0.005,11.2
15,2023,1,29,8,0.6,8.14,11.94,792.5,1.1,0.85,0.025,0.005,10.82
15,2023,1,29,12,1.2,8.18,12.35,787.2,1.1,0.87,0.025,0.005,11.14
15,2023,1,29,16,1.3,8.2,12.49,781.3,1.2,0.77,0.025,0.005,10.92
15,2023,1,29,20,0.9,8.2,12.27,780.4,1.2,0.71,0.025,0.005,11.01
15,2023,1,30,4,0.6,8.16,12.0,791.1,1.1,0.72,0.025,0.005,11.1
15,2023,1,30,8,0.6,8.16,11.99,790.9,1.6,0.88,0.025,0.005,11.27
15,2023,1,30,12,1.3,8.19,12.34,784.1,1.4,1.02,0.025,0.005,10.93
15,2023,1,30,16,1.3,8.21,12.51,778.0,1.4,1.06,0.025,0.005,10.84
15,2023,1,30,20,1.0,8.21,12.21,777.9,2.5,0.74,0.025,0.005,10.98
15,2023,1,31,0,0.8,8.19,12.01,782.7,4.4,0.74,0.025,0.005,10.98
15,2023,1,31,4,0.6,8.17,11.91,787.1,4.0,1.15,0.025,0.005,11.24
15,2023,1,31,8,0.6,8.17,11.93,787.1,2.6,0.96,0.025,0.005,11.07
15,2023,1,31,12,1.4,8.2,12.3,778.4,1.1,0.78,0.025,0.005,11.04
15,2023,1,31,16,1.5,8.22,12.46,772.1,1.3,1.06,0.025,0.005,11.22
15,2023,1,31,20,1.2,8.21,12.18,771.1,1.1,1.0,0.025,0.005,11.14
15,2023,2,1,0,1.0,8.2,11.98,774.4,3.6,1.0,0.025,0.005,11.14
15,2023,2,1,4,0.9,8.18,11.94,778.5,3.3,1.16,0.025,0.005,11.1
15,2023,2,1,8,0.6,8.19,12.01,779.7,5.5,0.77,0.025,0.005,10.98
15,2023,2,1,12,1.4,8.21,12.45,773.0,1.6,0.72,0.025,0.005,10.94
15,2023,2,1,16,1.5,8.22,12.58,767.0,1.4,1.15,0.025,0.005,10.86
15,2023,2,1,20,1.3,8.22,12.34,767.7,3.5,0.91,0.025,0.005,10.91
15,2023,2,2,0,1.0,8.21,12.15,772.9,2.8,0.91,0.025,0.005,10.91
15,2023,2,2,4,0.6,8.19,12.11,779.2,3.1,0.76,0.025,0.005,11.16
15,2023,2,2,8,0.6,8.19,12.2,779.7,5.3,0.82,0.025,0.005,11.28
15,2023,2,2,12,1.3,8.21,12.53,773.3,1.6,1.03,0.025,0.005,10.88
15,2023,2,2,16,1.5,8.22,12.69,767.8,1.1,1.09,0.025,0.005,10.74
15,2023,2,2,20,1.2,8.21,12.41,769.5,1.4,0.7,0.025,0.005,10.91
15,2023,2,3,0,1.0,8.2,12.19,774.7,1.4,0.7,0.025,0.005,10.91
15,2023,2,3,4,0.6,8.18,12.13,780.8,3.4,0.83,0.025,0.005,11.5
15,2023,2,3,8,0.6,8.17,12.08,780.3,2.1,0.85,0.025,0.005,10.9
15,2023,2,3,12,1.3,8.2,12.45,776.6,1.8,1.03,0.025,0.005,11.26
15,2023,2,3,16,1.5,8.22,12.69,765.3,1.6,0.85,0.025,0.005,11.35
15,2023,2,3,20,1.3,8.21,12.3,769.3,1.4,1.02,0.025,0.005,11.5
15,2023,2,4,0,1.0,8.2,12.1,773.9,1.8,1.02,0.025,0.005,11.5
15,2023,2,4,4,0.7,8.18,12.04,781.6,2.2,1.05,0.025,0.005,11.18
15,2023,2,4,8,0.6,8.18,12.42,783.9,2.6,1.19,0.025,0.01,11.33
15,2023,2,4,12,1.5,8.2,12.47,773.4,1.5,0.73,0.025,0.005,10.96
15,2023,2,4,16,1.8,8.22,12.6,766.4,1.1,0.74,0.025,0.005,11.02
15,2023,2,4,20,1.5,8.21,12.25,766.9,2.1,0.95,0.025,0.005,11.13
15,2023,2,5,0,1.3,8.2,12.0,771.3,2.1,0.95,0.025,0.005,11.13
15,2023,2,5,4,0.9,8.18,11.99,778.4,3.0,1.07,0.025,0.005,11.1
15,2023,2,5,8,0.7,8.18,11.98,779.1,2.8,1.07,0.025,0.005,11.1
15,2023,2,5,12,1.3,8.2,12.32,771.8,1.4,1.09,0.025,0.005,10.93
15,2023,2,5,16,1.6,8.22,12.53,766.6,2.0,1.05,0.025,0.005,11.13
15,2023,2,5,20,1.5,8.21,12.43,770.4,1.4,0.79,0.025,0.005,11.02
15,2023,2,6,0,1.2,8.19,12.33,772.4,1.5,0.79,0.025,0.005,11.02
15,2023,2,6,4,0.9,8.18,12.24,778.1,1.7,0.99,0.025,0.005,11.04
15,2023,2,6,8,0.7,8.18,12.31,779.5,3.6,1.01,0.025,0.012,11.27
15,2023,2,6,12,1.8,8.2,12.46,767.2,1.8,0.91,0.025,0.005,11.16
15,2023,2,6,16,2.2,8.21,12.5,759.0,1.8,0.79,0.025,0.005,10.72
15,2023,2,6,20,2.1,8.21,12.19,760.5,2.2,0.87,0.025,0.005,11.0
15,2023,2,7,0,1.6,8.2,11.99,765.1,2.8,0.87,0.025,0.005,11.0
15,2023,2,7,4,1.2,8.18,11.92,771.5,2.7,1.18,0.025,0.005,11.25
15,2023,2,7,8,1.0,8.17,11.96,772.1,2.2,1.04,0.025,0.005,11.15
15,2023,2,7,12,2.0,8.19,12.3,760.9,1.7,0.99,0.025,0.005,11.12
15,2023,2,7,16,2.5,8.21,12.41,753.7,1.7,0.84,0.025,0.005,11.16
15,2023,2,7,20,2.2,8.21,12.33,755.2,2.0,0.84,0.025,0.005,11.16
15,2023,2,8,0,1.8,8.2,12.19,759.2,1.9,0.84,0.025,0.005,11.16
15,2023,2,8,4,1.3,8.18,11.95,765.6,3.6,0.8,0.025,0.005,11.2
15,2023,2,8,8,1.0,8.18,12.0,767.4,3.7,0.85,0.025,0.012,11.01
15,2023,2,8,12,2.1,8.2,12.37,755.3,2.4,0.79,0.025,0.005,11.5
15,2023,2,8,16,2.8,8.21,12.51,747.0,2.7,1.11,0.025,0.005,10.27
15,2023,2,8,20,2.5,8.21,12.2,748.4,2.2,0.96,0.025,0.005,11.06
15,2023,2,9,0,2.2,8.2,12.0,750.7,4.0,0.96,0.025,0.005,11.06
15,2023,2,9,4,1.6,8.18,12.15,755.3,5.8,0.82,0.025,0.005,11.13
15,2023,2,9,8,1.6,8.17,11.9,756.0,5.2,0.93,0.025,0.005,11.04
15,2023,2,9,12,2.1,8.19,12.17,750.6,2.9,0.8,0.025,0.005,11.04
15,2023,2,9,16,2.2,8.2,12.25,748.1,3.3,0.96,0.025,0.005,10.78
15,2023,2,9,20,2.1,8.2,12.08,748.6,2.2,0.81,0.025,0.005,11.06
15,2023,2,10,0,1.9,8.18,12.07,749.8,3.3,0.81,0.025,0.005,11.06
15,2023,2,10,4,1.5,8.16,11.82,753.0,4.7,0.76,0.025,0.005,10.93
15,2023,2,10,8,1.3,8.17,12.06,755.3,4.9,0.76,0.025,0.005,11.22
15,2023,2,10,12,2.1,8.19,12.11,746.8,3.9,0.8,0.025,0.005,11.06
15,2023,2,10,16,2.8,8.2,12.35,739.4,2.5,1.03,0.025,0.005,9.21
15,2023,2,10,20,2.8,8.2,11.99,739.9,2.5,1.03,0.025,0.005,8.99
15,2023,2,11,0,2.5,8.18,12.02,741.7,3.8,1.03,0.025,0.005,8.99
15,2023,2,11,4,2.1,8.16,11.93,745.0,3.9,0.82,0.025,0.005,9.23
15,2023,2,11,8,2.3,8.15,11.61,742.9,6.1,0.87,0.025,0.013,9.4
15,2023,2,11,12,2.5,8.16,11.79,740.6,2.2,0.81,0.025,0.005,9.17
15,2023,2,11,16,2.7,8.17,11.86,739.8,2.1,0.9,0.025,0.005,9.33
15,2023,2,11,20,2.7,8.16,11.75,741.0,1.7,0.87,0.025,0.005,9.32
15,2023,2,12,0,2.7,8.14,11.76,740.2,1.5,0.87,0.025,0.005,9.32
15,2023,2,12,4,2.5,8.13,11.53,740.6,1.6,0.88,0.025,0.005,9.25
15,2023,2,12,8,2.5,8.13,11.51,740.0,1.7,0.81,0.025,0.005,9.3
15,2023,2,12,12,2.6,8.15,11.83,738.8,1.9,0.91,0.025,0.005,9.21
15,2023,2,12,16,2.7,8.18,12.1,736.4,2.4,0.81,0.025,0.005,9.21
15,2023,2,12,20,2.5,8.17,11.9,737.6,1.9,0.8,0.025,0.005,9.22
15,2023,2,13,0,2.1,8.16,12.13,741.5,1.5,0.8,0.025,0.005,9.22
15,2023,2,13,4,1.6,8.15,12.14,746.2,1.5,0.7,0.025,0.005,9.38
15,2023,2,13,8,1.3,8.15,11.9,749.6,3.3,0.75,0.025,0.005,9.36
15,2023,2,13,12,2.3,8.18,12.38,741.5,2.8,0.94,0.025,0.005,9.35
15,2023,2,13,20,3.2,8.2,12.46,734.1,2.1,0.89,0.025,0.005,9.27
15,2023,2,14,0,2.5,8.19,11.93,739.5,1.3,0.89,0.025,0.005,9.27
15,2023,2,14,4,1.5,8.16,12.1,748.1,2.0,0.89,0.025,0.005,9.3
15,2023,2,14,8,1.3,8.17,11.95,751.9,2.1,1.11,0.025,0.005,9.42
15,2023,2,14,12,2.1,8.19,12.33,744.0,1.8,0.99,0.025,0.005,9.27
15,2023,2,14,16,2.8,8.21,12.5,737.8,1.9,1.14,0.025,0.005,10.04
15,2023,2,14,20,2.5,8.2,12.26,739.6,1.6,0.99,0.025,0.005,9.21
15,2023,2,15,0,2.1,8.19,12.03,742.8,1.6,0.99,0.025,0.005,9.21
15,2023,2,15,4,1.5,8.16,12.27,749.5,1.8,0.73,0.025,0.005,9.75
15,2023,2,15,8,1.2,8.16,12.24,754.2,3.1,0.81,0.025,0.012,9.26
15,2023,2,15,12,2.1,8.19,12.46,745.0,2.4,0.95,0.025,0.005,9.3
15,2023,2,15,16,2.8,8.21,12.56,736.5,1.8,1.03,0.025,0.005,9.16
15,2023,2,15,20,2.8,8.2,12.21,736.8,1.6,0.81,0.025,0.005,9.2
15,2023,2,16,0,2.2,8.19,12.05,740.9,1.3,0.81,0.025,0.005,9.2
15,2023,2,16,4,1.5,8.16,11.91,748.3,1.4,0.7,0.025,0.005,9.3
15,2023,2,16,8,1.1,8.16,12.22,752.9,3.9,0.82,0.025,0.005,9.26
15,2023,2,16,12,2.1,8.19,12.39,744.3,1.4,1.09,0.025,0.005,9.23
15,2023,2,16,16,2.9,8.2,12.51,735.6,1.5,0.74,0.025,0.005,9.17
15,2023,2,16,20,2.8,8.2,12.16,736.4,1.5,1.19,0.025,0.005,9.06
15,2023,2,17,0,2.6,8.18,11.92,739.4,1.3,1.19,0.025,0.005,9.06
15,2023,2,17,4,1.8,8.15,11.84,746.8,1.2,0.91,0.025,0.005,9.31
15,2023,2,17,8,1.6,8.15,11.88,749.2,1.4,0.82,0.025,0.005,9.29
15,2023,2,17,12,2.5,8.18,12.24,741.7,1.6,1.15,0.025,0.005,9.59
15,2023,2,17,16,3.0,8.2,12.36,736.5,1.7,0.77,0.025,0.005,9.24
15,2023,2,17,20,2.9,8.19,12.04,736.4,1.7,1.07,0.025,0.005,9.28
15,2023,2,18,0,2.5,8.17,11.8,741.4,1.3,1.07,0.025,0.005,9.28
15,2023,2,18,4,2.1,8.15,11.73,744.0,1.4,0.86,0.025,0.005,9.26
15,2023,2,18,8,2.0,8.15,11.8,746.5,1.5,1.15,0.025,0.005,9.52
15,2023,2,18,12,2.1,8.16,12.08,743.3,1.5,0.98,0.025,0.005,9.42
15,2023,2,18,16,1.9,8.17,12.1,743.6,2.7,0.8,0.025,0.005,9.44
15,2023,2,18,20,1.5,8.17,11.92,745.8,1.7,0.81,0.025,0.005,9.44
15,2023,2,19,0,1.0,8.16,11.94,751.1,1.8,0.81,0.025,0.005,9.44
15,2023,2,19,4,0.7,8.15,12.23,757.1,1.5,1.15,0.025,0.005,9.49
15,2023,2,19,8,0.6,8.16,12.41,762.5,2.7,1.07,0.025,0.005,9.57
15,2023,2,19,12,1.6,8.17,12.4,750.4,1.9,0.78,0.025,0.005,9.35
15,2023,2,19,16,2.6,8.19,12.58,737.9,1.6,0.76,0.025,0.005,9.11
15,2023,2,19,20,2.4,8.18,12.15,737.0,1.7,1.16,0.025,0.005,9.36
15,2023,2,20,0,2.3,8.18,11.95,742.4,1.4,1.16,0.025,0.005,9.36
15,2023,2,20,4,1.5,8.15,12.23,749.8,1.5,0.8,0.025,0.005,9.37
15,2023,2,20,8,1.2,8.16,12.34,751.0,1.6,0.87,0.025,0.005,9.4
15,2023,2,20,12,2.4,8.19,12.41,741.9,1.5,0.87,0.025,0.005,9.4
15,2023,2,20,16,3.2,8.21,12.62,732.1,1.6,0.86,0.025,0.005,9.32
15,2023,2,20,20,3.0,8.2,12.25,733.4,1.2,0.7,0.025,0.005,9.24
15,2023,2,21,0,2.5,8.2,12.06,737.7,1.2,0.93,0.025,0.005,9.2
15,2023,2,21,4,1.5,8.17,12.01,744.6,1.5,0.93,0.025,0.005,9.2
15,2023,2,21,8,1.2,8.18,12.14,751.0,1.5,1.14,0.025,0.005,9.22
15,2023,2,21,12,2.2,8.2,12.63,740.6,1.4,0.96,0.025,0.005,9.33
15,2023,2,21,16,2.8,8.22,12.67,735.4,1.9,0.96,0.025,0.005,9.33
15,2023,2,21,20,2.8,8.2,12.32,735.7,1.3,0.78,0.025,0.005,9.13
15,2023,2,22,0,2.4,8.19,12.12,737.7,1.3,1.08,0.025,0.005,9.11
15,2023,2,22,4,1.8,8.16,11.94,742.3,1.1,1.08,0.025,0.005,9.11
15,2023,2,22,8,1.5,8.16,11.96,746.0,1.4,0.81,0.025,0.005,9.08
15,2023,2,22,12,2.8,8.19,12.38,736.8,1.1,1.1,0.025,0.005,9.01
15,2023,2,22,16,3.7,8.21,12.57,730.6,1.3,1.05,0.025,0.005,9.06
15,2023,2,22,20,3.6,8.2,12.2,730.9,1.3,1.07,0.025,0.005,8.91
15,2023,2,23,0,3.0,8.19,11.88,732.8,1.2,1.11,0.025,0.005,9.09
15,2023,2,23,4,2.2,8.16,11.76,738.4,1.2,1.11,0.025,0.005,9.09
15,2023,2,23,8,2.1,8.17,11.84,741.1,1.4,0.79,0.025,0.012,9.03
15,2023,2,23,12,3.4,8.19,12.14,730.5,1.2,0.94,0.025,0.005,9.05
15,2023,2,23,12,3.4,8.19,12.14,730.5,1.2,1.08,0.025,0.005,9.24
15,2023,2,23,20,4.4,8.19,12.5,722.7,1.3,1.08,0.025,0.005,9.24
15,2023,2,24,0,3.8,8.18,12.12,727.4,1.3,0.7,0.025,0.005,9.03
15,2023,2,24,4,3.0,8.16,11.95,731.8,1.3,0.7,0.025,0.005,9.03
15,2023,2,24,8,2.8,8.17,12.04,734.3,1.4,0.73,0.025,0.005,9.18
15,2023,2,24,12,3.8,8.19,12.64,726.8,1.4,1.13,0.025,0.005,9.15
15,2023,2,24,16,4.9,8.21,12.99,720.8,1.3,1.19,0.025,0.005,9.08
15,2023,2,24,20,4.4,8.21,12.56,723.2,1.3,1.17,0.025,0.005,9.04
15,2023,2,25,0,3.7,8.2,12.2,726.9,1.4,0.8,0.025,0.005,9.12
15,2023,2,25,4,2.7,8.18,12.01,733.9,1.5,0.8,0.025,0.005,9.12
15,2023,2,25,8,2.1,8.18,12.16,738.7,1.7,0.96,0.025,0.005,9.0
15,2023,2,25,12,3.4,8.2,12.74,729.9,1.5,1.02,0.025,0.012,9.03
15,2023,2,25,16,4.4,8.22,13.16,721.5,1.6,1.19,0.025,0.005,9.27
15,2023,2,25,20,4.3,8.21,12.62,722.5,1.5,1.15,0.025,0.005,9.06
15,2023,2,26,0,3.7,8.19,12.3,725.2,1.2,0.91,0.025,0.005,9.2
15,2023,2,26,4,2.8,8.17,12.29,730.9,1.1,0.91,0.025,0.005,9.2
15,2023,2,26,8,2.1,8.17,12.22,736.9,1.5,0.88,0.025,0.005,8.97
15,2023,2,26,12,3.4,8.19,12.76,727.8,2.4,1.1,0.025,0.005,8.99
15,2023,2,26,16,4.5,8.21,13.12,718.6,3.4,0.84,0.025,0.005,9.05
15,2023,2,26,20,4.4,8.2,12.62,718.4,2.2,1.07,0.025,0.005,8.95
15,2023,2,27,0,3.8,8.18,12.23,720.5,1.8,0.74,0.025,0.005,8.99
15,2023,2,27,4,3.7,8.14,12.01,720.9,1.8,0.74,0.025,0.005,8.99
15,2023,2,27,8,3.4,8.14,12.02,722.3,2.4,0.8,0.025,0.012,8.98
15,2023,2,27,12,4.7,8.18,12.64,716.1,2.3,1.02,0.025,0.005,8.94
15,2023,2,27,16,5.5,8.2,12.92,709.6,2.4,1.09,0.025,0.005,8.83
15,2023,2,27,20,5.2,8.19,12.37,710.1,2.0,1.0,0.025,0.005,8.9
15,2023,2,28,0,4.5,8.17,12.02,714.4,2.0,1.0,0.025,0.005,8.9
15,2023,2,28,4,3.9,8.14,11.74,717.5,1.9,0.9,0.025,0.005,9.09
15,2023,2,28,8,3.8,8.15,11.87,715.3,1.8,0.86,0.025,0.005,8.87
15,2023,2,28,12,5.3,8.18,12.63,708.5,2.3,1.16,0.025,0.005,8.77
15,2023,2,28,16,6.5,8.21,13.07,701.1,2.3,0.85,0.025,0.005,8.7
15,2023,2,28,20,6.4,8.2,12.4,700.9,2.1,0.97,0.025,0.005,8.84
15,2023,3,1,0,5.3,8.18,12.02,704.9,1.7,0.97,0.025,0.005,8.84
15,2023,3,1,4,4.4,8.16,11.68,710.7,1.6,0.7,0.025,0.005,8.79
15,2023,3,1,8,3.8,8.17,11.81,711.2,1.5,0.77,0.025,0.005,8.79
15,2023,3,1,12,5.0,8.2,12.6,706.0,1.7,0.84,0.025,0.005,8.73
15,2023,3,1,16,6.0,8.24,13.11,700.0,1.3,0.72,0.025,0.005,8.75
15,2023,3,1,20,5.6,8.22,12.5,700.6,1.4,0.85,0.025,0.005,8.81
15,2023,3,2,0,4.7,8.2,12.08,704.6,1.2,0.85,0.025,0.005,8.81
15,2023,3,2,4,3.7,8.17,11.78,708.9,1.5,1.08,0.025,0.005,8.73
15,2023,3,2,8,3.2,8.18,11.9,713.6,1.4,1.06,0.025,0.005,9.04
15,2023,3,2,12,4.4,8.2,12.71,706.6,1.7,0.71,0.025,0.005,8.93
15,2023,3,2,16,5.8,8.24,13.27,699.1,1.7,0.92,0.025,0.005,8.77
15,2023,3,2,20,5.6,8.21,12.55,698.3,1.2,0.79,0.025,0.005,8.73
15,2023,3,3,0,4.7,8.19,12.07,701.9,1.1,0.79,0.025,0.005,8.73
15,2023,3,3,4,3.8,8.15,11.7,705.9,1.0,0.84,0.025,0.005,8.67
15,2023,3,3,8,3.5,8.16,11.85,708.3,1.3,1.02,0.025,0.005,8.7
15,2023,3,3,12,5.0,8.2,12.69,700.7,1.6,0.74,0.025,0.005,8.72
15,2023,3,3,16,6.5,8.23,13.32,691.6,1.5,0.93,0.025,0.005,8.71
15,2023,3,3,20,6.4,8.21,12.57,692.5,1.4,0.73,0.025,0.005,8.8
15,2023,3,4,0,5.5,8.18,12.06,693.0,1.4,0.73,0.025,0.005,8.8
15,2023,3,4,4,4.7,8.14,11.61,696.9,1.3,0.99,0.025,0.005,8.62
15,2023,3,4,8,4.4,8.15,11.78,697.3,1.2,1.13,0.025,0.005,8.41
15,2023,3,4,12,5.8,8.19,12.76,691.0,1.6,0.99,0.025,0.012,8.77
15,2023,3,4,16,6.9,8.23,13.31,681.5,1.4,0.89,0.025,0.005,8.43
15,2023,3,4,20,6.8,8.2,12.55,680.8,1.5,1.16,0.025,0.005,8.39
15,2023,3,5,0,6.0,8.17,11.95,684.1,1.2,1.16,0.025,0.005,8.39
15,2023,3,5,4,5.0,8.13,11.5,688.2,1.1,1.11,0.025,0.011,8.47
15,2023,3,5,8,4.9,8.13,11.66,687.8,1.2,0.89,0.025,0.011,8.43
15,2023,3,5,12,6.2,8.19,12.68,681.3,1.5,1.06,0.025,0.005,8.29
15,2023,3,5,16,7.2,8.24,13.4,674.4,1.4,0.71,0.025,0.005,8.2
15,2023,3,5,20,6.9,8.21,12.53,674.9,1.3,1.03,0.025,0.005,8.34
15,2023,3,6,0,6.1,8.17,11.88,678.5,1.3,1.03,0.025,0.005,8.34
15,2023,3,6,4,5.3,8.12,11.41,682.0,1.4,1.13,0.025,0.005,8.5
15,2023,3,6,8,5.0,8.13,11.6,681.6,1.3,1.09,0.025,0.011,8.3
15,2023,3,6,12,6.8,8.19,12.77,674.3,2.2,0.89,0.025,0.011,8.28
15,2023,3,6,16,8.2,8.24,13.45,666.9,1.5,1.18,0.025,0.005,8.27
15,2023,3,6,20,8.1,8.21,12.51,666.5,1.5,1.09,0.025,0.011,8.35
15,2023,3,7,0,7.0,8.17,11.75,670.2,1.2,1.09,0.025,0.011,8.35
15,2023,3,7,4,6.1,8.12,11.48,674.9,1.9,0.98,0.025,0.011,8.24
15,2023,3,7,8,5.8,8.13,11.48,676.1,1.7,0.89,0.025,0.012,8.25
15,2023,3,7,12,7.2,8.19,12.73,667.6,1.5,1.18,0.025,0.005,8.22
15,2023,3,7,16,8.4,8.25,13.5,660.3,1.6,0.84,0.025,0.011,7.91
15,2023,3,7,20,8.3,8.21,12.52,660.0,1.6,1.08,0.025,0.005,8.18
15,2023,3,8,0,7.7,8.16,11.73,661.9,1.2,1.08,0.025,0.005,8.18
15,2023,3,8,4,7.2,8.09,11.19,663.6,1.3,1.05,0.025,0.015,8.21
15,2023,3,8,8,7.1,8.12,11.46,662.7,1.4,0.72,0.025,0.011,7.85
15,2023,3,8,12,8.7,8.19,12.89,655.6,1.7,1.17,0.025,0.011,8.12
15,2023,3,8,16,9.9,8.27,13.8,648.6,1.1,0.98,0.025,0.005,7.83
15,2023,3,8,20,9.8,8.22,12.58,649.3,1.5,0.99,0.025,0.005,7.89
15,2023,3,9,0,8.8,8.16,11.58,651.8,1.6,0.99,0.025,0.005,7.89
15,2023,3,9,4,7.8,8.09,10.93,656.4,1.4,0.86,0.025,0.005,7.84
15,2023,3,9,8,7.5,8.11,11.21,655.9,1.6,0.94,0.025,0.012,7.88
15,2023,3,9,12,8.7,8.19,12.54,649.6,1.6,0.77,0.025,0.012,7.94
15,2023,3,9,16,9.9,8.28,13.77,642.6,1.6,0.8,0.025,0.005,7.91
15,2023,3,9,20,9.7,8.24,12.63,642.5,1.3,0.94,0.025,0.005,7.8
15,2023,3,10,0,8.7,8.17,11.59,645.8,1.6,0.94,0.025,0.005,7.8
15,2023,3,10,4,7.8,8.09,10.92,649.9,1.4,0.81,0.025,0.005,7.83
15,2023,3,10,8,7.5,8.11,11.26,650.6,1.2,0.71,0.025,0.012,7.72
15,2023,3,10,12,9.2,8.2,12.7,642.4,1.7,0.97,0.025,0.011,7.72
15,2023,3,10,16,10.3,8.28,13.85,636.2,1.4,1.04,0.025,0.005,7.61
15,2023,3,10,20,10.3,8.24,12.57,636.6,1.5,1.1,0.025,0.005,7.62
15,2023,3,11,0,9.4,8.16,11.45,640.2,1.8,1.1,0.025,0.005,7.62
15,2023,3,11,4,8.7,8.09,10.84,643.7,1.5,1.02,0.025,0.005,7.77
15,2023,3,11,8,8.6,8.11,11.22,643.6,1.5,1.08,0.025,0.012,7.62
15,2023,3,11,12,9.2,8.21,12.82,640.9,1.5,0.89,0.025,0.005,7.56
15,2023,3,11,16,9.5,8.31,13.88,635.6,1.6,0.99,0.025,0.011,7.54
15,2023,3,11,20,9.2,8.28,12.88,637.2,1.5,1.11,0.025,0.011,7.57
15,2023,3,12,0,8.3,8.19,11.88,640.9,2.4,1.11,0.025,0.011,7.57
15,2023,3,12,4,7.1,8.11,11.11,645.5,2.2,0.89,0.025,0.005,7.82
15,2023,3,12,8,6.5,8.14,11.59,646.6,1.8,0.73,0.025,0.012,7.58
15,2023,3,12,12,7.5,8.22,13.02,641.9,1.6,0.93,0.025,0.005,7.82
15,2023,3,12,16,8.9,8.31,14.19,633.4,1.4,0.75,0.025,0.005,7.64
15,2023,3,12,20,8.4,8.29,13.05,635.6,1.7,0.94,0.025,0.005,7.7
15,2023,3,13,0,7.2,8.21,12.08,638.5,1.5,0.94,0.025,0.005,7.7
15,2023,3,13,4,6.1,8.12,11.31,645.3,1.2,1.08,0.025,0.005,7.55
15,2023,3,13,8,5.8,8.14,11.59,646.4,1.5,0.76,0.025,0.012,7.47
15,2023,3,13,12,6.1,8.21,12.54,643.8,1.7,0.82,0.025,0.005,7.59
15,2023,3,13,16,6.8,8.31,13.79,637.7,1.4,0.83,0.025,0.005,7.5
15,2023,3,13,20,6.5,8.28,12.85,638.5,1.2,1.16,0.025,0.005,7.57
15,2023,3,14,0,6.2,8.2,12.05,641.4,1.3,1.16,0.025,0.005,7.57
15,2023,3,14,4,5.8,8.11,11.46,644.9,1.0,0.7,0.025,0.005,7.67
15,2023,3,14,8,5.6,8.13,11.73,645.6,1.0,1.11,0.025,0.005,7.58
15,2023,3,14,12,7.2,8.22,13.19,636.6,1.2,1.11,0.025,0.005,7.58
15,2023,3,14,16,8.6,8.32,14.3,629.7,1.0,0.9,0.025,0.01,7.45
15,2023,3,14,20,8.1,8.29,12.93,632.8,1.1,0.71,0.025,0.005,7.62
15,2023,3,15,0,7.0,8.21,12.06,637.4,1.3,0.71,0.025,0.005,7.62
15,2023,3,15,4,5.9,8.13,11.25,644.7,1.2,0.95,0.025,0.005,7.48
15,2023,3,15,8,5.6,8.15,11.71,647.2,1.9,0.86,0.025,0.005,7.71
15,2023,3,15,12,7.1,8.23,13.17,639.4,1.9,1.17,0.025,0.005,7.5
15,2023,3,15,16,8.2,8.33,14.25,633.9,1.3,0.73,0.025,0.005,7.46
15,2023,3,15,20,8.0,8.3,13.19,635.6,1.3,0.93,0.025,0.005,7.47
15,2023,3,16,0,6.8,8.23,12.31,639.5,1.5,0.93,0.025,0.005,7.47
15,2023,3,16,4,5.6,8.14,11.47,648.0,1.2,1.03,0.025,0.005,7.56
15,2023,3,16,8,5.2,8.15,11.92,650.4,1.5,1.15,0.025,0.011,7.46
15,2023,3,16,12,6.8,8.24,13.47,642.8,1.4,0.94,0.025,0.005,7.62
15,2023,3,16,20,7.7,8.31,13.35,638.9,1.3,1.16,0.025,0.011,7.63
15,2023,3,17,0,6.8,8.23,12.32,642.9,1.2,1.16,0.025,0.011,7.63
15,2023,3,17,4,5.8,8.13,11.5,650.8,1.0,0.76,0.025,0.005,7.64
15,2023,3,17,8,5.6,8.12,11.57,652.6,1.4,1.07,0.025,0.005,7.48
15,2023,3,17,12,6.5,8.22,13.23,646.4,1.4,1.05,0.025,0.005,7.69
15,2023,3,17,16,7.4,8.32,14.33,641.4,0.9,1.09,0.025,0.005,7.38
15,2023,3,17,20,7.4,8.31,13.39,641.7,1.2,0.72,0.025,0.005,7.61
15,2023,3,18,0,6.8,8.22,12.41,645.1,1.1,0.72,0.025,0.005,7.61
15,2023,3,18,4,5.8,8.11,11.48,651.1,1.1,1.0,0.025,0.005,7.39
15,2023,3,18,8,5.8,8.13,11.99,652.0,1.2,1.18,0.025,0.011,7.45
15,2023,3,18,12,7.5,8.22,13.48,643.2,1.2,0.88,0.025,0.005,7.51
15,2023,3,18,16,9.2,8.33,14.61,634.6,1.3,0.8,0.025,0.005,7.52
15,2023,3,18,20,8.9,8.3,13.43,635.3,1.5,1.07,0.025,0.011,7.43
15,2023,3,19,0,7.9,8.22,12.26,641.2,1.2,1.07,0.025,0.011,7.43
15,2023,3,19,4,6.7,8.11,11.28,648.6,1.1,0.98,0.025,0.005,7.64
15,2023,3,19,8,6.4,8.14,11.76,649.5,1.2,1.15,0.025,0.005,7.66
15,2023,3,19,12,8.1,8.23,13.3,639.1,1.3,1.18,0.025,0.005,7.55
15,2023,3,19,16,9.4,8.35,14.42,632.7,1.4,1.16,0.025,0.005,7.53
15,2023,3,19,20,9.3,8.32,13.43,633.0,1.6,1.08,0.025,0.005,7.45
15,2023,3,20,0,8.8,8.23,12.18,637.0,1.6,1.08,0.025,0.005,7.45
15,2023,3,20,4,8.3,8.1,11.13,641.9,1.3,0.99,0.025,0.005,7.52
15,2023,3,20,8,8.6,8.08,11.07,642.0,1.2,1.02,0.025,0.005,7.41
15,2023,3,20,12,9.6,8.2,13.04,635.5,1.4,0.97,0.025,0.005,7.66
15,2023,3,20,16,10.7,8.32,14.48,628.8,1.5,1.07,0.025,0.005,7.36
15,2023,3,20,20,10.4,8.3,13.28,629.8,1.5,0.94,0.025,0.005,7.47
15,2023,3,21,0,10.0,8.2,11.98,633.6,1.7,0.94,0.025,0.005,7.47
15,2023,3,21,4,9.4,8.07,10.75,639.5,1.4,0.97,0.025,0.005,7.49
15,2023,3,21,8,9.4,8.05,10.73,640.1,1.4,0.98,0.025,0.005,7.32
15,2023,3,21,12,10.2,8.17,12.51,635.7,1.3,0.88,0.025,0.005,7.54
15,2023,3,21,16,10.7,8.25,13.27,632.7,1.5,0.97,0.025,0.005,7.5
15,2023,3,21,20,10.6,8.21,12.3,634.4,1.6,1.16,0.025,0.005,7.5
15,2023,3,22,0,10.3,8.11,11.12,638.0,1.6,1.16,0.025,0.005,7.5
15,2023,3,22,4,9.9,8.03,10.34,642.1,2.0,1.16,0.025,0.005,7.59
15,2023,3,22,8,9.6,8.07,11.03,642.6,1.6,0.81,0.025,0.005,7.36
15,2023,3,22,12,10.4,8.22,13.51,636.4,1.7,0.83,0.025,0.005,7.46
15,2023,3,22,16,11.1,8.34,14.89,630.3,1.5,0.76,0.025,0.005,7.27
15,2023,3,22,20,10.7,8.32,13.36,631.8,2.0,0.97,0.025,0.005,7.35
15,2023,3,23,0,9.6,8.23,12.0,637.9,1.9,0.97,0.025,0.005,7.35
15,2023,3,23,4,8.4,8.1,10.86,645.8,1.9,0.9,0.025,0.005,7.54
15,2023,3,23,8,8.1,8.13,11.41,647.2,1.5,1.09,0.025,0.012,7.33
15,2023,3,23,12,9.2,8.25,13.53,640.6,1.1,0.99,0.025,0.005,7.53
15,2023,3,23,16,10.1,8.37,15.07,633.4,1.5,0.75,0.025,0.005,7.35
15,2023,3,23,20,9.7,8.34,13.62,634.9,1.4,0.73,0.025,0.005,7.33
15,2023,3,24,0,8.8,8.25,12.25,640.7,1.6,0.73,0.025,0.005,7.33
15,2023,3,24,4,7.5,8.13,11.13,648.6,1.4,1.03,0.025,0.005,7.39
15,2023,3,24,8,7.2,8.15,11.73,650.4,1.4,0.96,0.025,0.005,7.23
15,2023,3,24,12,8.7,8.26,13.74,643.1,1.6,0.92,0.025,0.005,7.36
15,2023,3,24,16,9.2,8.37,15.0,637.8,1.3,1.09,0.025,0.005,7.41
15,2023,3,24,20,8.9,8.34,13.72,639.2,1.5,0.86,0.025,0.005,7.46
15,2023,3,25,0,8.1,8.25,12.43,644.8,1.4,0.86,0.025,0.005,7.46
15,2023,3,25,4,6.4,8.18,11.55,539.3,10.1,1.49,0.025,0.024,5.17
15,2023,3,25,8,6.1,8.2,11.9,518.4,9.0,1.54,0.025,0.021,4.43
15,2023,3,25,12,7.9,8.27,12.84,501.9,8.1,1.38,0.025,0.017,4.15
15,2023,3,25,16,9.9,8.32,12.96,488.9,7.0,1.47,0.025,0.017,3.84
15,2023,3,25,20,9.3,8.31,12.02,486.1,5.2,1.41,0.025,0.018,3.74
15,2023,3,26,0,7.8,8.25,11.59,487.1,5.3,1.41,0.025,0.018,3.74
15,2023,3,26,4,6.4,8.19,11.51,489.5,3.4,1.31,0.025,0.016,3.62
15,2023,3,26,8,5.3,8.21,11.97,489.8,3.4,1.26,0.025,0.017,3.7
15,2023,3,26,12,6.8,8.26,12.67,482.1,4.9,1.23,0.025,0.02,3.52
15,2023,3,26,16,8.7,8.32,12.78,473.4,3.9,1.21,0.025,0.015,3.62
15,2023,3,26,20,8.4,8.31,11.89,464.2,8.7,1.46,0.025,0.021,3.23
15,2023,3,27,0,7.5,8.24,11.56,462.4,10.0,1.46,0.025,0.021,3.23
15,2023,3,27,4,6.5,8.19,11.45,464.2,5.4,1.61,0.025,0.021,3.34
15,2023,3,27,8,5.8,8.2,11.85,464.6,6.9,1.56,0.025,0.021,3.12
15,2023,3,27,12,7.6,8.26,12.44,459.6,5.2,1.58,0.025,0.011,3.33
15,2023,3,27,16,10.2,8.32,12.3,450.1,6.2,1.56,0.025,0.012,3.24
15,2023,3,27,20,9.8,8.3,11.72,449.9,5.4,1.54,0.025,0.012,3.27
15,2023,3,28,0,8.6,8.23,11.45,453.9,4.5,1.54,0.025,0.012,3.27
15,2023,3,28,4,7.2,8.19,11.41,456.8,5.1,1.52,0.025,0.015,3.24
15,2023,3,28,8,6.2,8.2,11.88,459.4,4.6,1.49,0.025,0.012,3.25
15,2023,3,28,12,7.8,8.27,12.63,454.5,4.6,1.46,0.025,0.015,3.2
15,2023,3,28,16,10.2,8.33,12.62,446.6,3.8,1.49,0.025,0.016,3.17
15,2023,3,28,20,10.3,8.3,11.68,446.0,3.6,1.48,0.025,0.012,3.17
15,2023,3,29,0,9.6,8.22,11.24,448.4,3.9,1.48,0.025,0.012,3.17
15,2023,3,29,4,8.6,8.17,11.16,451.3,4.0,1.43,0.025,0.013,3.16
15,2023,3,29,8,7.7,8.18,11.63,454.1,3.6,1.44,0.025,0.016,3.16
15,2023,3,29,16,12.0,8.35,12.55,442.0,2.4,1.4,0.025,0.013,3.13
15,2023,3,29,20,11.7,8.31,11.43,442.1,3.5,1.39,0.025,0.011,3.13
15,2023,3,29,20,11.7,8.31,11.43,442.1,3.5,1.4,0.025,0.013,3.09
15,2023,3,30,0,10.6,8.2,11.01,447.2,2.4,1.4,0.025,0.013,3.09
15,2023,3,30,8,8.6,8.17,11.47,452.8,2.9,1.37,0.025,0.011,3.14
15,2023,3,30,12,10.3,8.3,12.59,447.4,2.9,1.44,0.025,0.011,3.11
15,2023,3,30,16,12.4,8.39,12.66,439.9,2.2,1.44,0.025,0.013,3.11
15,2023,3,30,20,12.1,8.33,11.35,441.2,2.8,1.4,0.025,0.013,3.04
15,2023,3,31,0,11.1,8.19,10.88,446.0,2.8,1.41,0.025,0.012,3.06
15,2023,3,31,4,10.1,8.13,10.74,450.6,2.5,1.41,0.025,0.012,3.06
15,2023,3,31,8,9.2,8.17,11.38,453.2,2.2,1.37,0.025,0.012,3.12
15,2023,3,31,12,10.8,8.32,12.75,446.9,2.3,1.39,0.025,0.013,3.09
15,2023,3,31,16,12.7,8.44,12.75,440.4,2.4,1.35,0.025,0.012,3.06
15,2023,3,31,20,12.3,8.37,11.26,441.8,2.8,1.36,0.025,0.014,3.07
15,2023,4,1,0,11.4,8.2,10.79,449.0,2.8,1.4,0.025,0.005,3.05
15,2023,4,1,4,10.6,8.12,10.63,451.9,2.3,1.4,0.025,0.005,3.05
15,2023,4,1,8,9.9,8.15,11.15,454.1,2.3,1.36,0.025,0.005,3.11
15,2023,4,1,12,10.8,8.35,12.61,448.7,2.1,1.41,0.025,0.012,3.12
15,2023,4,1,16,12.1,8.5,13.16,441.8,2.1,1.37,0.025,0.011,3.06
15,2023,4,1,20,11.7,8.41,11.49,445.7,1.8,1.39,0.025,0.005,2.99
15,2023,4,2,0,11.3,8.21,10.77,448.9,2.4,1.34,0.025,0.005,3.08
15,2023,4,2,4,10.7,8.11,10.58,454.0,2.3,1.34,0.025,0.005,3.08
15,2023,4,2,8,10.3,8.14,11.1,456.0,2.2,1.28,0.025,0.005,3.12
15,2023,4,2,12,10.8,8.36,11.57,450.9,1.3,1.23,0.025,0.012,3.11
15,2023,4,2,16,11.3,8.5,11.74,448.1,1.4,1.29,0.025,0.012,3.13
15,2023,4,2,20,11.2,8.36,10.56,449.1,1.7,1.33,0.025,0.012,3.22
15,2023,4,3,0,10.8,8.18,10.06,450.7,1.9,1.31,0.025,0.014,3.06
15,2023,4,3,4,10.3,8.11,9.95,449.7,2.0,1.31,0.025,0.014,3.06
15,2023,4,3,8,9.8,8.15,10.43,450.9,2.2,1.42,0.025,0.01,2.97
15,2023,4,3,12,10.3,8.39,11.78,447.6,1.9,1.4,0.025,0.013,2.98
15,2023,4,3,16,10.9,8.55,12.16,442.8,2.3,1.34,0.025,0.005,2.94
15,2023,4,3,20,10.8,8.43,10.69,442.8,2.4,1.3,0.025,0.011,2.94
15,2023,4,4,0,10.6,8.21,10.19,449.6,1.8,1.31,0.025,0.011,2.88
15,2023,4,4,4,10.2,8.12,10.02,455.4,1.9,1.33,0.025,0.011,2.94
15,2023,4,4,8,9.8,8.16,10.48,458.6,2.1,1.3,0.025,0.005,3.02
15,2023,4,4,12,9.6,8.39,11.78,456.9,2.3,1.36,0.025,0.014,3.04
15,2023,4,4,16,9.7,8.52,11.84,453.0,2.1,1.35,0.025,0.012,3.06
15,2023,4,4,20,9.4,8.36,10.75,469.8,2.0,1.47,0.025,0.015,3.07
15,2023,4,5,0,9.3,8.15,10.17,497.2,2.2,1.41,0.025,0.005,3.38
15,2023,4,5,4,9.2,8.05,9.81,519.5,1.6,1.24,0.025,0.012,3.97
15,2023,4,5,8,9.3,8.1,10.72,536.1,2.0,1.07,0.025,0.005,4.44
15,2023,4,5,12,11.3,8.3,12.59,538.3,1.9,1.12,0.025,0.011,4.8
15,2023,4,5,16,13.0,8.37,13.18,539.0,2.3,0.98,0.025,0.01,5.0
15,2023,4,5,20,12.7,8.28,11.57,547.7,1.9,0.99,0.025,0.011,5.24
15,2023,4,6,0,11.9,8.11,10.36,559.7,1.6,0.97,0.025,0.01,5.42
15,2023,4,6,4,11.1,8.0,9.63,570.0,1.8,0.97,0.025,0.01,5.42
15,2023,4,6,8,10.8,8.01,10.1,576.8,1.9,0.89,0.025,0.005,5.8
15,2023,4,6,12,12.4,8.18,12.38,571.7,1.7,0.95,0.025,0.005,5.86
15,2023,4,6,16,13.2,8.27,13.11,570.5,1.6,0.92,0.025,0.005,5.92
15,2023,4,6,20,12.7,8.2,11.54,573.6,2.0,1.0,0.025,0.01,5.8
15,2023,4,7,0,11.6,8.1,10.44,582.6,2.1,0.94,0.025,0.011,6.11
15,2023,4,7,4,10.4,8.0,9.59,593.5,1.9,0.94,0.025,0.011,6.11
15,2023,4,7,8,10.0,8.04,10.58,597.1,1.7,0.88,0.025,0.01,6.24
15,2023,4,7,12,12.0,8.14,12.37,589.6,1.7,0.94,0.025,0.005,6.27
15,2023,4,7,16,13.1,8.24,13.1,583.9,2.0,0.87,0.025,0.005,6.29
15,2023,4,7,20,12.7,8.18,11.54,584.9,1.9,1.08,0.025,0.011,6.3
15,2023,4,8,0,12.0,8.09,10.52,589.5,2.2,0.86,0.025,0.01,6.33
15,2023,4,8,4,10.6,8.01,9.71,599.4,2.1,0.86,0.025,0.01,6.33
15,2023,4,8,8,10.0,8.04,10.71,603.3,1.8,0.81,0.025,0.011,6.4
15,2023,4,8,12,12.1,8.14,12.51,595.2,2.2,1.0,0.025,0.005,6.4
15,2023,4,8,16,13.4,8.22,13.21,588.3,1.8,0.85,0.025,0.005,6.4
15,2023,4,8,20,13.0,8.15,11.45,589.0,1.9,0.87,0.025,0.005,6.42
15,2023,4,9,0,12.6,8.08,10.37,589.5,2.3,0.82,0.025,0.01,6.43
15,2023,4,9,4,11.6,8.0,9.64,596.6,2.3,0.82,0.025,0.01,6.43
15,2023,4,9,8,11.0,8.03,10.66,601.2,2.0,0.89,0.025,0.005,6.37
15,2023,4,9,12,13.0,8.14,12.52,593.8,2.0,0.88,0.025,0.005,6.39
15,2023,4,9,16,14.2,8.22,13.09,585.5,1.9,0.87,0.025,0.005,6.35
15,2023,4,9,20,13.8,8.12,11.19,586.4,2.0,0.83,0.025,0.01,6.32
15,2023,4,10,0,13.7,8.06,10.27,584.2,2.4,0.91,0.025,0.01,6.31
15,2023,4,10,4,12.6,8.04,9.51,482.4,7.1,0.91,0.025,0.01,6.31
15,2023,4,10,8,11.8,8.15,10.19,467.1,5.2,2.52,0.025,0.017,4.12
15,2023,4,10,12,13.0,8.36,11.62,458.3,5.4,1.85,0.025,0.017,3.39
15,2023,4,10,16,14.0,8.5,11.03,449.7,5.1,1.61,0.025,0.017,3.23
15,2023,4,10,20,13.7,8.4,9.75,447.5,5.2,1.59,0.025,0.021,3.11
15,2023,4,11,0,12.8,8.21,9.41,454.2,5.4,1.64,0.025,0.021,3.01
15,2023,4,11,4,11.7,8.13,9.44,466.9,4.1,1.64,0.025,0.021,3.01
15,2023,4,11,8,10.8,8.14,10.17,489.3,3.5,1.49,0.025,0.016,3.2
15,2023,4,11,12,12.7,8.29,12.2,497.6,3.3,1.38,0.025,0.016,3.63
15,2023,4,11,16,14.1,8.32,12.47,503.2,2.8,1.15,0.025,0.014,3.97
15,2023,4,11,20,13.1,8.19,10.57,513.8,2.1,1.13,0.025,0.011,4.22
15,2023,4,12,0,12.2,8.06,9.78,523.3,2.0,0.97,0.025,0.005,4.46
15,2023,4,12,4,11.3,8.0,9.45,533.3,2.1,0.93,0.025,0.005,4.68
15,2023,4,12,8,10.8,8.05,10.71,543.4,2.2,0.92,0.025,0.005,4.88
15,2023,4,12,12,13.0,8.15,12.5,541.2,2.0,0.88,0.025,0.012,4.98
15,2023,4,12,16,14.1,8.19,12.85,542.2,2.0,0.85,0.025,0.011,5.1
15,2023,4,12,20,13.3,8.05,10.65,549.7,2.3,0.77,0.025,0.01,5.23
15,2023,4,13,0,13.2,7.98,9.79,554.8,2.0,0.81,0.025,0.011,5.37
15,2023,4,13,4,12.8,7.93,9.36,558.4,2.6,0.85,0.025,0.011,5.46
15,2023,4,13,8,12.5,7.98,10.15,562.6,1.6,0.98,0.025,0.012,5.53
15,2023,4,13,12,13.8,8.1,12.2,558.9,2.6,0.83,0.025,0.011,5.57
15,2023,4,13,16,14.5,8.14,12.33,559.3,2.0,0.79,0.025,0.01,5.59
15,2023,4,13,20,13.8,8.0,10.57,565.1,2.2,0.82,0.025,0.01,5.63
15,2023,4,14,0,13.7,7.95,9.72,565.9,2.4,0.82,0.025,0.01,5.63
15,2023,4,14,4,13.4,7.92,9.26,566.8,2.5,0.95,0.025,0.005,5.73
15,2023,4,14,8,13.3,7.98,10.23,568.4,2.4,0.93,0.025,0.014,5.75
15,2023,4,14,12,14.3,8.1,12.37,565.2,2.7,1.16,0.025,0.011,5.76
15,2023,4,14,16,14.8,8.13,12.33,565.8,3.0,0.85,0.025,0.005,5.81
15,2023,4,14,20,13.8,7.99,10.43,572.1,2.9,0.81,0.025,0.01,5.83
15,2023,4,15,0,13.1,7.95,9.79,572.6,3.0,0.81,0.025,0.01,5.83
15,2023,4,15,4,12.7,7.93,9.45,571.9,3.3,0.92,0.025,0.01,5.8
15,2023,4,15,8,12.4,8.03,10.75,570.9,2.6,0.82,0.025,0.013,5.77
15,2023,4,15,12,14.3,8.12,12.31,565.6,2.2,0.81,0.025,0.01,5.78
15,2023,4,15,16,15.4,8.14,12.46,560.9,2.8,1.03,0.025,0.005,5.75
15,2023,4,15,20,13.7,7.99,10.23,572.4,3.5,0.8,0.025,0.005,5.85
15,2023,4,16,0,13.1,7.96,9.65,574.5,2.5,0.8,0.025,0.005,5.85
15,2023,4,16,4,12.7,7.94,9.32,573.6,2.7,0.86,0.025,0.005,5.89
15,2023,4,16,8,12.4,8.03,10.6,573.3,2.5,0.82,0.025,0.013,5.77
15,2023,4,16,12,14.7,8.12,12.09,567.8,2.6,0.85,0.025,0.011,5.84
15,2023,4,16,16,15.4,8.15,12.49,565.1,2.3,1.03,0.025,0.005,5.84
15,2023,4,16,20,14.1,8.01,10.4,572.4,2.7,0.8,0.025,0.005,5.83
15,2023,4,17,0,13.7,7.96,9.66,572.3,3.1,0.8,0.025,0.005,5.83
15,2023,4,17,4,13.6,7.94,9.24,571.8,3.3,1.02,0.025,0.005,5.79
15,2023,4,17,8,13.7,8.02,10.39,569.9,4.5,0.72,0.025,0.005,5.78
15,2023,4,17,12,15.4,8.14,12.56,561.9,2.6,0.71,0.025,0.005,5.74
15,2023,4,17,16,15.9,8.14,12.43,563.8,3.2,0.98,0.025,0.005,5.86
15,2023,4,17,20,14.7,7.99,10.19,572.3,2.6,0.7,0.025,0.005,5.78
15,2023,4,18,0,14.2,7.94,9.53,571.4,4.2,0.7,0.025,0.005,5.78
15,2023,4,18,4,13.8,7.92,9.18,569.3,2.8,0.72,0.025,0.005,5.7
15,2023,4,18,8,14.0,8.03,10.65,565.7,2.4,0.86,0.025,0.005,5.64
15,2023,4,18,12,16.5,8.13,12.14,559.0,2.9,1.09,0.025,0.005,5.71
15,2023,4,18,16,17.5,8.14,12.66,558.6,2.8,1.03,0.025,0.005,5.64
15,2023,4,18,20,16.0,7.97,9.96,567.5,2.8,0.74,0.025,0.005,5.73
15,2023,4,19,0,15.1,7.91,9.08,568.6,2.7,0.74,0.025,0.005,5.73
15,2023,4,19,4,14.8,7.89,8.84,565.1,3.4,0.74,0.025,0.005,5.64
15,2023,4,19,8,15.0,8.02,10.48,560.2,2.9,0.74,0.025,0.005,5.64
15,2023,4,19,12,16.9,8.14,12.49,556.6,2.8,1.06,0.025,0.005,5.6
15,2023,4,19,16,17.8,8.15,12.51,556.6,2.1,0.8,0.025,0.005,5.63
15,2023,4,19,20,16.5,7.96,9.58,565.4,2.8,0.98,0.025,0.005,5.69
15,2023,4,20,0,16.2,7.9,8.74,565.2,3.1,0.98,0.025,0.005,5.69
15,2023,4,20,4,16.0,7.88,8.26,563.1,2.9,0.82,0.025,0.005,5.63
15,2023,4,20,8,15.4,7.89,8.36,563.8,3.4,0.84,0.025,0.005,5.62
15,2023,4,20,12,14.9,8.05,10.5,564.6,3.3,1.14,0.025,0.005,5.59
15,2023,4,20,16,14.5,8.03,10.37,570.1,2.9,1.01,0.025,0.005,5.64
15,2023,4,20,20,13.7,7.91,9.04,575.9,3.4,1.09,0.025,0.005,5.62
15,2023,4,21,0,13.1,7.88,8.59,577.5,3.0,1.09,0.025,0.005,5.62
15,2023,4,21,4,12.8,7.89,8.58,577.3,2.9,1.19,0.025,0.005,5.63
15,2023,4,21,8,12.6,7.97,9.56,576.2,2.9,1.08,0.025,0.012,5.62
15,2023,4,21,12,14.5,8.12,12.27,567.4,2.9,0.87,0.025,0.005,5.57
15,2023,4,21,16,15.4,8.16,12.6,563.9,2.8,1.04,0.025,0.005,5.55
15,2023,4,21,20,14.0,8.0,10.21,572.8,2.8,1.17,0.025,0.005,5.56
15,2023,4,22,0,13.4,7.95,9.48,576.3,3.1,1.17,0.025,0.005,5.56
15,2023,4,22,4,13.3,7.94,9.26,574.5,3.3,0.78,0.025,0.005,5.6
15,2023,4,22,8,13.0,7.96,9.47,574.9,2.9,0.93,0.025,0.005,5.57
15,2023,4,22,12,13.3,8.1,11.72,572.0,2.6,0.9,0.025,0.005,5.55
15,2023,4,22,16,14.6,8.14,12.26,568.6,3.2,0.93,0.025,0.005,5.55
15,2023,4,22,20,13.6,7.99,10.19,576.2,2.8,0.89,0.025,0.005,5.57
15,2023,4,23,0,12.9,7.93,9.47,577.8,3.0,0.89,0.025,0.005,5.57
15,2023,4,23,4,12.5,7.93,9.27,575.9,3.0,0.91,0.025,0.005,5.56
15,2023,4,23,8,12.8,8.05,10.8,571.3,2.9,0.93,0.025,0.012,5.51
15,2023,4,23,12,13.8,8.17,12.7,565.1,2.9,0.9,0.025,0.005,5.51
15,2023,4,23,16,14.4,8.18,12.67,564.5,3.4,0.7,0.025,0.005,5.51
15,2023,4,23,20,13.3,8.02,10.46,573.4,3.1,0.86,0.025,0.005,5.55
15,2023,4,24,0,12.7,7.96,9.74,575.1,3.0,0.86,0.025,0.005,5.55
15,2023,4,24,4,12.3,7.96,9.65,572.6,3.5,0.78,0.025,0.005,5.51
15,2023,4,24,8,12.6,8.1,11.36,568.8,3.2,1.06,0.025,0.005,5.53
15,2023,4,24,12,14.8,8.18,12.76,584.2,1.7,0.9,0.025,0.005,5.52
15,2023,4,24,16,15.4,8.21,12.94,582.9,2.3,0.84,0.025,0.005,5.47
15,2023,4,24,20,14.0,8.03,10.35,592.7,2.4,0.93,0.025,0.005,5.48
15,2023,4,25,0,13.8,8.0,9.67,593.2,2.1,0.93,0.025,0.005,5.48
15,2023,4,25,4,13.8,7.97,9.23,587.9,2.5,0.83,0.025,0.005,5.46
15,2023,4,25,8,13.5,7.98,9.3,591.2,2.6,0.88,0.025,0.01,5.48
15,2023,4,25,12,14.5,8.14,11.72,589.6,2.7,0.88,0.025,0.005,5.48
15,2023,4,25,16,15.4,8.16,12.2,588.7,2.5,0.92,0.025,0.005,5.47
15,2023,4,25,20,14.4,8.05,10.3,593.5,2.4,0.97,0.025,0.011,5.57
15,2023,4,26,0,13.4,8.0,9.66,593.1,2.7,0.97,0.025,0.011,5.57
15,2023,4,26,4,12.8,7.99,9.46,593.2,3.1,0.85,0.025,0.01,5.52
15,2023,4,26,8,12.7,8.11,10.95,593.4,2.3,0.89,0.025,0.011,5.44
15,2023,4,26,12,14.5,8.19,12.45,589.0,2.4,0.86,0.025,0.005,5.46
15,2023,4,26,16,14.6,8.22,12.66,588.2,2.6,0.87,0.025,0.005,5.46
15,2023,4,26,20,13.8,8.1,10.73,592.1,2.7,0.84,0.025,0.005,5.51
15,2023,4,27,0,13.8,8.05,9.93,592.1,2.1,0.84,0.025,0.005,5.51
15,2023,4,27,4,13.7,8.02,9.32,592.7,2.7,0.89,0.025,0.005,5.47
15,2023,4,27,8,13.6,8.1,10.8,594.5,2.5,0.92,0.025,0.005,5.45
15,2023,4,27,12,14.0,8.17,11.81,594.5,2.3,0.86,0.025,0.005,5.49
15,2023,4,27,16,14.8,8.21,12.57,590.6,2.2,0.91,0.025,0.005,5.46
15,2023,4,27,20,14.5,8.06,10.36,591.8,2.7,0.85,0.025,0.005,5.48
15,2023,4,28,0,14.5,8.03,9.76,590.0,2.5,0.85,0.025,0.005,5.48
15,2023,4,28,4,14.3,7.98,9.2,592.2,2.3,0.92,0.025,0.005,5.45
15,2023,4,28,8,14.1,8.01,9.62,596.7,2.4,0.99,0.025,0.005,5.44
15,2023,4,28,12,15.0,8.17,11.96,591.3,2.3,0.94,0.025,0.005,5.43
15,2023,4,28,16,15.0,8.11,10.89,585.6,4.2,1.0,0.025,0.011,5.44
15,2023,4,28,20,14.5,8.03,9.66,577.7,4.3,1.12,0.025,0.011,5.41
15,2023,4,29,0,14.1,8.02,9.17,577.1,4.1,1.12,0.025,0.011,5.41
15,2023,4,29,4,13.0,7.94,8.53,577.2,4.0,1.04,0.025,0.005,5.34
15,2023,4,29,8,13.1,8.03,10.05,585.8,3.4,1.11,0.025,0.012,5.39
15,2023,4,29,12,15.4,8.14,11.75,578.1,3.4,1.05,0.025,0.011,5.42
15,2023,4,29,16,16.4,8.23,12.31,581.3,3.1,1.04,0.025,0.005,5.43
15,2023,4,29,20,16.0,8.13,10.51,583.0,3.1,1.03,0.025,0.005,5.39
15,2023,4,30,0,15.2,8.06,9.55,586.0,2.9,1.03,0.025,0.005,5.39
15,2023,4,30,4,14.0,7.99,8.87,594.0,3.5,1.02,0.025,0.005,5.45
15,2023,4,30,8,13.8,8.07,10.24,596.1,3.0,1.05,0.025,0.013,5.41
15,2023,4,30,12,15.9,8.18,11.95,586.2,3.0,1.06,0.025,0.005,5.44
15,2023,4,30,16,17.4,8.26,12.53,579.8,3.2,1.04,0.025,0.005,5.4
15,2023,4,30,20,16.8,8.14,10.53,579.7,3.2,1.04,0.025,0.005,5.41
15,2023,5,1,0,16.2,8.06,9.47,582.5,3.4,1.04,0.025,0.005,5.41
15,2023,5,1,4,15.0,7.97,8.67,589.8,3.3,1.08,0.025,0.005,5.4
15,2023,5,1,8,14.5,8.06,10.08,593.3,2.8,1.08,0.025,0.005,5.39
15,2023,5,1,12,16.6,8.18,11.9,582.6,3.0,1.11,0.025,0.005,5.36
15,2023,5,1,16,18.0,8.28,12.61,574.9,3.2,1.16,0.025,0.005,5.37
15,2023,5,1,20,17.8,8.16,10.35,576.2,3.3,1.12,0.025,0.01,5.3
15,2023,5,2,0,17.4,8.06,9.23,579.4,3.3,1.12,0.025,0.01,5.3
15,2023,5,2,4,16.5,7.95,8.26,588.6,3.8,1.08,0.025,0.005,5.35
15,2023,5,2,8,16.1,8.04,9.65,591.2,3.2,1.12,0.025,0.015,5.32
15,2023,5,2,12,18.2,8.2,12.93,581.0,3.2,1.11,0.025,0.011,5.31
15,2023,5,2,16,19.5,8.29,13.85,573.1,3.7,1.13,0.025,0.013,5.25
15,2023,5,2,20,19.2,8.16,11.11,574.7,2.8,1.14,0.025,0.011,5.24
15,2023,5,3,0,18.5,8.05,9.52,578.3,3.2,1.14,0.025,0.011,5.24
15,2023,5,3,4,17.4,7.93,8.4,586.8,3.6,1.08,0.025,0.005,5.29
15,2023,5,3,8,17.1,8.03,10.2,589.0,3.1,1.12,0.025,0.005,5.23
15,2023,5,3,12,19.3,8.18,12.86,577.8,3.9,1.15,0.025,0.012,5.2
15,2023,5,3,16,20.5,8.26,13.71,570.2,3.7,1.16,0.025,0.011,5.22
15,2023,5,3,20,20.0,8.13,10.89,572.1,3.5,1.14,0.025,0.011,5.13
15,2023,5,4,0,19.4,8.01,9.21,575.2,4.0,1.14,0.025,0.011,5.13
15,2023,5,4,4,18.2,7.91,8.11,582.9,4.0,1.15,0.025,0.005,5.19
15,2023,5,4,8,17.7,8.0,9.73,587.4,4.1,1.08,0.025,0.012,5.2
15,2023,5,4,12,19.3,8.15,12.35,576.1,4.1,1.09,0.025,0.005,5.17
15,2023,5,4,16,19.2,8.2,12.28,573.7,4.3,1.15,0.025,0.011,5.15
15,2023,5,4,20,19.0,8.07,10.04,574.9,4.4,1.1,0.025,0.005,5.12
15,2023,5,5,0,18.5,7.98,8.84,580.4,4.6,1.1,0.025,0.005,5.12
15,2023,5,5,4,17.9,7.9,7.91,588.0,4.6,1.13,0.025,0.005,5.15
15,2023,5,5,8,17.1,7.96,8.83,590.3,4.5,1.11,0.025,0.011,5.12
15,2023,5,5,12,17.0,8.13,11.25,585.2,4.1,1.04,0.025,0.005,5.14
15,2023,5,5,16,17.0,8.23,12.2,580.7,5.4,1.08,0.025,0.005,5.14
15,2023,5,5,20,16.1,8.14,10.48,585.6,5.0,1.06,0.025,0.005,5.11
15,2023,5,6,0,15.5,8.06,9.47,589.5,4.1,1.06,0.025,0.005,5.11
15,2023,5,6,4,14.9,7.98,8.74,596.3,4.4,1.09,0.025,0.011,5.12
15,2023,5,6,8,14.9,8.07,10.46,597.7,4.4,1.03,0.025,0.012,5.12
15,2023,5,6,12,16.5,8.2,12.73,590.3,4.2,1.02,0.025,0.011,5.15
15,2023,5,6,16,17.1,8.27,13.63,582.3,4.3,1.04,0.025,0.011,5.1
15,2023,5,6,20,16.7,8.15,11.12,582.8,4.7,1.03,0.025,0.01,5.09
15,2023,5,7,0,16.2,8.06,9.88,585.1,4.9,1.03,0.025,0.01,5.09
15,2023,5,7,4,15.2,7.98,9.03,593.0,3.5,1.06,0.025,0.005,5.09
15,2023,5,7,8,15.0,8.08,10.71,593.6,5.4,1.0,0.025,0.005,5.07
15,2023,5,7,12,17.1,8.19,12.8,584.8,5.4,0.99,0.025,0.005,5.1
15,2023,5,7,16,18.5,8.26,13.45,576.3,5.9,1.04,0.025,0.005,5.04
15,2023,5,7,20,17.9,8.14,11.17,575.8,5.7,1.03,0.025,0.012,5.04
15,2023,5,8,0,17.4,8.04,9.67,579.5,6.1,1.03,0.025,0.012,5.04
15,2023,5,8,4,16.2,7.96,8.77,585.3,5.7,1.01,0.025,0.005,5.03
15,2023,5,8,8,15.9,8.06,10.58,587.5,5.3,1.0,0.025,0.005,5.01
15,2023,5,8,12,17.8,8.18,12.13,579.3,2.9,0.94,0.025,0.005,5.05
15,2023,5,8,16,19.2,8.25,12.73,571.3,3.1,0.98,0.025,0.005,5.03
15,2023,5,8,20,18.5,8.13,10.6,571.6,3.2,0.98,0.025,0.005,5.05
15,2023,5,9,0,18.0,8.02,9.2,574.5,2.9,0.98,0.025,0.005,5.05
15,2023,5,9,4,17.1,7.94,8.38,579.7,3.5,1.01,0.025,0.005,5.03
15,2023,5,9,8,16.8,8.05,10.11,581.9,3.5,0.96,0.025,0.005,4.98
15,2023,5,9,12,18.8,8.18,12.22,574.0,3.4,0.93,0.025,0.005,4.98
15,2023,5,9,16,19.4,8.25,12.84,567.2,3.3,0.94,0.025,0.005,4.98
15,2023,5,10,16,20.2,8.23,12.91,564.7,3.6,1.0,0.025,0.005,4.92
15,2023,5,10,20,19.4,8.09,10.22,565.2,3.9,0.97,0.025,0.011,4.89
15,2023,5,11,0,18.9,7.99,8.85,565.4,3.8,1.02,0.025,0.005,4.92
15,2023,5,11,4,18.2,7.91,8.01,570.7,4.1,1.02,0.025,0.005,4.92
15,2023,5,11,8,17.9,8.03,9.69,575.5,3.7,1.0,0.025,0.005,4.9
15,2023,5,11,12,19.3,8.16,12.12,570.1,3.7,0.96,0.025,0.005,4.88
15,2023,5,11,16,19.1,8.11,10.97,567.0,3.8,0.95,0.025,0.005,4.89
15,2023,5,11,20,18.4,8.03,9.52,567.4,3.9,1.0,0.025,0.005,4.89
15,2023,5,12,0,18.1,7.96,8.51,568.6,3.2,0.98,0.025,0.005,4.9
15,2023,5,12,4,17.4,7.9,7.79,573.6,4.8,0.98,0.025,0.005,4.9
15,2023,5,12,8,17.0,8.01,9.37,577.8,4.2,0.97,0.025,0.005,4.88
15,2023,5,12,12,19.2,8.16,12.06,569.4,3.8,1.0,0.025,0.005,4.91
15,2023,5,12,16,18.0,8.11,10.25,549.7,5.0,0.95,0.122,0.005,4.88
15,2023,5,12,20,18.0,8.07,9.77,561.8,4.5,1.14,0.025,0.005,4.86
15,2023,5,13,0,17.7,7.97,8.58,563.1,4.2,0.96,0.025,0.005,4.86
15,2023,5,13,4,16.6,7.91,7.86,566.6,4.6,0.96,0.025,0.005,4.86
15,2023,5,13,8,16.7,8.02,9.6,571.3,4.8,1.02,0.025,0.005,4.88
15,2023,5,13,12,19.0,8.15,11.8,566.4,4.7,1.06,0.025,0.005,4.87
15,2023,5,13,16,20.5,8.21,12.38,560.7,4.9,0.98,0.025,0.005,4.84
15,2023,5,13,20,19.8,8.08,10.17,561.7,4.8,1.03,0.025,0.005,4.88
15,2023,5,14,0,19.3,7.98,8.72,564.6,4.8,1.01,0.025,0.005,4.86
15,2023,5,14,4,18.4,7.9,7.74,572.4,5.6,1.01,0.025,0.005,4.86
15,2023,5,14,8,17.9,8.01,9.35,575.7,5.2,1.04,0.025,0.005,4.83
15,2023,5,14,12,20.0,8.16,11.91,567.5,5.2,1.01,0.025,0.005,4.83
15,2023,5,14,16,21.0,8.23,12.54,561.3,6.6,0.99,0.025,0.005,4.85
15,2023,5,14,20,20.5,8.07,9.59,563.4,5.9,1.05,0.025,0.011,4.84
15,2023,5,15,0,20.0,7.96,8.21,565.4,6.5,1.02,0.025,0.005,4.81
15,2023,5,15,4,19.0,7.88,7.34,572.2,7.0,1.02,0.025,0.005,4.81
15,2023,5,15,8,18.8,8.0,9.12,574.0,6.4,1.02,0.025,0.005,4.82
15,2023,5,15,12,20.9,8.15,11.77,566.8,8.2,1.01,0.025,0.005,4.77
15,2023,5,15,16,22.3,8.22,12.61,559.3,9.2,1.0,0.025,0.005,4.77
15,2023,5,15,20,21.8,8.07,9.64,560.7,9.5,1.02,0.025,0.005,4.76
15,2023,5,16,0,21.6,7.94,8.01,561.6,8.9,1.0,0.025,0.01,4.75
15,2023,5,16,4,20.9,7.86,6.98,567.0,9.7,1.0,0.025,0.01,4.75
15,2023,5,16,8,20.5,7.93,8.08,572.3,10.2,1.02,0.025,0.005,4.7
15,2023,5,16,12,22.6,8.14,11.52,564.4,11.8,1.09,0.025,0.005,4.69
15,2023,5,17,12,20.0,8.0,8.6,566.2,3.7,1.16,0.025,0.011,4.7
15,2023,5,17,16,20.8,8.18,10.64,562.1,4.5,1.13,0.025,0.012,4.71
15,2023,5,17,20,20.0,8.04,8.69,567.1,3.9,1.11,0.025,0.005,4.7
15,2023,5,18,0,19.4,7.96,7.75,573.3,4.7,1.17,0.025,0.013,4.75
15,2023,5,18,4,18.4,7.89,7.12,578.6,5.5,1.17,0.025,0.013,4.75
15,2023,5,18,8,18.4,8.01,8.86,578.6,5.0,1.12,0.025,0.011,4.74
15,2023,5,18,8,18.4,8.01,8.86,578.6,5.0,1.12,0.025,0.011,4.74
15,2023,5,18,12,20.5,8.16,11.12,573.7,4.9,1.05,0.025,0.005,4.6
15,2023,5,18,16,21.6,8.26,12.19,567.4,4.9,1.15,0.025,0.005,4.54
15,2023,5,18,20,21.0,8.14,9.91,569.4,5.9,1.12,0.025,0.005,4.47
15,2023,5,19,0,20.4,8.02,8.37,571.0,6.6,1.12,0.025,0.005,4.47
15,2023,5,19,4,19.0,7.94,7.48,573.7,6.7,1.11,0.025,0.005,4.47
15,2023,5,19,8,18.8,8.01,8.59,573.9,5.9,1.2,0.025,0.005,4.47
15,2023,5,19,12,19.1,8.1,9.66,569.6,5.5,1.15,0.025,0.005,4.45
15,2023,5,19,16,19.2,8.09,9.29,569.6,6.1,1.11,0.025,0.005,4.5
15,2023,5,19,20,18.9,8.03,8.42,572.8,7.2,1.21,0.025,0.005,4.45
15,2023,5,20,0,18.4,7.95,7.66,578.8,7.1,1.21,0.025,0.005,4.45
15,2023,5,20,4,17.5,7.9,7.27,582.9,8.6,1.09,0.025,0.005,4.49
15,2023,5,20,8,17.5,8.03,9.02,582.4,8.5,1.14,0.025,0.005,4.51
15,2023,5,20,12,18.1,8.16,10.74,575.5,7.7,1.06,0.025,0.005,4.48
15,2023,5,20,16,18.9,8.26,11.84,573.7,8.1,1.08,0.025,0.005,4.51
15,2023,5,20,20,18.4,8.17,10.17,576.2,8.7,1.08,0.025,0.005,4.45
15,2023,5,21,0,17.9,8.06,8.89,579.4,8.6,1.08,0.025,0.005,4.45
15,2023,5,21,4,17.0,7.98,8.13,584.2,9.9,1.1,0.025,0.005,4.49
15,2023,5,21,8,16.9,8.08,9.55,584.7,9.4,1.05,0.025,0.005,4.48
15,2023,5,21,12,18.8,8.2,11.56,576.4,10.6,1.04,0.025,0.005,4.48
15,2023,5,21,16,20.4,8.29,12.65,568.3,8.8,1.06,0.025,0.005,4.46
15,2023,5,21,20,20.0,8.17,10.38,569.7,8.8,1.03,0.025,0.005,4.41
15,2023,5,22,0,19.4,8.04,8.83,572.8,8.2,1.03,0.025,0.005,4.41
15,2023,5,22,4,18.2,7.96,7.94,578.8,8.8,1.03,0.025,0.005,4.42
15,2023,5,22,8,17.9,8.06,9.53,578.1,8.1,1.06,0.025,0.005,4.43
15,2023,5,22,12,20.1,8.19,11.62,570.0,7.8,0.99,0.025,0.005,4.41
15,2023,5,22,16,21.0,8.24,11.84,562.5,7.8,0.95,0.025,0.005,4.37
15,2023,5,22,20,20.6,8.11,9.84,563.1,8.4,1.07,0.025,0.005,4.35
15,2023,5,23,0,19.8,8.0,8.36,567.4,9.4,1.07,0.025,0.005,4.35
15,2023,5,23,4,18.4,7.94,7.65,574.3,7.8,1.07,0.025,0.005,4.33
15,2023,5,23,8,17.9,8.06,9.4,575.1,7.5,1.04,0.025,0.005,4.33
15,2023,5,24,16,21.3,8.24,11.91,557.6,2.6,1.07,0.025,0.005,4.16
15,2023,5,25,12,20.2,8.15,10.89,565.5,3.4,1.0,0.025,0.005,4.09
15,2023,5,25,16,20.2,8.19,11.18,562.2,3.3,1.0,0.025,0.005,4.06
15,2023,5,25,20,20.0,8.08,9.54,560.9,3.5,1.05,0.025,0.005,4.04
15,2023,5,26,0,19.4,7.98,8.32,563.6,3.7,1.05,0.025,0.005,4.04
15,2023,5,26,4,18.5,7.93,7.67,567.4,4.6,1.08,0.025,0.005,4.04
15,2023,5,26,8,18.5,8.04,9.33,570.9,4.1,0.98,0.025,0.011,4.01
15,2023,5,26,12,20.6,8.17,11.53,566.1,3.5,0.96,0.025,0.005,4.01
15,2023,5,26,16,21.8,8.23,12.37,559.5,4.1,1.01,0.025,0.011,4.03
15,2023,5,26,20,21.4,8.11,10.0,559.3,4.1,1.02,0.025,0.005,4.0
15,2023,5,27,0,21.0,7.99,8.41,561.8,4.0,0.99,0.025,0.005,3.98
15,2023,5,27,4,20.4,7.91,7.51,567.4,4.4,1.1,0.025,0.005,3.99
15,2023,5,27,8,19.5,7.94,7.9,573.4,4.4,1.07,0.025,0.005,4.02
15,2023,5,27,12,19.9,8.1,10.35,569.8,4.0,0.98,0.025,0.005,4.06
15,2023,5,27,16,20.0,8.08,9.82,567.4,3.4,1.0,0.025,0.005,3.98
15,2023,5,27,20,19.9,8.0,8.64,567.5,4.1,0.97,0.025,0.005,4.0
15,2023,5,28,0,19.5,7.94,7.94,566.7,4.3,0.95,0.025,0.005,3.99
15,2023,5,28,4,18.9,7.88,7.36,573.9,4.6,0.95,0.025,0.005,4.01
15,2023,5,28,8,18.9,7.98,8.67,578.7,4.2,0.99,0.025,0.005,4.0
15,2023,5,28,12,21.1,8.14,11.36,570.5,4.7,1.01,0.025,0.005,3.99
15,2023,5,28,16,22.4,8.21,12.31,564.1,4.5,0.97,0.025,0.005,4.0
15,2023,5,28,20,21.9,8.06,9.67,564.3,4.7,1.01,0.025,0.005,3.98
15,2023,5,29,0,21.5,7.96,8.17,565.0,5.7,1.0,0.025,0.005,3.96
15,2023,5,29,4,20.8,7.89,7.3,569.0,5.7,0.97,0.025,0.005,3.94
15,2023,5,29,12,22.5,8.16,11.63,566.2,5.4,0.98,0.025,0.005,3.91
15,2023,5,29,16,23.8,8.22,12.41,558.2,5.8,1.0,0.025,0.005,3.93
15,2023,5,29,20,23.1,8.04,9.3,560.1,6.2,1.05,0.025,0.005,3.89
15,2023,5,30,0,22.8,7.93,7.83,562.0,6.0,1.06,0.025,0.005,3.92
15,2023,5,30,4,21.7,7.87,7.0,567.5,7.1,1.02,0.025,0.005,3.87
15,2023,5,30,8,20.8,7.89,7.19,571.8,6.7,1.04,0.025,0.005,3.94
15,2023,5,30,12,20.3,7.98,8.39,572.4,6.3,1.04,0.025,0.005,3.94
15,2023,5,30,12,20.3,7.98,8.39,572.4,6.3,0.98,0.025,0.005,3.93
15,2023,5,30,16,20.4,8.04,9.06,569.6,6.2,0.98,0.025,0.005,3.93
15,2023,5,30,16,20.4,8.04,9.06,569.6,6.2,0.97,0.025,0.005,3.93
15,2023,5,30,20,20.1,7.96,7.92,570.4,7.1,0.97,0.025,0.005,3.93
15,2023,5,30,20,20.1,7.96,7.92,570.4,7.1,1.04,0.025,0.005,3.98
15,2023,5,31,0,19.9,7.92,7.44,571.9,7.6,1.04,0.025,0.005,3.98
15,2023,5,31,0,19.9,7.92,7.44,571.9,7.6,1.04,0.025,0.005,3.98
15,2023,5,31,4,19.2,7.89,7.04,577.7,7.8,1.04,0.025,0.005,3.98
15,2023,5,31,4,19.2,7.89,7.04,577.7,7.8,1.03,0.025,0.005,3.95
15,2023,5,31,8,18.9,7.99,8.34,579.3,6.7,1.03,0.025,0.005,3.95
15,2023,5,31,8,18.9,7.99,8.34,579.3,6.7,1.06,0.025,0.011,3.91
15,2023,5,31,12,19.4,8.09,9.94,577.4,6.4,1.06,0.025,0.011,3.91
15,2023,5,31,12,19.4,8.09,9.94,577.4,6.4,1.0,0.025,0.005,3.93
15,2023,5,31,16,20.0,8.18,10.96,574.0,6.8,1.0,0.025,0.005,3.93
15,2023,5,31,16,20.0,8.18,10.96,574.0,6.8,0.97,0.025,0.005,3.93
15,2023,5,31,20,19.8,8.09,9.49,574.3,7.6,0.97,0.025,0.005,3.93
15,2023,5,31,20,19.8,8.09,9.49,574.3,7.6,1.01,0.025,0.005,3.94
15,2023,6,1,0,19.4,7.99,8.28,575.2,8.3,1.01,0.025,0.005,3.94
15,2023,6,1,0,19.4,7.99,8.28,575.2,8.3,1.01,0.025,0.005,3.94
15,2023,6,1,4,18.6,7.94,7.61,579.0,8.1,1.01,0.025,0.005,3.94
15,2023,6,1,4,18.6,7.94,7.61,579.0,8.1,1.0,0.025,0.005,3.91
15,2023,6,1,8,18.6,8.06,9.18,580.8,8.0,1.0,0.025,0.005,3.91
15,2023,6,1,8,18.6,8.06,9.18,580.8,8.0,1.03,0.025,0.005,3.88
15,2023,6,1,12,19.8,8.12,9.66,569.5,14.6,1.03,0.025,0.005,3.88
15,2023,6,1,12,19.8,8.12,9.66,569.5,14.6,0.98,0.025,0.005,3.89
15,2023,6,1,16,21.0,8.23,11.47,570.5,9.9,0.98,0.025,0.005,3.89
15,2023,6,1,16,21.0,8.23,11.47,570.5,9.9,0.98,0.025,0.005,3.88
15,2023,6,2,12,21.0,8.13,11.49,571.9,3.9,1.01,0.025,0.011,3.87
