point_id,year,month,day,hour,水温(℃),pH(无量纲),溶解氧(mg/L),电导率(μS/cm),浊度(NTU),高锰酸盐指数(mg/L),氨氮(mg/L),总磷(mg/L),总氮(mg/L)
5,2021,6,17,12,24.8,8.42,10.94,815.8,2.7,2.87,0.034,0.06,8.63
5,2021,6,17,12,24.8,8.42,10.94,815.8,2.7,2.87,0.034,0.06,8.63
5,2021,6,17,16,26.9,8.91,14.98,787.7,3.0,2.81,0.034,0.057,8.28
5,2021,6,17,16,26.9,8.91,14.98,787.7,3.0,2.84,0.025,0.062,7.39
5,2021,6,18,0,26.0,8.43,6.27,806.3,2.5,2.99,0.025,0.061,7.84
5,2021,6,18,4,24.8,7.81,3.14,833.5,2.0,3.08,0.025,0.064,8.92
5,2021,6,18,4,24.8,7.81,3.14,833.5,2.0,3.15,0.025,0.054,10.31
5,2021,6,18,8,23.7,7.62,3.6,839.2,1.9,3.03,0.025,0.042,10.11
5,2021,6,18,12,23.9,8.16,9.01,830.0,2.5,2.92,0.025,0.04,8.98
5,2021,6,18,16,25.5,8.76,13.03,790.0,2.6,2.92,0.025,0.04,8.98
5,2021,6,18,16,25.5,8.76,13.03,790.0,2.6,3.05,0.025,0.041,8.14
5,2021,6,18,20,25.6,8.85,13.03,764.7,2.8,3.06,0.025,0.042,7.96
5,2021,6,19,0,25.2,8.37,7.15,786.6,3.3,3.06,0.025,0.042,7.96
5,2021,6,19,4,24.1,7.98,3.73,822.4,2.4,3.29,0.025,0.054,8.79
5,2021,6,19,4,24.1,7.98,3.73,822.4,2.4,3.1,0.025,0.056,9.1
5,2021,6,19,8,23.4,7.75,4.61,835.6,2.0,2.97,0.025,0.043,9.1
5,2021,6,19,12,24.8,8.47,11.07,832.7,2.9,2.95,0.025,0.045,8.58
5,2021,6,19,16,26.5,8.92,14.12,780.6,4.4,3.17,0.025,0.053,7.57
5,2021,6,19,20,26.4,8.88,12.87,758.6,2.7,2.92,0.025,0.042,7.04
5,2021,6,20,0,26.0,8.36,6.99,778.0,2.7,2.92,0.025,0.042,7.04
5,2021,6,20,0,26.0,8.36,6.99,778.0,2.7,2.92,0.025,0.042,7.04
5,2021,6,20,8,23.9,7.74,4.43,840.4,2.1,3.1,0.025,0.044,8.03
5,2021,6,20,12,25.3,8.31,10.53,817.0,2.6,2.93,0.025,0.041,7.66
5,2021,6,20,16,27.2,8.84,14.51,782.7,2.9,2.93,0.025,0.041,7.66
5,2021,7,4,20,29.5,8.76,9.23,619.9,5.3,3.01,0.051,0.104,4.17
5,2021,7,5,0,28.1,8.03,5.6,626.8,4.3,3.01,0.051,0.104,4.17
5,2021,7,5,4,26.8,7.57,3.65,645.8,3.5,3.01,0.051,0.104,4.17
5,2021,7,5,8,25.9,7.46,3.04,666.4,2.4,2.71,0.075,0.058,4.22
5,2021,7,5,8,25.9,7.46,3.04,666.4,2.4,2.36,0.057,0.045,4.79
5,2021,7,5,12,26.3,7.86,8.31,674.1,3.6,2.42,0.025,0.049,4.71
5,2021,7,5,16,26.9,8.28,11.16,666.7,3.7,2.42,0.027,0.005,4.74
5,2021,7,5,20,26.1,7.8,6.12,695.9,7.1,2.54,0.027,0.005,4.74
5,2021,7,5,20,26.1,7.8,6.12,695.9,7.1,2.93,0.103,0.052,5.54
5,2021,7,6,0,25.8,7.74,7.13,690.1,30.9,2.93,0.103,0.052,5.54
5,2021,7,6,4,24.5,7.49,4.63,674.7,5.8,2.93,0.439,0.061,6.41
5,2021,7,6,8,24.6,7.58,5.48,621.4,9.0,2.99,0.439,0.061,6.41
5,2021,7,6,8,24.6,7.58,5.48,621.4,9.0,3.25,0.295,0.052,5.61
5,2021,7,6,12,25.9,8.29,9.3,648.6,4.9,2.71,0.144,0.053,5.93
5,2021,7,6,16,28.1,8.69,11.82,648.2,4.6,2.92,0.134,0.062,5.93
5,2021,7,7,8,26.0,7.52,4.06,744.2,4.1,2.97,0.061,0.056,6.18
5,2021,7,7,12,27.1,7.85,8.16,751.6,2.9,2.96,0.061,0.05,6.75
5,2021,7,7,12,27.1,7.85,8.16,751.6,2.9,2.75,0.025,0.041,6.2
5,2021,7,26,16,27.0,7.92,6.04,881.1,5.8,1.69,0.025,0.027,3.75
5,2021,7,26,20,27.2,8.0,6.43,863.6,6.1,1.69,0.025,0.032,3.75
5,2021,7,27,0,26.9,7.79,3.84,888.8,4.2,1.5,0.025,0.032,4.66
5,2021,7,27,0,26.9,7.79,3.84,888.8,4.2,1.5,0.025,0.032,4.66
5,2021,7,27,12,26.4,8.06,6.62,674.3,10.2,2.23,0.299,0.056,7.66
5,2021,7,27,12,26.4,8.06,6.62,674.3,10.2,2.23,0.299,0.056,7.66
5,2021,7,27,12,26.4,8.06,6.62,674.3,10.2,3.06,0.771,0.071,6.72
5,2021,7,27,20,25.7,7.99,5.2,247.0,417.6,11.49,2.455,0.402,6.0
5,2021,7,28,0,25.5,7.66,4.74,348.7,139.4,11.49,2.455,0.402,6.0
5,2021,7,28,4,25.4,7.52,4.04,461.0,29.7,11.49,2.455,0.402,6.0
5,2021,7,28,4,25.4,7.52,4.04,461.0,29.7,4.59,1.487,0.152,8.37
5,2021,8,6,8,26.1,7.78,3.84,875.5,2.5,2.42,0.037,0.036,9.94
5,2021,8,6,8,26.1,7.78,3.84,875.5,2.5,2.01,0.025,0.03,10.14
5,2021,9,23,12,21.3,8.38,8.96,614.0,4.1,2.17,0.025,0.026,5.09
5,2021,9,23,16,22.6,8.73,10.06,608.6,4.5,2.41,0.025,0.029,5.35
5,2021,9,23,20,22.4,8.56,8.53,610.2,4.7,2.36,0.025,0.028,5.53
5,2021,9,24,0,21.9,8.03,5.66,622.2,3.7,2.36,0.025,0.028,5.53
5,2021,9,24,4,21.7,7.86,4.9,646.9,4.8,2.2,0.025,0.025,6.33
5,2021,10,28,12,16.5,7.93,7.37,929.4,2.1,3.31,1.372,0.061,9.32
5,2021,10,28,16,17.2,8.26,9.94,924.0,2.1,3.28,1.08,0.072,9.77
5,2021,10,28,20,17.2,8.26,9.86,920.2,2.2,3.36,1.049,0.073,9.67
5,2021,10,29,0,17.0,7.98,7.4,922.4,2.1,3.35,1.049,0.064,9.47
5,2021,10,29,4,16.9,7.9,6.04,932.9,2.1,3.35,1.202,0.064,9.47
5,2021,10,29,8,16.4,7.8,5.37,939.8,2.2,3.56,1.792,0.059,9.11
5,2021,10,29,12,16.7,7.89,7.18,931.3,1.8,3.44,1.642,0.066,9.54
5,2021,11,5,8,16.2,7.67,4.33,917.8,1.7,3.07,1.46,0.035,7.8
5,2021,11,5,12,16.2,7.68,4.92,931.6,1.7,3.24,1.729,0.036,8.5
5,2021,11,5,16,16.6,7.74,6.24,935.4,1.7,3.28,1.496,0.04,9.35
5,2021,11,5,20,16.4,7.76,6.3,917.5,1.8,3.33,1.189,0.038,9.53
5,2021,11,6,0,16.3,7.72,5.5,890.4,1.8,3.26,1.189,0.036,8.7
5,2021,11,6,4,16.4,7.68,4.61,906.5,1.8,3.26,1.171,0.036,8.7
5,2021,11,6,8,16.3,7.65,4.33,913.0,1.9,3.11,1.436,0.039,8.06
5,2021,11,6,12,16.4,7.64,4.36,907.6,2.1,3.23,1.57,0.04,8.77
5,2021,11,6,16,16.2,7.65,4.65,903.4,2.2,3.51,1.426,0.05,9.47
5,2021,11,6,20,14.8,7.69,5.03,892.2,3.3,3.23,1.835,0.045,8.93
5,2021,11,7,0,13.6,7.7,5.16,880.4,3.0,3.52,1.835,0.068,8.96
5,2021,11,7,4,12.5,7.72,5.15,884.5,5.3,3.52,1.219,0.057,8.27
5,2021,11,7,8,12.5,7.72,5.15,884.5,5.3,3.52,1.219,0.057,8.27
5,2021,11,7,12,11.6,7.74,5.94,912.6,3.4,3.77,1.404,0.064,8.75
5,2021,11,7,16,11.7,7.83,7.3,915.1,4.0,3.64,1.147,0.063,8.65
5,2021,11,7,20,11.3,7.87,7.67,923.9,4.0,4.01,0.831,0.061,7.69
5,2021,11,8,0,10.8,7.84,7.26,999.6,3.8,4.02,0.831,0.061,7.69
5,2021,11,8,4,10.6,7.8,6.6,1017.9,3.2,4.02,0.462,0.065,7.73
5,2021,11,8,8,10.4,7.8,6.43,993.9,2.6,3.81,0.498,0.055,8.0
5,2021,11,8,12,11.0,7.86,7.67,1011.4,2.1,3.41,0.626,0.056,8.54
5,2021,11,8,16,12.0,8.06,9.35,1006.0,2.2,3.29,0.712,0.054,8.56
5,2021,11,8,20,11.8,8.04,8.81,996.9,2.2,3.19,0.666,0.056,8.52
5,2021,11,9,0,11.5,7.91,7.59,984.2,2.3,3.14,0.666,0.056,8.52
5,2021,11,9,4,11.5,7.81,6.45,965.3,1.9,3.14,0.482,0.056,8.52
5,2021,11,9,8,11.4,7.74,6.02,977.0,1.8,3.02,0.617,0.051,8.11
5,2021,11,9,12,12.2,7.81,7.27,997.1,1.8,3.15,0.633,0.044,9.05
5,2021,11,9,16,13.0,8.04,9.12,1003.1,1.7,3.07,0.486,0.043,9.92
5,2021,11,10,0,12.3,7.89,7.14,996.7,1.9,3.33,0.862,0.05,9.62
5,2021,11,10,4,12.0,7.84,6.48,978.1,1.9,2.87,0.083,0.052,8.68
5,2021,11,10,8,11.7,7.84,6.29,973.7,1.8,2.73,0.025,0.052,8.19
5,2021,11,10,12,12.4,8.04,7.94,953.2,1.7,2.41,0.025,0.045,7.53
5,2021,11,10,16,12.8,8.12,8.62,953.1,1.7,2.45,0.025,0.05,7.86
5,2021,11,10,20,12.6,8.42,9.82,973.9,1.8,2.54,0.025,0.045,7.84
5,2021,11,11,0,12.5,8.35,9.34,997.8,1.9,2.54,0.025,0.045,7.84
5,2021,11,11,4,12.4,8.21,8.6,1017.1,2.0,2.54,0.025,0.043,9.08
5,2021,11,11,12,12.9,8.08,8.27,1030.5,1.7,2.36,0.025,0.041,8.94
5,2021,11,11,16,13.4,8.2,9.17,1029.3,1.7,2.34,0.025,0.043,8.61
5,2021,11,11,20,13.0,8.34,9.46,1037.9,1.7,2.41,0.025,0.058,8.61
5,2021,11,12,0,12.9,8.36,9.4,1041.6,2.1,2.46,0.025,0.058,8.61
5,2021,11,12,4,12.6,8.15,8.46,1043.8,1.9,2.46,0.025,0.046,8.61
5,2021,11,26,12,12.2,8.05,9.0,986.7,1.8,2.46,0.025,0.034,8.45
5,2021,11,26,16,13.0,8.13,9.5,986.3,1.5,2.41,0.025,0.036,8.16
5,2021,11,26,20,13.2,8.25,9.93,996.8,2.0,2.49,0.025,0.039,8.36
5,2021,11,27,0,12.8,8.32,10.39,1004.9,2.4,2.49,0.025,0.039,8.36
5,2021,11,27,4,12.5,8.09,8.88,997.9,2.3,2.38,0.025,0.039,9.11
5,2021,11,27,8,12.1,7.96,7.74,1010.8,2.0,2.59,0.025,0.036,8.62
5,2021,11,27,12,12.3,8.02,8.73,1005.3,1.8,2.56,0.025,0.037,8.56
5,2021,11,27,16,12.6,8.11,9.55,998.7,1.7,2.56,0.025,0.037,8.33
5,2021,11,27,20,12.6,8.18,9.69,998.2,2.1,2.6,0.025,0.036,8.32
5,2021,11,28,0,12.6,8.3,10.32,1001.3,2.4,2.6,0.025,0.036,8.32
5,2021,11,28,4,12.5,8.16,9.26,1007.4,2.4,2.67,0.025,0.037,9.13
5,2021,11,28,8,12.4,8.02,8.14,1012.1,2.2,2.82,0.025,0.034,9.16
5,2021,11,28,12,12.6,8.01,8.44,1011.3,2.0,2.51,0.025,0.036,9.03
5,2021,11,28,16,13.2,8.08,9.19,1005.0,1.8,2.77,0.025,0.035,8.52
5,2021,11,28,20,13.0,8.17,9.47,1003.6,2.3,2.73,0.025,0.035,8.64
5,2021,11,29,0,12.9,8.24,10.04,1007.0,2.6,2.73,0.025,0.035,8.64
5,2021,11,29,4,12.8,8.07,8.43,1001.7,2.9,2.71,0.025,0.036,8.84
5,2021,11,29,8,12.5,7.96,7.44,1000.2,2.5,2.74,0.025,0.034,8.23
5,2021,11,29,12,12.5,7.95,7.7,996.0,1.9,2.69,0.025,0.035,8.11
5,2021,11,30,8,10.8,7.98,7.33,982.0,2.6,2.76,0.025,0.037,8.38
5,2021,11,30,12,11.0,8.08,8.54,983.2,2.2,2.76,0.025,0.037,8.38
5,2021,11,30,16,11.3,8.31,9.86,971.4,1.8,2.69,0.025,0.037,8.12
5,2021,11,30,20,10.4,8.44,9.91,980.4,2.1,2.69,0.025,0.04,8.42
5,2021,11,30,20,10.4,8.44,9.91,980.4,2.1,2.69,0.025,0.04,8.42
5,2021,12,1,4,10.0,8.32,9.26,1003.3,2.7,2.8,0.025,0.044,8.72
5,2021,12,1,12,10.4,8.21,9.16,990.7,2.1,2.71,0.025,0.043,8.2
5,2021,12,1,20,11.3,8.32,10.03,979.2,2.3,2.76,0.025,0.04,8.01
5,2021,12,1,20,11.3,8.32,10.03,979.2,2.3,2.64,0.025,0.04,8.27
5,2021,12,2,0,11.1,8.36,10.28,988.3,2.8,2.64,0.025,0.04,8.27
5,2021,12,2,8,10.8,8.05,8.35,996.3,2.9,2.69,0.025,0.039,8.68
5,2021,12,2,12,11.7,8.03,8.4,1004.2,2.3,2.82,0.025,0.035,8.3
5,2021,12,7,16,12.6,8.02,8.89,979.6,2.3,2.5,0.138,0.245,6.88
5,2021,12,7,20,12.6,8.18,10.02,990.3,2.6,2.69,0.046,0.244,6.94
5,2021,12,8,8,11.9,7.9,7.5,1014.7,2.9,2.5,0.025,0.235,6.9
5,2021,12,8,12,12.2,7.91,7.63,998.9,2.4,2.52,0.029,0.223,6.31
5,2021,12,8,16,12.3,8.02,9.07,1004.3,2.2,2.76,0.04,0.217,6.49
5,2021,12,8,20,12.3,8.16,9.99,995.8,2.8,2.57,0.045,0.207,7.08
5,2021,12,9,0,12.2,8.13,9.67,993.5,3.1,2.57,0.045,0.207,7.08
5,2021,12,9,4,12.2,7.98,8.22,992.3,2.8,2.42,0.052,0.187,7.07
5,2021,12,9,8,12.1,7.88,7.6,994.2,3.0,2.41,0.04,0.172,7.08
5,2021,12,10,12,11.9,7.89,7.88,1003.0,2.9,2.58,0.051,0.15,7.87
5,2021,12,10,16,12.4,8.01,8.86,991.6,2.9,2.38,0.051,0.143,8.02
5,2021,12,14,8,9.9,7.94,8.1,996.3,3.0,2.09,0.025,0.06,8.29
5,2021,12,14,16,10.8,8.08,9.51,987.8,2.7,2.29,0.025,0.05,8.35
5,2021,12,14,20,10.9,8.19,10.39,1002.1,3.1,2.37,0.025,0.005,8.66
5,2021,12,15,0,10.8,8.14,10.02,1017.8,2.8,2.37,0.025,0.005,8.66
5,2021,12,15,4,10.7,8.0,8.67,1008.4,3.0,2.34,0.025,0.044,8.22
5,2021,12,21,12,10.7,8.03,8.5,989.1,3.2,2.21,0.025,0.033,7.86
5,2021,12,21,16,11.1,8.15,9.15,977.0,2.6,2.08,0.025,0.034,8.33
5,2021,12,22,8,10.4,8.07,8.39,985.0,3.3,2.35,0.025,0.031,7.69
5,2021,12,22,16,11.3,8.13,9.35,984.8,2.8,2.22,0.025,0.03,7.73
5,2021,12,22,20,11.2,8.27,10.27,994.6,2.8,2.17,0.025,0.036,7.74
5,2021,12,23,0,10.8,8.2,9.81,1005.7,2.7,2.28,0.025,0.036,7.74
5,2021,12,23,4,10.7,8.05,8.59,1008.3,3.5,2.35,0.025,0.036,8.4
5,2021,12,23,8,10.4,7.99,8.07,1009.5,3.5,2.37,0.025,0.036,8.15
5,2021,12,23,12,10.2,7.93,7.74,1016.5,2.9,2.46,0.025,0.038,8.19
5,2021,12,23,16,10.0,7.9,7.85,1016.4,2.6,2.61,0.025,0.039,8.47
5,2021,12,23,20,9.9,7.92,8.2,1012.4,2.4,2.42,0.025,0.039,9.04
5,2021,12,24,0,9.8,7.9,8.03,1019.0,2.6,2.42,0.025,0.039,9.04
5,2021,12,24,4,9.5,7.91,7.63,1016.4,3.3,2.42,0.025,0.043,8.44
5,2021,12,24,12,8.8,8.0,8.52,1015.1,3.2,2.38,0.025,0.046,8.68
5,2021,12,27,16,8.7,8.08,9.78,992.0,2.8,2.65,0.03,0.04,9.5
5,2021,12,27,20,8.8,8.13,10.41,996.9,3.0,2.74,0.052,0.04,9.6
5,2021,12,28,0,8.6,8.11,10.26,1001.0,3.1,2.71,0.052,0.04,9.6
5,2021,12,28,4,8.4,8.02,9.17,996.2,3.7,2.71,0.025,0.039,9.34
5,2021,12,28,8,8.2,7.95,8.47,1003.6,3.9,2.86,0.025,0.039,9.02
5,2021,12,28,16,9.2,8.05,9.7,999.7,2.5,2.81,0.065,0.037,8.92
5,2021,12,30,12,8.5,8.1,8.97,1014.2,4.4,2.68,0.025,0.034,8.38
5,2022,1,11,8,7.7,8.03,8.69,985.9,3.4,2.91,0.025,0.038,8.08
5,2022,1,11,12,8.0,7.98,8.76,992.5,2.9,2.85,0.025,0.038,7.38
5,2022,1,11,16,8.7,8.1,9.89,981.5,2.3,2.9,0.088,0.042,8.21
5,2022,1,12,8,8.6,7.92,8.16,983.2,3.6,3.18,0.025,0.036,6.77
5,2022,1,12,12,8.6,7.89,8.21,984.1,3.6,3.19,0.025,0.036,7.33
5,2022,1,12,16,9.1,8.0,9.16,996.6,4.5,2.95,0.025,0.035,8.03
5,2022,1,14,12,8.4,7.96,8.77,1022.3,3.2,2.73,0.092,0.04,9.19
5,2022,1,14,16,9.2,8.11,10.17,1009.8,2.5,2.7,0.206,0.041,9.47
5,2022,1,19,8,8.8,7.95,8.28,1007.3,3.3,2.81,0.025,0.039,8.79
5,2022,1,19,12,8.8,7.91,8.3,1004.7,3.1,2.61,0.025,0.039,9.31
5,2022,1,19,16,9.2,8.03,9.57,989.3,2.3,2.54,0.025,0.039,9.05
5,2022,1,20,4,8.7,8.01,8.74,990.2,3.2,2.58,0.025,0.042,8.66
5,2022,1,20,8,8.3,7.94,8.5,1004.0,3.4,2.58,0.025,0.044,8.98
5,2022,1,20,12,8.0,7.91,8.28,999.4,3.0,2.7,0.025,0.047,9.19
5,2022,1,20,16,8.1,7.97,9.04,1012.4,2.4,2.89,0.025,0.048,9.01
5,2022,1,20,20,8.3,8.05,9.68,1002.8,2.4,2.68,0.025,0.05,8.74
5,2022,1,21,8,8.3,7.91,8.24,1005.7,3.2,2.66,0.025,0.055,8.98
5,2022,1,21,12,8.1,7.88,8.22,1009.1,3.1,2.75,0.025,0.057,8.79
5,2022,2,10,8,9.1,7.95,7.87,1002.2,3.3,2.4,0.025,0.085,7.8
5,2022,2,10,12,9.8,7.96,8.36,992.5,3.4,2.64,0.025,0.08,8.96
5,2022,2,11,8,9.6,7.9,7.9,991.4,3.3,2.96,0.041,0.08,8.86
5,2022,2,11,16,10.8,8.2,10.08,974.6,2.6,2.16,0.059,0.005,8.64
5,2022,2,11,20,10.8,8.34,10.82,976.3,3.0,2.6,0.047,0.071,8.36
5,2022,2,12,0,10.3,8.14,9.65,981.8,2.9,2.6,0.04,0.071,8.36
5,2022,2,12,4,9.9,8.01,8.45,961.1,3.4,2.77,0.025,0.068,7.93
5,2022,2,12,16,9.6,8.01,9.22,983.9,2.9,2.67,0.071,0.078,9.0
5,2022,2,12,20,9.6,8.12,10.05,952.0,2.7,2.82,0.025,0.079,9.09
5,2022,2,13,0,9.2,8.04,9.36,966.3,2.8,2.82,0.025,0.079,9.09
5,2022,2,13,4,9.1,7.97,8.4,946.3,3.1,2.71,0.025,0.067,8.31
5,2022,2,13,8,8.8,7.92,7.97,945.0,3.2,2.76,0.041,0.07,8.54
5,2022,2,13,12,8.4,7.89,7.84,966.1,2.9,2.79,0.124,0.079,8.54
5,2022,2,13,16,8.2,7.96,8.42,956.0,2.8,2.95,0.169,0.084,9.61
5,2022,2,13,20,8.1,8.03,9.12,985.6,3.2,3.02,0.177,0.084,9.61
5,2022,2,14,0,8.1,7.99,8.8,978.3,2.7,3.02,0.146,0.084,9.61
5,2022,2,14,4,8.0,7.94,8.27,990.2,3.1,2.94,0.127,0.086,9.39
5,2022,2,18,8,8.4,7.91,7.98,1044.0,3.0,2.87,0.025,0.084,8.85
5,2022,2,18,12,8.7,7.96,8.55,1042.9,2.5,2.69,0.025,0.076,8.89
5,2022,2,18,16,9.3,8.24,10.41,1041.9,9.2,2.63,0.025,0.08,8.07
5,2022,2,18,20,9.1,8.5,11.2,1009.1,2.6,2.57,0.025,0.077,8.12
5,2022,2,19,0,8.4,8.3,10.13,1015.0,2.7,2.57,0.025,0.077,8.12
5,2022,2,19,4,7.8,8.12,8.83,1034.0,3.3,3.04,0.025,0.083,8.65
5,2022,2,19,8,7.5,8.01,8.26,1019.1,2.9,3.04,0.025,0.089,9.51
5,2022,2,22,12,8.8,8.04,9.05,1017.2,2.6,2.61,0.028,0.065,7.41
5,2022,2,22,12,8.8,8.04,9.05,1017.2,2.6,2.61,0.028,0.065,7.41
5,2022,2,22,16,10.0,8.32,10.82,984.1,2.4,2.04,0.028,0.065,7.41
5,2022,2,22,16,10.0,8.32,10.82,984.1,2.4,2.23,0.025,0.078,8.09
5,2022,2,22,20,9.9,8.5,11.2,978.1,2.6,2.23,0.025,0.076,8.09
5,2022,2,23,0,9.9,8.38,10.55,995.4,2.8,2.31,0.025,0.076,8.0
5,2022,2,23,4,9.5,8.13,8.94,980.7,2.9,2.31,0.025,0.067,8.0
5,2022,2,23,8,8.8,7.94,7.77,981.3,3.2,2.3,0.025,0.062,6.6
5,2022,2,23,12,9.8,8.03,8.76,1001.5,2.8,2.25,0.025,0.065,7.0
5,2022,2,23,16,10.8,8.28,10.54,998.1,2.9,2.14,0.025,0.065,7.08
5,2022,3,1,8,11.4,8.01,7.81,1023.3,4.8,3.11,0.185,0.084,8.18
5,2022,3,1,12,12.4,8.05,8.43,1012.6,3.4,3.04,0.487,0.092,8.89
5,2022,3,1,16,13.9,8.38,9.55,992.6,3.3,3.17,0.413,0.096,9.46
5,2022,3,2,8,12.5,7.91,7.04,1016.8,3.7,3.09,0.217,0.07,8.43
5,2022,3,2,12,13.8,8.05,8.02,1009.7,3.3,3.13,0.217,0.071,8.84
5,2022,3,7,8,13.0,8.01,6.96,995.7,3.1,3.34,0.103,0.067,8.87
5,2022,3,7,12,14.3,8.09,7.64,982.3,3.2,3.41,0.21,0.07,9.09
5,2022,3,8,8,14.2,8.0,6.55,985.5,2.9,3.3,0.083,0.068,7.13
5,2022,3,8,12,14.8,8.08,7.22,980.6,3.3,3.51,0.214,0.07,8.11
5,2022,3,8,16,16.2,8.36,8.64,965.0,3.2,3.43,0.288,0.072,8.51
5,2022,3,8,20,16.2,8.69,10.08,957.4,3.6,3.42,0.226,0.072,8.26
5,2022,3,9,0,15.6,8.46,9.14,965.4,3.2,3.48,0.1,0.074,8.43
5,2022,3,9,4,14.9,8.19,7.54,978.1,3.4,3.48,0.1,0.074,8.43
5,2022,3,9,8,14.5,8.07,6.49,994.2,3.0,3.3,0.025,0.064,6.67
5,2022,3,9,8,14.5,8.07,6.49,994.2,3.0,3.66,0.025,0.064,6.74
5,2022,3,9,16,16.3,8.37,8.83,993.6,2.8,3.66,0.14,0.068,7.37
5,2022,3,10,8,15.2,7.97,5.98,983.8,2.8,3.27,0.025,0.066,6.92
5,2022,3,10,12,15.8,8.0,6.54,979.6,3.0,3.54,0.121,0.066,7.78
5,2022,3,10,16,17.3,8.28,8.64,956.0,2.7,3.5,0.166,0.069,8.22
5,2022,3,11,8,15.8,7.97,5.91,985.9,3.6,3.45,0.19,0.055,6.96
5,2022,3,11,12,15.7,7.93,5.77,989.8,2.7,3.63,0.479,0.061,8.1
5,2022,3,11,16,15.6,7.95,6.25,990.7,2.8,3.64,0.649,0.062,8.39
5,2022,3,11,20,15.2,7.97,6.52,988.0,3.2,3.9,0.748,0.062,8.39
5,2022,3,12,16,16.1,8.2,8.09,1020.8,3.0,3.92,0.778,0.074,8.54
5,2022,3,12,20,16.2,8.39,9.0,1020.6,3.6,3.38,0.808,0.077,7.85
5,2022,3,13,0,15.8,8.21,7.82,1009.4,3.6,3.38,0.808,0.077,7.85
5,2022,3,13,4,15.6,8.04,6.46,1038.5,2.7,3.65,0.541,0.068,7.66
5,2022,3,13,8,15.0,7.94,5.76,1061.9,3.0,3.91,0.798,0.067,8.25
5,2022,3,13,12,15.9,8.04,6.92,1043.8,2.6,3.77,0.871,0.071,8.79
5,2022,3,13,16,16.3,8.27,8.56,1028.9,2.6,3.77,0.759,0.071,8.25
5,2022,3,13,20,16.0,8.35,8.87,1021.5,3.2,3.62,0.556,0.068,7.82
5,2022,3,14,0,15.7,8.09,7.13,1051.8,3.0,3.62,0.556,0.068,7.82
5,2022,3,14,4,15.4,7.99,6.08,1092.4,3.0,3.78,0.501,0.067,7.79
5,2022,3,14,12,16.3,8.02,6.75,1096.1,2.6,3.86,0.845,0.067,8.4
5,2022,3,14,16,18.0,8.38,8.66,1068.2,2.7,3.86,0.679,0.067,8.4
5,2022,3,15,8,15.3,8.05,5.78,1049.1,2.9,3.81,0.606,0.056,6.86
5,2022,3,15,16,17.2,8.28,8.04,1020.4,2.8,3.8,1.343,0.067,7.9
5,2022,3,16,0,16.8,8.2,7.72,1016.6,3.3,3.84,1.725,0.072,7.93
5,2022,3,16,4,16.5,8.06,6.2,1022.4,2.7,3.84,1.725,0.072,7.93
5,2022,3,16,12,16.4,8.08,6.39,1027.6,2.8,3.71,1.097,0.067,7.24
5,2022,3,16,16,17.1,8.17,7.62,1022.2,3.2,4.11,1.089,0.066,7.77
5,2022,3,16,20,16.8,8.36,8.76,1014.3,3.5,3.99,1.056,0.07,8.19
5,2022,3,17,0,16.1,8.19,7.88,1018.9,3.0,3.87,1.098,0.072,8.17
5,2022,3,17,4,15.2,8.07,6.77,1026.3,3.0,3.87,1.098,0.072,8.17
5,2022,3,17,8,14.6,8.0,5.95,1027.4,2.8,3.85,1.557,0.077,8.15
5,2022,3,17,12,14.2,8.02,5.98,1026.9,2.9,3.91,1.324,0.071,7.55
5,2022,3,17,16,13.5,8.06,6.71,1031.1,2.7,3.76,1.216,0.066,7.56
5,2022,3,17,20,13.0,8.11,7.45,1028.6,2.9,3.73,1.642,0.067,8.34
5,2022,3,18,8,12.5,7.94,5.72,1013.8,2.7,3.6,1.247,0.07,8.64
5,2022,3,18,12,12.5,7.89,5.57,1009.5,2.6,3.66,1.206,0.066,9.09
5,2022,3,18,16,12.2,7.93,6.04,999.8,2.4,3.66,1.06,0.062,8.93
5,2022,3,23,12,13.7,8.15,7.04,996.6,2.7,3.55,0.056,0.047,6.46
5,2022,3,24,16,14.7,8.19,7.03,989.9,2.2,3.08,0.065,0.046,6.95
5,2022,3,24,20,14.6,8.23,7.5,986.4,2.7,3.14,0.07,0.045,7.11
5,2022,3,25,0,14.3,8.12,6.86,986.5,2.4,3.14,0.07,0.045,7.11
5,2022,3,25,4,14.0,8.04,5.98,993.2,2.9,3.22,0.093,0.046,6.85
5,2022,3,25,8,13.8,8.0,5.62,995.9,2.9,3.22,0.08,0.046,6.48
5,2022,3,25,12,14.2,8.05,6.17,994.2,2.9,3.12,0.087,0.052,6.32
5,2022,3,25,16,14.7,8.2,7.35,997.0,2.5,3.37,0.22,0.056,7.02
5,2022,3,25,20,14.8,8.33,8.13,999.2,2.7,3.21,0.296,0.059,7.6
5,2022,3,26,0,14.6,8.26,7.7,1000.6,2.6,3.21,0.296,0.059,7.6
5,2022,3,26,4,14.2,8.14,6.84,1003.0,2.6,3.22,0.237,0.055,7.79
5,2022,3,26,8,13.9,8.08,6.19,1005.7,2.7,3.23,0.174,0.054,7.63
5,2022,3,26,12,15.2,8.25,7.13,996.6,3.1,2.93,0.086,0.054,7.38
5,2022,3,26,16,16.6,8.5,8.24,986.9,6.0,2.96,0.088,0.058,7.38
5,2022,3,26,20,16.3,8.69,8.7,993.1,2.5,3.18,0.088,0.056,7.4
5,2022,3,27,0,15.5,8.6,8.09,993.9,2.9,3.18,0.088,0.056,7.4
5,2022,3,27,4,14.7,8.36,7.31,991.3,2.8,3.22,0.246,0.05,7.6
5,2022,3,27,8,14.3,8.2,6.37,991.5,2.5,3.21,0.138,0.046,6.92
5,2022,3,27,12,15.3,8.34,7.3,981.8,2.4,3.36,0.054,0.051,6.84
5,2022,3,27,16,16.8,8.64,8.75,968.6,2.2,2.98,0.056,0.05,6.27
5,2022,3,27,20,16.6,8.79,9.34,969.7,2.4,2.96,0.106,0.054,6.64
5,2022,3,28,0,15.9,8.72,9.16,976.2,2.8,2.96,0.106,0.054,6.64
5,2022,3,28,4,15.2,8.45,8.1,976.7,2.7,3.16,0.164,0.046,6.92
5,2022,3,28,8,14.5,8.23,6.94,979.8,2.8,3.25,0.177,0.046,6.92
5,2022,3,28,12,15.7,8.34,7.65,973.7,2.5,3.12,0.1,0.04,6.37
5,2022,3,28,16,17.2,8.69,8.93,966.4,2.3,3.02,0.106,0.042,6.35
5,2022,3,28,20,17.0,8.83,9.41,970.7,3.3,3.18,0.229,0.045,6.96
5,2022,3,29,0,16.6,8.7,9.05,976.7,3.4,3.18,0.229,0.045,6.96
5,2022,3,29,4,16.1,8.39,7.69,978.2,2.9,3.33,0.412,0.045,7.22
5,2022,3,29,12,15.8,8.09,5.82,978.8,2.3,3.2,0.332,0.036,7.42
5,2022,3,29,16,15.7,8.1,6.4,975.9,2.4,3.26,0.427,0.035,7.57
5,2022,3,29,20,15.7,8.15,6.84,976.5,2.5,3.2,0.406,0.037,8.05
5,2022,3,30,0,15.3,8.08,6.3,979.0,3.5,3.2,0.406,0.037,8.05
5,2022,3,30,4,15.2,8.02,5.65,979.7,3.0,2.86,0.217,0.038,7.25
5,2022,3,30,12,15.2,8.0,5.45,982.6,2.4,3.33,0.304,0.042,7.01
5,2022,3,30,16,15.4,8.13,6.71,980.4,2.8,3.1,0.332,0.046,7.25
5,2022,3,30,20,15.3,8.15,6.9,996.0,4.2,3.54,0.4,0.053,7.49
5,2022,3,31,0,14.9,8.14,6.95,972.2,3.6,3.54,0.4,0.053,7.49
5,2022,3,31,4,14.4,8.08,6.34,975.6,3.3,3.14,0.097,0.046,6.67
5,2022,3,31,8,14.2,8.05,5.9,987.8,2.7,3.31,0.025,0.045,6.29
5,2022,3,31,12,15.1,8.27,7.57,1001.2,2.6,3.26,0.025,0.046,6.62
5,2022,3,31,16,16.9,8.7,9.44,979.2,2.7,3.05,0.025,0.048,6.68
5,2022,3,31,20,16.6,8.68,13.13,975.6,3.5,4.3,0.025,0.064,6.97
5,2022,4,1,0,16.0,8.42,10.93,971.8,3.4,4.3,0.025,0.064,6.97
5,2022,4,1,4,15.3,8.04,8.31,982.1,3.2,3.52,0.025,0.055,6.74
5,2022,4,1,12,15.7,8.1,9.06,981.7,2.8,3.41,0.025,0.047,6.92
5,2022,4,1,16,16.7,8.52,11.49,968.1,2.7,3.46,0.025,0.047,6.92
5,2022,4,1,20,16.6,8.72,12.85,965.8,2.6,3.51,0.025,0.047,6.91
5,2022,4,2,0,15.9,8.39,11.5,969.7,3.0,3.51,0.025,0.047,6.91
5,2022,4,2,4,15.7,8.01,8.76,988.6,2.9,3.32,0.025,0.046,5.99
5,2022,4,2,8,15.4,7.83,7.34,999.1,3.0,3.32,0.025,0.044,6.19
5,2022,4,2,16,18.3,8.63,12.86,961.4,2.5,3.18,0.025,0.045,7.03
5,2022,4,2,20,18.3,8.76,13.5,954.8,2.7,3.17,0.025,0.046,6.72
5,2022,4,3,0,17.4,8.39,10.7,969.5,2.6,3.33,0.025,0.046,6.72
5,2022,4,3,4,16.8,8.0,8.06,985.1,3.0,3.19,0.025,0.046,6.24
5,2022,4,3,8,16.2,7.83,6.82,995.0,2.4,3.29,0.025,0.046,6.89
5,2022,4,3,12,17.2,8.13,9.68,989.4,2.2,3.56,0.025,0.046,7.48
5,2022,4,3,16,18.6,8.7,12.99,961.7,2.2,3.43,0.025,0.048,8.07
5,2022,4,3,20,18.4,8.75,13.17,957.1,2.3,3.2,0.025,0.048,7.56
5,2022,4,4,0,17.7,8.42,11.15,966.8,2.5,3.32,0.025,0.048,7.56
5,2022,4,4,4,17.0,7.97,7.75,976.0,2.8,3.25,0.025,0.042,6.62
5,2022,4,4,8,16.6,7.85,7.01,980.9,2.5,3.51,0.025,0.04,6.78
5,2022,4,4,12,17.6,8.1,9.05,972.4,2.9,3.57,0.025,0.04,6.87
5,2022,4,4,16,18.9,8.59,11.9,953.8,2.3,3.37,0.025,0.041,7.42
5,2022,4,4,20,18.9,8.75,12.87,949.1,2.7,3.42,0.025,0.043,7.36
5,2022,4,5,0,18.4,8.55,11.88,955.0,3.5,3.53,0.025,0.043,7.36
5,2022,4,5,4,17.7,8.0,8.24,963.8,3.5,3.78,0.055,0.038,6.73
5,2022,4,5,8,17.4,7.86,6.8,973.1,2.8,3.47,0.049,0.038,6.61
5,2022,4,5,12,18.6,8.06,8.66,963.5,2.8,3.71,0.154,0.038,6.75
5,2022,4,5,16,19.8,8.57,11.77,944.2,3.0,3.32,0.23,0.042,7.38
5,2022,4,5,20,19.6,8.69,12.56,938.7,3.1,3.49,0.233,0.044,7.42
5,2022,4,6,0,18.4,8.24,9.65,955.1,3.1,3.47,0.233,0.044,7.42
5,2022,4,6,4,17.5,7.95,7.16,970.1,3.0,3.69,0.243,0.038,5.9
5,2022,4,6,16,18.0,8.54,11.67,960.2,2.4,3.4,0.282,0.038,6.74
5,2022,4,6,20,17.7,8.7,12.93,960.3,3.1,3.64,0.242,0.041,6.68
5,2022,4,7,12,16.4,8.2,9.43,975.0,2.9,4.02,0.062,0.034,6.05
5,2022,4,7,16,18.0,8.68,12.99,964.9,2.3,3.64,0.07,0.035,6.67
5,2022,4,8,0,18.0,8.48,11.43,945.0,3.3,3.68,0.189,0.041,6.4
5,2022,4,8,4,17.5,8.09,8.41,949.5,3.4,3.68,0.189,0.041,6.4
5,2022,4,8,8,17.0,7.9,6.6,960.4,2.6,3.76,0.042,0.031,5.92
5,2022,4,8,12,17.9,8.14,9.08,964.4,2.7,3.78,0.027,0.03,5.71
5,2022,4,8,16,19.4,8.72,13.41,952.1,2.8,4.01,0.073,0.03,6.35
5,2022,4,8,20,19.6,8.8,13.41,940.9,3.1,3.9,0.09,0.032,6.72
5,2022,4,9,0,19.3,8.54,11.9,942.8,2.9,3.97,0.071,0.034,6.8
5,2022,4,9,4,18.7,8.14,8.48,951.2,2.7,3.97,0.071,0.034,6.8
5,2022,4,9,8,18.3,7.91,6.51,958.1,2.8,3.7,0.025,0.029,6.16
5,2022,4,9,12,18.8,8.07,8.21,964.2,2.9,4.16,0.025,0.029,6.62
5,2022,4,9,20,19.9,8.71,12.62,948.8,2.6,3.92,0.088,0.03,7.41
5,2022,4,10,0,19.5,8.46,10.91,946.7,2.7,3.84,0.04,0.031,7.95
5,2022,4,10,4,18.9,8.08,7.97,949.6,2.7,3.84,0.04,0.031,7.95
5,2022,4,10,8,18.5,7.88,6.3,956.2,3.0,3.67,0.025,0.03,7.38
5,2022,4,10,16,20.2,8.65,12.2,954.2,2.6,3.84,0.025,0.031,7.0
5,2022,4,10,20,20.4,8.73,12.89,945.9,2.7,4.0,0.025,0.032,6.85
5,2022,4,11,0,20.1,8.41,10.62,944.5,3.5,3.93,0.025,0.035,6.64
5,2022,4,11,4,19.8,8.04,7.64,946.0,2.8,3.93,0.025,0.035,6.64
5,2022,4,11,8,19.5,7.87,6.03,950.5,2.4,3.79,0.025,0.033,6.71
5,2022,4,11,12,19.6,7.97,7.29,954.3,2.5,4.17,0.025,0.033,6.11
5,2022,4,11,16,19.5,8.19,8.94,951.3,5.5,3.92,0.025,0.034,6.38
5,2022,4,11,20,18.8,8.12,8.55,948.3,3.2,4.29,0.025,0.04,6.49
5,2022,4,12,0,18.1,7.9,6.94,945.9,2.6,4.05,0.133,0.037,6.46
5,2022,4,12,4,17.6,7.8,5.91,947.4,3.0,4.05,0.133,0.037,6.46
5,2022,4,12,8,17.0,7.76,5.68,954.1,3.0,3.81,0.122,0.005,6.63
5,2022,4,12,12,17.8,8.08,8.47,963.5,2.9,3.86,0.054,0.037,6.09
5,2022,4,13,8,17.7,7.97,6.7,956.4,2.6,3.6,0.025,0.036,5.81
5,2022,4,13,12,18.2,8.24,8.76,958.5,2.7,3.91,0.025,0.036,5.81
5,2022,4,13,16,19.0,8.76,11.89,951.0,2.8,3.58,0.025,0.037,5.86
5,2022,4,13,20,18.9,8.8,12.34,944.8,2.5,3.61,0.025,0.038,6.22
5,2022,4,14,0,18.2,8.53,10.65,950.8,2.7,3.68,0.025,0.039,6.49
5,2022,4,14,4,17.5,8.21,8.62,960.4,2.8,3.68,0.025,0.039,6.49
5,2022,4,14,8,17.2,8.02,7.24,965.7,2.9,3.66,0.025,0.035,6.02
5,2022,4,14,12,18.0,8.43,9.79,962.8,2.4,3.92,0.025,0.037,5.85
5,2022,4,14,16,19.3,8.88,12.93,951.5,2.5,3.79,0.025,0.036,6.13
5,2022,4,14,20,19.3,8.83,12.5,939.9,2.8,3.81,0.025,0.038,6.51
5,2022,4,15,8,16.9,8.0,7.03,963.1,2.3,3.82,0.025,0.032,6.45
5,2022,4,15,12,17.9,8.39,9.75,962.1,2.3,3.78,0.025,0.031,6.32
5,2022,4,15,16,19.8,8.78,13.14,942.8,3.2,4.26,0.025,0.031,6.87
5,2022,4,15,20,19.5,8.94,13.81,939.3,2.3,3.73,0.025,0.036,7.28
5,2022,4,16,0,18.8,8.6,10.57,946.2,2.3,3.73,0.025,0.036,7.28
5,2022,4,16,4,17.9,8.14,7.0,958.9,2.5,3.74,0.025,0.032,6.66
5,2022,4,16,8,17.3,7.94,5.98,972.3,2.2,3.74,0.025,0.033,6.78
5,2022,4,16,12,18.3,8.26,8.84,973.8,2.3,3.81,0.025,0.033,6.78
5,2022,4,16,16,19.8,8.76,11.92,960.1,2.2,3.67,0.025,0.033,7.45
5,2022,4,16,20,19.9,8.96,13.64,946.6,2.3,3.84,0.025,0.032,7.75
5,2022,4,17,0,19.3,8.68,11.21,950.5,2.3,3.84,0.025,0.032,7.75
5,2022,4,17,0,19.3,8.68,11.21,950.5,2.3,3.84,0.025,0.032,7.75
5,2022,4,17,12,18.2,8.16,8.34,970.8,2.0,4.11,0.025,0.029,7.37
5,2022,4,17,16,18.7,8.49,11.1,969.5,2.3,4.11,0.025,0.03,7.67
5,2022,4,17,20,18.5,8.49,11.26,965.9,2.6,4.0,0.025,0.031,7.51
5,2022,4,18,0,18.2,8.22,9.42,965.9,2.3,4.0,0.025,0.031,7.51
5,2022,4,18,4,17.8,7.97,7.33,969.4,2.5,3.78,0.025,0.028,6.87
5,2022,4,18,8,17.7,7.87,6.26,979.1,2.6,3.53,0.025,0.03,6.87
5,2022,4,18,12,18.6,8.16,8.98,987.6,2.4,3.76,0.054,0.031,7.15
5,2022,4,18,16,20.2,8.68,12.6,971.2,2.5,3.6,0.172,0.036,7.23
5,2022,4,18,20,20.4,8.75,12.96,960.2,2.6,3.53,0.186,0.038,7.06
5,2022,4,19,0,20.0,8.4,10.14,958.3,2.5,3.53,0.186,0.038,7.06
5,2022,4,19,4,19.4,7.97,6.74,961.7,3.1,3.53,0.276,0.03,7.06
5,2022,4,19,8,18.9,7.85,5.96,965.8,2.5,3.99,0.27,0.029,6.76
5,2022,4,19,12,19.9,8.23,9.16,965.1,2.9,4.09,0.255,0.029,7.11
5,2022,4,19,16,21.2,8.78,12.38,946.6,2.7,4.17,0.249,0.029,7.11
5,2022,4,19,20,21.1,8.79,12.48,939.7,3.0,4.11,0.327,0.034,7.13
5,2022,4,20,0,20.4,8.47,10.02,940.5,2.5,4.11,0.327,0.034,7.13
5,2022,4,20,4,19.6,8.11,7.4,940.9,2.8,3.99,0.289,0.029,6.16
5,2022,4,20,8,19.3,7.93,6.11,943.9,2.5,4.13,0.237,0.029,5.75
5,2022,4,20,12,20.1,8.3,8.8,947.7,2.6,4.07,0.14,0.029,5.59
5,2022,4,20,16,21.4,8.81,12.27,941.6,2.4,4.0,0.119,0.029,5.59
5,2022,4,20,20,21.3,8.81,12.32,938.1,2.8,3.93,0.13,0.038,6.32
5,2022,4,20,20,21.3,8.81,12.32,938.1,2.8,3.93,0.13,0.038,6.32
5,2022,4,21,4,20.2,8.17,7.54,943.9,2.9,4.17,0.101,0.029,6.21
5,2022,4,21,8,19.9,7.96,5.65,942.3,2.8,4.01,0.034,0.029,5.94
5,2022,4,21,12,20.1,8.14,7.29,945.7,2.8,4.03,0.025,0.03,5.81
5,2022,4,21,16,21.0,8.62,10.5,941.4,3.0,3.86,0.025,0.033,5.71
5,2022,4,21,20,20.8,8.75,11.56,934.3,2.9,3.88,0.025,0.033,5.86
5,2022,4,22,0,20.0,8.42,9.42,938.0,2.7,3.88,0.025,0.033,5.86
5,2022,4,22,4,19.0,8.07,6.96,946.1,2.7,3.88,0.05,0.031,5.68
5,2022,4,22,8,18.4,7.99,6.32,954.9,2.6,4.3,0.052,0.031,5.66
5,2022,4,22,12,19.2,8.35,8.86,960.6,2.8,3.93,0.036,0.031,5.63
5,2022,4,22,16,20.6,8.86,12.26,953.1,2.8,3.64,0.032,0.031,5.63
5,2022,4,22,20,20.7,8.92,12.87,944.8,2.6,3.82,0.048,0.033,6.61
5,2022,4,23,0,20.0,8.54,9.75,947.5,2.5,3.82,0.048,0.033,6.61
5,2022,4,23,4,19.3,8.12,6.98,947.1,2.6,3.91,0.073,0.028,6.17
5,2022,4,23,8,18.9,7.98,6.13,946.8,2.6,3.98,0.054,0.029,6.0
5,2022,4,23,12,19.6,8.38,8.84,947.1,3.0,3.98,0.054,0.029,6.0
5,2022,4,23,20,21.3,8.86,13.1,923.4,2.9,4.72,0.025,0.033,7.13
5,2022,4,24,0,20.9,8.56,10.25,927.4,2.6,4.23,0.025,0.033,6.81
5,2022,4,24,4,20.5,8.17,7.16,935.5,2.4,4.23,0.025,0.03,6.3
5,2022,4,24,12,20.8,8.35,8.86,951.0,2.8,4.06,0.025,0.033,6.71
5,2022,4,24,16,22.0,8.81,12.03,943.7,3.1,4.32,0.025,0.035,7.13
5,2022,4,24,20,22.0,8.85,12.7,936.5,2.9,3.46,0.025,0.036,7.03
5,2022,4,25,8,20.7,7.88,5.14,967.4,2.6,3.96,0.025,0.033,6.27
5,2022,4,25,12,21.0,8.11,7.53,967.8,2.6,4.29,0.025,0.033,6.6
5,2022,4,25,16,22.0,8.67,11.49,954.3,2.8,4.2,0.025,0.033,6.53
5,2022,4,25,20,22.3,8.79,12.11,939.7,2.5,4.14,0.025,0.036,6.52
5,2022,4,26,4,21.4,8.12,6.93,948.2,2.5,4.3,0.025,0.037,5.71
5,2022,4,26,8,20.7,7.94,5.55,957.3,3.0,4.1,0.025,0.036,5.25
5,2022,4,26,12,21.0,8.4,9.01,961.6,3.4,4.22,0.025,0.038,5.15
5,2022,4,26,16,21.8,8.83,12.21,949.9,2.9,4.34,0.025,0.042,5.55
5,2022,4,26,20,21.7,8.94,13.08,935.0,3.0,4.65,0.025,0.043,5.91
5,2022,4,27,0,20.7,8.64,10.36,938.3,3.0,3.63,0.025,0.042,6.33
5,2022,4,27,4,19.8,8.19,7.16,954.0,2.9,4.28,0.025,0.04,6.28
5,2022,4,27,8,19.0,7.92,5.48,966.7,3.1,3.94,0.025,0.036,6.09
5,2022,4,27,12,18.3,7.89,5.62,971.7,3.1,4.21,0.025,0.036,5.27
5,2022,4,27,16,17.9,7.95,6.42,973.0,3.3,3.99,0.025,0.037,6.39
5,2022,4,27,20,17.4,7.93,6.69,974.8,2.7,4.12,0.037,0.038,6.67
5,2022,4,28,0,16.9,7.85,6.2,971.0,2.7,4.02,0.124,0.04,7.16
5,2022,4,28,4,16.6,7.8,5.56,972.2,3.1,4.02,0.124,0.04,7.16
5,2022,4,28,8,16.4,7.78,5.43,980.4,3.2,3.73,0.127,0.042,9.12
5,2022,4,28,12,17.3,7.98,7.85,991.2,3.6,3.88,0.143,0.045,6.94
5,2022,4,28,16,18.8,8.4,10.35,976.4,3.7,3.87,0.207,0.051,7.19
5,2022,4,29,0,18.9,8.52,10.08,959.2,2.9,3.92,0.025,0.048,7.29
5,2022,4,29,4,18.6,8.18,7.51,975.6,2.9,3.92,0.025,0.048,7.29
5,2022,4,29,8,18.5,8.0,6.32,987.0,2.8,4.1,0.025,0.042,7.22
5,2022,4,29,12,19.3,8.21,8.46,989.0,2.9,4.06,0.025,0.04,7.33
5,2022,4,29,12,19.3,8.21,8.46,989.0,2.9,3.97,0.025,0.04,7.87
5,2022,4,29,20,20.1,8.71,11.92,966.3,2.8,4.35,0.025,0.04,8.44
5,2022,4,30,0,19.4,8.48,9.79,965.2,3.1,3.94,0.025,0.039,8.45
5,2022,4,30,4,18.8,8.17,7.49,975.3,3.6,3.94,0.025,0.039,8.45
5,2022,4,30,8,18.2,7.99,6.7,987.1,2.8,3.89,0.025,0.037,6.94
5,2022,4,30,12,19.1,8.31,9.06,990.1,2.8,4.17,0.025,0.036,7.09
5,2022,4,30,16,20.2,8.75,11.35,976.0,3.0,3.99,0.025,0.036,7.76
5,2022,4,30,20,20.4,8.83,12.13,967.8,3.3,4.1,0.025,0.038,8.1
5,2022,5,1,0,19.6,8.54,9.59,968.9,3.0,4.11,0.025,0.039,7.44
5,2022,5,1,4,18.8,8.18,7.22,975.8,2.9,3.97,0.025,0.038,7.54
5,2022,5,1,8,18.5,8.04,6.56,981.6,2.6,3.85,0.025,0.034,7.19
5,2022,5,1,12,19.6,8.34,8.76,979.5,2.7,4.01,0.025,0.034,6.33
5,2022,5,1,16,20.5,8.67,10.69,970.4,2.8,4.05,0.025,0.034,7.42
5,2022,5,1,20,20.5,8.74,11.4,966.2,3.0,3.83,0.025,0.035,7.94
5,2022,5,2,0,20.0,8.48,9.22,966.1,3.4,3.92,0.025,0.036,7.78
5,2022,5,2,4,19.4,8.13,6.93,971.1,3.3,3.92,0.025,0.036,7.78
5,2022,5,2,8,19.0,7.96,6.1,979.4,2.9,3.74,0.025,0.035,7.29
5,2022,5,2,12,20.0,8.26,8.48,977.2,2.8,3.84,0.025,0.033,7.2
5,2022,5,2,16,21.4,8.73,11.11,959.2,3.2,3.67,0.032,0.033,7.69
5,2022,5,2,16,21.4,8.73,11.11,959.2,3.2,3.35,0.034,0.036,7.84
5,2022,5,3,0,21.0,8.62,9.87,949.5,3.1,3.46,0.027,0.036,7.34
5,2022,5,3,4,20.4,8.23,6.99,958.6,3.2,3.46,0.027,0.036,7.34
5,2022,5,3,8,20.1,8.03,6.0,963.2,2.7,3.53,0.041,0.034,7.08
5,2022,5,3,8,20.1,8.03,6.0,963.2,2.7,3.66,0.046,0.032,7.0
5,2022,5,5,8,21.4,8.08,5.7,952.0,2.7,3.17,0.025,0.031,8.04
5,2022,5,5,12,22.5,8.36,7.94,951.2,2.8,3.43,0.025,0.005,7.58
5,2022,5,5,16,23.4,8.76,10.72,942.4,3.2,2.8,0.025,0.028,7.41
5,2022,5,5,20,23.4,8.78,11.24,938.9,3.0,2.85,0.025,0.031,7.88
5,2022,5,6,8,21.4,7.95,5.02,945.6,2.7,2.93,0.025,0.03,7.12
5,2022,5,6,12,20.7,7.92,5.04,949.1,2.9,3.5,0.025,0.031,7.01
5,2022,5,6,16,20.2,7.96,5.87,951.4,3.2,3.44,0.025,0.031,7.4
5,2022,5,6,20,19.8,8.11,7.23,946.9,3.4,3.5,0.025,0.031,7.4
5,2022,5,7,0,18.9,8.04,7.4,941.5,4.8,3.22,0.046,0.036,7.94
5,2022,5,7,4,18.2,7.92,6.27,943.9,3.3,3.22,0.046,0.036,7.94
5,2022,5,7,8,17.9,7.91,6.24,952.4,3.2,3.48,0.089,0.039,7.25
5,2022,5,7,12,18.9,8.32,9.34,953.0,2.8,3.44,0.072,0.04,7.61
5,2022,5,7,16,19.8,8.78,12.16,934.4,3.2,3.25,0.033,0.041,8.1
5,2022,5,7,20,19.5,8.83,11.97,921.2,2.8,3.38,0.025,0.042,8.68
5,2022,5,8,0,19.0,8.64,10.1,919.4,3.2,3.3,0.025,0.039,8.52
5,2022,5,8,4,18.5,8.3,7.33,921.9,2.9,3.3,0.025,0.039,8.52
5,2022,5,8,12,17.9,7.86,5.16,942.1,2.9,3.72,0.025,0.038,7.98
5,2022,5,8,16,18.2,7.97,6.72,944.4,3.3,3.61,0.074,0.042,8.94
5,2022,5,8,20,18.2,8.13,8.27,936.9,3.0,3.73,0.177,0.049,9.59
5,2022,5,9,0,17.9,8.1,8.14,937.1,3.0,3.57,0.09,0.048,9.7
5,2022,5,9,4,17.7,7.97,6.95,943.2,3.2,3.57,0.09,0.048,9.7
5,2022,5,9,8,17.7,7.9,6.3,954.6,3.5,3.41,0.046,0.05,9.91
5,2022,5,9,12,18.6,8.16,8.34,959.6,2.8,3.57,0.046,0.052,10.42
5,2022,5,9,16,20.0,8.61,11.25,949.0,2.8,3.42,0.025,0.052,11.09
5,2022,5,9,20,20.4,8.87,12.58,935.0,2.9,3.34,0.025,0.053,11.16
5,2022,5,10,0,20.0,8.76,11.35,931.3,3.0,3.66,0.025,0.053,11.61
5,2022,5,10,4,19.5,8.43,8.28,939.1,3.1,3.66,0.025,0.053,11.61
5,2022,5,10,8,19.1,8.04,5.91,950.7,3.0,3.84,0.025,0.048,10.51
5,2022,5,10,12,18.9,7.93,5.73,953.5,2.9,3.75,0.025,0.047,10.02
5,2022,5,10,12,18.9,7.93,5.73,953.5,2.9,3.96,0.026,0.05,10.37
5,2022,5,11,8,17.7,7.84,5.49,955.9,3.0,3.48,0.054,0.052,8.76
5,2022,5,11,12,18.8,8.03,7.37,961.0,2.7,3.7,0.07,0.055,8.86
5,2022,5,11,16,20.2,8.51,11.06,948.2,4.3,3.41,0.058,0.058,9.75
5,2022,5,11,20,20.2,8.77,12.22,937.5,3.9,3.61,0.026,0.064,9.48
5,2022,5,12,0,20.0,8.67,10.48,934.8,3.3,3.57,0.025,0.062,9.09
5,2022,5,12,4,19.5,8.34,7.54,946.6,3.6,3.57,0.025,0.062,9.09
5,2022,5,12,8,19.0,8.02,5.68,958.7,3.4,3.66,0.025,0.056,9.01
5,2022,5,12,12,19.5,8.04,6.6,965.8,2.9,3.59,0.025,0.055,9.51
5,2022,5,12,16,20.2,8.43,9.74,957.5,3.1,3.6,0.025,0.055,10.28
5,2022,5,16,8,20.2,8.32,6.9,941.0,5.3,3.79,0.025,0.06,10.35
5,2022,5,16,16,22.5,8.61,10.36,945.1,4.3,3.47,0.025,0.05,9.9
5,2022,5,16,20,22.6,8.85,11.92,936.2,4.5,3.79,0.025,0.056,10.34
5,2022,5,17,8,20.7,8.29,6.76,937.7,4.6,3.76,0.025,0.061,10.14
5,2022,5,17,12,21.7,8.31,7.37,936.2,4.0,3.47,0.025,0.005,9.66
5,2022,5,17,16,22.8,8.51,9.31,931.6,4.2,3.44,0.025,0.048,9.34
5,2022,5,17,20,22.8,8.73,10.98,928.7,4.3,3.76,0.025,0.049,9.47
5,2022,5,18,0,22.2,8.64,9.84,930.6,6.1,3.67,0.025,0.052,9.92
5,2022,5,18,4,21.5,8.31,7.27,934.8,10.0,3.67,0.025,0.052,9.92
5,2022,5,18,8,21.1,8.12,6.0,940.1,5.2,3.9,0.025,0.062,9.82
5,2022,5,18,12,22.0,8.16,7.03,940.0,4.2,3.67,0.028,0.054,9.42
5,2022,5,18,16,23.4,8.54,9.96,930.7,4.1,3.53,0.025,0.051,9.55
5,2022,5,18,20,23.5,8.88,12.37,920.5,4.3,3.36,0.025,0.052,9.09
5,2022,5,19,0,22.8,8.74,10.55,928.5,5.6,3.54,0.025,0.055,9.22
5,2022,5,19,4,22.2,8.42,7.67,939.1,6.5,3.54,0.025,0.055,9.22
5,2022,5,19,8,21.7,8.04,5.3,948.4,5.7,3.4,0.025,0.057,8.47
5,2022,5,19,12,22.4,8.11,6.8,947.2,4.3,3.46,0.025,0.055,8.18
5,2022,5,19,16,23.7,8.56,10.28,935.0,4.1,3.42,0.025,0.054,8.54
5,2022,5,19,20,23.6,8.76,11.4,924.3,4.6,3.65,0.025,0.056,8.87
5,2022,5,20,0,22.9,8.61,9.52,925.6,5.1,3.43,0.025,0.005,9.11
5,2022,5,20,4,22.4,8.19,6.25,938.3,6.9,3.43,0.025,0.005,9.11
5,2022,5,20,8,21.9,7.96,5.04,945.9,4.9,3.7,0.025,0.059,8.07
5,2022,5,20,12,22.9,8.1,6.93,941.9,3.9,3.7,0.025,0.06,8.76
5,2022,5,20,16,24.6,8.56,10.57,928.8,3.5,3.51,0.025,0.06,9.05
5,2022,5,20,20,24.6,8.81,12.06,920.2,4.3,3.38,0.025,0.059,9.18
5,2022,5,21,0,23.8,8.74,10.32,923.1,5.0,3.58,0.025,0.061,9.38
5,2022,5,21,4,23.3,8.36,7.14,936.2,8.1,3.42,0.025,0.064,9.19
5,2022,5,21,8,22.9,8.07,5.34,948.6,4.0,3.65,0.025,0.061,8.9
5,2022,5,21,12,23.9,8.13,6.76,945.8,3.6,3.36,0.025,0.062,8.74
5,2022,5,21,16,25.4,8.45,9.76,936.3,3.4,3.44,0.025,0.068,8.99
5,2022,5,21,20,25.8,8.89,12.35,918.1,3.9,3.55,0.025,0.071,8.52
5,2022,5,22,0,24.6,8.71,10.16,926.1,5.9,3.57,0.025,0.071,8.49
5,2022,5,22,4,23.7,8.33,7.02,937.8,8.4,3.49,0.025,0.076,8.56
5,2022,5,22,8,23.3,8.01,4.93,946.2,4.0,3.72,0.025,0.075,7.93
5,2022,5,22,12,24.3,8.13,7.26,937.7,3.4,3.49,0.025,0.068,7.5
5,2022,5,22,16,25.7,8.12,10.67,927.5,3.1,3.35,0.025,0.078,7.9
5,2022,5,22,20,25.4,8.41,12.52,922.8,4.3,3.54,0.025,0.081,7.73
5,2022,5,23,0,24.5,8.2,10.32,923.3,5.1,3.57,0.025,0.082,7.87
5,2022,5,23,4,24.0,7.76,6.91,930.0,6.4,3.58,0.025,0.079,7.57
5,2022,5,23,8,23.5,7.43,4.8,937.4,4.4,3.38,0.033,0.079,7.13
5,2022,5,23,12,24.2,7.53,6.68,934.6,3.5,3.46,0.053,0.096,7.38
5,2022,5,23,16,25.4,8.1,10.53,921.5,3.4,3.46,0.025,0.09,7.61
5,2022,5,24,8,23.2,7.54,5.31,931.9,3.7,3.52,0.025,0.07,5.97
5,2022,5,24,12,24.0,7.61,7.18,938.1,3.2,3.51,0.025,0.072,5.68
5,2022,5,24,16,25.1,8.09,10.43,923.0,3.5,3.33,0.025,0.094,6.78
5,2022,5,24,20,24.9,8.32,11.21,909.2,3.3,3.64,0.025,0.092,7.04
5,2022,5,25,0,24.2,8.14,9.73,907.4,7.1,3.45,0.025,0.082,7.44
5,2022,5,25,4,23.0,7.76,6.42,915.4,4.8,3.45,0.025,0.082,7.44
5,2022,5,25,8,22.2,7.54,5.38,936.2,3.2,3.53,0.025,0.07,6.14
5,2022,5,25,12,23.0,7.74,7.98,926.8,3.4,3.53,0.025,0.077,5.66
5,2022,5,25,16,24.3,8.37,12.26,909.6,3.1,3.49,0.025,0.09,7.2
5,2022,5,25,20,24.2,8.46,12.65,908.2,4.0,3.55,0.025,0.084,7.5
5,2022,5,26,0,23.3,8.28,10.5,917.1,5.7,3.39,0.025,0.08,7.22
5,2022,5,26,4,22.4,7.84,7.09,938.0,6.0,3.39,0.025,0.08,7.22
5,2022,5,26,8,22.0,7.49,5.18,949.9,3.1,3.27,0.025,0.073,6.86
5,2022,5,26,12,23.2,7.7,7.79,940.9,2.8,3.33,0.025,0.072,7.58
5,2022,5,26,16,24.6,8.27,11.62,924.8,3.1,3.29,0.025,0.076,7.87
5,2022,5,26,20,24.7,8.5,13.07,910.8,3.4,3.48,0.025,0.074,8.57
5,2022,5,27,0,24.1,8.35,11.5,915.1,6.0,3.25,0.025,0.069,8.16
5,2022,5,27,4,23.3,7.91,7.56,935.2,6.7,3.5,0.025,0.067,7.9
5,2022,5,27,8,22.8,7.52,5.47,955.9,3.1,3.63,0.025,0.062,8.38
5,2022,5,27,16,25.7,8.37,12.0,914.3,3.5,3.24,0.025,0.069,8.73
5,2022,5,27,20,25.3,8.56,13.39,901.8,4.3,3.51,0.025,0.066,9.21
5,2022,5,28,0,24.2,8.31,10.46,911.2,6.9,3.06,0.025,0.063,9.52
5,2022,5,28,4,23.4,7.85,6.9,931.7,5.2,3.06,0.025,0.063,9.52
5,2022,5,28,8,23.0,7.51,5.28,947.5,3.4,3.27,0.025,0.056,8.46
5,2022,5,28,12,24.3,7.81,8.16,935.3,3.2,3.07,0.025,0.061,8.89
5,2022,5,28,16,25.8,8.43,12.26,914.2,3.7,2.98,0.025,0.061,9.54
5,2022,5,28,20,25.7,8.54,13.13,909.8,3.6,3.36,0.025,0.062,9.67
5,2022,5,28,20,25.7,8.54,13.13,909.8,3.6,3.36,0.025,0.062,9.67
5,2022,5,29,0,24.9,8.26,9.82,922.1,5.6,3.06,0.025,0.06,9.87
5,2022,5,29,4,24.5,7.82,6.62,937.2,5.6,3.06,0.025,0.06,9.87
5,2022,5,29,8,24.3,7.54,4.91,945.1,4.3,3.1,0.025,0.057,9.62
5,2022,5,29,12,23.9,7.57,5.8,949.9,3.8,3.06,0.025,0.054,9.3
5,2022,5,29,12,23.9,7.57,5.8,949.9,3.8,3.2,0.025,0.055,8.96
5,2022,5,29,20,23.9,8.24,10.79,937.0,3.8,3.15,0.025,0.065,9.09
5,2022,5,30,0,23.0,8.08,9.62,942.6,6.2,3.27,0.092,0.074,9.09
5,2022,5,30,4,22.0,7.66,6.38,962.7,5.5,3.27,0.092,0.074,9.09
5,2022,5,30,8,21.6,7.54,5.51,965.5,3.5,3.25,0.036,0.058,8.94
5,2022,5,30,12,22.9,7.9,8.68,947.6,3.8,2.91,0.025,0.005,9.3
5,2022,5,30,16,24.2,8.45,12.26,923.5,3.7,3.29,0.025,0.054,10.11
5,2022,5,30,16,24.2,8.45,12.26,923.5,3.7,3.43,0.025,0.056,9.93
5,2022,5,30,20,24.2,8.66,13.89,903.0,3.5,3.08,0.025,0.056,9.93
5,2022,5,31,0,23.7,8.4,11.34,913.9,3.8,3.08,0.025,0.056,9.93
5,2022,5,31,8,22.5,7.68,5.74,947.6,4.0,3.01,0.025,0.049,8.74
5,2022,5,31,8,22.5,7.68,5.74,947.6,4.0,3.09,0.025,0.044,8.85
5,2022,5,31,16,24.1,8.36,11.58,923.4,3.6,3.12,0.025,0.045,8.9
5,2022,5,31,16,24.1,8.36,11.58,923.4,3.6,3.19,0.025,0.051,8.73
5,2022,6,1,0,23.2,8.06,8.94,932.6,4.0,2.87,0.025,0.048,9.23
5,2022,6,1,0,23.2,8.06,8.94,932.6,4.0,2.87,0.025,0.048,9.23
5,2022,6,1,8,22.0,7.46,5.33,952.0,3.0,2.76,0.025,0.045,9.14
5,2022,6,1,12,24.1,8.27,11.12,927.2,3.1,2.95,0.025,0.046,9.74
5,2022,6,1,16,26.2,8.83,15.29,886.4,3.2,2.99,0.025,0.047,9.92
5,2022,6,1,20,26.1,8.78,14.65,864.8,3.3,2.95,0.025,0.048,9.47
5,2022,6,2,0,25.1,8.3,8.61,894.1,3.6,3.14,0.025,0.044,9.53
5,2022,6,2,0,25.1,8.3,8.61,894.1,3.6,3.14,0.025,0.044,9.53
5,2022,6,2,8,22.8,7.49,4.76,935.6,3.1,2.99,0.025,0.041,9.34
5,2022,6,2,12,24.3,8.31,10.72,912.1,3.3,2.86,0.025,0.036,9.65
5,2022,6,2,16,26.4,8.84,15.55,868.9,3.4,2.86,0.025,0.035,9.8
5,2022,6,2,20,26.5,8.68,14.12,858.2,3.6,2.68,0.025,0.038,9.47
5,2022,6,3,0,25.7,8.19,8.15,892.2,3.9,2.99,0.025,0.036,8.64
5,2022,6,3,4,24.5,7.61,4.1,923.8,3.5,2.99,0.025,0.036,8.64
5,2022,6,3,8,23.7,7.43,3.92,934.4,3.0,2.76,0.025,0.036,9.28
5,2022,6,3,12,24.4,8.07,9.25,920.3,3.1,3.26,0.025,0.032,9.57
5,2022,6,3,16,26.0,8.7,14.38,888.1,2.8,2.9,0.025,0.032,9.13
5,2022,6,3,20,26.1,8.62,13.04,882.1,3.0,2.78,0.025,0.034,9.36
5,2022,6,4,0,25.5,8.14,7.33,917.8,3.3,2.93,0.025,0.036,8.91
5,2022,6,4,4,24.6,7.54,3.56,943.7,2.9,2.93,0.025,0.036,8.91
5,2022,6,4,8,23.7,7.32,2.56,950.8,2.7,2.61,0.025,0.043,8.86
5,2022,6,4,12,24.2,7.63,6.25,947.7,2.8,2.79,0.025,0.045,8.64
5,2022,6,4,16,26.5,8.55,12.66,913.1,2.9,2.93,0.025,0.039,8.97
5,2022,6,4,20,26.9,8.6,12.5,894.8,3.0,2.61,0.025,0.046,8.81
5,2022,6,5,0,25.8,8.13,7.19,916.5,3.3,2.62,0.025,0.051,8.24
5,2022,6,5,4,24.6,7.52,3.5,933.8,3.1,2.62,0.025,0.051,8.24
5,2022,6,5,8,23.7,7.41,4.14,938.2,3.2,2.82,0.025,0.055,8.07
5,2022,6,5,12,24.8,7.99,8.59,920.0,2.8,2.84,0.025,0.005,8.13
5,2022,6,5,16,26.4,8.74,13.31,880.2,2.8,2.83,0.025,0.047,8.59
5,2022,6,5,20,26.1,8.72,12.8,859.5,3.1,2.76,0.025,0.048,8.16
5,2022,6,6,0,24.8,8.36,7.38,886.5,3.5,2.88,0.025,0.045,7.57
5,2022,6,6,4,23.3,7.69,3.75,919.5,3.3,2.88,0.025,0.045,7.57
5,2022,6,6,8,22.2,7.52,4.07,931.3,2.5,2.83,0.025,0.05,7.6
5,2022,6,6,8,22.2,7.52,4.07,931.3,2.5,2.83,0.025,0.05,7.6
5,2022,6,6,12,23.0,8.08,8.71,916.8,2.6,2.88,0.025,0.044,7.25
5,2022,6,6,12,23.0,8.08,8.71,916.8,2.6,2.88,0.025,0.044,7.25
5,2022,6,6,12,23.0,8.08,8.71,916.8,2.6,2.88,0.025,0.044,7.25
5,2022,6,6,12,23.0,8.08,8.71,916.8,2.6,2.88,0.025,0.044,7.25
5,2022,6,6,12,23.0,8.08,8.71,916.8,2.6,2.88,0.025,0.044,7.25
5,2022,6,7,20,23.7,8.51,12.27,890.5,2.9,2.8,0.025,0.05,8.04
5,2022,6,8,0,23.7,8.11,12.27,890.5,2.9,2.78,0.025,0.044,8.02
5,2022,6,8,4,22.1,7.6,4.06,923.5,4.3,2.72,0.025,0.044,7.74
5,2022,6,8,12,23.0,8.11,10.1,934.4,2.8,2.87,0.047,0.048,7.64
5,2022,6,8,16,24.4,8.71,14.71,903.6,2.7,2.82,0.025,0.048,8.63
5,2022,6,9,0,23.6,8.28,10.43,909.3,2.8,2.64,0.025,0.043,7.95
5,2022,6,9,4,22.8,7.82,5.72,926.4,3.6,2.64,0.025,0.043,7.95
5,2022,6,9,8,22.0,7.52,3.36,935.4,2.9,3.0,0.025,0.043,7.22
5,2022,6,9,12,21.8,7.47,5.01,946.8,3.1,2.94,0.025,0.045,6.93
5,2022,6,9,12,21.8,7.47,5.01,946.8,3.1,3.32,0.074,0.057,7.62
5,2022,6,9,16,22.6,7.98,9.57,935.4,3.2,3.15,0.025,0.065,7.9
5,2022,6,9,20,22.4,8.11,10.65,932.8,3.5,2.82,0.025,0.062,7.77
5,2022,6,10,0,22.3,7.83,7.9,940.9,3.2,2.82,0.025,0.062,7.77
5,2022,6,10,4,22.0,7.54,4.34,955.4,3.7,2.97,0.072,0.07,7.18
5,2022,6,10,8,21.8,7.44,4.65,958.4,2.9,2.91,0.178,0.069,7.55
5,2022,6,10,12,23.5,8.12,10.62,933.7,2.7,2.84,0.049,0.065,7.6
5,2022,6,10,16,24.9,8.58,14.61,912.0,3.1,2.92,0.025,0.066,7.53
5,2022,6,10,20,25.2,8.52,12.96,911.8,2.9,3.02,0.025,0.064,7.26
5,2022,6,11,0,24.5,8.07,6.58,935.7,3.7,3.02,0.025,0.064,7.26
5,2022,6,11,4,23.4,7.55,4.0,953.0,3.4,2.86,0.073,0.069,7.12
5,2022,6,11,8,22.6,7.4,3.92,961.7,2.8,3.01,0.224,0.071,7.61
5,2022,6,11,12,22.7,7.68,7.34,961.6,2.8,2.7,0.111,0.07,7.43
5,2022,6,11,16,23.3,8.1,10.51,947.5,2.7,2.68,0.025,0.069,7.09
5,2022,6,11,20,23.1,7.86,7.3,939.6,5.3,2.93,0.076,0.08,6.86
5,2022,6,14,20,25.0,7.97,8.92,863.4,5.4,3.3,0.114,0.106,4.93
5,2022,6,15,0,23.9,7.6,6.08,888.1,4.7,3.3,0.114,0.106,4.93
5,2022,6,15,4,23.0,7.39,4.5,904.6,4.8,3.1,0.198,0.089,5.47
5,2022,6,15,8,21.9,7.31,4.84,907.7,4.2,3.1,0.198,0.089,5.47
5,2022,6,15,12,23.1,7.61,7.9,910.6,4.1,2.73,0.116,0.084,6.03
5,2022,6,15,16,25.0,8.23,11.73,888.8,3.9,2.69,0.077,0.085,6.16
5,2022,6,15,20,25.7,8.39,11.31,881.8,3.7,3.0,0.025,0.08,5.4
5,2022,6,16,0,25.2,7.84,6.77,902.1,4.0,2.93,0.025,0.082,5.34
5,2022,6,16,4,24.1,7.45,4.24,910.0,4.1,2.93,0.025,0.082,5.34
5,2022,6,16,12,24.1,7.7,8.33,897.1,3.8,3.01,0.025,0.066,6.8
5,2022,6,16,16,25.8,8.26,14.31,878.3,3.8,2.89,0.025,0.068,6.4
5,2022,6,16,20,25.9,8.16,11.52,881.6,3.9,2.97,0.028,0.071,5.65
5,2022,6,17,0,25.1,7.65,6.41,907.0,3.5,3.06,0.025,0.069,5.4
5,2022,6,17,4,24.0,7.38,4.69,916.5,3.6,3.06,0.025,0.069,5.4
5,2022,6,17,8,23.4,7.35,5.19,913.0,3.1,3.06,0.1,0.062,6.38
5,2022,6,17,12,24.2,7.76,9.86,903.0,3.8,2.99,0.09,0.062,6.6
5,2022,6,17,16,26.0,8.41,15.74,882.0,3.6,3.16,0.027,0.066,6.8
5,2022,6,17,20,26.4,8.26,12.11,889.2,3.7,3.07,0.025,0.065,6.4
5,2022,6,18,0,25.7,7.72,6.31,908.6,3.6,3.07,0.025,0.065,6.24
5,2022,6,18,4,24.7,7.41,3.85,917.1,3.1,3.07,0.025,0.065,6.24
5,2022,6,18,8,23.9,7.36,4.65,913.3,3.7,3.3,0.068,0.053,7.53
5,2022,6,18,12,25.5,7.97,11.91,895.6,3.2,3.25,0.053,0.054,7.62
5,2022,6,18,16,27.7,8.55,20.14,864.4,3.7,3.11,0.025,0.056,7.01
5,2022,6,18,20,28.1,8.46,15.58,859.8,3.7,3.15,0.025,0.061,5.93
5,2022,6,19,0,27.1,7.9,7.03,886.4,3.3,3.24,0.025,0.059,5.79
5,2022,6,19,4,25.8,7.46,3.47,900.9,3.2,3.24,0.025,0.059,5.79
5,2022,6,19,8,24.7,7.35,4.07,899.2,3.0,3.27,0.025,0.049,6.24
5,2022,6,19,12,25.3,7.95,11.49,882.4,3.5,3.37,0.025,0.047,6.76
5,2022,6,19,16,27.5,8.58,19.14,858.3,4.8,3.12,0.025,0.05,6.44
5,2022,6,19,20,27.7,8.42,13.74,862.4,3.9,3.12,0.025,0.056,6.06
5,2022,6,20,0,26.6,7.86,6.18,890.5,3.5,3.15,0.025,0.056,6.19
5,2022,6,20,4,25.7,7.47,3.65,896.9,3.2,3.15,0.025,0.056,6.19
5,2022,6,20,8,24.7,7.36,4.2,894.1,3.7,3.13,0.032,0.049,6.04
5,2022,6,20,12,25.9,7.96,11.35,880.9,3.3,3.02,0.028,0.048,6.43
5,2022,6,20,16,28.3,8.62,20.87,849.5,3.7,2.92,0.025,0.05,5.95
5,2022,6,20,20,29.2,8.57,17.86,830.0,3.8,3.2,0.025,0.055,5.41
5,2022,6,21,0,28.1,7.91,6.45,869.3,3.4,3.18,0.025,0.054,5.06
5,2022,6,21,4,26.7,7.4,3.23,880.3,3.1,3.18,0.025,0.054,5.06
5,2022,6,21,8,25.4,7.34,4.12,883.8,3.5,3.12,0.044,0.048,5.96
5,2022,6,21,12,26.0,7.92,10.82,874.4,3.7,2.95,0.025,0.047,6.04
5,2022,6,22,8,24.7,7.33,3.89,894.5,3.1,3.03,0.051,0.046,5.82
5,2022,6,22,12,24.5,7.51,6.44,885.6,3.9,3.19,0.108,0.055,6.38
5,2022,6,22,16,24.5,7.73,8.42,876.4,4.4,3.05,0.11,0.056,5.25
5,2022,6,22,20,24.5,7.69,7.42,875.9,4.8,3.02,0.15,0.056,4.99
5,2022,6,23,0,24.2,7.47,4.97,882.4,4.1,3.04,0.15,0.056,5.31
5,2022,6,23,4,23.8,7.34,3.72,888.4,3.6,3.04,0.271,0.062,5.31
5,2022,6,23,8,23.6,7.42,5.31,892.4,3.6,3.16,0.265,0.067,6.73
5,2022,6,23,12,26.1,8.32,13.77,867.5,3.9,3.17,0.05,0.07,7.24
5,2022,6,23,16,28.8,8.83,22.07,836.6,4.9,3.33,0.025,0.074,7.26
5,2022,7,11,8,25.0,7.61,5.46,888.4,3.7,3.08,0.025,0.068,7.05
5,2022,7,11,12,25.4,8.07,10.95,871.3,5.2,2.97,0.025,0.059,6.88
5,2022,7,11,16,25.6,8.26,13.31,855.1,5.2,3.09,0.025,0.058,6.34
5,2022,7,13,8,24.3,7.46,5.0,860.6,4.5,3.06,0.076,0.066,6.04
5,2022,7,13,12,26.3,8.1,10.84,848.0,5.4,2.76,0.065,0.065,6.47
5,2022,7,13,16,28.7,8.65,16.92,815.8,5.2,2.84,0.025,0.062,7.02
5,2022,7,18,12,27.4,8.12,11.37,903.2,3.4,3.0,0.025,0.06,7.0
5,2022,7,18,16,29.5,8.69,18.56,846.0,3.5,2.9,0.025,0.072,6.44
5,2022,7,19,16,27.6,8.67,17.1,852.2,3.2,2.67,0.025,0.068,6.13
5,2022,7,20,12,26.4,7.93,9.12,896.2,3.3,2.7,0.025,0.057,6.54
5,2022,7,20,16,28.4,8.64,17.6,859.1,3.8,2.77,0.025,0.062,6.47
5,2022,7,21,8,25.9,7.48,3.84,902.8,2.9,3.0,0.073,0.049,6.9
5,2022,7,21,12,27.0,8.12,11.38,887.7,3.2,2.9,0.025,0.049,7.16
5,2022,7,22,8,26.7,7.48,4.01,891.2,2.9,2.88,0.025,0.05,7.03
5,2022,7,22,12,26.8,7.91,9.73,883.6,3.6,3.21,0.418,0.063,7.62
5,2022,7,22,20,27.0,8.29,10.02,872.2,3.2,2.83,0.029,0.058,7.02
5,2022,7,23,0,26.0,7.69,5.16,904.9,3.2,2.82,0.025,0.06,6.7
5,2022,7,23,4,25.2,7.44,3.51,902.9,2.5,2.82,0.025,0.06,6.7
5,2022,7,23,8,24.5,7.42,4.12,902.2,2.6,2.83,0.039,0.054,6.98
5,2022,7,23,12,26.6,8.17,11.57,880.5,3.1,2.96,0.074,0.057,7.22
5,2022,7,23,16,29.0,8.74,19.51,838.6,3.2,2.8,0.025,0.058,7.33
5,2022,7,23,20,29.4,8.75,18.07,814.1,3.2,3.03,0.025,0.061,7.02
5,2022,7,24,0,28.1,8.02,6.78,883.5,3.3,2.9,0.025,0.06,6.65
5,2022,7,24,4,27.1,7.55,3.54,902.8,2.8,3.06,0.025,0.062,6.67
5,2022,7,24,8,25.9,7.45,4.27,897.7,2.6,2.79,0.025,0.062,7.35
5,2022,7,24,12,27.0,8.15,11.89,872.6,3.4,3.04,0.03,0.06,7.3
5,2022,7,24,16,29.0,8.78,20.39,827.3,3.4,3.13,0.026,0.061,7.23
5,2022,7,24,20,29.3,8.7,17.79,812.3,3.3,2.93,0.025,0.061,6.55
5,2022,7,25,0,28.3,8.06,7.31,863.4,3.2,3.16,0.025,0.06,6.28
5,2022,7,25,4,27.4,7.55,3.4,884.6,2.8,3.12,0.025,0.057,6.2
5,2022,7,25,12,26.9,8.0,10.81,862.2,3.2,3.07,0.026,0.049,6.28
5,2022,7,25,16,27.6,8.45,15.06,842.0,2.7,3.09,0.28,0.067,6.91
5,2022,7,25,20,28.0,8.55,15.22,822.6,4.4,2.81,0.081,0.074,6.06
5,2022,7,26,0,27.2,7.95,7.27,865.3,3.1,3.09,0.025,0.059,5.78
5,2022,7,26,4,26.4,7.54,3.87,895.0,3.2,2.83,0.025,0.062,6.17
5,2022,7,26,8,25.8,7.5,4.62,889.6,2.0,2.75,0.025,0.062,6.33
5,2022,7,26,16,28.1,8.75,18.98,834.5,2.7,2.84,0.025,0.064,7.13
5,2022,7,26,20,28.0,8.49,12.54,849.0,3.0,2.83,0.025,0.068,6.13
5,2022,7,27,0,27.6,7.88,5.89,882.5,2.9,2.86,0.025,0.071,5.78
5,2022,7,27,4,24.6,7.42,4.43,367.5,92.3,2.82,0.048,0.073,6.0
5,2022,7,27,20,24.7,7.56,4.96,352.2,53.8,5.14,1.042,0.157,3.39
5,2022,7,28,0,24.1,7.33,3.64,330.5,21.4,3.44,1.554,0.148,3.68
5,2022,11,1,12,16.4,7.77,8.66,941.2,3.6,2.88,0.025,0.088,8.94
5,2022,11,1,16,17.2,8.03,11.02,937.2,3.5,2.78,0.025,0.089,9.09
5,2022,11,2,12,17.2,7.69,8.34,942.9,3.8,2.96,0.025,0.073,9.14
5,2022,11,2,20,18.0,8.27,11.74,923.1,3.1,2.4,0.025,0.071,8.98
5,2022,11,3,0,17.2,7.78,7.67,975.1,7.2,2.22,0.025,0.073,8.12
5,2022,11,3,4,17.2,7.59,6.68,1027.6,5.3,2.22,1.444,0.182,8.12
5,2022,11,3,8,17.5,7.5,6.11,979.0,3.8,2.43,0.425,0.182,11.2
5,2022,11,3,12,17.8,7.62,7.94,972.9,3.5,2.58,0.204,0.114,10.26
5,2022,11,3,16,18.2,7.83,10.18,964.1,5.7,3.05,0.165,0.096,10.1
5,2022,11,3,20,17.7,8.04,10.83,951.1,4.8,2.87,0.19,0.095,9.14
5,2022,11,4,0,16.9,8.03,9.89,936.3,4.9,2.92,0.19,0.095,9.14
5,2022,11,4,4,16.3,7.77,7.72,955.2,5.1,2.92,0.025,0.082,8.3
5,2022,11,4,8,15.7,7.59,6.57,969.8,5.0,2.86,0.027,0.087,9.68
5,2022,11,4,12,16.2,7.7,8.35,970.8,3.4,3.0,0.025,0.089,10.06
5,2022,11,4,16,17.0,7.98,10.87,959.4,3.9,2.86,0.025,0.09,10.08
5,2022,11,4,20,16.9,8.14,11.83,945.0,4.3,2.78,0.025,0.089,9.74
5,2022,11,5,0,16.4,8.09,10.56,945.2,5.4,2.83,0.025,0.089,9.74
5,2022,11,5,4,16.4,7.78,7.62,963.4,5.2,2.83,0.025,0.079,9.22
5,2022,11,5,8,15.8,7.59,6.34,973.2,4.3,2.66,0.032,0.084,10.23
5,2022,11,5,12,16.3,7.68,8.1,972.0,3.8,2.69,0.025,0.084,10.74
5,2022,11,5,16,16.9,7.95,10.8,964.9,3.9,2.73,0.025,0.086,10.58
5,2022,11,5,20,16.8,8.13,11.82,951.9,4.2,2.76,0.025,0.088,10.21
5,2022,11,6,0,16.6,8.05,10.29,951.3,4.8,2.75,0.025,0.088,10.21
5,2022,11,6,4,16.6,7.77,7.46,969.0,4.3,2.75,0.025,0.081,9.49
5,2022,11,6,8,16.2,7.56,6.19,977.2,3.4,2.67,0.025,0.085,10.43
5,2022,11,6,12,16.3,7.62,7.39,971.3,3.8,2.66,0.025,0.088,10.79
5,2022,11,6,16,16.6,7.81,9.69,961.0,3.5,2.75,0.025,0.11,10.34
5,2022,11,6,20,16.6,7.92,10.38,952.2,3.7,2.82,0.025,0.089,9.74
5,2022,11,7,0,16.5,7.85,9.28,952.1,4.0,2.77,0.025,0.089,9.74
5,2022,11,7,4,16.2,7.66,7.25,963.7,4.2,2.77,0.025,0.089,9.53
5,2022,11,7,8,15.8,7.55,6.39,972.2,3.6,2.52,0.034,0.096,10.39
5,2022,11,7,12,16.3,7.68,8.33,968.7,4.6,2.66,0.029,0.101,10.39
5,2022,11,7,16,17.2,8.01,11.13,955.0,3.9,2.69,0.025,0.103,10.03
5,2022,11,7,20,17.0,8.18,12.06,944.6,4.9,2.77,0.025,0.099,9.41
5,2022,11,8,0,16.6,8.11,10.82,948.6,4.7,2.83,0.025,0.099,9.41
5,2022,11,8,4,16.2,7.78,7.62,968.2,4.4,2.83,0.025,0.091,9.0
5,2022,11,8,8,15.7,7.6,6.43,976.5,4.3,2.76,0.025,0.098,10.28
5,2022,11,8,12,16.0,7.7,8.28,972.1,3.4,2.55,0.025,0.099,10.38
5,2022,11,8,16,16.7,8.02,11.15,960.4,3.5,2.56,0.025,0.005,9.88
5,2022,11,8,20,16.8,8.22,12.45,952.2,4.4,2.78,0.025,0.09,9.13
5,2022,11,9,0,16.6,8.09,10.75,956.3,4.6,2.78,0.025,0.09,9.13
5,2022,11,9,4,16.3,7.75,7.6,973.2,5.4,2.78,0.025,0.081,8.7
5,2022,11,9,8,15.9,7.58,6.43,977.9,5.1,2.63,0.025,0.081,9.85
5,2022,11,9,12,16.1,7.65,7.78,971.9,3.3,3.01,0.025,0.078,9.68
5,2022,11,9,16,16.4,7.86,9.85,963.8,3.8,2.5,0.025,0.075,9.62
5,2022,11,9,20,16.6,7.96,10.52,958.8,3.4,2.66,0.025,0.095,9.15
5,2022,11,10,0,16.7,7.84,8.95,962.9,4.3,2.75,0.025,0.095,9.15
5,2022,11,10,4,16.8,7.64,7.0,977.7,3.9,2.75,0.025,0.07,9.34
5,2022,11,10,8,16.6,7.52,6.15,981.2,3.5,2.48,0.032,0.07,10.5
5,2022,11,10,12,17.1,7.64,8.07,978.8,3.6,2.49,0.025,0.074,10.81
5,2022,11,10,16,17.8,7.97,11.06,969.2,4.4,2.48,0.03,0.071,10.47
5,2022,11,10,20,17.9,8.14,12.0,959.1,4.3,2.56,0.025,0.071,9.92
5,2022,11,11,0,17.8,8.01,10.08,958.3,5.2,2.68,0.025,0.071,9.92
5,2022,11,11,4,17.9,7.71,7.18,964.6,3.9,2.68,0.025,0.067,9.77
5,2022,11,11,8,17.8,7.54,5.89,970.2,4.0,2.66,0.032,0.068,10.59
5,2022,11,11,12,17.7,7.5,5.71,975.0,3.5,2.51,0.04,0.069,10.57
5,2022,11,11,16,17.6,7.5,5.96,972.0,3.9,2.58,0.077,0.069,10.19
5,2022,11,11,20,17.5,7.52,6.18,957.0,4.0,2.64,0.127,0.072,9.36
5,2022,11,12,0,17.4,7.53,6.07,948.6,5.0,2.71,0.127,0.072,9.36
5,2022,11,12,4,17.3,7.5,6.1,945.0,7.7,2.71,0.732,0.114,10.29
5,2022,11,12,8,16.8,7.46,5.99,886.8,11.2,3.15,1.033,0.157,10.92
5,2022,11,12,12,16.7,7.49,6.94,890.2,9.7,4.11,0.432,0.11,10.13
5,2022,11,12,16,16.7,7.63,8.6,897.4,8.2,3.54,0.434,0.1,10.02
5,2022,11,12,20,16.1,7.89,10.02,909.0,6.0,3.44,0.107,0.08,9.23
5,2022,11,13,0,15.2,7.71,8.01,904.6,6.6,2.78,0.107,0.08,9.23
5,2022,11,13,4,14.4,7.62,7.39,925.2,6.6,2.78,0.229,0.085,9.87
5,2022,11,13,8,13.8,7.55,7.14,939.9,6.7,2.95,0.116,0.081,10.28
5,2022,11,13,12,14.2,7.61,8.05,936.6,5.4,2.94,0.427,0.098,9.87
5,2022,11,13,16,14.9,7.81,10.28,904.2,4.8,2.87,0.12,0.084,8.85
5,2022,11,13,20,15.0,8.08,11.6,851.0,4.3,2.98,0.025,0.075,7.93
5,2022,11,14,0,14.1,7.77,8.46,888.9,8.2,2.86,0.025,0.075,7.93
5,2022,11,14,4,14.6,7.61,7.28,872.4,5.6,2.86,0.141,0.077,8.43
5,2022,11,14,8,14.3,7.5,6.57,874.2,4.2,2.65,0.084,0.074,9.1
5,2022,11,14,12,14.9,7.58,7.97,870.3,4.5,2.67,0.025,0.075,8.98
5,2022,11,14,16,15.8,7.9,10.65,868.7,3.2,2.61,0.025,0.074,8.42
5,2022,11,14,16,15.8,7.9,10.65,868.7,3.2,2.61,0.025,0.074,8.42
5,2022,11,14,20,15.8,8.05,11.35,870.2,4.3,2.59,0.025,0.07,7.78
5,2022,11,15,0,15.4,7.88,9.28,894.0,3.9,2.59,0.025,0.07,7.78
5,2022,11,15,4,15.2,7.64,7.17,919.6,4.3,2.63,0.025,0.067,8.04
5,2022,11,15,8,14.8,7.51,6.33,926.1,4.4,2.69,0.035,0.07,8.81
5,2022,11,15,12,15.4,7.62,8.07,919.2,2.9,2.65,0.025,0.066,8.96
5,2022,11,15,16,16.2,7.94,10.76,912.1,3.3,2.54,0.025,0.065,8.8
5,2022,11,16,12,15.3,7.66,7.93,939.4,3.8,2.63,0.025,0.065,9.35
5,2022,11,16,16,16.1,7.95,10.61,932.2,4.0,2.54,0.025,0.066,9.07
5,2022,11,16,20,16.1,8.08,11.59,923.6,4.7,2.54,0.025,0.068,8.64
5,2022,11,17,0,15.8,7.98,9.94,928.0,4.7,2.84,0.025,0.083,8.38
5,2022,11,17,4,15.6,7.72,7.67,947.5,5.0,2.49,0.025,0.061,7.96
5,2022,11,17,8,15.1,7.59,6.86,960.3,4.7,2.42,0.025,0.064,8.56
5,2022,11,17,12,15.7,7.66,8.11,950.0,3.6,2.6,0.025,0.068,9.81
5,2022,11,17,20,16.3,8.06,11.72,936.3,4.0,2.55,0.025,0.066,9.14
5,2022,11,18,0,16.1,7.93,10.02,950.2,5.2,2.46,0.025,0.063,8.74
5,2022,11,18,4,15.8,7.69,7.68,965.6,5.3,2.37,0.025,0.061,8.57
5,2022,11,18,8,15.6,7.56,6.63,966.6,4.8,2.44,0.025,0.064,9.02
5,2022,11,18,12,15.7,7.6,7.72,954.0,4.0,2.61,0.041,0.069,9.91
5,2022,11,18,16,16.0,7.76,9.47,945.8,3.9,2.51,0.025,0.067,9.69
5,2022,11,18,20,14.9,7.91,8.0,971.3,15.3,2.59,0.025,0.065,8.98
5,2022,11,19,0,15.8,7.71,7.98,963.4,7.3,3.06,1.534,0.125,8.74
5,2022,11,19,4,16.2,7.62,6.94,967.3,6.0,2.64,0.168,0.073,8.52
5,2022,11,19,8,16.2,7.54,6.53,964.2,5.0,2.48,0.044,0.068,8.93
5,2022,11,19,12,16.6,7.62,7.85,961.2,4.4,2.64,0.057,0.072,9.81
5,2022,11,19,16,17.2,7.84,9.9,951.8,5.4,2.54,0.048,0.074,9.73
5,2022,11,19,20,17.0,7.98,11.04,943.8,5.8,2.52,0.076,0.075,9.29
5,2022,11,20,0,16.6,7.87,9.53,953.8,5.0,2.62,0.035,0.075,8.57
5,2022,11,20,4,16.3,7.66,7.41,966.8,6.0,2.41,0.025,0.071,8.39
5,2022,11,20,8,15.9,7.55,6.58,963.8,5.3,2.76,0.069,0.074,9.07
5,2022,11,20,12,15.8,7.54,6.62,957.6,3.8,2.85,0.188,0.08,10.14
5,2022,11,20,16,15.7,7.58,7.2,954.7,4.4,2.43,0.098,0.078,10.11
5,2022,11,20,20,15.9,7.62,7.47,951.3,4.5,2.34,0.081,0.077,9.57
5,2022,11,21,0,16.1,7.59,7.12,956.5,5.6,2.34,0.068,0.073,8.95
5,2022,11,21,4,16.1,7.56,6.61,965.4,6.9,2.34,0.068,0.073,8.95
5,2022,11,21,12,16.2,7.64,7.98,957.2,5.6,2.59,0.349,0.084,10.55
5,2022,11,21,16,16.7,7.9,10.09,947.7,5.1,2.63,0.294,0.084,10.03
5,2022,11,21,20,16.6,8.06,11.17,940.0,5.9,2.67,0.169,0.078,8.98
5,2022,11,22,0,16.1,7.88,9.26,951.4,7.1,2.67,0.169,0.078,8.98
5,2022,11,22,4,15.8,7.7,7.6,967.4,7.8,2.58,0.042,0.074,9.27
5,2022,11,22,8,15.6,7.58,6.94,963.5,6.4,2.77,0.138,0.074,10.12
5,2022,11,22,12,15.7,7.59,7.64,947.3,6.0,2.55,0.143,0.074,9.9
5,2022,11,22,16,16.1,7.74,9.33,935.8,5.5,2.45,0.086,0.074,9.59
5,2022,11,22,20,16.2,7.89,10.32,935.1,6.0,2.5,0.047,0.005,9.1
5,2022,11,23,0,15.9,7.83,9.32,948.3,6.9,2.5,0.047,0.005,9.1
5,2022,11,23,4,15.6,7.7,7.74,964.8,6.9,2.51,0.058,0.074,9.04
5,2022,11,23,8,15.2,7.58,6.93,966.3,8.2,2.77,0.21,0.08,10.16
5,2022,11,23,12,15.7,7.66,8.22,958.9,5.1,2.53,0.072,0.08,10.59
5,2022,11,23,16,16.1,7.42,10.52,956.9,4.4,2.59,0.045,0.08,10.65
5,2022,11,23,20,16.1,7.6,11.87,947.6,5.1,2.51,0.034,0.076,9.71
5,2022,11,24,0,15.8,7.49,9.96,956.2,6.5,2.51,0.034,0.076,9.71
5,2022,11,24,4,15.7,7.32,8.06,967.8,6.0,2.53,0.025,0.074,9.44
5,2022,11,24,8,15.6,7.21,7.19,969.8,8.6,2.84,0.069,0.08,10.5
5,2022,11,24,12,15.6,7.18,7.39,964.7,5.3,2.49,0.12,0.082,10.7
5,2022,11,24,16,15.9,7.26,8.73,953.9,4.4,2.41,0.062,0.081,10.63
5,2022,11,24,20,15.9,7.34,9.34,947.6,4.5,2.48,0.034,0.082,10.32
5,2022,11,25,0,15.9,7.37,9.29,950.6,5.5,2.48,0.034,0.082,10.32
5,2022,11,25,4,16.1,7.28,7.8,965.7,6.5,2.31,0.027,0.086,10.01
5,2022,11,25,8,15.8,7.2,7.19,969.7,5.7,2.58,0.074,0.088,10.93
5,2022,11,25,12,16.1,7.24,8.38,961.1,7.1,2.53,0.082,0.094,11.22
5,2022,11,25,12,16.1,7.24,8.38,961.1,7.1,2.53,0.082,0.094,11.22
5,2022,11,25,16,16.1,7.47,9.85,951.9,6.2,2.53,0.05,0.093,11.11
5,2022,11,25,20,15.4,7.6,10.47,948.8,5.8,2.45,0.05,0.094,10.99
5,2022,11,26,0,14.3,7.54,9.74,960.3,7.2,2.45,0.05,0.094,10.99
5,2022,11,26,4,13.7,7.36,8.48,981.7,7.5,2.48,0.027,0.097,11.15
5,2022,11,26,8,13.0,7.23,7.9,983.3,5.8,2.7,0.176,0.103,12.37
5,2022,11,26,12,13.2,7.26,9.04,977.0,4.9,2.54,0.045,0.101,11.78
5,2022,11,26,16,13.8,7.45,10.56,962.6,4.4,2.54,0.045,0.101,11.78
5,2022,11,28,8,14.0,7.18,7.6,976.7,7.7,2.6,0.025,0.097,12.45
5,2022,11,28,12,14.7,7.19,8.09,969.0,6.3,2.78,0.28,0.099,13.24
5,2022,11,28,16,14.8,7.32,9.39,959.0,6.4,2.71,0.176,0.1,13.14
5,2022,11,29,8,11.3,7.3,8.72,985.3,8.1,2.57,0.09,0.103,13.7
5,2022,11,29,12,10.9,7.38,9.66,984.4,6.8,2.57,0.094,0.109,13.7
5,2022,11,29,16,10.6,7.54,10.77,975.9,7.0,2.47,0.064,0.112,13.7
5,2022,11,29,20,9.8,7.67,11.25,977.0,5.4,2.52,0.025,0.112,13.48
5,2022,11,30,0,8.8,7.57,10.64,989.9,8.0,2.3,0.025,0.112,13.21
5,2022,11,30,4,8.3,7.46,9.9,1011.5,9.2,2.3,0.025,0.114,13.21
5,2022,11,30,8,8.1,7.35,9.52,1011.0,6.3,2.38,0.055,0.113,13.62
5,2022,11,30,12,9.1,7.34,10.03,1000.9,4.5,2.44,0.025,0.113,15.03
5,2022,11,30,16,9.9,7.49,11.2,981.7,4.0,2.4,0.025,0.112,15.14
5,2022,11,30,20,9.8,7.64,11.89,980.9,5.0,2.31,0.025,0.111,14.93
5,2022,12,1,0,9.5,7.54,11.01,989.5,6.3,2.34,0.025,0.105,14.52
5,2022,12,1,4,9.4,7.38,9.8,1008.1,8.6,2.34,0.025,0.105,14.52
5,2022,12,1,12,10.0,7.27,9.82,1000.8,6.5,2.5,0.044,0.105,16.01
5,2022,12,1,16,11.2,7.45,11.64,977.5,3.8,2.37,0.025,0.109,15.4
5,2022,12,2,0,10.8,7.33,9.93,980.7,7.3,2.39,0.025,0.104,14.93
5,2022,12,2,4,10.5,7.2,9.01,980.9,9.6,2.39,0.03,0.101,14.93
5,2022,12,2,8,10.2,7.13,8.67,978.6,6.1,2.59,0.121,0.107,15.59
5,2022,12,2,12,10.3,7.16,9.25,958.8,4.6,2.5,0.099,0.104,14.81
5,2022,12,2,16,11.0,7.24,11.57,933.9,4.6,2.25,0.025,0.106,12.95
5,2022,12,2,20,10.6,7.35,11.52,926.0,6.9,2.25,0.025,0.096,12.71
5,2022,12,3,0,10.6,7.26,10.33,936.6,5.1,2.25,0.025,0.096,12.71
5,2022,12,3,4,10.3,7.16,9.38,952.0,6.0,2.34,0.051,0.101,13.17
5,2022,12,3,8,9.9,7.14,9.14,950.7,6.1,2.67,0.131,0.106,13.64
5,2022,12,3,12,10.2,7.17,9.78,944.0,4.2,2.29,0.098,0.107,13.08
5,2022,12,3,16,11.2,7.39,11.78,926.5,3.8,2.28,0.086,0.108,12.51
5,2022,12,3,20,11.0,7.43,11.78,916.8,6.9,2.16,0.076,0.1,12.17
5,2022,12,4,0,10.6,7.28,10.13,919.6,5.2,2.16,0.076,0.1,12.17
5,2022,12,4,4,10.2,7.19,9.43,930.8,6.1,2.37,0.112,0.108,12.82
5,2022,12,4,8,9.9,7.13,9.08,935.3,6.6,2.37,0.162,0.108,12.82
5,2022,12,4,12,10.6,7.22,10.33,927.2,3.3,2.27,0.101,0.11,12.12
5,2022,12,4,16,11.7,7.46,12.81,905.3,2.6,2.27,0.06,0.108,11.68
5,2022,12,4,20,11.2,7.53,12.48,910.7,6.4,2.37,0.039,0.097,11.48
5,2022,12,5,0,10.9,7.31,10.09,927.9,9.8,2.37,0.039,0.097,11.48
5,2022,12,5,4,10.6,7.21,9.2,929.9,7.8,2.46,0.08,0.096,12.76
5,2022,12,5,8,10.2,7.15,8.85,926.1,8.5,2.47,0.19,0.106,13.15
5,2022,12,5,12,10.7,7.21,9.88,924.0,6.2,2.45,0.159,0.108,12.55
5,2022,12,5,16,11.6,7.48,11.98,917.6,5.0,2.35,0.134,0.103,12.28
5,2022,12,6,0,11.0,7.36,10.04,917.6,9.3,2.2,0.056,0.093,11.73
5,2022,12,6,4,10.7,7.24,9.25,923.7,11.0,2.42,0.071,0.1,12.5
5,2022,12,6,8,10.3,7.14,8.78,932.0,7.8,2.6,0.107,0.106,12.76
5,2022,12,6,12,10.8,7.21,9.82,920.3,5.1,2.48,0.051,0.104,11.96
5,2022,12,6,16,11.8,7.41,11.67,910.3,4.5,2.21,0.049,0.104,11.94
5,2022,12,6,20,11.3,7.49,11.82,908.4,6.2,2.29,0.049,0.102,11.8
5,2022,12,7,0,11.2,7.31,10.16,924.6,8.2,2.29,0.049,0.102,11.8
5,2022,12,7,4,10.9,7.2,9.04,941.5,11.4,2.77,0.158,0.105,12.76
5,2022,12,7,8,10.5,7.14,8.71,937.5,8.0,2.8,0.183,0.108,13.13
5,2022,12,7,12,10.8,7.17,9.5,922.3,6.6,2.64,0.097,0.107,12.28
5,2022,12,7,16,12.2,7.39,11.94,905.8,4.2,2.27,0.043,0.104,12.02
5,2022,12,7,20,11.3,7.39,11.02,912.4,10.3,2.54,0.095,0.114,11.95
5,2022,12,8,0,11.3,7.32,9.91,918.5,8.6,2.54,0.095,0.114,11.95
5,2022,12,8,4,11.5,7.21,8.94,927.2,9.4,2.64,0.101,0.103,12.39
5,2022,12,8,8,11.5,7.14,8.46,928.3,7.2,2.53,0.114,0.102,12.81
5,2022,12,8,12,12.2,7.19,9.38,929.2,6.7,2.39,0.044,0.1,12.3
5,2022,12,8,16,13.2,7.42,11.58,922.6,5.2,2.39,0.036,0.1,12.3
5,2022,12,8,20,12.8,7.46,11.16,925.7,8.3,2.52,0.037,0.102,11.84
5,2022,12,9,0,12.5,7.39,9.75,938.2,7.9,2.52,0.037,0.102,11.84
5,2022,12,9,4,11.9,7.25,8.54,943.4,8.5,2.55,0.069,0.099,12.69
5,2022,12,9,8,11.5,7.18,8.31,948.8,8.2,2.53,0.056,0.1,13.0
5,2022,12,9,12,11.9,7.22,9.15,922.3,7.6,2.32,0.029,0.1,11.74
5,2022,12,9,16,12.4,7.42,10.98,911.8,5.3,2.16,0.033,0.094,11.33
5,2022,12,9,20,12.2,7.52,11.06,928.3,10.5,2.35,0.029,0.096,11.26
5,2022,12,10,0,12.5,7.3,9.17,949.5,9.8,2.35,0.029,0.096,11.26
5,2022,12,10,4,11.7,7.24,8.71,936.8,6.7,2.28,0.039,0.098,12.16
5,2022,12,10,8,10.8,7.24,8.61,944.1,5.6,2.29,0.048,0.099,12.62
5,2022,12,10,12,10.8,7.32,9.88,936.6,4.5,2.12,0.032,0.097,12.11
5,2022,12,10,20,11.0,7.64,12.19,931.2,5.9,1.29,0.028,0.102,12.1
5,2022,12,11,0,10.6,7.38,10.13,948.2,7.1,1.29,0.028,0.102,12.1
5,2022,12,11,4,10.3,7.25,9.41,940.3,8.1,2.54,0.033,0.095,12.84
5,2022,12,11,8,10.0,7.22,9.07,944.5,8.4,2.4,0.025,0.096,12.74
5,2022,12,11,12,10.3,7.26,9.99,938.3,6.8,2.42,0.028,0.101,12.05
5,2022,12,11,16,10.9,7.37,11.15,936.6,5.8,2.4,0.032,0.105,11.72
5,2022,12,11,20,11.3,7.5,12.03,926.0,6.1,2.32,0.027,0.101,11.69
5,2022,12,12,0,11.5,7.35,10.26,928.9,9.9,2.32,0.027,0.101,11.69
5,2022,12,12,4,11.1,7.21,9.21,937.3,7.1,2.44,0.064,0.094,12.21
5,2022,12,12,8,10.7,7.21,8.84,940.0,6.5,2.5,0.048,0.097,12.77
5,2022,12,12,12,10.6,7.29,9.77,932.9,5.4,2.34,0.025,0.098,12.27
5,2022,12,12,16,10.7,7.46,11.09,922.4,5.5,2.41,0.025,0.1,12.28
5,2022,12,12,20,10.6,7.51,11.4,919.8,5.4,2.19,0.035,0.097,12.0
5,2022,12,13,0,10.4,7.39,10.17,930.5,5.1,2.19,0.035,0.097,12.0
5,2022,12,13,4,9.5,7.34,9.29,935.1,5.9,2.33,0.089,0.098,13.0
5,2022,12,13,8,8.4,7.35,9.29,939.9,4.7,2.41,0.113,0.102,13.37
5,2022,12,13,12,8.1,7.45,10.29,931.8,5.6,2.41,0.046,0.106,13.23
5,2022,12,13,16,8.1,7.67,11.6,919.8,4.4,2.24,0.066,0.104,12.6
5,2022,12,13,20,7.9,7.71,11.69,914.8,3.9,2.14,0.116,0.107,12.15
5,2022,12,14,0,7.6,7.55,10.78,917.0,4.8,2.14,0.116,0.107,12.15
5,2022,12,14,4,7.3,7.34,9.82,921.4,4.6,2.25,1.111,0.117,12.48
5,2022,12,14,8,7.4,7.23,9.31,922.8,4.3,2.42,1.265,0.126,13.38
5,2022,12,14,12,8.3,7.23,10.07,911.9,4.1,2.27,0.756,0.119,13.1
5,2022,12,14,16,9.4,7.43,11.87,908.6,2.8,2.18,0.352,0.112,13.21
5,2022,12,14,20,9.9,7.53,12.04,940.3,4.0,2.25,0.159,0.11,13.64
5,2022,12,15,0,10.0,7.33,10.03,937.8,5.8,2.25,0.159,0.11,13.64
5,2022,12,15,4,9.5,7.2,9.12,924.3,5.3,2.24,0.172,0.099,13.9
5,2022,12,15,8,8.8,7.18,8.96,910.4,5.2,2.15,0.14,0.097,13.86
5,2022,12,15,12,8.5,7.27,9.55,906.0,9.8,2.32,0.079,0.096,13.57
5,2022,12,15,16,8.9,7.41,11.0,901.5,7.6,2.23,0.087,0.005,13.55
5,2022,12,15,20,8.9,7.5,11.84,919.4,4.6,2.07,0.051,0.097,13.54
5,2022,12,16,0,8.7,7.37,10.34,928.3,8.5,2.07,0.051,0.097,13.54
5,2022,12,16,4,8.1,7.25,9.56,924.7,7.2,2.16,0.252,0.093,13.86
5,2022,12,16,8,7.8,7.18,9.2,926.2,8.9,2.27,0.372,0.097,14.35
5,2022,12,16,12,8.5,7.2,10.03,910.4,10.0,2.52,0.152,0.1,13.84
5,2022,12,16,16,8.9,7.35,10.54,896.4,15.8,2.17,0.097,0.098,13.07
5,2022,12,16,20,8.5,7.46,10.88,913.4,10.9,2.1,0.044,0.096,13.43
5,2022,12,17,0,7.6,7.47,10.38,934.0,12.3,2.1,0.044,0.096,13.43
5,2022,12,17,4,6.3,7.4,9.88,949.2,12.4,2.4,0.132,0.093,13.45
5,2022,12,17,8,5.8,7.3,9.73,937.4,5.8,2.37,0.258,0.094,14.22
5,2022,12,17,12,6.4,7.36,10.59,926.6,5.0,1.79,0.123,0.095,13.67
5,2022,12,17,16,7.0,7.54,11.39,916.3,3.4,2.05,0.043,0.093,13.68
5,2022,12,17,20,7.0,7.61,11.63,932.9,3.5,1.93,0.025,0.093,13.81
5,2022,12,18,0,7.4,7.44,10.44,957.8,8.2,1.93,0.025,0.093,13.81
5,2022,12,18,4,7.5,7.28,9.6,947.8,11.1,2.25,0.028,0.09,13.91
5,2022,12,18,8,7.5,7.21,9.25,910.4,8.1,2.25,0.028,0.09,13.91
5,2022,12,18,12,8.0,7.24,9.92,895.4,5.0,2.13,0.025,0.083,13.87
5,2022,12,18,16,9.1,7.39,11.38,896.9,3.3,1.96,0.025,0.083,13.85
5,2022,12,18,20,9.2,7.46,11.64,915.5,5.1,1.94,0.037,0.082,14.02
5,2022,12,19,0,9.1,7.34,10.55,925.8,6.0,1.94,0.037,0.082,14.02
5,2022,12,19,4,8.5,7.18,9.24,919.9,9.6,2.14,0.381,0.077,13.95
5,2022,12,19,8,8.1,7.15,9.06,915.4,5.7,2.17,0.581,0.081,14.24
5,2022,12,19,12,8.7,7.17,9.66,913.6,4.9,2.03,0.412,0.081,14.09
5,2022,12,19,16,9.8,7.32,11.63,926.6,3.5,1.98,0.172,0.081,13.38
5,2022,12,19,20,9.9,7.3,10.84,932.5,10.4,2.19,0.085,0.078,12.97
5,2022,12,20,0,9.7,7.26,10.03,932.9,9.4,2.19,0.085,0.078,12.97
5,2022,12,20,4,9.2,7.19,9.34,934.7,7.6,2.21,0.267,0.084,13.0
5,2022,12,20,8,8.9,7.16,9.08,925.8,6.8,2.24,0.219,0.086,12.94
5,2022,12,20,12,9.3,7.19,9.62,920.7,4.5,2.05,0.084,0.086,12.54
5,2022,12,20,16,10.2,7.32,10.95,917.0,3.7,2.15,0.042,0.087,12.24
5,2022,12,20,20,10.3,7.37,10.94,931.9,7.0,2.07,0.042,0.084,12.03
5,2022,12,21,0,9.8,7.37,9.92,930.4,8.7,2.07,0.042,0.084,12.03
5,2022,12,21,4,9.0,7.28,9.67,914.6,6.5,2.22,0.106,0.084,12.08
5,2022,12,21,8,8.4,7.22,9.22,918.1,4.4,2.09,0.036,0.083,12.29
5,2022,12,21,12,8.9,7.26,9.83,908.4,3.3,1.92,0.025,0.084,11.24
5,2022,12,21,16,9.5,7.41,11.36,900.5,4.5,2.06,0.025,0.085,10.9
5,2022,12,21,20,9.6,7.39,10.78,912.3,7.2,2.05,0.043,0.082,10.76
5,2022,12,22,0,9.3,7.3,9.76,922.8,10.0,2.05,0.043,0.082,10.76
5,2022,12,22,4,8.7,7.22,9.57,921.6,7.2,2.25,0.081,0.083,11.72
5,2022,12,22,8,8.2,7.21,9.18,913.9,5.6,2.23,0.038,0.084,11.71
5,2022,12,22,8,8.2,7.21,9.18,913.9,5.6,2.23,0.038,0.084,11.71
5,2022,12,22,12,8.6,7.28,10.24,907.0,6.4,2.16,0.025,0.084,11.2
5,2022,12,22,12,8.6,7.28,10.24,907.0,6.4,2.16,0.025,0.084,11.2
5,2022,12,22,16,9.1,7.51,11.67,897.4,3.4,2.01,0.025,0.082,10.99
5,2022,12,22,20,9.1,7.31,10.15,922.4,14.0,2.28,0.087,0.079,11.2
5,2022,12,23,0,8.7,7.3,9.9,925.2,8.8,2.28,0.087,0.079,11.2
5,2022,12,23,4,8.0,7.22,9.55,893.9,7.2,2.23,0.159,0.078,11.67
5,2022,12,23,8,7.7,7.17,9.35,905.4,6.1,2.18,0.074,0.078,11.66
5,2022,12,23,12,8.6,7.2,9.96,898.6,4.6,2.0,0.061,0.077,10.95
5,2022,12,23,16,9.2,7.36,11.5,883.9,3.3,2.01,0.057,0.075,10.42
5,2022,12,23,20,8.8,7.4,11.07,893.2,13.1,2.34,0.037,0.081,10.51
5,2022,12,24,0,8.9,7.39,10.25,918.9,8.8,2.34,0.037,0.081,10.51
5,2022,12,24,4,8.4,7.26,9.68,901.1,8.8,2.29,0.063,0.084,11.34
5,2022,12,24,8,8.0,7.19,9.42,902.1,5.9,2.16,0.056,0.084,11.52
5,2022,12,24,12,8.7,7.19,9.96,915.6,4.7,2.05,0.025,0.083,11.22
5,2022,12,24,16,9.6,7.34,11.35,901.8,3.6,2.03,0.025,0.083,10.95
5,2022,12,24,20,9.5,7.43,11.69,903.3,4.9,2.11,0.025,0.082,10.83
5,2022,12,25,0,9.6,7.29,10.14,905.9,7.0,2.11,0.025,0.082,10.83
5,2022,12,25,4,9.3,7.18,9.38,913.2,9.1,2.43,0.054,0.082,12.3
5,2022,12,25,8,9.0,7.15,9.16,912.8,6.9,2.18,0.048,0.078,12.37
5,2022,12,25,12,9.1,7.15,9.51,908.6,4.1,2.19,0.034,0.077,11.78
5,2022,12,25,16,9.6,7.3,11.04,901.2,3.4,2.09,0.025,0.076,11.29
5,2022,12,25,20,9.8,7.23,9.6,902.5,20.9,2.24,0.06,0.078,10.7
5,2022,12,26,0,9.6,7.24,9.54,919.3,25.7,2.24,0.06,0.078,10.7
5,2022,12,26,4,9.5,7.18,9.38,920.0,9.5,2.41,0.104,0.084,12.2
5,2022,12,26,8,9.1,7.16,9.0,915.0,7.6,2.44,0.058,0.084,12.13
5,2022,12,26,12,9.5,7.21,9.94,907.9,5.9,2.44,0.03,0.083,10.51
5,2022,12,26,16,10.0,7.37,11.1,906.8,4.6,2.1,0.025,0.082,10.82
5,2022,12,26,20,9.8,7.26,9.44,912.7,21.6,2.19,0.044,0.084,10.36
5,2022,12,27,0,9.6,7.26,9.18,919.3,30.8,2.19,0.044,0.084,10.36
5,2022,12,27,4,9.2,7.18,8.97,908.1,10.7,2.45,0.098,0.089,11.04
5,2022,12,27,8,8.3,7.22,8.72,912.6,10.4,2.43,0.062,0.087,10.99
5,2022,12,27,12,8.3,7.34,9.87,913.7,5.6,2.1,0.025,0.087,10.27
5,2022,12,27,16,8.8,7.52,11.23,901.5,4.0,2.3,0.025,0.085,9.55
5,2022,12,27,20,8.5,7.53,10.75,902.2,8.9,2.27,0.025,0.085,9.47
5,2022,12,28,0,8.7,7.39,9.82,928.6,7.6,2.27,0.025,0.085,9.47
5,2022,12,28,4,8.8,7.23,8.94,927.7,7.1,2.51,0.19,0.09,10.62
5,2022,12,28,8,8.4,7.16,8.61,908.0,6.8,2.56,0.216,0.088,10.28
5,2022,12,28,12,9.4,7.19,9.33,912.3,4.7,2.48,0.153,0.088,9.61
5,2022,12,28,16,9.9,7.34,10.83,902.5,3.9,2.23,0.115,0.085,9.83
5,2022,12,28,20,9.3,7.41,10.98,919.2,6.2,2.41,0.081,0.084,9.72
5,2022,12,29,0,8.8,7.4,10.61,925.2,7.1,2.41,0.081,0.084,9.72
5,2022,12,29,4,8.2,7.39,10.27,929.9,7.2,2.31,0.059,0.08,10.13
5,2022,12,29,8,7.6,7.41,9.97,938.7,8.0,2.74,0.044,0.082,10.3
5,2022,12,29,12,7.7,7.4,9.61,956.9,13.4,2.3,0.033,0.085,9.78
5,2022,12,29,16,8.1,7.4,9.55,957.3,14.1,2.51,0.05,0.086,9.86
5,2022,12,29,20,7.6,7.43,9.97,976.2,8.1,2.27,0.065,0.09,10.66
5,2022,12,30,0,7.0,7.39,9.9,976.6,8.3,2.27,0.065,0.09,10.66
5,2022,12,30,4,6.6,7.45,10.25,967.5,6.7,2.32,0.025,0.093,11.05
5,2022,12,30,8,6.2,7.51,10.71,964.7,6.5,2.32,0.025,0.09,11.36
5,2022,12,30,12,6.6,7.42,10.24,969.2,11.7,2.51,0.026,0.092,10.78
5,2022,12,30,16,7.7,7.39,9.94,984.9,14.7,2.56,0.038,0.096,10.0
5,2022,12,30,20,7.9,7.3,9.84,952.8,10.7,2.33,0.195,0.103,10.7
5,2022,12,31,0,7.6,7.37,10.76,886.8,7.0,2.33,0.195,0.103,10.7
5,2022,12,31,4,7.4,7.33,9.68,807.4,22.5,2.52,0.04,0.091,7.35
5,2022,12,31,8,5.7,7.24,9.66,704.4,8.5,2.07,0.048,0.071,6.74
5,2022,12,31,12,7.3,7.19,9.87,873.5,5.4,2.25,0.077,0.08,9.71
5,2022,12,31,16,8.9,7.28,10.73,887.3,4.4,2.19,0.174,0.081,10.23
5,2022,12,31,20,9.0,7.39,11.45,896.2,6.4,2.49,0.147,0.076,10.43
5,2023,1,1,0,9.2,7.28,9.78,914.3,14.6,2.49,0.147,0.076,10.43
5,2023,1,1,4,8.9,7.19,8.88,935.6,10.8,2.45,0.177,0.083,10.17
5,2023,1,1,8,8.6,7.14,8.6,936.8,6.4,2.58,0.301,0.084,10.66
5,2023,1,1,12,8.9,7.19,9.31,912.0,4.6,2.47,0.159,0.081,9.86
5,2023,1,1,16,9.6,7.29,10.6,900.0,3.5,2.36,0.165,0.081,9.54
5,2023,1,1,20,9.4,7.42,11.7,900.3,5.1,2.34,0.184,0.079,9.4
5,2023,1,2,0,9.2,7.35,10.35,916.1,9.8,2.34,0.184,0.079,9.4
5,2023,1,2,4,9.0,7.25,8.98,930.6,13.7,2.54,0.151,0.088,8.61
5,2023,1,2,12,8.8,7.23,9.33,918.5,4.6,2.62,0.075,0.084,9.46
5,2023,1,2,16,9.5,7.34,10.87,906.6,3.5,2.47,0.047,0.085,8.71
5,2023,1,2,20,9.4,7.44,11.66,899.6,6.3,2.22,0.035,0.083,8.2
5,2023,1,3,0,9.2,7.36,10.31,913.6,9.2,2.22,0.035,0.083,8.2
5,2023,1,3,4,8.7,7.26,9.08,920.3,9.9,2.4,0.065,0.089,8.43
5,2023,1,3,8,8.2,7.2,8.78,922.6,6.4,2.4,0.065,0.089,8.43
5,2023,1,3,12,8.5,7.22,9.34,905.6,5.0,2.59,0.062,0.082,8.99
5,2023,1,3,16,9.2,7.3,10.51,903.8,3.3,2.32,0.032,0.081,9.2
5,2023,1,3,20,9.2,7.45,11.4,911.4,5.3,2.48,0.025,0.08,8.99
5,2023,1,4,0,9.4,7.37,10.09,932.1,8.1,2.48,0.025,0.08,8.99
5,2023,1,4,4,9.2,7.24,9.07,942.6,9.0,2.84,0.135,0.093,9.42
5,2023,1,4,8,8.7,7.2,8.64,918.4,7.2,2.77,0.071,0.089,9.67
5,2023,1,4,12,9.5,7.21,9.39,935.1,4.6,2.65,0.025,0.089,9.08
5,2023,1,4,16,10.6,7.34,11.07,914.9,3.1,2.53,0.025,0.086,8.3
5,2023,1,4,20,10.6,7.35,10.81,926.7,8.9,2.52,0.067,0.092,8.14
5,2023,1,5,0,9.2,7.44,9.98,948.0,16.5,2.52,0.067,0.092,8.14
5,2023,1,5,4,8.2,7.36,9.36,968.0,11.8,3.48,0.335,0.151,9.43
5,2023,1,5,8,8.9,7.21,8.48,946.8,6.9,2.89,0.168,0.105,9.43
5,2023,1,5,12,9.2,7.22,9.02,916.9,4.4,2.72,0.067,0.094,8.71
5,2023,1,5,16,10.0,7.3,10.39,903.7,3.3,2.71,0.025,0.094,8.71
5,2023,1,5,20,10.2,7.39,11.21,917.4,4.6,2.55,0.03,0.096,8.51
5,2023,1,6,0,10.3,7.35,10.26,932.1,6.8,2.53,0.09,0.102,8.55
5,2023,1,6,4,10.0,7.21,8.77,943.4,9.4,2.69,0.232,0.108,9.18
5,2023,1,6,8,9.6,7.16,8.43,930.6,9.0,2.99,0.161,0.107,9.81
5,2023,1,6,16,10.3,7.42,10.78,916.8,3.9,2.71,0.069,0.105,9.48
5,2023,1,6,20,10.7,7.39,10.08,914.2,6.9,2.54,0.025,0.1,8.71
5,2023,1,7,0,10.3,7.33,9.48,910.4,7.0,2.67,0.035,0.108,8.47
5,2023,1,7,4,9.6,7.3,8.67,924.0,7.5,2.67,0.035,0.108,8.47
5,2023,1,7,8,9.0,7.23,8.11,933.0,5.7,2.62,0.063,0.114,9.43
5,2023,1,7,12,9.1,7.25,8.68,936.9,4.0,2.96,0.06,0.112,9.66
5,2023,1,7,16,9.8,7.36,9.96,917.7,3.0,2.64,0.025,0.108,9.25
5,2023,1,7,20,10.0,7.54,11.07,917.2,5.1,2.55,0.025,0.104,8.21
5,2023,1,8,0,10.4,7.4,9.52,926.5,5.6,2.65,0.025,0.11,7.71
5,2023,1,8,4,9.8,7.26,8.4,917.9,7.4,2.65,0.025,0.11,7.71
5,2023,1,8,8,9.5,7.19,7.92,938.5,7.2,2.96,0.269,0.128,8.49
5,2023,1,8,12,10.1,7.24,8.74,927.8,4.7,2.78,0.255,0.128,9.11
5,2023,1,8,16,11.1,7.42,10.54,907.6,3.3,2.99,0.232,0.123,7.85
5,2023,1,8,20,11.3,7.53,10.98,908.1,5.3,2.85,0.264,0.123,7.55
5,2023,1,9,0,11.3,7.43,9.5,910.3,7.1,2.75,0.204,0.13,7.45
5,2023,1,9,4,10.7,7.3,8.25,917.4,8.5,2.75,0.204,0.13,7.45
5,2023,1,9,8,10.2,7.21,7.86,917.6,5.8,2.97,0.429,0.145,8.66
5,2023,1,9,12,10.7,7.25,8.8,901.9,4.5,2.95,0.247,0.134,8.93
5,2023,1,9,16,11.5,7.37,10.19,892.9,3.6,2.82,0.088,0.119,7.89
5,2023,1,9,20,11.1,7.39,10.16,900.9,5.1,2.85,0.08,0.112,7.66
5,2023,1,10,0,10.8,7.49,11.02,903.7,6.3,2.63,0.083,0.112,7.64
5,2023,1,10,4,10.7,7.44,9.81,921.5,7.6,2.63,0.083,0.112,7.64
5,2023,1,10,8,9.9,7.32,8.43,923.8,8.0,2.79,0.071,0.108,7.32
5,2023,1,10,12,10.4,7.24,8.92,911.6,5.4,2.87,0.112,0.109,7.98
5,2023,1,10,16,11.1,7.32,10.33,887.3,3.8,2.8,0.041,0.114,7.55
5,2023,1,10,16,11.1,7.32,10.33,887.3,3.8,2.8,0.025,0.114,7.55
5,2023,1,10,20,10.9,7.45,11.34,890.3,5.5,2.71,0.025,0.107,7.27
5,2023,1,11,0,10.8,7.36,9.98,912.2,8.9,2.53,0.025,0.102,6.95
5,2023,1,11,4,10.3,7.27,8.61,914.9,15.3,2.53,0.025,0.102,6.95
5,2023,1,11,8,9.6,7.25,8.4,919.5,9.1,2.78,0.037,0.113,7.6
5,2023,1,11,12,9.7,7.27,8.75,904.3,6.3,3.03,0.025,0.112,7.78
5,2023,1,11,16,9.9,7.32,9.54,887.1,4.1,2.72,0.025,0.106,7.41
5,2023,1,11,20,10.3,7.34,10.13,903.7,5.9,2.67,0.025,0.112,7.15
5,2023,1,12,0,10.4,7.26,9.09,910.7,8.8,2.93,0.025,0.112,7.15
5,2023,1,12,4,10.6,7.2,8.36,919.1,8.4,2.93,0.176,0.13,7.2
5,2023,1,12,8,10.6,7.17,8.12,921.8,7.3,3.71,0.224,0.135,8.09
5,2023,1,12,12,10.5,7.16,7.95,917.8,5.8,3.75,0.194,0.135,8.46
5,2023,1,12,16,10.4,7.2,8.26,918.5,4.2,3.22,0.09,0.125,8.2
5,2023,1,12,20,10.6,7.2,8.39,918.6,6.7,2.42,0.093,0.119,7.49
5,2023,1,13,0,10.8,7.18,8.14,929.2,6.6,2.53,0.093,0.119,7.49
5,2023,1,13,4,10.8,7.14,7.96,924.2,7.1,2.53,0.251,0.132,8.19
5,2023,1,13,8,10.6,7.14,7.9,920.1,5.4,2.73,0.269,0.141,9.04
5,2023,1,13,12,10.9,7.2,8.42,911.2,4.5,2.79,0.19,0.136,8.69
5,2023,1,13,16,11.1,7.28,9.26,910.4,3.6,2.62,0.099,0.126,8.36
5,2023,1,13,20,10.9,7.31,9.38,909.6,6.6,2.42,0.079,0.119,7.91
5,2023,1,14,0,10.4,7.28,8.76,914.0,7.2,2.53,0.079,0.119,7.91
5,2023,1,14,4,9.5,7.26,8.7,923.1,7.4,2.53,0.106,0.124,8.57
5,2023,1,14,8,8.5,7.28,8.67,927.8,7.1,2.61,0.096,0.124,9.16
5,2023,1,14,12,8.1,7.33,9.38,930.3,5.0,2.7,0.047,0.124,8.86
5,2023,1,14,16,8.4,7.48,10.63,928.6,3.7,2.41,0.025,0.12,8.46
5,2023,1,14,20,8.0,7.64,11.4,937.9,3.7,2.46,0.025,0.12,8.49
5,2023,1,15,0,8.0,7.52,10.51,980.9,6.5,2.3,0.025,0.12,8.49
5,2023,1,15,4,7.6,7.32,9.36,984.2,13.1,2.3,0.089,0.13,9.45
5,2023,1,15,8,7.3,7.26,9.35,945.3,7.0,2.78,0.096,0.125,9.34
5,2023,1,15,12,7.6,7.3,9.98,923.4,7.0,2.79,0.04,0.119,8.56
5,2023,1,15,16,8.4,7.46,11.08,933.6,5.7,2.64,0.032,0.118,8.49
5,2023,1,15,20,8.3,7.61,11.65,951.9,6.3,2.43,0.038,0.116,8.23
5,2023,1,16,0,8.4,7.36,9.75,948.9,9.5,2.52,0.038,0.116,8.23
5,2023,1,16,4,8.4,7.26,9.3,955.6,8.8,2.52,0.176,0.124,9.08
5,2023,1,16,12,8.5,7.22,9.53,931.6,8.2,2.6,0.035,0.121,8.42
5,2023,1,16,16,9.3,7.36,10.84,923.6,5.1,2.73,0.035,0.114,8.18
5,2023,1,16,20,8.9,7.56,12.15,924.2,3.9,2.37,0.026,0.11,7.64
5,2023,1,17,0,8.7,7.47,10.44,943.8,10.6,2.46,0.026,0.11,7.64
5,2023,1,17,4,8.4,7.33,9.34,953.7,14.5,2.46,0.032,0.119,8.21
5,2023,1,17,8,7.9,7.31,9.25,925.0,12.5,2.62,0.038,0.118,8.44
5,2023,1,17,12,8.1,7.34,9.84,919.4,7.4,2.76,0.025,0.112,7.86
5,2023,1,17,16,9.0,7.48,11.1,921.7,4.9,2.39,0.042,0.112,7.72
5,2023,1,17,20,8.8,7.63,11.57,920.4,5.9,2.29,0.084,0.108,7.2
5,2023,1,18,0,8.7,7.46,10.51,923.1,11.3,2.43,0.084,0.108,7.2
5,2023,1,18,4,8.4,7.34,9.47,927.5,10.9,2.43,0.065,0.113,7.16
5,2023,1,18,8,8.2,7.27,9.15,935.1,12.2,2.5,0.12,0.111,8.09
5,2023,1,18,12,8.8,7.27,9.53,937.2,8.2,2.59,0.043,0.108,7.78
5,2023,1,18,16,9.6,7.42,10.95,918.4,4.3,2.37,0.025,0.104,7.58
5,2023,1,18,20,9.5,7.54,11.76,900.8,7.5,2.36,0.025,0.104,7.16
5,2023,1,19,0,9.6,7.33,9.66,933.2,15.8,2.49,0.025,0.104,7.16
5,2023,1,19,4,9.2,7.28,9.34,935.5,8.4,2.49,0.025,0.115,8.11
5,2023,1,19,8,8.8,7.23,8.91,937.2,7.4,2.58,0.025,0.113,8.74
5,2023,2,3,20,10.2,7.69,13.7,905.6,5.4,2.46,0.052,0.11,8.73
5,2023,2,4,0,10.1,7.45,11.09,924.3,8.6,2.46,0.052,0.11,8.73
5,2023,2,4,4,9.3,7.3,9.54,930.6,10.0,2.55,0.119,0.119,9.46
5,2023,2,4,8,8.5,7.25,9.12,924.9,5.9,2.65,0.116,0.112,9.74
5,2023,2,4,12,9.3,7.29,10.25,914.0,5.2,2.59,0.064,0.111,9.08
5,2023,2,4,16,10.7,7.54,13.13,902.6,3.7,2.39,0.061,0.11,8.8
5,2023,2,4,20,10.8,7.65,13.74,908.1,4.2,2.32,0.07,0.108,8.37
5,2023,2,5,0,11.0,7.45,11.54,929.1,4.6,2.32,0.07,0.108,8.37
5,2023,2,5,4,10.2,7.27,9.31,940.6,9.8,2.82,0.059,0.112,9.47
5,2023,2,5,8,9.5,7.22,8.84,935.0,5.9,2.82,0.052,0.112,9.47
5,2023,2,5,12,9.5,7.22,9.46,930.3,5.1,2.71,0.06,0.108,9.18
5,2023,2,5,16,10.2,7.37,11.27,914.2,4.3,2.5,0.1,0.107,8.6
5,2023,2,5,20,10.0,7.55,12.86,913.4,4.4,2.54,0.127,0.1,8.28
5,2023,2,6,0,10.0,7.51,12.0,919.4,4.7,2.54,0.127,0.1,8.28
5,2023,2,6,4,9.8,7.33,9.57,922.7,5.9,2.58,0.158,0.106,8.03
5,2023,2,6,8,9.3,7.22,8.97,905.7,6.6,2.59,0.408,0.114,8.55
5,2023,2,6,12,10.3,6.97,10.01,898.0,5.1,2.86,0.298,0.111,8.39
5,2023,2,6,16,10.7,7.42,12.38,915.3,4.1,2.66,0.228,0.11,8.15
5,2023,2,6,20,11.0,7.7,14.46,911.7,4.4,2.67,0.128,0.105,7.56
5,2023,2,7,0,11.0,7.36,10.59,910.2,11.5,2.67,0.128,0.105,7.56
5,2023,2,7,4,10.0,7.24,9.37,903.0,11.1,2.81,0.606,0.112,7.2
5,2023,2,7,8,9.6,7.2,8.86,930.5,6.7,2.99,1.013,0.12,7.63
5,2023,2,7,12,9.9,7.25,9.78,926.2,5.3,2.92,0.96,0.117,7.17
5,2023,2,7,16,10.8,7.52,12.96,919.7,4.0,2.8,0.711,0.123,7.01
5,2023,2,7,20,10.8,7.5,12.21,909.5,11.7,2.8,0.458,0.123,7.01
5,2023,2,8,0,10.6,7.36,10.52,880.4,8.9,2.8,0.458,0.123,7.01
5,2023,2,8,4,10.2,7.28,9.35,917.9,10.8,3.02,0.165,0.103,7.22
5,2023,2,8,8,9.5,7.25,9.08,927.3,8.2,3.91,0.124,0.099,7.83
5,2023,2,8,12,10.0,7.3,10.17,934.4,5.9,2.91,0.062,0.094,7.56
5,2023,2,8,16,11.1,7.61,13.14,901.0,4.3,2.62,0.06,0.089,7.23
5,2023,2,8,20,11.1,7.69,13.29,891.8,8.0,2.61,0.028,0.083,6.49
5,2023,2,9,0,11.1,7.49,11.39,906.3,10.1,2.61,0.028,0.083,6.49
5,2023,2,9,4,11.0,7.28,9.12,919.3,13.3,2.96,0.057,0.087,6.61
5,2023,2,9,12,10.6,7.23,9.12,929.0,6.9,3.23,0.111,0.094,7.74
5,2023,2,9,16,10.3,7.36,10.65,896.7,5.4,2.78,0.039,0.081,7.34
5,2023,2,9,20,10.4,7.35,10.41,920.6,8.8,2.64,0.034,0.08,6.91
5,2023,2,10,0,10.2,7.24,9.05,917.0,15.4,2.64,0.034,0.08,6.91
5,2023,2,10,4,9.9,7.22,8.88,916.2,9.7,2.81,0.093,0.089,7.43
5,2023,2,10,8,9.5,7.2,8.62,923.4,6.8,2.88,0.151,0.093,8.02
5,2023,2,10,12,10.1,7.26,9.9,925.4,6.2,2.87,0.103,0.087,7.6
5,2023,2,10,16,11.1,7.55,13.53,922.9,4.1,2.71,0.084,0.086,7.65
5,2023,2,10,20,11.3,7.48,12.26,928.8,10.0,2.77,0.034,0.088,6.91
5,2023,2,11,0,11.3,7.38,10.94,932.1,6.8,2.77,0.034,0.088,6.91
5,2023,2,11,4,10.9,7.26,9.17,935.1,16.8,3.11,0.073,0.09,7.65
5,2023,2,11,8,10.6,7.23,9.03,937.0,8.1,3.05,0.042,0.092,8.63
5,2023,2,11,12,10.5,7.24,9.14,920.7,6.5,2.91,0.025,0.091,8.55
5,2023,2,11,16,10.7,7.34,10.68,911.1,4.8,2.71,0.025,0.086,8.1
5,2023,2,11,20,10.9,7.29,9.54,934.0,22.1,2.71,0.04,0.091,8.08
5,2023,2,12,0,10.9,7.26,9.01,933.7,14.5,2.71,0.04,0.091,8.08
5,2023,2,12,4,10.7,7.24,8.81,926.8,23.0,3.01,0.109,0.102,8.07
5,2023,2,12,8,10.7,7.19,8.69,926.3,8.9,3.08,0.222,0.103,8.94
5,2023,2,12,12,10.7,7.18,8.83,922.4,7.7,2.87,0.163,0.102,8.52
5,2023,2,12,16,10.7,7.25,9.61,921.1,7.2,2.84,0.098,0.096,8.32
5,2023,2,12,20,10.6,7.3,9.8,922.5,11.3,2.93,0.111,0.095,7.77
5,2023,2,13,0,10.5,7.25,9.26,925.9,8.3,2.93,0.111,0.095,7.77
5,2023,2,13,4,10.3,7.19,8.67,925.6,9.4,3.11,0.48,0.118,8.28
5,2023,2,13,8,9.6,7.17,8.88,906.3,8.1,3.13,0.529,0.111,8.25
5,2023,2,13,12,10.2,7.33,10.42,929.1,6.7,2.93,0.233,0.105,8.46
5,2023,2,13,20,11.2,7.57,11.92,925.0,12.0,2.77,0.06,0.089,7.25
5,2023,2,14,0,10.7,7.4,10.3,909.7,10.9,2.77,0.06,0.089,7.25
5,2023,2,14,4,10.0,7.27,9.0,945.4,18.2,3.34,0.197,0.095,8.02
5,2023,2,14,8,9.5,7.24,8.94,968.5,9.3,3.5,0.276,0.093,8.94
5,2023,2,14,12,9.7,7.27,9.8,947.2,8.1,3.28,0.151,0.088,8.47
5,2023,2,14,16,10.2,7.43,11.8,935.1,6.8,3.15,0.104,0.086,8.0
5,2023,2,14,20,10.4,7.64,13.43,951.6,4.3,3.13,0.096,0.083,7.7
5,2023,2,15,0,10.8,7.37,10.35,1003.2,13.3,3.13,0.096,0.083,7.7
5,2023,2,15,4,10.6,7.27,9.01,1015.8,9.9,3.13,0.251,0.094,7.84
5,2023,2,15,8,10.2,7.25,8.88,1013.0,8.1,3.16,0.12,0.09,8.61
5,2023,2,15,12,10.7,7.33,9.78,1002.1,7.0,3.12,0.041,0.086,8.29
5,2023,2,15,16,11.5,7.55,12.19,992.2,5.3,3.01,0.025,0.085,8.23
5,2023,2,15,20,11.2,7.82,14.09,1007.4,5.1,2.93,0.025,0.079,8.09
5,2023,2,16,0,11.3,7.5,10.46,1008.6,8.9,2.93,0.025,0.079,8.09
5,2023,2,16,4,10.8,7.31,8.22,1020.3,11.6,3.37,0.253,0.097,7.59
5,2023,2,16,8,10.3,7.27,8.2,1026.7,9.4,3.9,0.233,0.106,8.16
5,2023,2,16,12,10.8,7.34,9.2,1015.1,5.7,3.02,0.082,0.091,8.07
5,2023,2,16,16,11.9,7.55,12.15,997.1,4.5,2.93,0.076,0.086,7.82
5,2023,2,16,20,12.0,7.7,13.18,1000.4,7.7,2.97,0.028,0.081,7.4
5,2023,2,17,0,12.4,7.43,9.77,1011.0,8.0,2.97,0.028,0.081,7.4
5,2023,2,17,4,11.9,7.28,7.95,1012.4,10.5,3.31,0.209,0.096,7.1
5,2023,2,17,8,11.3,7.23,7.6,1014.7,7.0,3.36,0.277,0.09,7.96
5,2023,2,17,12,11.3,7.29,8.7,1015.3,6.3,3.52,0.137,0.086,8.0
5,2023,2,17,16,11.6,7.44,10.62,1004.1,4.8,3.11,0.086,0.084,7.79
5,2023,2,17,20,11.7,7.48,11.06,1002.4,5.5,2.98,0.038,0.082,7.5
5,2023,2,18,0,11.8,7.34,8.89,1000.5,9.1,2.98,0.038,0.082,7.5
5,2023,2,18,4,11.5,7.26,7.59,1010.4,10.0,3.35,0.267,0.103,7.06
5,2023,2,18,8,11.1,7.23,7.38,1021.2,7.4,3.43,0.61,0.111,8.18
5,2023,2,18,12,11.1,7.24,7.61,1025.5,8.0,3.46,0.446,0.111,8.4
5,2023,2,18,16,11.3,7.3,8.68,1017.4,6.9,3.15,0.198,0.106,8.37
5,2023,2,18,20,11.2,7.31,8.26,1008.7,19.0,3.22,0.133,0.09,7.94
5,2023,2,19,0,10.8,7.35,8.44,1009.4,10.7,3.22,0.133,0.09,7.94
5,2023,2,19,4,10.1,7.33,7.91,1015.7,11.0,3.34,0.309,0.131,7.88
5,2023,2,19,8,9.8,7.28,7.89,1021.1,6.9,3.44,0.752,0.118,8.84
5,2023,2,19,12,10.7,7.37,9.43,1010.4,6.9,3.24,0.552,0.114,8.81
5,2023,2,19,16,12.2,7.62,11.66,993.9,7.5,3.09,0.272,0.108,8.33
5,2023,2,19,20,12.3,7.84,12.75,992.7,6.2,2.88,0.104,0.099,7.97
5,2023,2,20,0,12.4,7.63,10.4,999.1,7.2,2.88,0.104,0.099,7.97
5,2023,2,20,4,11.7,7.4,8.04,1005.2,9.7,3.17,0.075,0.104,7.46
5,2023,2,20,8,10.6,7.34,7.74,1010.5,8.7,3.15,0.263,0.104,8.44
5,2023,2,20,12,11.1,7.4,9.28,1000.8,5.8,3.15,0.165,0.104,8.44
5,2023,2,20,16,12.4,7.67,12.56,994.8,3.7,3.06,0.112,0.101,8.31
5,2023,2,20,20,12.5,7.77,13.27,991.3,6.0,2.97,0.025,0.098,7.54
5,2023,2,21,0,12.4,7.49,9.79,995.5,6.6,2.98,0.025,0.094,6.97
5,2023,2,21,4,11.3,7.32,8.06,1007.9,11.7,2.98,0.116,0.094,6.97
5,2023,2,21,8,10.6,7.32,8.05,1010.2,9.6,3.18,0.092,0.102,7.65
5,2023,2,21,12,10.8,7.38,9.09,1002.6,6.9,3.23,0.053,0.094,7.6
5,2023,2,21,16,11.3,7.57,11.8,1005.2,4.8,2.93,0.033,0.094,6.86
5,2023,2,21,20,11.5,7.75,13.26,998.1,5.4,3.03,0.025,0.096,6.53
5,2023,2,22,0,11.6,7.6,11.18,1001.8,7.3,2.9,0.025,0.096,6.53
5,2023,2,22,4,11.4,7.4,8.5,1007.4,8.7,2.9,0.085,0.097,5.97
5,2023,2,22,8,10.9,7.32,7.87,1015.8,7.3,2.86,0.468,0.105,7.32
5,2023,2,22,12,11.6,7.35,8.88,1012.3,5.4,3.24,0.653,0.11,7.71
5,2023,2,22,16,12.9,7.52,11.57,1002.4,5.1,3.07,0.758,0.109,7.97
5,2023,2,22,20,13.0,7.64,12.81,1001.6,6.3,3.11,0.395,0.101,7.39
5,2023,2,23,0,13.2,7.42,9.76,1009.4,7.6,2.91,0.395,0.101,7.39
5,2023,2,23,4,12.5,7.29,7.8,1014.0,7.8,2.91,0.307,0.102,7.24
5,2023,2,23,8,11.9,7.27,7.7,1012.9,6.2,3.08,0.412,0.101,8.04
5,2023,2,23,12,12.2,7.34,8.9,1000.2,5.9,3.12,0.308,0.105,7.71
5,2023,2,23,16,13.3,7.54,11.62,988.0,5.4,3.27,0.328,0.105,7.53
5,2023,2,23,20,13.5,7.7,12.97,986.0,6.3,3.08,0.093,0.1,7.0
5,2023,2,24,0,13.6,7.48,10.11,990.6,6.8,2.97,0.093,0.1,7.0
5,2023,2,24,4,13.0,7.3,7.67,1001.5,8.0,2.97,0.407,0.104,6.84
5,2023,2,24,8,12.0,7.29,7.47,1009.7,7.1,3.42,0.793,0.104,7.93
5,2023,2,24,12,12.0,7.38,9.21,1022.6,8.9,3.54,0.427,0.106,7.93
5,2023,2,24,16,13.2,7.6,13.61,994.2,5.1,3.61,0.26,0.105,7.66
5,2023,2,24,20,13.4,7.68,13.68,997.8,8.9,3.21,0.101,0.093,6.99
5,2023,2,25,0,13.2,7.53,11.0,1003.7,7.3,3.23,0.101,0.093,6.99
5,2023,2,25,4,12.2,7.34,8.58,1027.1,9.5,3.23,0.197,0.112,7.46
5,2023,2,25,8,11.4,7.3,8.27,1024.7,6.7,2.75,0.649,0.115,8.54
5,2023,2,25,12,12.0,7.36,9.79,1010.6,5.9,3.46,0.457,0.11,8.21
5,2023,2,25,16,13.4,7.57,13.37,990.7,5.6,3.24,0.46,0.103,7.64
5,2023,2,25,20,13.7,7.67,14.08,991.8,6.7,3.12,0.127,0.091,7.53
5,2023,2,26,0,13.7,7.45,10.33,981.6,8.0,3.25,0.127,0.091,7.53
5,2023,2,26,4,12.4,7.29,8.43,954.0,9.8,3.25,0.383,0.087,7.8
5,2023,2,26,8,11.4,7.25,7.94,951.1,7.2,3.65,0.568,0.082,8.19
5,2023,2,26,12,11.9,7.3,9.39,955.6,6.2,3.31,0.567,0.081,7.9
5,2023,2,26,16,13.2,7.54,12.69,965.1,5.5,3.11,0.507,0.083,7.84
5,2023,2,26,20,13.4,7.73,14.0,974.5,5.5,3.07,0.262,0.077,7.6
5,2023,2,27,0,13.8,7.49,10.21,986.6,7.1,3.16,0.262,0.077,7.6
5,2023,2,27,4,13.3,7.3,7.88,991.6,8.1,3.16,0.366,0.084,7.6
5,2023,2,27,8,12.6,7.26,7.22,983.6,7.0,3.41,0.871,0.084,8.22
5,2023,2,27,12,12.9,7.3,8.68,971.0,6.4,3.49,0.798,0.084,7.62
5,2023,2,27,20,14.1,7.7,13.74,954.4,6.0,3.4,0.316,0.077,6.37
5,2023,2,28,0,14.2,7.47,9.95,965.2,5.8,3.4,0.316,0.077,6.37
5,2023,2,28,4,13.7,7.29,7.53,965.8,7.9,3.27,0.197,0.08,7.01
5,2023,2,28,12,13.8,7.41,9.0,945.4,6.3,3.09,0.039,0.07,6.76
5,2023,2,28,16,14.9,7.68,12.12,931.3,6.4,2.99,0.025,0.07,6.41
5,2023,2,28,20,14.7,7.83,12.68,935.1,7.5,3.04,0.025,0.073,5.99
5,2023,3,1,0,14.5,7.49,9.05,953.0,13.2,3.04,0.025,0.073,5.99
5,2023,3,1,4,13.9,7.33,7.19,958.5,16.9,3.7,0.18,0.083,6.84
5,2023,3,1,8,13.0,7.31,7.13,960.3,8.4,3.44,0.211,0.075,7.76
5,2023,3,1,16,14.0,7.79,12.33,938.9,7.0,2.96,0.027,0.067,7.17
5,2023,3,1,20,13.9,7.88,12.51,940.8,7.3,3.12,0.025,0.07,6.89
5,2023,3,2,0,13.8,7.64,10.33,950.7,7.4,3.12,0.025,0.07,6.89
5,2023,3,2,4,12.9,7.37,7.39,957.5,8.9,3.28,0.143,0.074,7.36
5,2023,3,2,8,12.0,7.29,7.04,959.5,7.7,3.26,0.405,0.076,8.33
5,2023,3,2,12,12.8,7.37,8.79,950.3,5.3,3.15,0.221,0.071,8.24
5,2023,3,2,16,14.3,7.75,13.82,933.8,4.1,3.27,0.204,0.067,7.72
5,2023,3,2,20,14.7,7.84,13.94,937.2,6.8,2.95,0.065,0.068,7.48
5,2023,3,3,0,14.7,7.53,10.29,947.6,8.6,2.95,0.065,0.068,7.48
5,2023,3,3,4,14.0,7.31,7.62,953.9,13.3,3.11,0.228,0.068,7.59
5,2023,3,3,8,13.2,7.25,7.2,952.4,7.1,3.2,0.346,0.065,8.4
5,2023,3,3,12,13.9,7.33,9.07,936.9,6.8,3.03,0.244,0.063,7.45
5,2023,3,3,16,15.4,7.64,13.06,919.1,6.1,2.78,0.253,0.065,7.07
5,2023,3,3,20,15.6,7.73,12.8,929.2,9.8,3.12,0.118,0.068,7.05
5,2023,3,4,0,15.8,7.51,9.8,948.8,7.8,3.12,0.118,0.068,7.05
5,2023,3,4,4,14.8,7.29,6.99,951.6,15.5,3.51,0.303,0.069,7.43
5,2023,3,4,8,13.9,7.26,6.74,949.9,7.4,3.24,0.425,0.063,8.04
5,2023,3,4,12,14.4,7.32,8.34,939.6,6.3,3.18,0.357,0.06,7.51
5,2023,3,4,16,15.4,7.57,11.76,924.2,5.6,3.02,0.426,0.059,7.16
5,2023,3,4,20,15.6,7.72,12.29,924.9,9.7,3.1,0.217,0.06,6.81
5,2023,3,5,0,15.6,7.46,9.0,943.2,10.0,3.1,0.217,0.06,6.81
5,2023,3,5,8,14.0,7.23,6.46,965.0,7.0,3.79,1.885,0.07,9.02
5,2023,3,5,12,14.4,7.28,7.84,955.5,6.2,3.63,1.843,0.065,9.19
5,2023,3,6,8,14.0,7.23,6.22,948.2,6.1,3.43,0.634,0.059,8.24
5,2023,3,6,16,16.3,7.62,12.24,918.1,5.3,3.21,0.586,0.055,6.7
5,2023,3,6,20,16.4,7.79,13.75,926.6,9.6,3.49,0.337,0.058,6.15
5,2023,3,7,0,16.4,7.55,10.38,936.7,7.6,3.49,0.337,0.058,6.15
5,2023,3,7,4,15.8,7.3,6.79,944.0,8.1,3.48,0.396,0.055,6.56
5,2023,3,7,8,14.8,7.24,6.19,943.2,7.1,3.59,0.74,0.054,7.22
5,2023,3,7,12,15.0,7.3,7.89,940.3,6.3,3.57,0.713,0.052,6.82
5,2023,3,7,20,16.3,7.67,13.32,924.4,7.8,3.54,0.384,0.053,6.1
5,2023,3,8,0,16.7,7.51,9.98,936.4,7.3,3.54,0.384,0.053,6.1
5,2023,3,8,4,16.3,7.32,6.89,942.4,8.3,3.5,0.16,0.056,6.63
5,2023,3,8,8,15.6,7.27,6.15,940.5,7.1,3.37,0.29,0.052,7.19
5,2023,3,8,12,15.9,7.37,8.33,935.2,5.8,3.51,0.164,0.052,6.75
5,2023,3,8,16,16.8,7.78,13.57,914.9,5.8,3.56,0.133,0.054,6.4
5,2023,3,8,20,16.7,7.89,13.33,892.3,7.2,3.3,0.028,0.057,5.72
5,2023,3,9,0,16.3,7.64,9.78,902.4,7.3,3.3,0.028,0.057,5.72
5,2023,3,9,4,15.6,7.4,7.32,908.7,7.8,3.53,0.06,0.052,6.06
5,2023,3,9,8,14.4,7.28,6.27,915.5,6.0,3.3,0.212,0.048,7.16
5,2023,3,9,12,14.7,7.37,8.64,911.3,5.6,3.31,0.141,0.048,7.08
5,2023,3,9,16,16.1,7.75,13.28,886.2,5.1,3.23,0.078,0.051,6.38
5,2023,3,9,20,16.7,7.97,14.8,893.7,5.5,3.26,0.025,0.069,6.34
5,2023,3,10,0,16.8,7.69,10.76,900.0,6.0,3.26,0.025,0.069,6.34
5,2023,3,10,4,16.3,7.42,7.43,902.8,6.0,3.38,0.025,0.046,6.2
5,2023,3,10,8,15.3,7.3,6.15,906.8,5.6,3.34,0.127,0.046,7.0
5,2023,3,10,12,15.7,7.41,8.54,898.6,5.5,3.13,0.071,0.047,6.43
5,2023,3,10,16,16.8,7.84,13.56,869.8,5.2,2.92,0.025,0.048,5.72
5,2023,3,10,20,17.0,7.93,13.0,889.3,6.8,2.98,0.025,0.05,5.21
5,2023,3,11,0,16.9,7.61,9.21,899.8,6.2,2.98,0.025,0.05,5.21
5,2023,3,11,4,16.2,7.4,6.61,902.6,7.2,3.11,0.118,0.047,5.83
5,2023,3,11,8,15.3,7.32,6.24,903.9,5.8,3.36,0.345,0.046,6.64
5,2023,3,11,12,15.1,7.39,8.04,902.5,5.5,3.18,0.25,0.058,6.42
5,2023,3,11,16,15.3,7.61,11.29,898.8,5.8,3.03,0.17,0.054,5.9
5,2023,3,11,20,15.4,7.78,12.12,892.5,5.7,3.18,0.028,0.056,5.33
5,2023,3,12,0,14.8,7.64,9.93,890.6,5.9,3.18,0.028,0.056,5.33
5,2023,3,12,4,13.8,7.48,8.13,895.1,6.6,3.28,0.026,0.043,5.48
5,2023,3,12,8,12.6,7.39,7.12,904.0,6.4,3.46,0.301,0.045,6.47
5,2023,3,12,12,12.8,7.55,9.76,903.4,5.9,4.29,0.366,0.066,6.42
5,2023,3,12,16,13.9,7.92,14.08,884.8,5.6,2.99,0.36,0.049,6.18
5,2023,3,12,20,14.3,8.04,14.7,877.0,4.7,2.93,0.137,0.047,5.4
5,2023,3,13,0,14.4,7.83,12.61,884.8,5.5,2.93,0.137,0.047,5.4
5,2023,3,13,4,14.0,7.51,8.99,899.4,6.0,3.06,0.025,0.051,5.55
5,2023,3,13,8,13.2,7.31,7.1,906.4,5.2,3.1,0.138,0.042,6.92
5,2023,3,13,12,13.3,7.34,8.31,902.2,4.6,3.18,0.182,0.058,7.05
5,2023,3,13,16,14.3,7.64,12.36,883.6,4.2,3.02,0.281,0.059,6.63
5,2023,3,13,20,14.7,7.84,13.89,881.0,6.5,2.79,0.131,0.042,6.05
5,2023,3,14,0,14.8,7.67,11.6,889.6,6.2,2.79,0.131,0.042,6.05
5,2023,3,14,4,14.6,7.38,7.83,893.1,5.8,3.01,0.025,0.04,6.15
5,2023,3,14,8,13.9,7.28,6.69,892.1,4.1,2.99,0.063,0.055,6.73
5,2023,3,14,12,14.6,7.42,9.03,874.3,3.9,2.99,0.063,0.055,6.73
5,2023,3,14,16,15.8,7.88,12.96,871.0,4.5,2.96,0.025,0.052,5.74
5,2023,3,14,20,15.6,8.11,13.26,878.9,4.7,2.95,0.025,0.054,5.03
5,2023,3,15,0,15.3,7.86,10.83,886.4,5.4,2.95,0.025,0.054,5.03
5,2023,3,15,4,14.3,7.53,7.74,895.5,6.5,3.04,0.025,0.059,5.51
5,2023,3,15,8,12.9,7.41,7.06,906.9,5.3,2.96,0.025,0.056,6.6
5,2023,3,15,12,13.2,7.62,10.11,907.3,3.8,3.19,0.025,0.038,6.5
5,2023,3,15,16,14.0,8.05,13.83,897.2,3.4,2.98,0.025,0.056,6.24
5,2023,3,15,20,14.2,8.18,14.46,890.0,4.3,2.96,0.025,0.041,5.87
5,2023,3,16,0,14.3,7.91,11.8,893.3,4.3,2.96,0.025,0.041,5.87
5,2023,3,16,4,13.6,7.53,8.18,904.8,5.8,3.21,0.025,0.04,6.46
5,2023,3,16,8,12.8,7.38,7.04,908.6,3.8,3.05,0.025,0.044,7.47
5,2023,3,16,12,13.4,7.46,9.16,902.5,4.0,3.0,0.025,0.035,6.85
5,2023,3,16,20,14.4,8.09,16.03,885.7,3.5,2.99,0.025,0.037,6.27
5,2023,3,17,0,14.7,7.85,12.47,910.3,7.3,2.99,0.025,0.037,6.27
5,2023,3,17,4,14.2,7.39,7.39,930.8,10.6,3.07,0.025,0.046,6.67
5,2023,3,17,8,13.5,7.32,6.77,936.2,6.0,3.19,0.184,0.055,7.8
5,2023,3,17,12,13.4,7.34,7.51,934.6,5.0,2.67,0.185,0.036,7.73
5,2023,3,17,16,14.0,7.55,10.88,933.9,3.9,3.15,0.167,0.036,7.61
5,2023,3,17,20,14.4,7.79,13.25,917.6,6.0,2.99,0.094,0.053,6.89
5,2023,3,18,0,14.6,7.57,9.9,905.7,7.8,2.99,0.094,0.053,6.89
5,2023,3,18,4,14.0,7.38,7.23,911.8,6.2,3.17,0.083,0.056,7.14
5,2023,3,18,8,13.5,7.32,6.82,913.5,5.2,2.76,0.148,0.039,8.03
5,2023,3,18,12,14.4,7.46,9.31,905.4,4.8,2.9,0.025,0.05,7.51
5,2023,3,18,16,15.9,7.86,14.25,888.0,3.5,2.73,0.025,0.039,6.92
5,2023,3,18,20,16.2,8.06,15.47,887.7,6.5,2.82,0.025,0.043,6.82
5,2023,3,19,0,16.3,7.6,10.32,898.8,9.9,2.82,0.025,0.043,6.82
5,2023,3,19,4,15.6,7.34,6.86,904.2,9.1,3.22,0.195,0.04,6.96
5,2023,3,19,8,14.4,7.26,6.45,910.4,6.6,3.35,0.211,0.038,8.14
5,2023,3,19,16,15.7,7.82,13.45,886.5,3.4,3.3,0.055,0.053,7.5
5,2023,3,19,20,15.9,7.95,13.98,866.1,8.6,3.07,0.025,0.057,6.7
5,2023,3,20,0,16.3,7.6,10.27,871.2,6.2,3.07,0.025,0.057,6.7
5,2023,3,20,4,15.8,7.34,7.13,875.8,6.0,2.95,0.025,0.037,6.06
5,2023,3,20,8,15.2,7.26,6.16,876.3,4.7,3.3,0.14,0.037,6.89
5,2023,3,20,12,15.4,7.33,7.78,884.7,4.3,3.07,0.159,0.052,6.78
5,2023,3,20,16,16.6,7.63,12.44,879.0,4.0,3.25,0.121,0.056,6.31
5,2023,3,20,20,16.9,7.91,15.08,874.5,4.2,2.88,0.028,0.043,5.6
5,2023,3,21,0,17.0,7.75,12.08,870.1,4.6,2.88,0.028,0.043,5.6
5,2023,3,21,4,16.6,7.39,7.37,876.2,5.5,3.06,0.025,0.053,5.04
5,2023,3,21,8,15.7,7.25,5.61,880.6,4.9,3.21,0.133,0.055,6.19
5,2023,3,21,12,15.7,7.3,6.96,888.1,3.6,3.2,0.214,0.04,6.76
5,2023,3,22,4,16.6,7.34,6.58,876.9,6.3,3.15,0.046,0.04,5.22
5,2023,3,22,12,15.8,7.49,8.07,884.3,5.0,3.41,0.037,0.065,7.03
5,2023,3,22,16,16.3,7.82,11.81,879.2,4.5,3.3,0.025,0.046,6.61
5,2023,3,22,20,16.3,8.17,14.83,868.6,5.1,3.37,0.025,0.065,5.61
5,2023,3,23,0,16.1,7.8,10.56,872.1,5.1,3.37,0.025,0.065,5.61
5,2023,3,23,4,15.1,7.39,6.88,887.5,5.5,3.3,0.038,0.06,6.37
5,2023,3,23,8,14.0,7.35,6.49,892.2,4.5,3.66,0.041,0.039,7.02
5,2023,3,23,12,14.2,7.5,8.89,889.4,3.7,3.4,0.025,0.04,6.76
5,2023,3,23,16,14.9,7.96,13.69,875.4,4.4,3.2,0.025,0.04,6.29
5,2023,3,23,20,15.3,8.15,15.32,870.4,3.6,3.15,0.025,0.052,5.85
5,2023,3,24,0,15.3,7.88,11.88,872.9,3.5,3.15,0.025,0.052,5.85
5,2023,3,24,4,14.5,7.46,7.61,880.5,4.4,3.21,0.025,0.048,6.6
5,2023,3,24,8,13.8,7.33,6.69,884.5,3.5,3.34,0.032,0.036,7.51
5,2023,3,24,12,14.2,7.45,8.85,878.2,3.3,3.18,0.055,0.035,7.07
5,2023,3,24,16,14.9,7.86,13.52,868.0,2.7,3.02,0.025,0.036,6.83
5,2023,3,24,20,15.2,8.1,16.04,863.7,3.3,3.23,0.025,0.038,6.37
5,2023,3,25,0,15.2,7.9,13.02,870.4,3.6,3.23,0.025,0.038,6.37
5,2023,3,25,4,14.7,7.52,8.68,879.3,4.3,3.16,0.025,0.052,6.54
5,2023,3,25,8,14.1,7.34,6.58,888.1,3.7,3.18,0.025,0.036,7.68
5,2023,3,25,12,15.2,7.46,9.07,887.3,2.8,2.93,0.025,0.038,7.47
5,2023,3,25,16,16.8,8.0,14.55,857.9,10.7,3.03,0.025,0.043,7.08
5,2023,3,25,20,16.8,8.28,16.31,854.0,3.1,3.03,0.025,0.042,6.51
5,2023,3,26,0,16.7,8.0,12.64,869.4,3.8,3.03,0.025,0.042,6.51
5,2023,3,26,4,15.6,7.46,7.44,887.8,4.5,2.9,0.025,0.038,6.53
5,2023,3,26,8,14.4,7.34,6.56,895.8,3.6,3.08,0.025,0.035,7.87
5,2023,3,26,12,15.3,7.53,9.44,885.3,2.7,3.02,0.025,0.035,7.57
5,2023,3,26,16,16.8,8.07,14.94,865.0,2.8,2.79,0.025,0.038,7.12
5,2023,3,26,20,17.2,8.33,17.26,859.9,3.7,3.04,0.025,0.042,6.28
5,2023,3,27,0,17.0,7.94,11.96,871.7,3.8,3.04,0.025,0.042,6.28
5,2023,3,27,4,15.9,7.43,7.06,881.4,3.9,3.13,0.025,0.037,6.57
5,2023,3,27,8,15.1,7.32,6.34,883.8,3.3,3.42,0.025,0.038,7.17
5,2023,3,27,12,16.1,7.51,9.02,872.7,3.3,3.02,0.025,0.039,6.44
5,2023,3,27,16,17.7,8.06,14.71,857.4,3.0,3.03,0.025,0.041,6.16
5,2023,3,27,20,18.0,8.31,17.61,857.3,3.8,2.98,0.025,0.045,5.92
5,2023,3,28,0,18.0,7.99,12.8,871.6,4.2,2.98,0.025,0.045,5.92
5,2023,3,28,4,16.9,7.43,7.26,885.0,5.7,3.01,0.025,0.042,6.38
5,2023,3,28,8,15.9,7.31,6.04,893.2,5.2,3.27,0.025,0.04,7.28
5,2023,3,28,12,16.3,7.46,8.65,896.6,3.9,3.06,0.025,0.04,7.02
5,2023,3,28,16,17.7,6.58,14.23,881.6,4.0,3.21,0.025,0.045,6.21
5,2023,3,28,20,17.8,7.45,17.79,875.0,4.4,3.09,0.025,0.05,5.74
5,2023,3,29,0,18.0,7.62,12.18,884.3,5.8,3.09,0.025,0.05,5.74
5,2023,3,29,8,16.4,7.34,5.75,902.2,4.8,3.23,0.025,0.057,5.78
5,2023,3,29,8,16.4,7.34,5.75,902.2,4.8,3.44,0.025,0.04,6.67
5,2023,3,29,16,18.5,7.82,14.67,870.4,5.1,3.39,0.025,0.05,6.35
5,2023,3,29,20,18.9,7.96,17.16,856.8,5.6,3.24,0.025,0.045,6.16
5,2023,3,29,20,18.9,7.96,17.16,856.8,5.6,3.3,0.025,0.05,5.68
5,2023,3,30,0,18.7,7.9,11.34,867.6,7.9,3.3,0.025,0.05,5.68
5,2023,3,30,8,16.7,7.57,5.82,880.1,8.4,3.13,0.025,0.042,6.21
5,2023,3,30,12,17.4,7.58,8.29,881.3,7.2,3.2,0.025,0.041,6.69
5,2023,3,30,16,18.8,7.87,14.29,871.5,5.3,3.25,0.025,0.039,6.08
5,2023,3,30,20,19.1,8.04,17.29,870.7,6.2,3.19,0.025,0.042,5.6
5,2023,3,31,0,19.0,8.02,13.72,880.4,5.2,3.22,0.025,0.046,5.14
5,2023,3,31,4,18.4,7.76,8.16,893.2,5.2,3.22,0.025,0.046,5.14
5,2023,3,31,8,17.4,7.56,5.75,903.4,4.0,3.18,0.025,0.043,5.24
5,2023,3,31,12,17.9,7.61,8.94,897.1,3.4,3.4,0.025,0.034,5.98
5,2023,3,31,16,19.0,7.94,15.15,873.2,3.9,3.35,0.025,0.036,5.96
5,2023,3,31,20,19.1,8.04,16.58,867.8,5.2,3.26,0.025,0.056,5.76
5,2023,4,1,0,18.9,7.97,12.5,878.9,4.6,3.36,0.025,0.044,5.13
5,2023,4,1,4,18.2,7.7,7.55,892.3,4.3,3.36,0.025,0.044,5.13
5,2023,4,1,8,17.3,7.56,5.74,904.2,3.3,3.33,0.025,0.036,5.19
5,2023,4,1,12,17.8,7.59,8.46,898.1,3.5,3.27,0.025,0.034,5.87
5,2023,4,1,16,18.6,7.86,13.27,883.8,3.5,3.37,0.025,0.034,5.23
5,2023,4,1,20,18.9,8.01,15.75,875.4,4.0,3.27,0.025,0.037,4.86
5,2023,4,2,0,18.9,7.92,10.64,875.2,4.8,3.35,0.025,0.042,4.73
5,2023,4,2,4,18.3,7.67,6.46,881.2,4.4,3.35,0.025,0.042,4.73
5,2023,4,2,8,17.8,7.57,5.63,889.9,4.5,3.35,0.03,0.037,5.53
5,2023,4,2,12,17.7,7.57,7.07,890.1,3.4,3.49,0.05,0.038,5.89
5,2023,4,2,16,17.8,7.7,9.92,882.1,4.0,3.42,0.026,0.047,5.6
5,2023,4,2,20,17.9,7.8,11.08,883.8,3.7,3.48,0.025,0.049,5.26
5,2023,4,3,0,17.8,7.73,9.1,887.2,3.8,3.62,0.025,0.037,5.26
5,2023,4,3,4,17.4,7.58,6.88,893.1,4.5,3.62,0.025,0.037,5.26
5,2023,4,3,8,17.0,7.48,5.45,900.0,3.7,3.4,0.057,0.035,6.01
5,2023,4,3,12,16.9,7.49,6.93,892.2,3.4,3.46,0.393,0.04,7.1
5,2023,4,3,16,17.4,7.64,10.08,879.9,3.9,3.52,0.439,0.04,7.04
5,2023,4,3,20,17.5,7.8,11.64,882.4,4.1,3.38,0.308,0.04,6.35
5,2023,4,4,0,17.3,7.76,9.81,885.7,4.4,3.43,0.095,0.051,5.33
5,2023,4,4,4,16.9,7.63,7.02,892.4,4.7,3.43,0.095,0.051,5.33
5,2023,4,4,8,16.6,7.53,5.98,896.6,3.4,3.19,0.109,0.037,5.44
5,2023,4,4,12,16.3,7.59,7.21,887.3,5.7,3.53,0.249,0.038,6.49
5,2023,4,4,16,16.2,7.71,9.03,881.5,4.3,3.43,0.211,0.055,5.99
5,2023,4,4,20,16.0,7.75,9.54,878.9,4.3,3.44,0.172,0.051,5.67
5,2023,4,5,0,15.9,7.66,7.87,884.4,5.2,3.33,0.077,0.04,5.37
5,2023,4,5,4,15.1,7.67,6.76,883.1,13.5,3.33,0.077,0.04,5.37
5,2023,4,5,8,15.3,7.56,5.75,900.9,9.5,4.17,2.341,0.087,6.88
5,2023,4,5,12,15.9,7.52,7.35,894.0,4.8,4.57,1.04,0.081,7.58
5,2023,4,5,16,16.8,7.7,10.12,886.0,5.6,3.98,0.427,0.061,6.8
5,2023,4,5,20,17.2,7.95,13.39,874.1,7.0,3.82,0.935,0.104,6.86
5,2023,4,6,0,17.3,7.95,12.69,875.0,4.7,3.53,0.588,0.069,6.51
5,2023,4,6,4,17.3,7.5,7.5,886.0,3.9,3.53,0.588,0.069,6.51
5,2023,4,6,8,16.6,7.33,5.71,891.9,3.8,3.02,0.099,0.058,5.48
5,2023,4,6,12,17.2,7.51,8.74,882.3,3.4,3.28,0.456,0.041,6.78
5,2023,4,6,16,18.0,7.91,12.73,867.0,4.0,3.21,0.503,0.039,6.54
5,2023,4,7,0,17.3,8.05,12.25,869.4,4.2,3.35,0.779,0.053,6.77
5,2023,4,7,4,16.4,7.6,7.6,884.8,4.4,3.35,0.779,0.053,6.77
5,2023,4,7,8,15.3,7.44,6.28,889.9,3.8,3.13,0.07,0.037,5.96
5,2023,4,7,12,16.3,7.79,10.3,875.5,4.2,3.24,0.074,0.034,6.85
5,2023,4,7,16,17.4,8.28,14.17,858.0,4.2,3.09,0.025,0.034,6.62
5,2023,4,7,20,17.2,8.44,15.16,852.1,3.2,3.1,0.025,0.035,6.3
5,2023,4,8,0,16.7,8.36,14.19,857.0,3.6,3.22,0.025,0.036,6.17
5,2023,4,8,4,16.3,8.19,12.77,862.2,3.9,3.22,0.025,0.036,6.17
5,2023,4,8,8,16.1,7.63,7.57,882.1,5.0,3.47,0.038,0.04,5.53
5,2023,4,8,12,15.9,7.62,7.51,914.5,8.1,3.44,2.595,0.042,5.24
5,2023,4,8,16,17.7,7.98,12.76,902.3,5.7,3.83,1.616,0.143,7.58
5,2023,4,8,20,18.3,8.33,16.41,869.1,4.2,3.4,0.279,0.122,8.15
5,2023,4,9,0,18.3,8.25,14.28,855.0,4.8,3.23,0.279,0.064,6.96
5,2023,4,9,4,17.8,7.61,7.84,850.6,4.2,3.23,0.025,0.064,6.96
5,2023,4,9,8,16.6,7.33,5.69,881.9,3.8,3.36,0.031,0.036,5.23
5,2023,4,9,12,17.0,7.6,8.94,892.7,3.6,3.23,0.153,0.034,6.43
5,2023,4,9,16,18.3,7.93,11.85,886.4,3.8,3.07,0.117,0.046,6.8
5,2023,4,9,20,18.7,8.25,15.96,886.5,4.2,2.94,0.06,0.038,7.13
5,2023,4,10,0,18.9,8.12,13.9,887.8,4.1,3.15,0.06,0.042,6.96
5,2023,4,10,4,18.8,7.54,7.16,900.8,3.7,3.15,0.025,0.042,6.96
5,2023,4,10,8,18.0,7.31,5.01,905.3,3.2,3.27,0.09,0.042,5.87
5,2023,4,10,12,18.8,7.49,7.92,899.0,3.3,3.18,0.072,0.029,6.21
5,2023,4,10,16,19.8,7.86,12.5,881.8,3.2,3.21,0.059,0.031,6.59
5,2023,4,10,20,19.8,8.01,13.26,868.4,3.8,3.05,0.025,0.034,6.55
5,2023,4,11,0,19.3,7.87,10.27,876.6,3.9,3.02,0.025,0.034,6.18
5,2023,4,11,4,18.3,7.59,6.8,894.7,3.7,3.02,0.025,0.034,6.18
5,2023,4,11,8,16.8,7.41,5.6,898.3,3.2,3.35,0.147,0.043,5.51
5,2023,4,11,12,16.7,7.74,8.88,884.2,4.3,3.38,0.147,0.042,6.63
5,2023,4,11,16,17.2,8.2,11.93,868.9,3.8,3.3,0.041,0.031,6.74
5,2023,4,11,20,16.9,8.43,13.55,869.6,3.6,3.24,0.025,0.031,6.5
5,2023,4,12,0,17.2,8.23,12.27,884.3,3.5,3.15,0.025,0.032,6.13
5,2023,4,12,4,16.6,7.54,6.41,904.9,3.1,3.0,0.025,0.032,5.24
5,2023,4,12,8,16.0,7.41,5.75,909.7,2.8,3.27,0.025,0.04,5.8
5,2023,4,12,12,17.2,7.65,9.13,897.9,2.6,3.35,0.025,0.026,6.7
5,2023,4,12,16,18.6,8.18,15.04,880.6,2.5,3.17,0.025,0.031,6.23
5,2023,4,12,20,19.0,8.43,19.18,871.8,3.3,2.85,0.025,0.036,6.37
5,2023,4,13,0,19.3,8.14,13.14,888.2,3.0,3.15,0.025,0.028,6.03
5,2023,4,13,4,18.6,7.52,6.65,908.0,2.6,3.28,0.025,0.028,5.84
5,2023,4,13,8,17.9,7.33,4.96,903.2,2.9,3.2,0.033,0.024,7.07
5,2023,4,13,12,18.2,7.51,7.65,891.7,2.8,3.6,0.025,0.025,6.83
5,2023,4,13,16,19.2,8.04,13.53,881.5,2.6,3.23,0.025,0.026,6.67
5,2023,4,13,20,19.7,8.33,17.19,876.0,2.7,3.07,0.025,0.029,6.67
5,2023,4,14,0,19.8,8.04,12.05,881.4,2.5,3.07,0.025,0.029,6.67
5,2023,4,14,4,19.3,7.48,6.34,896.6,2.7,3.22,0.025,0.026,6.64
5,2023,4,14,8,18.6,7.31,4.65,904.3,2.9,3.22,0.032,0.038,7.34
5,2023,4,14,12,18.9,7.55,8.01,905.9,3.2,3.3,0.025,0.038,6.99
5,2023,4,14,16,19.4,8.02,12.78,891.2,3.1,3.13,0.025,0.026,6.54
5,2023,4,14,20,19.1,8.34,15.76,865.6,3.9,3.23,0.025,0.028,6.08
5,2023,4,15,0,18.7,8.01,11.2,872.3,3.4,3.43,0.025,0.028,6.08
5,2023,4,15,4,17.7,7.45,6.02,890.2,4.0,3.08,0.025,0.027,6.34
5,2023,4,15,8,16.9,7.35,5.43,896.5,3.0,3.15,0.056,0.024,7.42
5,2023,4,15,12,17.8,7.65,8.9,885.6,4.1,3.2,0.026,0.023,6.99
5,2023,4,15,16,18.4,8.1,10.87,871.9,2.6,3.15,0.025,0.025,6.88
5,2023,4,15,20,18.4,8.41,17.49,863.6,2.9,3.14,0.025,0.026,6.43
5,2023,4,16,0,18.2,8.04,11.53,876.1,2.9,3.41,0.025,0.026,6.43
5,2023,4,16,4,17.4,7.47,6.16,891.9,2.9,3.27,0.025,0.023,6.12
5,2023,4,16,8,16.6,7.35,5.36,896.8,2.8,3.33,0.123,0.022,6.92
5,2023,4,16,12,17.9,7.73,9.59,883.0,2.5,3.46,0.12,0.022,6.77
5,2023,4,17,8,18.0,7.32,4.66,891.7,3.3,3.27,0.096,0.024,6.55
5,2023,4,18,4,19.8,7.61,7.42,872.0,2.7,3.72,0.025,0.074,5.57
5,2023,4,18,8,18.9,7.3,4.61,889.9,2.7,3.43,0.088,0.037,6.23
5,2023,4,18,12,20.1,7.76,9.79,873.2,3.0,3.5,0.039,0.024,6.21
5,2023,4,18,16,21.8,8.45,19.71,856.6,2.3,3.04,0.025,0.026,6.22
5,2023,4,18,20,22.3,8.44,19.82,849.1,2.8,3.06,0.025,0.026,5.65
5,2023,4,19,0,21.6,8.25,15.29,863.7,2.4,3.04,0.025,0.026,5.65
5,2023,4,19,4,21.0,7.75,7.97,881.0,2.4,3.3,0.025,0.023,5.08
5,2023,4,19,8,20.3,7.5,5.8,889.6,2.7,3.34,0.025,0.024,5.34
5,2023,4,19,12,20.3,7.74,8.45,885.2,2.8,3.32,0.025,0.026,5.69
5,2023,4,19,16,21.3,8.42,17.48,863.9,2.5,3.26,0.025,0.027,5.66
5,2023,4,19,20,21.7,8.47,18.63,853.5,2.5,3.06,0.025,0.027,5.91
5,2023,4,20,0,21.8,8.29,15.0,865.9,2.4,3.25,0.025,0.027,5.91
5,2023,4,20,4,21.4,7.86,8.98,886.0,2.8,3.35,0.025,0.022,5.72
5,2023,4,20,8,20.2,7.37,3.79,900.8,2.5,3.35,0.025,0.024,6.48
5,2023,4,20,12,19.0,7.38,4.84,905.0,2.2,3.38,0.025,0.022,6.45
5,2023,4,20,16,18.5,7.55,6.86,906.8,2.5,3.27,0.025,0.021,6.53
5,2023,4,20,20,17.9,7.66,8.23,908.5,2.8,3.26,0.025,0.021,6.63
5,2023,4,21,12,17.2,7.63,8.88,916.4,5.6,3.39,0.025,0.028,7.16
5,2023,4,21,16,18.3,8.16,14.07,898.4,3.7,3.08,0.025,0.027,7.32
5,2023,4,21,20,18.2,8.43,17.1,889.0,3.8,3.08,0.025,0.027,7.44
5,2023,4,22,0,17.9,8.21,13.36,896.6,3.5,3.27,0.025,0.027,7.44
5,2023,4,22,4,17.4,7.6,7.56,911.2,3.3,3.2,0.025,0.025,6.8
5,2023,4,22,8,16.8,7.41,5.81,919.6,2.4,3.35,0.025,0.021,8.1
5,2023,4,22,12,16.6,7.45,6.64,925.2,3.1,3.32,0.025,0.021,8.21
5,2023,4,22,16,17.2,7.92,11.24,921.2,2.8,3.32,0.025,0.022,8.16
5,2023,4,22,20,17.4,8.32,16.13,908.0,2.9,3.24,0.025,0.024,7.74
5,2023,4,23,0,17.4,8.26,15.28,906.2,2.9,3.21,0.025,0.024,7.74
5,2023,4,23,4,17.2,7.76,9.58,918.3,2.6,3.16,0.025,0.024,6.3
5,2023,4,23,8,16.9,7.42,6.39,929.5,3.3,3.32,0.025,0.025,7.72
5,2023,4,23,12,17.4,7.72,9.74,923.4,2.6,3.14,0.025,0.024,8.32
5,2023,4,23,16,18.1,8.29,16.21,904.3,3.1,3.14,0.025,0.026,7.84
5,2023,4,23,20,18.2,8.41,18.7,894.4,3.4,3.09,0.025,0.027,7.12
5,2023,4,24,0,18.0,7.99,11.97,907.6,3.4,3.09,0.025,0.027,7.12
5,2023,4,24,4,17.4,7.46,6.74,920.1,3.1,3.19,0.025,0.026,7.25
5,2023,4,24,8,16.9,7.36,5.98,925.8,2.6,3.44,0.025,0.023,7.72
5,2023,4,24,12,18.1,7.77,10.72,919.0,7.4,3.44,0.028,0.033,7.66
5,2023,4,24,16,19.1,8.42,19.07,898.9,3.6,3.49,0.025,0.029,6.72
5,2023,4,24,20,19.3,8.54,21.87,881.8,3.5,3.45,0.025,0.039,6.12
5,2023,4,25,0,19.2,8.2,13.64,889.4,2.9,3.45,0.025,0.039,6.12
5,2023,4,25,4,18.5,7.57,6.82,906.8,3.8,3.49,0.025,0.025,6.6
5,2023,4,25,8,17.8,7.35,5.03,922.4,2.8,3.36,0.025,0.028,7.64
5,2023,4,25,12,18.6,7.78,9.64,911.5,3.2,3.34,0.025,0.027,7.45
5,2023,4,25,16,19.8,8.44,17.44,874.2,3.5,3.34,0.025,0.031,7.14
5,2023,4,25,20,19.9,8.5,19.68,853.9,3.0,3.14,0.025,0.032,6.5
5,2023,4,26,0,18.8,7.95,9.14,877.3,11.4,3.14,0.025,0.032,6.5
5,2023,4,26,4,17.4,7.65,5.6,888.3,14.9,3.58,0.359,0.06,5.64
5,2023,4,26,8,16.8,7.47,5.33,912.9,4.2,3.58,0.025,0.034,6.95
5,2023,4,26,12,17.9,7.83,9.83,904.7,3.2,3.2,0.025,0.03,6.66
5,2023,4,26,16,19.0,8.39,16.69,878.5,2.9,2.94,0.025,0.031,6.48
5,2023,4,26,20,19.3,8.48,18.69,859.2,3.5,2.95,0.025,0.032,5.99
5,2023,4,27,0,19.2,8.25,14.77,860.8,2.7,3.2,0.025,0.032,5.99
5,2023,4,27,4,18.9,7.76,8.97,878.4,3.0,3.27,0.025,0.029,5.29
5,2023,4,27,8,18.3,7.43,5.29,892.4,2.6,3.27,0.025,0.031,5.99
5,2023,4,27,12,18.2,7.48,5.93,895.7,2.5,3.35,0.025,0.03,6.41
5,2023,4,27,16,18.8,7.98,10.37,879.7,2.3,3.34,0.025,0.029,6.48
5,2023,4,27,20,18.9,8.28,13.88,865.0,2.8,3.23,0.025,0.032,6.61
5,2023,4,28,0,18.8,8.23,13.38,858.7,2.7,3.23,0.025,0.032,6.61
5,2023,4,28,4,18.6,7.85,9.37,866.5,2.8,3.54,0.025,0.033,5.76
5,2023,4,28,8,18.5,7.4,5.45,874.0,2.8,3.53,0.035,0.065,5.32
5,2023,4,28,12,19.0,7.42,6.1,867.4,2.7,3.44,0.097,0.101,4.91
5,2023,4,28,16,19.9,7.57,7.95,858.1,2.3,3.52,0.116,0.119,5.34
5,2023,4,28,20,20.0,8.33,12.9,833.0,3.8,3.34,0.027,0.08,5.68
5,2023,4,29,0,18.0,7.58,5.24,656.1,21.5,3.34,0.027,0.08,5.68
5,2023,4,29,4,16.8,7.32,4.26,659.9,17.9,6.95,0.833,0.118,5.34
5,2023,4,29,8,16.7,7.14,3.02,719.0,13.6,6.52,1.233,0.139,6.12
5,2023,4,29,12,17.2,7.13,2.82,709.8,11.8,6.11,1.117,0.143,5.14
5,2023,4,29,16,18.0,7.21,4.02,698.1,9.5,5.78,0.995,0.123,4.96
5,2023,4,29,20,19.0,7.45,7.01,736.3,5.4,4.55,0.473,0.085,4.79
5,2023,4,30,0,19.4,7.5,7.6,766.4,4.4,4.55,0.473,0.085,4.79
5,2023,4,30,4,19.4,7.26,4.51,802.8,3.8,3.72,0.173,0.084,4.12
5,2023,4,30,8,18.5,7.22,4.04,830.3,4.1,3.47,0.067,0.065,5.29
5,2023,4,30,12,19.1,7.32,5.54,821.8,2.8,3.21,0.102,0.073,4.89
5,2023,4,30,16,19.9,7.59,8.64,814.7,2.7,3.33,0.119,0.076,4.88
5,2023,4,30,20,20.5,7.78,10.6,806.1,3.2,3.33,0.118,0.089,4.25
5,2023,5,1,0,20.8,7.73,9.44,807.4,3.1,3.44,0.118,0.089,4.25
5,2023,5,1,4,20.4,7.31,4.97,822.9,5.8,3.63,0.183,0.126,3.85
5,2023,5,1,8,19.5,7.24,4.04,831.3,3.0,3.44,0.123,0.128,4.3
5,2023,5,1,12,19.9,7.34,5.42,822.2,2.8,3.28,0.113,0.113,4.31
5,2023,5,1,16,20.7,7.58,8.0,808.1,3.1,3.08,0.116,0.106,4.33
5,2023,5,1,20,21.4,7.79,10.07,796.2,13.9,3.45,0.15,0.122,3.84
5,2023,5,2,0,21.6,7.68,8.57,804.8,5.8,3.45,0.15,0.122,3.84
5,2023,5,2,4,21.2,7.36,4.61,815.0,4.5,3.17,0.066,0.079,3.51
5,2023,5,2,8,20.4,7.28,3.94,819.0,3.3,3.13,0.048,0.076,4.05
5,2023,5,2,12,21.0,7.42,6.1,814.0,8.3,3.43,0.1,0.109,4.2
5,2023,5,2,16,21.8,7.51,7.21,804.4,12.5,3.53,0.147,0.131,3.9
5,2023,5,2,20,22.3,7.52,7.75,802.0,10.7,3.27,0.194,0.145,3.53
5,2023,5,4,0,23.0,7.73,8.62,819.0,14.5,3.21,0.144,0.158,3.89
5,2023,5,4,4,22.3,7.34,4.07,836.3,3.2,3.12,0.137,0.15,3.9
5,2023,5,4,8,21.3,7.25,3.23,839.8,2.0,3.51,0.079,0.118,4.84
5,2023,5,4,12,20.6,7.28,3.89,844.2,2.1,3.2,0.036,0.082,4.96
5,2023,5,4,16,20.6,7.26,3.89,844.5,1.8,3.2,0.084,0.083,4.74
5,2023,5,4,20,20.6,7.49,6.52,847.0,6.9,3.4,0.054,0.084,4.64
5,2023,5,5,0,20.4,7.62,7.42,845.2,4.0,3.4,0.054,0.084,4.64
5,2023,5,5,4,20.3,7.35,4.67,845.9,2.8,3.23,0.064,0.067,4.0
5,2023,5,5,8,20.1,7.27,4.05,834.8,2.9,3.25,0.076,0.069,4.57
5,2023,5,5,12,19.9,7.36,5.32,837.9,2.5,3.07,0.053,0.065,4.89
5,2023,5,5,16,20.0,7.63,7.99,851.4,3.5,3.24,0.035,0.066,4.84
5,2023,5,5,20,20.1,7.92,9.78,839.0,2.6,2.95,0.027,0.061,4.7
5,2023,5,6,0,19.9,7.79,8.34,845.1,2.7,2.95,0.027,0.061,4.7
5,2023,5,6,4,19.5,7.46,5.69,855.1,4.1,3.14,0.052,0.068,4.73
5,2023,5,6,8,19.3,7.34,4.9,857.6,2.5,3.27,0.068,0.067,5.08
5,2023,5,6,12,19.6,7.44,6.15,851.1,3.8,3.31,0.09,0.08,5.01
5,2023,5,6,16,20.3,7.43,6.38,841.3,2.9,3.11,0.14,0.085,4.93
5,2023,5,6,20,20.7,7.73,8.82,833.1,2.7,3.05,0.135,0.089,4.8
5,2023,5,7,0,20.8,8.11,10.25,825.3,3.7,3.05,0.135,0.089,4.8
5,2023,5,7,4,20.3,7.65,6.44,840.4,2.6,3.05,0.025,0.058,4.38
5,2023,5,7,8,19.8,7.38,4.64,848.9,3.2,3.24,0.029,0.071,5.35
5,2023,5,7,12,20.4,7.4,5.37,836.8,4.9,3.05,0.109,0.1,5.0
5,2023,5,7,16,21.4,7.56,7.32,822.2,6.1,3.52,0.171,0.108,4.91
5,2023,5,7,20,22.3,7.86,10.14,810.7,3.1,3.12,0.153,0.106,4.86
5,2023,5,8,0,22.3,7.78,9.23,815.1,4.4,3.12,0.153,0.106,4.86
5,2023,5,8,4,21.8,7.62,6.72,835.2,3.4,3.28,0.087,0.081,4.43
5,2023,5,8,8,21.0,7.34,3.86,852.0,3.4,3.48,0.052,0.084,5.4
5,2023,5,8,12,21.4,7.4,5.25,843.0,3.4,3.46,0.081,0.086,5.41
5,2023,5,8,16,22.4,7.48,6.77,827.8,2.9,3.27,0.146,0.089,5.1
5,2023,5,8,20,23.3,7.95,10.39,809.8,3.6,3.11,0.106,0.097,5.15
5,2023,5,9,0,23.0,7.95,10.11,815.4,3.3,3.11,0.106,0.097,5.15
5,2023,5,9,4,22.4,7.45,6.0,836.4,3.7,3.38,0.198,0.124,4.58
5,2023,5,9,8,21.9,7.29,3.62,846.4,7.5,3.47,0.233,0.172,4.37
5,2023,5,9,12,21.7,7.37,4.93,845.5,4.6,3.37,0.097,0.11,5.05
5,2023,5,9,16,22.4,7.44,6.12,835.1,3.1,3.26,0.094,0.085,4.96
5,2023,5,10,16,22.4,7.54,7.57,835.6,3.1,3.2,0.091,0.093,4.48
5,2023,5,10,20,23.4,7.77,10.06,834.2,2.7,3.13,0.153,0.108,4.8
5,2023,5,11,0,23.5,7.74,7.67,839.7,2.7,3.16,0.158,0.106,4.79
5,2023,5,11,4,22.5,7.35,3.35,851.6,2.4,3.16,0.158,0.106,4.79
5,2023,5,11,8,21.4,7.3,3.23,847.7,2.0,3.1,0.025,0.076,6.08
5,2023,5,11,12,21.7,7.29,3.73,843.6,2.2,3.2,0.102,0.062,6.18
5,2023,5,11,16,22.0,7.34,4.78,840.0,4.3,2.98,0.196,0.086,5.7
5,2023,5,11,20,22.2,7.45,6.13,840.1,4.3,3.29,0.196,0.106,5.58
5,2023,5,12,0,22.1,7.9,9.98,833.0,3.2,3.36,0.177,0.106,5.46
5,2023,5,12,4,21.8,7.91,9.82,828.4,2.5,3.36,0.025,0.106,5.46
5,2023,5,12,8,21.6,7.47,5.62,837.1,3.5,3.41,0.047,0.058,5.51
5,2023,5,12,12,21.6,7.47,5.9,855.7,3.3,3.76,0.05,0.061,5.25
5,2023,5,12,16,21.9,7.42,6.05,855.5,2.6,3.37,0.162,0.085,5.85
5,2023,5,12,20,22.5,7.66,7.41,807.0,4.2,3.42,0.117,0.106,6.07
5,2023,5,13,0,22.0,7.47,5.58,829.3,3.1,3.46,0.117,0.094,6.05
5,2023,5,13,4,21.1,7.27,3.55,837.2,3.4,3.46,0.181,0.094,6.05
5,2023,5,13,8,20.5,7.22,3.23,846.6,3.0,3.55,0.119,0.079,7.11
5,2023,5,13,12,21.4,7.29,4.63,832.5,2.7,3.5,0.163,0.076,7.42
5,2023,5,13,16,22.9,7.48,7.31,813.1,4.2,3.32,0.176,0.098,6.37
5,2023,5,13,20,24.2,7.88,9.76,810.3,2.9,3.38,0.132,0.113,6.0
5,2023,5,14,0,24.0,7.67,6.44,819.7,3.2,3.18,0.132,0.114,5.72
5,2023,5,14,4,23.0,7.34,3.38,826.9,2.6,3.18,0.026,0.114,5.72
5,2023,5,14,8,22.0,7.2,2.4,833.5,1.7,3.23,0.099,0.072,6.4
5,2023,5,14,12,22.3,7.24,3.01,824.6,2.3,3.48,0.174,0.097,6.25
5,2023,5,14,16,23.2,7.4,5.54,806.2,2.9,3.44,0.134,0.113,5.28
5,2023,5,14,20,23.9,7.64,7.71,806.8,3.0,3.58,0.18,0.118,4.99
5,2023,5,15,0,24.2,7.68,6.66,828.0,3.4,3.61,0.18,0.118,4.99
5,2023,5,15,4,23.7,7.38,3.57,854.0,2.4,3.61,0.09,0.118,4.99
5,2023,5,15,8,22.8,7.28,2.79,862.1,2.0,3.49,0.049,0.105,4.61
5,2023,5,15,12,23.2,7.28,3.01,855.0,2.0,3.61,0.142,0.092,4.9
5,2023,5,15,16,24.2,7.43,5.33,843.0,3.4,3.5,0.169,0.116,4.33
5,2023,5,15,20,25.1,7.66,7.89,837.6,2.8,3.54,0.185,0.128,4.26
5,2023,5,16,0,25.8,7.68,6.07,849.0,2.6,3.41,0.185,0.139,3.92
5,2023,5,16,4,24.5,7.33,2.46,846.8,3.8,3.41,0.289,0.139,3.92
5,2023,5,16,8,24.0,7.28,2.25,852.9,2.6,3.36,0.15,0.184,3.76
5,2023,5,16,12,24.9,7.54,3.96,854.5,2.0,3.19,0.163,0.135,4.18
5,2023,5,17,12,24.2,7.33,3.37,865.5,1.9,4.13,0.234,0.161,4.67
5,2023,5,18,20,25.3,8.31,12.87,828.3,2.9,3.87,0.025,0.102,4.38
5,2023,5,19,0,25.0,8.07,8.73,843.6,3.1,3.87,0.025,0.102,4.38
5,2023,5,19,4,24.2,7.45,3.49,867.8,2.2,4.28,0.126,0.116,5.03
5,2023,5,19,8,23.3,7.32,2.55,876.6,1.9,3.93,0.076,0.1,5.54
5,2023,5,19,12,22.3,7.31,2.76,870.9,1.7,4.18,0.076,0.094,5.44
5,2023,5,19,16,21.8,7.33,3.71,866.5,2.0,4.13,0.101,0.089,5.4
5,2023,5,19,20,21.4,7.36,4.18,875.0,2.2,3.02,0.147,0.089,5.0
5,2023,5,20,0,21.3,7.3,3.43,877.6,1.9,3.02,0.147,0.089,5.0
5,2023,5,20,4,20.8,7.26,2.99,888.9,1.8,3.16,0.231,0.094,6.16
5,2023,5,20,8,20.4,7.28,3.36,885.3,1.9,2.94,0.241,0.106,6.64
5,2023,5,20,12,20.6,7.69,7.11,869.2,1.8,2.95,0.053,0.09,6.02
5,2023,5,20,16,20.6,8.09,8.74,858.6,3.5,3.14,0.025,0.094,5.79
5,2023,5,20,20,20.4,8.07,7.97,859.8,4.0,3.1,0.028,0.084,5.71
5,2023,5,21,0,19.8,7.77,5.82,871.7,2.1,3.1,0.028,0.084,5.71
5,2023,5,21,4,19.1,7.42,3.94,889.4,2.2,2.88,0.053,0.08,6.74
5,2023,5,21,8,19.0,7.37,4.0,884.3,2.7,2.99,0.065,0.082,6.82
5,2023,5,21,12,20.7,7.8,7.66,865.8,2.8,2.97,0.027,0.082,5.91
5,2023,5,21,16,23.2,8.26,10.36,841.5,3.0,2.92,0.084,0.1,5.76
5,2023,5,21,20,23.4,8.05,8.43,844.8,3.1,3.06,0.247,0.128,5.68
5,2023,5,22,0,23.1,7.9,6.28,855.6,2.8,3.06,0.247,0.128,5.68
5,2023,5,22,4,22.0,7.42,3.43,876.5,2.6,2.87,0.054,0.087,5.84
5,2023,5,22,8,21.2,7.34,3.51,873.3,1.9,2.82,0.055,0.086,6.13
5,2023,5,22,12,22.3,7.48,5.79,857.3,1.9,2.62,0.074,0.097,5.32
5,2023,5,22,16,24.2,7.87,9.08,838.6,2.5,2.68,0.117,0.12,5.13
5,2023,5,22,20,25.3,8.21,10.89,829.0,2.6,2.68,0.051,0.102,5.0
5,2023,5,23,0,25.0,7.84,6.06,849.7,3.2,2.68,0.051,0.102,5.0
5,2023,5,23,4,23.3,7.4,3.4,860.8,3.6,2.81,0.051,0.086,5.93
5,2023,5,23,8,22.2,7.32,3.41,858.2,2.3,2.87,0.056,0.086,5.6
5,2023,5,24,16,23.2,8.03,10.27,824.1,3.3,2.92,0.1,0.126,5.2
5,2023,5,25,12,21.4,7.76,8.41,855.8,2.3,2.87,0.043,0.071,5.79
5,2023,5,25,16,22.4,8.15,10.53,836.4,3.2,2.58,0.028,0.075,5.4
5,2023,5,25,20,22.9,8.13,9.18,840.7,5.6,2.77,0.027,0.075,5.08
5,2023,5,26,0,22.4,7.63,5.45,873.0,3.3,2.99,0.027,0.075,5.08
5,2023,5,26,4,21.7,7.35,3.25,877.5,4.0,2.98,0.171,0.083,6.01
5,2023,5,26,8,21.0,7.3,3.44,874.4,2.2,3.1,0.135,0.081,6.49
5,2023,5,26,12,21.9,7.69,8.26,871.7,1.9,3.18,0.033,0.091,6.32
5,2023,5,26,16,23.2,7.73,9.24,871.4,2.2,3.3,0.288,0.186,5.91
5,2023,5,26,20,24.5,8.35,12.3,863.9,2.9,3.04,0.025,0.09,6.09
5,2023,5,27,0,23.9,7.78,5.86,909.7,5.4,3.03,0.036,0.089,5.82
5,2023,5,27,4,22.9,7.39,3.16,920.6,3.6,3.18,0.097,0.088,7.0
5,2023,5,27,8,22.0,7.29,2.59,924.8,2.2,3.21,0.138,0.092,7.18
5,2023,5,27,12,21.6,7.36,3.96,927.7,1.7,3.43,0.071,0.082,6.61
5,2023,5,27,16,21.7,7.58,6.41,930.3,3.1,3.49,0.051,0.092,6.86
5,2023,5,27,20,21.8,7.64,6.68,939.7,3.6,3.27,0.092,0.091,7.05
5,2023,5,28,0,21.6,7.46,4.83,956.7,3.5,3.16,0.097,0.094,6.15
5,2023,5,28,4,21.2,7.3,3.62,959.8,3.1,3.3,0.101,0.101,6.97
5,2023,5,28,8,21.1,7.31,4.3,953.5,3.1,3.74,0.075,0.099,7.28
5,2023,5,28,12,22.2,7.72,8.8,913.0,2.5,3.39,0.025,0.085,6.44
5,2023,5,28,16,24.3,8.37,13.82,880.5,5.0,3.25,0.025,0.09,5.99
5,2023,5,28,20,24.9,8.3,10.91,887.0,4.1,3.29,0.025,0.083,5.69
5,2023,5,29,0,24.2,7.65,5.08,911.6,5.0,3.42,0.037,0.094,5.96
5,2023,5,29,4,23.0,7.34,3.31,912.3,2.7,3.35,0.107,0.099,6.71
5,2023,5,29,12,23.2,7.76,8.9,898.4,2.4,3.32,0.025,0.088,6.06
5,2023,5,29,16,25.2,8.38,13.58,868.3,3.6,3.54,0.025,0.088,5.51
5,2023,5,29,20,25.7,8.25,9.78,877.6,5.3,3.21,0.025,0.083,5.01
5,2023,5,30,0,24.9,7.72,5.14,906.8,4.0,3.32,0.03,0.084,4.88
5,2023,5,30,4,23.7,7.35,2.84,905.2,3.8,3.23,0.095,0.093,5.48
5,2023,5,30,8,22.6,7.3,2.88,888.7,2.2,3.4,0.132,0.112,5.58
5,2023,5,30,12,22.0,7.36,4.39,869.0,3.5,3.4,0.132,0.112,5.58
5,2023,5,30,12,22.0,7.36,4.39,869.0,3.5,3.48,0.681,0.131,5.55
5,2023,5,30,16,22.2,7.39,4.88,785.2,6.2,3.48,0.681,0.131,5.55
5,2023,5,30,16,22.2,7.39,4.88,785.2,6.2,4.21,0.398,0.095,5.02
5,2023,5,30,20,22.3,7.5,5.62,879.9,3.1,4.21,0.398,0.095,5.02
5,2023,5,30,20,22.3,7.5,5.62,879.9,3.1,3.08,0.073,0.086,4.3
5,2023,5,31,0,22.0,7.33,4.06,870.9,6.2,3.08,0.073,0.086,4.3
5,2023,5,31,0,22.0,7.33,4.06,870.9,6.2,3.08,0.073,0.086,4.3
5,2023,5,31,4,21.4,7.25,3.52,874.1,2.8,3.08,0.073,0.086,4.3
5,2023,5,31,4,21.4,7.25,3.52,874.1,2.8,3.4,0.132,0.112,5.37
5,2023,5,31,8,21.2,7.28,3.94,884.4,2.6,3.4,0.132,0.112,5.37
5,2023,5,31,12,21.6,7.52,6.83,879.9,1.8,2.97,0.098,0.091,5.97
5,2023,5,31,12,21.6,7.52,6.83,879.9,1.8,3.25,0.037,0.091,5.58
5,2023,5,31,16,22.6,7.94,9.62,865.8,3.1,3.25,0.037,0.091,5.58
5,2023,5,31,16,22.6,7.94,9.62,865.8,3.1,3.16,0.025,0.107,4.98
5,2023,5,31,20,23.7,7.91,8.04,847.0,3.0,3.16,0.025,0.107,4.98
5,2023,5,31,20,23.7,7.91,8.04,847.0,3.0,3.28,0.026,0.09,3.51
5,2023,6,1,0,23.4,7.57,5.11,853.8,3.0,3.28,0.026,0.09,3.51
5,2023,6,1,0,23.4,7.57,5.11,853.8,3.0,3.28,0.026,0.09,3.51
5,2023,6,1,4,22.5,7.36,3.71,852.0,2.8,3.28,0.026,0.09,3.51
5,2023,6,1,4,22.5,7.36,3.71,852.0,2.8,3.38,0.109,0.101,3.99
5,2023,6,1,8,21.9,7.35,4.2,849.8,2.3,3.38,0.109,0.101,3.99
5,2023,6,1,8,21.9,7.35,4.2,849.8,2.3,3.44,0.068,0.089,5.22
5,2023,6,1,12,23.3,7.87,8.98,845.8,2.5,3.44,0.068,0.089,5.22
5,2023,6,1,12,23.3,7.87,8.98,845.8,2.5,3.24,0.025,0.079,5.16
5,2023,6,1,16,24.8,8.41,12.13,829.5,4.6,3.24,0.025,0.079,5.16
5,2023,6,1,16,24.8,8.41,12.13,829.5,4.6,3.29,0.025,0.082,4.82
5,2023,6,2,12,23.2,7.94,9.44,876.3,3.2,3.15,0.025,0.078,5.58
