point_id,year,month,day,hour,水温(℃),pH(无量纲),溶解氧(mg/L),电导率(μS/cm),浊度(NTU),高锰酸盐指数(mg/L),氨氮(mg/L),总磷(mg/L),总氮(mg/L)
2,2021,6,17,16,27.1,8.48,11.13,978.0,5.2,6.44,0.057,0.157,10.62
2,2021,6,17,16,27.1,8.48,11.13,978.0,5.2,5.27,0.054,0.101,9.2
2,2021,6,18,4,25.0,7.63,4.87,945.3,2.7,5.38,0.072,0.097,7.95
2,2021,6,18,12,25.4,8.08,9.42,943.0,4.1,2.54,0.038,0.074,9.38
2,2021,6,18,16,26.7,8.47,12.22,951.3,4.9,5.36,0.038,0.074,9.38
2,2021,6,18,16,26.7,8.47,12.22,951.3,4.9,5.44,0.034,0.085,8.88
2,2021,6,18,20,25.9,8.38,9.28,971.8,2.6,5.14,0.035,0.077,8.19
2,2021,6,19,0,25.2,8.0,7.0,957.6,1.8,5.14,0.035,0.077,8.19
2,2021,6,19,4,24.2,7.45,5.19,917.0,2.0,5.28,0.039,0.075,8.45
2,2021,6,19,4,24.2,7.45,5.19,917.0,2.0,5.41,0.058,0.083,8.62
2,2021,6,19,8,24.4,7.56,7.68,907.8,2.2,5.34,0.042,0.069,9.18
2,2021,6,19,12,27.0,8.5,13.27,905.7,6.9,5.78,0.034,0.065,9.06
2,2021,6,19,16,27.8,8.74,13.58,909.8,6.4,5.23,0.034,0.066,9.21
2,2021,7,2,16,27.1,7.42,5.8,572.0,20.8,5.77,1.301,0.155,8.12
2,2021,7,2,20,25.9,7.24,7.43,581.5,69.2,6.9,1.401,0.161,8.0
2,2021,7,3,0,25.1,7.23,4.12,567.3,21.2,6.9,1.401,0.161,8.0
2,2021,7,3,4,25.0,7.24,4.59,583.8,14.1,6.9,1.401,0.161,8.0
2,2021,7,3,4,25.0,7.24,4.59,583.8,14.1,4.7,1.449,0.197,8.63
2,2021,7,3,8,23.8,7.54,2.53,376.6,182.0,10.9,4.133,0.254,9.58
2,2021,7,4,12,27.5,7.09,6.26,549.0,3.9,4.34,0.669,0.172,8.04
2,2021,7,4,16,28.9,7.48,6.57,532.6,5.9,4.19,0.669,0.172,8.04
2,2021,7,4,16,28.9,7.48,6.57,532.6,5.9,4.15,0.75,0.169,7.43
2,2021,7,4,20,27.8,7.32,5.02,570.2,13.3,4.14,0.809,0.172,7.78
2,2021,7,5,0,26.6,7.19,4.11,568.7,10.3,4.14,0.809,0.172,7.78
2,2021,7,5,4,26.0,7.18,4.18,592.6,8.3,4.14,0.809,0.172,7.78
2,2021,7,5,8,26.0,7.22,4.86,592.1,5.0,4.04,0.774,0.213,7.92
2,2021,7,5,8,26.0,7.22,4.86,592.1,5.0,4.24,0.722,0.185,7.63
2,2021,7,5,12,27.5,7.49,7.09,593.4,6.7,4.42,0.574,0.178,7.76
2,2021,7,5,16,26.8,7.39,4.2,426.2,169.7,4.42,3.516,0.205,8.78
2,2021,7,5,20,25.4,7.2,0.33,586.9,140.6,9.44,3.516,0.205,8.78
2,2021,7,5,20,25.4,7.2,0.33,586.9,140.6,14.76,7.296,0.193,11.65
2,2021,7,6,0,25.6,7.16,0.76,609.6,63.4,14.76,7.296,0.193,11.65
2,2021,7,6,16,26.0,7.11,1.41,659.8,25.8,9.58,5.844,0.178,12.76
2,2021,7,7,8,25.5,7.07,4.24,651.1,6.1,4.3,0.419,0.297,6.62
2,2021,7,7,8,25.5,7.07,4.24,651.1,6.1,4.5,0.419,0.299,7.42
2,2021,7,7,12,26.8,7.51,7.24,659.0,3.5,4.5,0.301,0.305,7.5
2,2021,7,26,12,28.2,7.86,7.36,662.5,2.2,5.29,0.042,0.058,9.09
2,2021,7,26,16,28.8,8.08,9.22,658.8,2.9,5.05,0.042,0.065,9.11
2,2021,7,26,20,28.9,8.0,7.54,640.6,3.5,5.05,0.062,0.065,9.11
2,2021,7,27,0,28.1,7.68,5.73,691.7,5.2,4.43,0.062,0.068,8.63
2,2021,7,27,0,28.1,7.68,5.73,691.7,5.2,4.43,0.062,0.068,8.63
2,2021,7,27,4,27.6,7.63,4.76,662.4,4.3,5.12,0.071,0.07,9.19
2,2021,7,27,8,27.4,7.67,5.76,679.2,17.3,5.12,0.155,0.07,9.19
2,2021,7,27,8,27.4,7.67,5.76,679.2,17.3,5.03,0.155,0.072,9.91
2,2021,7,27,8,27.4,7.67,5.76,679.2,17.3,5.03,0.155,0.072,9.91
2,2021,7,27,16,27.0,7.58,0.65,503.6,54.3,9.81,5.614,0.274,12.07
2,2021,7,27,20,26.6,7.66,0.72,585.5,39.0,10.99,6.6,0.39,13.68
2,2021,7,28,0,26.6,7.58,1.76,524.1,50.6,10.99,6.6,0.39,13.68
2,2021,7,28,4,26.7,7.52,1.98,521.4,20.6,10.99,6.6,0.39,13.68
2,2021,7,28,4,26.7,7.52,1.98,521.4,20.6,6.82,3.658,0.245,10.58
2,2021,7,28,8,26.7,7.32,2.18,539.9,11.1,6.42,3.301,0.228,10.34
2,2021,7,28,12,27.4,7.51,5.2,504.4,7.0,6.42,0.939,0.228,10.34
2,2021,7,28,16,28.5,7.72,6.89,501.3,6.5,4.74,0.939,0.163,7.64
2,2021,7,28,16,28.5,7.72,6.89,501.3,6.5,4.18,0.621,0.155,7.44
2,2021,7,28,20,28.1,7.64,5.17,511.0,3.6,4.01,0.454,0.159,6.9
2,2021,7,29,0,27.4,7.5,4.48,623.7,2.6,4.01,0.454,0.159,6.9
2,2021,7,29,4,26.7,7.26,4.07,654.1,2.6,4.01,0.454,0.159,6.9
2,2021,7,29,4,26.7,7.26,4.07,654.1,2.6,4.62,0.089,0.25,9.46
2,2021,7,29,8,26.6,7.38,4.92,682.0,3.0,4.75,0.064,0.269,11.52
2,2021,7,29,12,26.6,7.48,5.46,680.8,19.5,4.75,0.064,0.277,12.59
2,2021,7,29,16,25.6,7.81,0.08,526.2,141.8,5.54,0.064,0.277,12.59
2,2021,7,29,16,25.6,7.81,0.08,526.2,141.8,12.35,7.126,0.301,14.06
2,2021,7,29,20,25.6,7.74,0.2,522.5,49.6,11.86,7.443,0.308,13.23
2,2021,7,30,0,25.6,7.66,0.39,636.6,37.8,11.86,7.443,0.308,13.23
2,2021,7,30,4,25.7,7.63,1.82,625.9,16.1,11.86,7.443,0.308,13.23
2,2021,7,30,4,25.7,7.63,1.82,625.9,16.1,11.86,5.008,0.543,13.23
2,2021,8,6,8,26.9,7.63,12.09,721.9,3.4,4.02,0.075,0.082,10.06
2,2021,8,6,8,26.9,7.63,12.09,721.9,3.4,4.41,0.057,0.069,10.93
2,2021,9,23,12,23.6,7.7,7.52,711.2,3.0,3.74,0.07,0.121,8.63
2,2021,9,23,16,24.5,8.03,8.78,682.3,2.5,3.61,0.06,0.116,8.04
2,2021,9,23,20,24.3,7.93,7.01,681.1,2.7,3.54,0.074,0.113,7.96
2,2021,9,24,0,23.7,7.63,5.75,728.5,2.3,3.54,0.074,0.113,7.96
2,2021,9,24,4,23.2,7.61,4.95,681.5,11.4,3.91,0.119,0.148,7.56
2,2021,10,28,12,17.7,7.77,9.48,788.7,1.5,5.11,0.032,0.13,10.41
2,2021,10,28,16,17.3,8.36,11.18,719.2,2.2,5.15,0.027,0.128,8.55
2,2021,10,28,20,17.4,7.98,9.11,744.3,3.2,4.26,0.027,0.121,8.78
2,2021,10,29,0,18.0,7.56,7.45,779.7,2.9,4.89,0.027,0.121,8.78
2,2021,10,29,4,17.6,7.54,7.13,760.2,2.7,4.92,0.045,0.148,9.32
2,2021,10,29,8,17.5,7.54,7.44,784.5,2.3,4.93,0.051,0.148,9.92
2,2021,10,29,12,17.8,7.81,9.98,773.4,1.7,5.43,0.032,0.133,10.21
2,2021,11,5,8,17.1,7.52,7.76,770.4,1.8,5.1,0.08,0.101,10.63
2,2021,11,5,12,17.4,7.56,8.69,785.5,1.3,5.61,0.062,0.116,11.77
2,2021,11,5,16,17.0,7.87,10.16,744.1,1.1,5.27,0.048,0.112,10.43
2,2021,11,5,20,16.6,7.9,9.3,726.4,2.1,4.66,0.056,0.128,9.99
2,2021,11,6,0,17.2,7.61,7.8,781.6,2.2,4.79,0.056,0.128,9.99
2,2021,11,6,4,17.2,7.56,7.59,773.0,2.1,5.62,0.094,0.145,9.89
2,2021,11,6,8,17.3,7.5,7.36,785.2,1.8,5.36,0.235,0.119,10.11
2,2021,11,6,12,17.6,7.46,7.78,811.1,1.4,5.96,0.228,0.12,11.45
2,2021,11,6,16,17.3,7.52,7.87,794.3,1.1,5.56,0.19,0.116,11.19
2,2021,11,6,20,16.0,7.69,7.83,752.7,2.3,5.55,0.171,0.111,9.4
2,2021,11,7,0,15.9,7.49,6.64,823.5,35.2,4.72,0.171,0.111,9.4
2,2021,11,7,4,15.0,7.61,8.32,774.4,15.0,11.28,1.017,0.337,13.81
2,2021,11,7,4,15.0,7.61,8.32,774.4,15.0,6.47,1.017,0.271,10.78
2,2021,11,7,12,13.9,7.6,9.12,810.0,2.0,5.19,0.117,0.114,11.01
2,2021,11,7,16,13.4,7.97,10.68,736.8,1.8,4.72,0.093,0.096,9.32
2,2021,11,7,20,12.4,8.08,10.1,715.7,2.8,4.72,0.117,0.08,9.32
2,2021,11,8,0,13.3,7.6,8.9,807.1,3.4,5.08,0.117,0.08,9.32
2,2021,11,8,4,13.2,7.5,8.43,857.0,2.9,5.08,0.094,0.091,10.19
2,2021,11,8,8,12.9,7.53,8.45,877.2,2.3,5.51,0.09,0.069,10.2
2,2021,11,8,12,13.3,7.69,10.33,927.0,1.9,5.36,0.065,0.066,10.61
2,2021,11,8,16,13.2,8.03,11.4,912.1,2.3,5.13,0.066,0.062,10.19
2,2021,11,8,20,12.4,7.98,9.89,915.9,3.3,4.98,0.085,0.06,9.6
2,2021,11,9,0,13.4,7.54,8.45,1021.3,3.7,4.85,0.085,0.06,9.6
2,2021,11,9,4,13.0,7.56,8.3,982.5,3.1,5.45,0.091,0.082,10.3
2,2021,11,9,8,12.9,7.54,8.37,985.8,2.2,5.71,0.213,0.082,10.41
2,2021,11,9,12,13.4,7.68,10.12,991.3,1.7,5.7,0.278,0.09,10.95
2,2021,11,9,16,13.5,7.93,10.98,966.9,3.3,5.81,0.292,0.092,11.02
2,2021,11,10,0,13.6,7.56,8.14,994.9,2.9,5.08,0.195,0.085,9.63
2,2021,11,10,4,13.4,7.55,8.04,964.4,2.6,6.62,0.083,0.092,11.1
2,2021,11,10,8,13.8,7.5,7.94,964.3,1.9,5.81,0.094,0.075,11.57
2,2021,11,10,12,14.4,7.61,9.66,970.7,1.4,5.65,0.055,0.069,11.96
2,2021,11,10,16,14.4,7.91,10.56,951.3,1.5,5.92,0.041,0.066,11.48
2,2021,11,10,20,13.4,7.92,9.42,933.5,2.3,5.45,0.042,0.064,11.48
2,2021,11,11,0,14.2,7.55,7.95,947.3,2.5,5.45,0.042,0.064,10.94
2,2021,11,11,4,14.2,7.5,7.75,919.2,2.7,5.45,0.033,0.084,11.23
2,2021,11,11,12,14.2,7.64,9.61,915.8,2.0,5.67,0.036,0.07,11.63
2,2021,11,11,16,14.5,7.85,10.71,901.1,2.9,5.61,0.033,0.072,11.71
2,2021,11,11,20,13.6,7.89,9.36,874.9,2.4,5.6,0.038,0.07,10.63
2,2021,11,12,0,14.4,7.59,8.01,874.7,3.0,5.16,0.038,0.07,10.63
2,2021,11,12,4,14.0,7.55,8.08,851.4,3.3,5.05,0.047,0.09,10.73
2,2021,11,26,12,12.6,7.98,10.51,811.8,1.3,4.94,0.045,0.073,9.15
2,2021,11,26,16,11.9,8.33,11.19,748.5,1.9,4.44,0.046,0.066,8.25
2,2021,11,26,20,11.6,8.04,9.74,793.0,2.3,4.61,0.049,0.066,8.59
2,2021,11,27,0,12.5,7.73,8.62,811.1,1.9,4.61,0.049,0.066,8.59
2,2021,11,27,4,12.5,7.71,8.39,814.3,2.0,5.28,0.042,0.085,9.37
2,2021,11,27,8,12.2,7.74,8.53,808.7,1.4,5.14,0.048,0.072,9.26
2,2021,11,27,12,12.8,7.94,10.51,821.0,1.0,5.34,0.042,0.072,9.87
2,2021,11,27,16,12.6,8.32,11.39,772.3,1.5,4.57,0.032,0.068,9.12
2,2021,11,27,20,11.3,8.3,10.3,746.3,1.9,3.76,0.04,0.06,8.44
2,2021,11,28,0,12.8,7.81,8.54,838.5,2.0,3.76,0.04,0.06,8.44
2,2021,11,28,4,13.2,7.69,8.1,852.3,2.0,5.38,0.038,0.086,9.66
2,2021,11,28,8,12.8,7.77,8.38,823.5,1.4,4.62,0.041,0.07,9.16
2,2021,11,28,12,13.2,7.9,9.81,833.0,1.1,4.78,0.034,0.066,9.8
2,2021,11,28,16,12.9,8.22,10.99,802.5,1.3,4.33,0.029,0.064,9.32
2,2021,11,28,20,11.5,8.24,10.11,747.5,1.8,4.06,0.036,0.058,8.32
2,2021,11,29,0,13.0,7.78,8.54,815.3,2.0,4.06,0.036,0.058,8.32
2,2021,11,29,4,12.7,7.76,8.42,796.2,2.0,4.5,0.039,0.075,8.29
2,2021,11,29,8,12.9,7.72,8.38,816.3,1.6,5.15,0.039,0.062,8.4
2,2021,11,29,12,13.1,7.79,9.1,820.9,1.1,4.77,0.031,0.058,8.95
2,2021,11,30,8,11.9,7.77,8.55,823.5,1.5,4.73,0.049,0.089,8.45
2,2021,11,30,12,12.1,7.98,10.23,818.7,1.0,4.87,0.049,0.089,8.45
2,2021,11,30,16,11.6,8.37,11.02,787.7,1.3,4.8,0.025,0.089,8.64
2,2021,11,30,20,10.4,8.24,9.92,776.5,1.8,4.14,0.025,0.056,8.38
2,2021,11,30,20,10.4,8.24,9.92,776.5,1.8,4.14,0.025,0.056,8.38
2,2021,12,1,4,11.6,7.82,8.46,810.0,1.9,4.61,0.026,0.053,8.74
2,2021,12,1,12,12.5,7.87,9.97,840.0,1.1,5.66,0.043,0.054,9.86
2,2021,12,1,16,12.0,8.27,10.96,795.7,1.4,4.78,0.029,0.051,9.2
2,2021,12,1,20,10.5,8.18,9.98,771.0,1.9,4.48,0.026,0.05,8.72
2,2021,12,2,0,12.0,7.76,8.42,834.0,2.0,4.48,0.026,0.05,8.72
2,2021,12,2,4,12.1,7.75,8.28,839.7,2.2,5.85,0.025,0.051,9.72
2,2021,12,2,12,12.4,7.9,9.81,820.8,1.1,5.69,0.052,0.05,9.84
2,2021,12,3,12,11.6,7.95,10.07,778.0,1.3,4.47,0.18,0.045,9.81
2,2021,12,7,16,11.4,8.14,14.1,728.1,2.0,5.1,0.025,0.04,8.18
2,2021,12,7,20,11.4,7.91,11.96,781.8,2.2,4.3,0.027,0.039,8.76
2,2021,12,8,8,11.9,7.65,11.11,827.5,1.5,5.12,0.045,0.042,10.0
2,2021,12,8,12,11.9,7.81,12.24,799.7,1.3,5.39,0.03,0.04,10.08
2,2021,12,8,16,11.4,8.17,13.84,764.8,1.4,4.62,0.026,0.038,9.3
2,2021,12,8,20,11.5,7.96,12.09,790.8,2.2,5.33,0.033,0.036,9.48
2,2021,12,9,0,12.1,7.71,10.58,810.1,2.6,5.33,0.033,0.036,9.48
2,2021,12,9,4,12.1,7.68,10.56,813.2,2.1,5.5,0.029,0.039,9.55
2,2021,12,9,8,12.2,7.64,10.18,818.0,1.8,5.46,0.036,0.041,9.96
2,2021,12,9,16,11.8,7.82,10.93,812.8,1.9,5.36,0.045,0.042,10.15
2,2021,12,10,12,12.1,8.03,12.89,800.9,1.6,5.46,0.076,0.049,9.4
2,2021,12,10,16,11.8,8.34,13.98,793.9,1.8,5.38,0.058,0.047,9.41
2,2021,12,14,8,10.8,7.76,10.28,797.2,1.3,5.79,0.035,0.051,9.38
2,2021,12,14,12,11.1,7.9,12.34,801.9,1.0,6.6,0.095,0.054,10.39
2,2021,12,14,16,9.7,8.38,13.9,707.8,1.3,4.83,0.055,0.051,8.57
2,2021,12,14,20,10.2,8.0,11.8,772.9,1.9,5.31,0.061,0.054,8.98
2,2021,12,15,0,11.0,7.74,10.5,783.8,1.7,5.31,0.061,0.054,8.98
2,2021,12,15,4,11.0,7.74,10.27,809.0,1.7,6.17,0.039,0.055,9.88
2,2021,12,21,12,10.0,8.02,12.13,766.6,1.0,5.79,0.062,0.064,9.42
2,2021,12,21,16,9.2,8.48,13.55,736.4,1.4,5.71,0.045,0.065,9.24
2,2021,12,22,8,10.6,7.82,9.92,820.7,1.6,5.35,0.047,0.058,9.24
2,2021,12,22,16,10.2,8.45,13.62,762.4,1.3,6.8,0.036,0.065,10.29
2,2021,12,22,20,10.1,8.2,11.91,711.9,1.6,6.8,0.036,0.083,9.69
2,2021,12,23,0,10.9,7.72,10.27,832.6,1.4,4.84,0.036,0.083,9.69
2,2021,12,23,4,10.5,7.72,10.05,807.1,1.4,5.88,0.038,0.065,9.43
2,2021,12,23,8,10.6,7.72,9.83,837.7,1.2,5.86,0.039,0.058,9.29
2,2021,12,23,12,10.6,7.75,10.34,831.9,1.0,6.25,0.04,0.064,10.22
2,2021,12,23,16,9.5,7.95,11.2,788.3,1.2,6.48,0.04,0.062,9.84
2,2021,12,23,20,7.2,8.14,11.66,716.6,1.4,5.36,0.044,0.053,8.13
2,2021,12,24,0,10.0,7.78,10.3,818.0,1.3,4.21,0.044,0.053,8.13
2,2021,12,24,4,9.8,7.81,10.14,813.0,1.3,6.02,0.052,0.059,9.74
2,2021,12,27,16,9.0,8.14,13.68,837.6,1.0,6.62,0.025,0.089,11.19
2,2021,12,27,20,7.1,8.21,12.38,813.2,1.1,6.01,0.028,0.081,10.17
2,2021,12,28,0,9.4,7.68,10.34,877.2,1.4,5.41,0.028,0.081,10.17
2,2021,12,28,4,9.0,7.68,10.14,867.5,1.3,5.41,0.034,0.092,11.31
2,2021,12,28,8,8.8,7.66,10.08,871.6,1.1,6.62,0.033,0.093,11.27
2,2021,12,28,16,8.9,8.19,13.65,834.2,1.1,7.08,0.025,0.082,10.48
2,2021,12,30,12,8.5,7.88,12.12,841.8,0.8,7.13,0.042,0.08,10.6
2,2022,1,11,8,9.8,7.73,9.63,864.1,1.4,6.56,0.05,0.06,12.05
2,2022,1,11,12,10.4,7.87,11.51,869.5,1.1,7.03,0.052,0.062,11.74
2,2022,1,11,16,10.0,8.28,13.18,833.8,1.4,7.57,0.044,0.062,11.88
2,2022,1,12,8,9.8,7.69,9.58,867.0,1.5,6.18,0.045,0.061,11.29
2,2022,1,12,12,9.7,7.76,10.54,858.2,1.2,6.53,0.078,0.064,12.05
2,2022,1,12,16,9.1,8.17,12.83,828.7,1.4,7.23,0.086,0.064,11.94
2,2022,1,14,12,10.2,7.76,11.24,889.4,1.1,7.67,0.055,0.06,12.07
2,2022,1,14,16,10.2,8.07,13.14,869.9,1.4,6.98,0.044,0.06,11.63
2,2022,1,19,8,9.6,7.66,9.55,875.8,1.3,6.23,0.088,0.047,11.26
2,2022,1,19,12,10.1,7.71,10.75,882.1,1.0,5.76,0.118,0.046,11.41
2,2022,1,19,16,9.6,8.04,12.8,860.1,1.3,6.77,0.112,0.045,11.12
2,2022,1,19,20,8.7,8.14,12.08,844.1,1.4,6.07,0.078,0.045,9.93
2,2022,1,20,0,9.9,7.7,10.11,883.0,1.4,6.07,0.078,0.045,9.93
2,2022,1,20,4,9.4,7.7,9.94,868.4,1.5,5.89,0.076,0.046,10.8
2,2022,1,20,8,9.3,7.73,9.68,881.2,1.2,6.35,0.075,0.046,11.53
2,2022,1,20,12,9.8,7.81,11.37,890.5,1.2,6.64,0.125,0.044,11.81
2,2022,1,20,16,9.0,8.14,13.15,851.9,1.1,5.9,0.116,0.043,10.91
2,2022,1,20,20,8.0,8.26,12.59,836.3,1.3,5.9,0.069,0.04,11.02
2,2022,1,21,0,9.9,7.71,9.84,904.7,1.3,6.46,0.069,0.04,11.02
2,2022,1,21,4,9.7,7.71,9.78,865.8,1.4,6.75,0.055,0.044,10.75
2,2022,2,10,8,8.6,7.75,8.98,792.8,1.4,5.84,0.164,0.03,10.22
2,2022,2,10,12,9.8,8.04,12.25,787.2,1.3,5.87,0.221,0.034,10.59
2,2022,2,11,8,8.6,7.8,9.41,766.6,1.5,6.05,0.107,0.031,9.62
2,2022,2,11,16,9.0,8.71,14.36,718.8,2.3,5.07,0.069,0.028,9.31
2,2022,2,11,20,7.9,8.53,12.77,691.4,1.1,4.55,0.073,0.025,8.22
2,2022,2,12,0,8.9,7.93,9.91,786.1,1.2,4.55,0.073,0.025,8.22
2,2022,2,12,4,9.1,7.7,8.35,822.8,1.2,6.82,0.076,0.029,11.51
2,2022,2,12,16,10.0,8.08,12.09,849.3,1.4,6.95,0.107,0.033,12.27
2,2022,2,12,20,8.5,8.24,11.69,783.4,1.5,5.38,0.068,0.028,9.9
2,2022,2,13,0,9.0,7.88,9.45,824.7,1.3,5.38,0.068,0.028,9.9
2,2022,2,13,4,9.1,7.75,8.82,829.6,1.6,6.09,0.068,0.03,11.51
2,2022,2,13,8,9.4,7.73,8.79,848.2,1.6,6.4,0.107,0.032,12.38
2,2022,2,13,12,9.0,7.88,10.36,838.3,1.5,6.18,0.124,0.03,12.18
2,2022,2,13,16,8.5,8.24,12.38,806.4,1.3,5.43,0.092,0.028,10.42
2,2022,2,13,20,7.9,8.24,11.58,799.3,1.5,5.04,0.099,0.026,9.62
2,2022,2,14,0,8.6,7.89,9.82,846.6,2.1,5.04,0.099,0.026,9.62
2,2022,2,14,4,8.4,7.82,9.23,855.0,2.3,6.34,0.106,0.035,10.62
2,2022,2,18,8,8.0,7.76,9.27,874.7,1.7,5.83,0.048,0.034,11.01
2,2022,2,18,12,8.9,7.98,11.94,886.1,2.0,6.58,0.094,0.035,11.88
2,2022,2,18,16,8.8,8.58,14.3,851.2,1.8,6.57,0.07,0.032,11.02
2,2022,2,18,20,6.9,8.6,13.35,815.7,1.3,5.81,0.045,0.03,9.44
2,2022,2,19,0,8.6,7.79,9.7,909.7,1.4,4.73,0.045,0.03,9.44
2,2022,2,19,4,7.8,7.79,9.36,875.0,1.4,4.73,0.047,0.033,11.55
2,2022,2,19,8,7.4,7.78,9.37,861.9,1.5,6.2,0.051,0.034,11.79
2,2022,2,22,12,8.7,8.17,13.08,835.9,1.6,6.33,0.123,0.036,10.7
2,2022,2,22,12,8.7,8.17,13.08,835.9,1.6,6.33,0.123,0.036,10.7
2,2022,2,22,16,8.0,8.88,15.4,780.0,2.5,6.33,0.123,0.036,10.7
2,2022,2,22,16,8.0,8.88,15.4,780.0,2.5,4.46,0.057,0.031,8.89
2,2022,2,22,20,7.9,8.32,12.43,822.8,1.9,4.46,0.09,0.034,9.52
2,2022,2,23,0,8.2,7.83,9.89,834.5,1.8,5.1,0.09,0.034,9.52
2,2022,2,23,4,8.0,7.8,9.54,829.0,2.0,5.1,0.088,0.037,10.2
2,2022,2,23,8,8.0,7.78,9.58,846.5,1.9,5.8,0.156,0.039,10.66
2,2022,2,23,12,9.3,8.06,13.01,841.6,1.9,6.23,0.172,0.038,10.79
2,2022,2,23,16,8.3,8.85,15.5,784.0,2.7,5.41,0.066,0.015,9.51
2,2022,3,1,8,10.0,7.89,9.4,826.0,1.5,7.11,0.13,0.034,10.03
2,2022,3,1,12,11.8,8.36,13.5,835.8,2.3,7.89,0.177,0.035,10.46
2,2022,3,1,16,12.4,8.86,14.91,808.6,4.3,7.3,0.13,0.038,10.27
2,2022,3,2,8,10.8,7.82,9.12,800.6,2.1,7.14,0.173,0.036,9.98
2,2022,3,2,12,12.3,8.28,13.09,804.2,2.6,6.94,0.173,0.035,10.16
2,2022,3,7,8,11.3,7.46,9.65,767.3,3.1,6.82,0.025,0.045,9.63
2,2022,3,7,12,12.5,7.95,12.71,752.2,3.1,6.49,0.025,0.041,9.47
2,2022,3,8,8,11.9,7.47,9.23,764.2,4.7,6.2,0.036,0.054,9.32
2,2022,3,8,12,12.7,7.86,12.28,737.4,2.8,6.81,0.046,0.047,9.53
2,2022,3,8,16,13.0,8.54,13.92,706.0,6.6,6.5,0.048,0.043,9.27
2,2022,3,8,20,12.8,7.88,11.19,733.7,8.2,5.79,0.03,0.045,8.46
2,2022,3,9,0,12.4,7.51,9.58,732.8,7.0,6.76,0.096,0.05,8.54
2,2022,3,9,4,12.4,7.42,8.93,754.3,7.2,6.76,0.096,0.05,8.54
2,2022,3,9,8,12.2,7.48,9.14,741.6,4.0,6.45,0.043,0.05,8.95
2,2022,3,9,12,13.2,7.81,11.89,708.9,2.8,6.13,0.044,0.046,9.13
2,2022,3,9,16,12.8,8.59,13.42,659.9,6.8,6.2,0.031,0.044,9.22
2,2022,3,10,8,12.7,7.51,9.29,707.7,5.3,5.5,0.036,0.054,8.15
2,2022,3,10,12,13.4,7.99,11.92,687.2,3.3,6.23,0.046,0.049,8.49
2,2022,3,10,16,13.6,8.66,13.34,638.9,5.4,5.72,0.025,0.043,8.29
2,2022,3,11,8,13.6,7.44,8.68,729.2,4.5,5.41,0.039,0.045,8.79
2,2022,3,11,12,13.9,7.6,9.98,719.1,2.8,5.73,0.05,0.044,8.66
2,2022,3,11,16,13.1,7.92,10.39,653.8,5.8,5.85,0.044,0.046,7.44
2,2022,3,11,20,13.1,7.78,9.79,687.9,7.1,5.22,0.044,0.046,7.9
2,2022,3,12,16,14.5,8.43,12.82,699.1,4.6,5.03,0.037,0.049,9.04
2,2022,3,12,20,14.0,8.28,11.45,637.0,6.3,4.8,0.041,0.055,7.91
2,2022,3,13,0,14.1,7.53,9.24,746.5,7.0,4.8,0.041,0.055,7.91
2,2022,3,13,4,13.5,7.51,8.74,724.5,7.6,5.86,0.041,0.054,8.51
2,2022,3,13,8,13.3,7.57,9.18,733.1,5.8,5.6,0.027,0.051,8.62
2,2022,3,13,12,14.1,7.85,11.54,761.5,3.4,5.69,0.025,0.049,8.98
2,2022,3,13,16,13.6,8.36,12.37,679.2,4.4,5.08,0.059,0.047,8.06
2,2022,3,13,20,13.1,8.06,10.74,654.8,6.3,4.26,0.036,0.047,6.91
2,2022,3,14,0,13.6,7.54,9.07,756.2,6.0,4.26,0.036,0.047,6.91
2,2022,3,14,4,13.3,7.53,8.78,738.1,6.2,5.63,0.049,0.05,7.82
2,2022,3,14,12,14.8,8.01,12.05,754.7,2.8,5.78,0.025,0.046,8.82
2,2022,3,14,16,14.7,8.72,13.72,656.9,5.7,4.84,0.028,0.05,7.36
2,2022,3,15,8,13.3,7.6,9.22,714.5,4.3,5.58,0.025,0.05,8.56
2,2022,3,15,16,14.5,8.74,13.66,641.7,4.4,4.59,0.025,0.045,7.43
2,2022,3,16,0,14.5,7.57,9.07,721.3,6.7,4.87,0.025,0.049,7.55
2,2022,3,16,4,14.0,7.57,8.66,717.3,5.2,4.87,0.025,0.049,7.55
2,2022,3,16,12,14.6,7.98,11.95,728.1,2.7,6.44,0.034,0.046,9.36
2,2022,3,16,16,14.4,8.66,13.45,674.0,4.6,6.18,0.026,0.043,9.04
2,2022,3,16,20,14.2,8.09,10.9,714.0,6.2,4.61,0.025,0.046,7.83
2,2022,3,17,0,14.1,7.6,9.27,735.7,6.0,5.29,0.025,0.05,8.13
2,2022,3,17,4,13.5,7.64,8.91,719.8,5.7,5.29,0.025,0.05,8.13
2,2022,3,17,8,13.5,7.6,8.94,743.1,3.7,5.58,0.027,0.047,8.26
2,2022,3,17,12,13.5,7.83,10.73,746.0,2.4,7.26,0.037,0.046,9.05
2,2022,3,17,12,13.5,7.83,10.73,746.0,2.4,5.75,0.034,0.045,9.37
2,2022,3,17,20,11.8,8.03,10.75,703.1,2.1,5.29,0.045,0.082,9.16
2,2022,3,18,8,12.5,7.62,9.27,762.4,2.5,5.62,0.066,0.053,9.68
2,2022,3,18,12,12.9,7.76,10.99,777.3,1.7,5.9,0.05,0.051,10.17
2,2022,3,18,16,12.1,7.9,10.96,747.9,4.0,5.37,0.051,0.055,9.74
2,2022,3,23,12,13.4,7.7,11.94,817.0,2.0,5.72,0.108,0.054,10.24
2,2022,3,24,16,12.8,7.68,10.32,789.4,3.4,5.32,0.049,0.05,9.43
2,2022,3,24,20,12.4,7.85,10.22,753.8,2.0,4.55,0.051,0.048,8.22
2,2022,3,25,0,12.1,7.91,10.05,745.3,1.9,4.55,0.051,0.048,8.22
2,2022,3,25,4,12.5,7.67,9.47,790.9,2.5,4.37,0.09,0.046,8.72
2,2022,3,25,8,13.6,7.48,9.23,843.4,2.4,6.04,0.175,0.052,10.3
2,2022,3,25,12,13.6,7.63,10.56,828.4,1.9,5.59,0.162,0.052,10.36
2,2022,3,25,16,13.1,7.85,11.2,785.7,3.4,5.08,0.079,0.053,9.52
2,2022,3,25,20,12.6,7.94,10.55,769.2,2.9,4.45,0.059,0.051,8.8
2,2022,3,26,0,12.1,7.95,10.4,750.1,2.5,4.45,0.059,0.051,8.8
2,2022,3,26,4,12.3,7.7,9.68,780.0,2.3,4.84,0.057,0.049,8.81
2,2022,3,26,8,13.4,7.52,9.8,824.0,2.0,6.14,0.054,0.051,9.94
2,2022,3,26,12,14.2,7.83,12.1,804.7,1.7,5.59,0.044,0.05,9.88
2,2022,3,26,16,14.0,8.04,11.92,779.0,3.1,5.25,0.042,0.053,9.66
2,2022,3,26,20,13.4,8.12,11.24,757.0,2.2,4.3,0.04,0.049,8.8
2,2022,3,27,0,12.8,8.04,10.64,749.3,1.5,4.3,0.04,0.049,8.8
2,2022,3,27,4,12.4,7.89,10.16,755.4,1.8,3.97,0.042,0.044,8.62
2,2022,3,27,8,13.0,7.66,10.12,813.0,1.7,5.7,0.04,0.048,9.55
2,2022,3,27,12,14.6,7.8,11.86,829.1,2.8,6.0,0.038,0.052,10.14
2,2022,3,27,16,14.5,8.1,12.19,787.7,4.2,4.99,0.033,0.054,9.86
2,2022,3,27,20,13.8,8.22,11.38,756.0,2.4,4.4,0.067,0.05,8.93
2,2022,3,28,0,13.2,8.17,10.84,733.1,2.3,4.4,0.067,0.05,8.93
2,2022,3,28,4,13.2,7.9,10.18,750.2,2.5,4.12,0.043,0.047,8.23
2,2022,3,28,8,13.6,7.66,10.05,789.1,2.5,5.14,0.044,0.048,8.76
2,2022,3,28,12,14.5,7.92,11.98,779.1,2.2,5.37,0.04,0.046,8.86
2,2022,3,28,16,14.7,8.18,12.52,754.8,4.0,5.37,0.038,0.048,8.53
2,2022,3,28,20,14.0,8.25,11.15,716.7,2.3,4.06,0.039,0.046,7.81
2,2022,3,29,0,13.6,8.19,10.67,704.7,2.2,4.06,0.039,0.046,7.81
2,2022,3,29,4,13.9,7.81,9.68,747.3,2.3,4.51,0.064,0.044,7.44
2,2022,3,29,12,14.3,7.6,9.24,784.1,2.2,5.85,0.156,0.059,9.38
2,2022,3,29,16,14.1,7.75,9.66,767.7,4.4,5.26,0.103,0.058,9.26
2,2022,3,29,20,13.5,7.97,9.81,718.7,2.7,4.13,0.069,0.051,8.23
2,2022,3,30,0,13.2,7.95,9.56,711.7,2.2,4.13,0.069,0.051,8.23
2,2022,3,30,4,13.4,7.81,9.41,730.7,2.5,3.84,0.063,0.045,8.12
2,2022,3,30,12,14.8,7.74,10.93,791.6,2.2,5.58,0.066,0.051,10.13
2,2022,3,30,16,14.4,7.97,10.81,744.2,4.2,4.91,0.054,0.053,9.36
2,2022,3,30,20,13.7,8.12,10.42,717.3,2.4,4.34,0.055,0.046,8.41
2,2022,3,31,0,13.4,8.06,10.03,711.9,2.0,4.34,0.055,0.046,8.41
2,2022,3,31,4,13.1,7.87,9.72,724.4,2.5,4.27,0.052,0.044,8.07
2,2022,3,31,8,14.1,7.55,9.67,806.4,2.4,6.11,0.072,0.05,10.19
2,2022,3,31,12,15.3,7.75,11.3,812.1,2.7,5.98,0.057,0.052,10.72
2,2022,3,31,16,15.0,8.26,12.22,752.9,4.5,5.32,0.043,0.052,9.76
2,2022,3,31,20,14.3,8.28,11.16,731.3,2.5,4.24,0.049,0.048,8.66
2,2022,4,1,0,13.9,8.18,10.69,717.9,4.3,4.24,0.049,0.048,8.66
2,2022,4,1,4,13.9,7.81,9.87,761.0,3.7,4.92,0.048,0.047,9.15
2,2022,4,1,12,15.1,7.91,11.67,774.0,3.8,5.28,0.042,0.051,10.0
2,2022,4,1,16,15.2,8.16,12.41,756.6,3.1,5.18,0.037,0.049,9.64
2,2022,4,1,20,14.6,8.26,11.17,718.3,4.2,4.33,0.037,0.048,8.44
2,2022,4,2,0,14.4,8.17,10.61,712.1,2.8,4.33,0.037,0.048,8.44
2,2022,4,2,4,14.5,7.72,9.42,762.0,3.3,5.29,0.048,0.052,9.05
2,2022,4,2,8,14.5,7.63,9.59,786.1,3.0,5.29,0.072,0.058,9.62
2,2022,4,2,16,16.3,8.08,12.13,784.9,4.4,5.99,0.046,0.066,10.12
2,2022,4,2,20,15.5,8.21,10.92,740.2,3.7,5.74,0.038,0.06,9.08
2,2022,4,3,0,15.0,8.24,10.6,722.3,3.8,4.91,0.038,0.06,9.08
2,2022,4,3,4,15.0,7.7,9.31,770.6,4.2,4.51,0.037,0.053,9.58
2,2022,4,3,8,14.7,7.69,9.67,760.3,4.3,5.22,0.062,0.051,9.36
2,2022,4,4,12,16.5,8.01,11.88,773.1,4.3,5.65,0.059,0.05,9.62
2,2022,4,4,16,16.6,8.15,11.27,745.8,4.4,5.8,0.053,0.056,9.24
2,2022,4,4,20,16.4,8.24,10.59,716.8,2.4,5.24,0.047,0.05,8.24
2,2022,4,5,0,16.0,8.19,9.79,689.2,1.9,4.59,0.047,0.05,8.24
2,2022,4,5,4,15.8,7.93,9.18,701.9,2.2,4.01,0.053,0.044,7.74
2,2022,4,5,8,16.3,7.58,8.97,786.7,2.6,4.4,0.088,0.05,9.22
2,2022,4,5,12,17.6,7.96,11.88,775.0,2.7,6.5,0.062,0.052,9.23
2,2022,4,5,16,17.5,8.2,11.7,746.2,3.8,6.56,0.048,0.054,9.38
2,2022,4,5,20,17.0,8.28,10.36,702.7,1.9,5.32,0.053,0.049,8.47
2,2022,4,6,0,16.4,8.24,9.71,675.1,1.6,4.67,0.053,0.049,8.47
2,2022,4,6,4,15.9,8.11,9.12,661.2,2.3,3.38,0.047,0.043,7.27
2,2022,4,6,8,15.7,7.84,9.06,700.3,3.4,3.49,0.076,0.048,7.82
2,2022,4,6,12,16.6,7.91,11.7,778.9,3.0,4.87,0.058,0.052,9.64
2,2022,4,6,16,17.1,7.96,11.53,786.2,3.3,6.27,0.05,0.057,10.2
2,2022,4,6,20,16.3,8.11,10.22,731.0,2.1,5.0,0.044,0.052,9.37
2,2022,4,7,8,15.6,7.83,9.85,744.8,3.0,3.69,0.048,0.046,8.07
2,2022,4,7,12,16.9,7.88,11.41,794.0,2.8,5.2,0.062,0.049,8.8
2,2022,4,7,16,17.3,8.2,11.78,763.6,3.0,5.92,0.051,0.052,9.8
2,2022,4,7,20,16.9,8.28,10.39,709.0,2.1,5.22,0.046,0.054,9.94
2,2022,4,8,0,16.5,8.2,9.68,694.3,2.2,4.47,0.047,0.049,8.68
2,2022,4,8,4,16.0,8.01,9.04,692.1,2.0,4.47,0.047,0.049,8.68
2,2022,4,8,8,16.1,7.8,9.72,731.5,2.5,3.95,0.051,0.043,7.93
2,2022,4,8,12,17.5,7.91,12.09,786.8,2.7,5.02,0.072,0.045,8.6
2,2022,4,8,16,18.0,8.0,10.9,783.8,3.2,5.79,0.05,0.048,9.97
2,2022,4,8,20,17.5,8.12,9.94,732.6,2.1,6.15,0.054,0.051,10.47
2,2022,4,9,0,17.2,8.16,9.25,695.6,1.9,5.01,0.051,0.049,9.49
2,2022,4,9,4,17.0,8.04,8.61,684.9,2.4,4.29,0.049,0.046,8.48
2,2022,4,9,8,17.0,7.87,8.92,715.6,2.6,3.71,0.054,0.043,7.92
2,2022,4,9,12,18.1,7.82,10.88,796.2,2.9,5.0,0.091,0.044,8.6
2,2022,4,9,20,18.1,7.97,9.4,756.7,2.3,6.56,0.062,0.055,11.66
2,2022,4,10,0,17.8,8.08,9.09,707.5,1.9,5.2,0.061,0.052,10.56
2,2022,4,10,4,17.4,7.95,8.36,689.6,2.0,5.2,0.061,0.052,10.56
2,2022,4,10,8,17.4,7.78,8.66,728.5,2.5,4.18,0.056,0.044,8.24
2,2022,4,10,16,19.2,7.82,9.9,804.7,3.9,5.73,0.055,0.052,9.47
2,2022,4,10,20,18.8,7.93,9.14,760.2,2.2,6.93,0.059,0.058,11.15
2,2022,4,11,0,18.6,7.9,8.05,720.8,3.2,5.68,0.069,0.056,10.38
2,2022,4,11,4,18.3,7.91,7.76,692.3,2.6,5.68,0.069,0.056,10.38
2,2022,4,11,8,18.4,7.7,8.29,743.7,2.9,3.72,0.085,0.062,8.73
2,2022,4,11,12,19.1,7.62,9.17,807.8,2.9,5.34,0.081,0.054,9.2
2,2022,4,11,16,19.0,7.53,9.23,806.4,3.0,6.8,0.075,0.059,10.13
2,2022,4,11,20,18.4,7.75,8.7,759.9,1.6,6.8,0.148,0.069,10.94
2,2022,4,12,0,18.0,7.85,8.4,726.7,1.5,5.14,0.103,0.069,10.15
2,2022,4,12,4,17.6,7.76,8.98,717.8,1.9,5.14,0.103,0.069,10.15
2,2022,4,12,8,17.5,7.66,8.98,751.2,1.9,4.14,0.118,0.058,8.87
2,2022,4,12,12,18.5,7.75,10.56,817.5,2.2,5.09,0.123,0.059,9.43
2,2022,4,13,0,18.2,8.17,9.25,721.3,1.6,4.81,0.055,0.068,9.5
2,2022,4,13,4,17.9,7.96,8.51,716.0,1.5,4.81,0.055,0.068,9.5
2,2022,4,13,8,17.8,7.83,8.91,752.2,1.9,3.88,0.055,0.056,8.13
2,2022,4,13,12,18.5,7.96,10.96,791.6,2.5,5.42,0.047,0.056,8.97
2,2022,4,13,16,18.6,7.98,10.76,805.0,2.9,6.04,0.044,0.06,10.11
2,2022,4,13,20,18.1,8.02,9.55,778.8,2.2,6.14,0.038,0.065,10.92
2,2022,4,14,0,17.9,8.11,9.2,754.7,2.1,5.04,0.037,0.062,10.27
2,2022,4,14,4,17.5,7.88,8.54,775.6,2.1,5.04,0.037,0.062,10.27
2,2022,4,14,8,17.6,7.69,9.04,827.8,1.9,4.97,0.041,0.054,9.03
2,2022,4,14,12,18.3,7.99,10.87,810.9,2.4,6.14,0.036,0.055,10.39
2,2022,4,14,16,18.7,8.26,11.65,793.4,2.4,5.62,0.031,0.054,9.75
2,2022,4,14,20,18.1,8.21,10.06,776.6,2.3,5.16,0.032,0.055,9.68
2,2022,4,15,8,17.5,7.77,9.16,801.6,2.1,4.7,0.044,0.053,8.6
2,2022,4,15,12,18.4,7.97,10.32,809.4,2.0,6.05,0.069,0.054,9.65
2,2022,4,15,16,18.8,8.04,10.8,819.5,2.9,6.48,0.063,0.055,10.32
2,2022,4,15,20,18.4,8.1,9.71,792.6,1.9,5.67,0.047,0.051,9.66
2,2022,4,16,0,17.9,8.15,9.25,772.7,2.6,5.67,0.047,0.051,9.66
2,2022,4,16,4,17.5,8.03,9.29,768.3,3.7,5.67,0.067,0.053,8.24
2,2022,4,16,8,17.5,7.9,9.33,791.7,4.8,5.11,0.042,0.052,8.72
2,2022,4,16,12,18.6,7.95,11.02,825.3,2.6,5.84,0.07,0.055,9.38
2,2022,4,16,16,19.1,7.87,9.62,831.6,23.7,6.63,0.132,0.081,10.19
2,2022,4,16,20,18.5,7.98,9.58,798.1,4.5,4.96,0.177,0.068,9.61
2,2022,4,17,0,18.1,7.95,8.52,779.7,3.3,4.96,0.177,0.068,9.61
2,2022,4,17,0,18.1,7.95,8.52,779.7,3.3,4.96,0.177,0.068,9.61
2,2022,4,17,20,18.4,7.57,8.82,881.8,2.6,8.16,0.101,0.062,12.12
2,2022,4,18,0,18.0,7.67,8.15,841.1,2.1,8.16,0.101,0.062,12.12
2,2022,4,18,4,17.4,7.7,6.47,807.5,3.5,5.69,1.078,0.086,10.37
2,2022,4,18,8,17.4,7.96,8.96,792.6,2.4,5.69,0.112,0.061,8.92
2,2022,4,18,12,20.2,8.64,14.05,792.1,5.6,5.94,0.061,0.056,8.97
2,2022,4,18,16,19.7,7.71,9.99,884.2,3.1,7.99,0.076,0.064,11.0
2,2022,4,18,20,19.3,7.67,9.04,867.7,2.9,8.14,0.068,0.088,12.1
2,2022,4,19,0,18.7,7.86,8.52,826.0,2.3,8.14,0.068,0.088,12.1
2,2022,4,19,4,18.1,7.89,8.04,801.8,2.6,6.34,0.073,0.054,9.43
2,2022,4,19,8,18.2,7.82,8.93,810.1,1.7,5.75,0.057,0.052,9.39
2,2022,4,19,12,21.2,8.21,13.5,838.6,3.7,7.13,0.053,0.056,9.92
2,2022,4,19,16,23.0,8.67,15.16,820.4,5.5,8.11,0.051,0.069,9.91
2,2022,4,19,20,19.5,7.73,8.76,841.2,2.4,7.9,0.076,0.068,10.39
2,2022,4,20,0,19.2,7.83,8.65,826.5,1.8,7.9,0.076,0.068,10.39
2,2022,4,20,4,19.1,7.81,7.92,814.8,2.2,6.39,0.092,0.06,9.98
2,2022,4,20,8,19.2,7.79,8.83,818.7,1.9,6.54,0.096,0.058,9.77
2,2022,4,20,12,20.8,8.01,11.36,827.9,2.7,7.19,0.106,0.061,9.74
2,2022,4,20,16,21.3,8.29,11.47,822.5,5.2,6.89,0.104,0.067,10.38
2,2022,4,20,20,19.8,7.87,8.85,834.5,2.2,7.16,0.062,0.063,10.19
2,2022,4,21,12,21.2,7.76,9.27,794.6,6.5,7.86,0.078,0.076,10.27
2,2022,4,21,16,20.2,7.68,9.14,826.2,8.1,7.87,0.061,0.074,11.04
2,2022,4,21,20,19.8,7.84,8.53,790.3,5.2,6.38,0.064,0.068,9.68
2,2022,4,22,0,19.1,7.93,7.95,747.1,2.3,6.38,0.064,0.068,9.68
2,2022,4,22,4,18.3,7.8,7.14,724.9,2.2,4.89,0.084,0.054,7.97
2,2022,4,22,8,18.5,7.64,7.95,788.5,2.1,6.64,0.082,0.06,9.62
2,2022,4,22,12,20.0,7.73,10.49,856.0,3.6,8.59,0.1,0.072,11.26
2,2022,4,22,16,20.4,7.83,10.07,843.9,9.0,8.82,0.095,0.081,12.11
2,2022,4,22,20,19.6,7.97,9.01,798.6,3.0,6.87,0.06,0.072,10.76
2,2022,4,23,0,19.3,7.96,8.17,772.4,2.3,6.87,0.06,0.072,10.76
2,2022,4,23,4,18.6,7.84,7.5,743.9,1.8,5.15,0.063,0.059,8.9
2,2022,4,23,8,18.7,7.8,8.43,760.8,1.3,5.57,0.065,0.056,9.04
2,2022,4,23,12,20.2,7.83,10.03,809.7,3.7,5.57,0.097,0.056,9.04
2,2022,4,23,16,20.4,7.74,9.99,862.9,8.9,7.13,0.055,0.067,9.84
2,2022,4,23,20,20.1,8.04,9.13,783.5,2.8,8.31,0.058,0.077,11.54
2,2022,4,24,0,20.0,8.02,8.15,749.8,1.8,5.81,0.058,0.065,9.74
2,2022,4,24,4,19.6,7.85,7.17,752.2,2.1,5.81,0.082,0.057,8.75
2,2022,4,24,12,22.4,8.61,13.44,768.5,6.6,5.4,0.042,0.062,8.77
2,2022,4,24,16,21.3,7.68,9.64,891.3,5.3,6.4,0.051,0.071,10.82
2,2022,4,24,20,20.9,7.65,8.75,891.7,3.9,8.16,0.247,0.082,11.7
2,2022,4,25,8,20.3,7.7,7.72,817.7,2.3,5.32,0.062,0.062,9.34
2,2022,4,25,12,21.9,7.97,11.95,842.3,7.6,5.82,0.055,0.061,9.15
2,2022,4,25,16,21.6,7.75,9.45,862.9,8.5,6.68,0.049,0.069,9.4
2,2022,4,25,20,21.4,7.83,8.35,842.2,6.1,7.13,0.05,0.073,10.68
2,2022,4,26,0,21.2,7.86,7.45,817.4,2.2,6.1,0.124,0.075,10.48
2,2022,4,26,4,20.5,7.76,6.56,807.3,2.5,5.44,0.089,0.065,9.64
2,2022,4,26,8,20.0,7.96,9.97,815.1,4.3,5.54,0.111,0.063,9.14
2,2022,4,26,12,24.5,9.0,16.95,794.6,16.2,5.72,0.076,0.062,9.02
2,2022,4,26,16,21.4,7.74,9.5,896.4,4.7,7.82,0.032,0.075,8.65
2,2022,4,26,20,20.3,7.67,8.25,909.6,4.2,8.36,0.181,0.075,10.24
2,2022,4,27,0,20.2,7.73,7.92,872.7,2.1,8.31,0.317,0.086,11.51
2,2022,4,27,4,19.6,7.8,7.09,821.5,2.3,7.34,0.115,0.073,11.12
2,2022,4,27,8,18.0,7.84,7.4,809.5,2.9,5.67,0.112,0.065,9.62
2,2022,4,27,12,18.8,7.98,9.21,778.3,2.4,5.98,0.121,0.061,8.93
2,2022,4,27,16,18.7,7.52,7.65,904.2,6.3,5.91,0.128,0.057,8.6
2,2022,4,27,20,18.1,7.57,7.14,898.8,3.7,7.96,0.087,0.067,10.56
2,2022,4,28,0,18.0,7.81,7.59,869.0,2.6,7.52,0.274,0.076,11.5
2,2022,4,28,4,17.9,7.82,7.4,858.5,2.4,7.52,0.274,0.076,11.5
2,2022,4,28,8,17.9,7.71,7.92,870.0,2.0,5.15,0.116,0.059,9.61
2,2022,4,28,12,18.5,7.81,9.32,882.1,6.9,6.16,0.1,0.059,9.34
2,2022,4,28,16,19.2,7.78,10.08,898.9,2.1,6.11,0.191,0.077,10.04
2,2022,4,28,20,19.0,7.78,9.23,905.0,6.0,6.26,0.074,0.064,10.2
2,2022,4,29,0,19.0,7.77,9.03,899.7,3.7,6.69,0.067,0.065,10.79
2,2022,4,29,4,18.7,7.68,8.18,891.0,2.9,6.69,0.067,0.065,10.79
2,2022,4,29,8,18.6,7.67,8.5,889.2,1.9,6.66,0.07,0.057,10.66
2,2022,4,29,12,19.5,7.82,9.88,882.0,5.2,6.8,0.06,0.052,10.27
2,2022,4,29,16,19.8,8.02,11.57,884.8,2.9,6.91,0.059,0.055,10.16
2,2022,4,29,20,19.3,7.75,8.84,884.7,4.6,7.06,0.057,0.056,10.13
2,2022,4,30,0,19.3,7.88,9.19,875.4,4.3,7.77,0.067,0.061,10.64
2,2022,4,30,4,19.1,7.67,8.1,882.6,3.4,7.77,0.067,0.061,10.64
2,2022,4,30,8,18.8,7.65,8.31,879.6,1.9,6.39,0.054,0.056,10.55
2,2022,4,30,12,20.0,7.83,9.81,875.4,4.2,6.39,0.046,0.051,9.76
2,2022,4,30,16,20.7,8.11,11.59,878.9,2.7,7.02,0.048,0.053,9.73
2,2022,4,30,20,20.0,8.07,10.74,873.8,2.9,6.6,0.048,0.055,9.56
2,2022,5,1,0,19.6,7.89,9.03,878.4,4.0,6.31,0.057,0.057,9.63
2,2022,5,1,4,19.5,7.94,8.68,869.3,4.0,6.78,0.043,0.057,10.76
2,2022,5,1,8,19.3,7.78,8.69,869.0,2.6,6.42,0.044,0.057,10.57
2,2022,5,1,12,20.8,8.12,10.26,865.8,6.2,6.64,0.045,0.053,10.19
2,2022,5,1,16,20.8,8.04,11.12,871.4,3.7,6.02,0.085,0.065,9.84
2,2022,5,1,20,20.4,7.94,9.87,867.2,3.7,6.31,0.059,0.06,9.91
2,2022,5,2,0,19.7,7.86,8.78,869.8,5.1,6.78,0.072,0.059,9.63
2,2022,5,2,4,19.6,7.93,8.5,855.6,8.5,6.78,0.072,0.059,9.63
2,2022,5,2,8,19.3,7.73,8.18,861.2,4.1,6.11,0.041,0.062,9.99
2,2022,5,2,12,20.4,8.03,10.68,861.6,6.8,6.67,0.045,0.054,10.14
2,2022,5,2,16,20.8,8.05,10.45,855.6,5.5,6.22,0.047,0.058,9.87
2,2022,5,2,20,20.4,8.03,9.1,842.3,7.2,5.37,0.043,0.057,9.99
2,2022,5,3,0,20.3,8.27,9.26,818.2,6.9,5.66,0.038,0.056,9.9
2,2022,5,3,4,20.1,8.05,8.41,813.1,6.8,5.66,0.038,0.056,9.9
2,2022,5,3,8,19.8,7.87,8.59,819.1,5.1,5.23,0.045,0.058,8.72
2,2022,5,3,12,20.9,7.99,10.43,823.2,2.1,5.74,0.039,0.066,9.18
2,2022,5,3,12,20.9,7.99,10.43,823.2,2.1,5.45,0.077,0.089,9.41
2,2022,5,5,8,21.5,7.88,8.63,841.0,1.9,4.8,0.053,0.099,9.55
2,2022,5,5,12,22.0,7.97,9.86,844.5,2.1,5.36,0.041,0.088,9.27
2,2022,5,5,16,22.2,7.97,10.14,845.6,2.5,5.15,0.065,0.091,9.53
2,2022,5,5,20,22.0,7.79,8.2,846.6,2.4,5.67,0.089,0.095,9.64
2,2022,5,6,0,22.1,7.87,8.35,841.6,2.2,4.85,0.078,0.098,10.02
2,2022,5,6,4,22.1,7.9,8.05,834.3,2.9,4.85,0.078,0.098,10.02
2,2022,5,6,8,21.3,7.61,7.37,830.9,2.4,4.43,0.044,0.086,9.65
2,2022,5,6,12,20.7,7.57,7.41,828.3,2.3,4.89,0.063,0.084,9.54
2,2022,5,6,16,20.4,7.59,7.72,828.5,2.5,5.38,0.106,0.099,9.61
2,2022,5,6,20,20.1,7.55,7.22,821.1,2.7,5.34,0.132,0.124,9.96
2,2022,5,7,0,19.8,7.67,7.28,818.1,2.3,5.71,0.1,0.141,10.14
2,2022,5,7,4,19.6,7.74,7.32,817.9,2.8,5.71,0.1,0.141,10.14
2,2022,5,7,8,19.8,7.84,8.88,816.5,2.7,4.24,0.093,0.116,9.78
2,2022,5,7,12,20.7,8.13,10.7,816.3,2.8,5.0,0.057,0.103,9.13
2,2022,5,7,16,20.6,8.26,10.66,814.5,2.1,4.64,0.058,0.097,9.17
2,2022,5,8,16,19.6,7.93,9.61,847.2,2.8,5.31,0.046,0.091,9.26
2,2022,5,8,20,19.3,7.92,8.41,852.8,2.5,5.53,0.047,0.11,9.67
2,2022,5,9,0,19.1,8.05,8.51,868.0,2.5,4.64,0.051,0.107,9.35
2,2022,5,9,4,19.0,7.92,8.17,886.2,2.5,4.64,0.051,0.107,9.35
2,2022,5,9,8,19.0,7.89,8.9,899.5,2.5,5.47,0.049,0.094,8.89
2,2022,5,9,12,19.7,8.2,10.91,907.1,2.3,5.78,0.04,0.09,9.01
2,2022,5,9,16,20.2,8.16,10.78,916.9,2.7,6.79,0.042,0.091,9.15
2,2022,5,9,20,20.0,8.34,10.11,934.4,3.8,6.65,0.047,0.117,10.12
2,2022,5,10,0,19.7,8.1,9.1,943.2,2.7,5.86,0.037,0.102,8.85
2,2022,5,10,4,19.1,7.78,8.1,947.1,3.0,5.86,0.037,0.102,8.85
2,2022,5,10,8,18.6,7.9,8.29,965.8,2.1,5.72,0.052,0.099,8.26
2,2022,5,10,12,18.9,7.89,8.89,948.9,1.9,5.07,0.048,0.093,7.58
2,2022,5,10,12,18.9,7.89,8.89,948.9,1.9,5.88,0.041,0.113,8.43
2,2022,5,11,8,18.5,7.93,9.0,985.8,2.1,5.74,0.076,0.092,8.65
2,2022,5,11,12,19.2,8.21,10.7,993.8,2.1,5.74,0.057,0.095,8.47
2,2022,5,11,16,19.3,8.33,10.9,1000.2,2.3,6.1,0.051,0.099,8.79
2,2022,5,11,20,19.1,8.33,9.76,1012.0,1.8,6.6,0.038,0.098,8.61
2,2022,5,12,0,19.0,8.5,9.8,1019.4,2.2,6.55,0.035,0.094,7.98
2,2022,5,12,4,18.8,8.01,8.59,979.0,2.2,6.55,0.035,0.094,7.98
2,2022,5,12,8,18.4,7.95,8.7,985.1,1.9,6.63,0.038,0.094,9.07
2,2022,5,12,12,19.1,8.16,10.25,980.9,1.8,6.19,0.037,0.096,9.07
2,2022,5,12,16,19.4,8.22,10.28,975.5,2.3,6.19,0.035,0.108,9.39
2,2022,5,16,8,20.3,8.2,9.05,1013.5,3.0,4.52,0.034,0.069,5.96
2,2022,5,16,16,21.6,8.58,11.0,1026.6,2.8,4.11,0.128,0.097,7.14
2,2022,5,16,20,21.2,8.65,9.66,1059.8,2.6,3.88,0.081,0.088,6.49
2,2022,5,17,8,20.3,8.14,8.84,1035.6,2.5,4.03,0.078,0.083,6.51
2,2022,5,17,12,21.5,8.51,11.27,1034.2,3.0,4.12,0.047,0.074,6.76
2,2022,5,17,16,21.9,8.49,9.65,1019.9,2.8,4.02,0.04,0.075,6.62
2,2022,5,17,20,21.9,8.6,8.89,1049.6,2.6,4.45,0.044,0.084,7.22
2,2022,5,18,0,21.8,8.64,8.7,1077.7,2.1,4.26,0.036,0.076,6.42
2,2022,5,18,4,21.4,8.28,7.46,1053.0,2.3,4.26,0.036,0.076,6.42
2,2022,5,18,8,21.3,8.25,9.3,1032.9,2.4,4.0,0.04,0.069,6.1
2,2022,5,18,12,22.2,8.53,11.88,1022.9,2.7,4.01,0.036,0.068,6.53
2,2022,5,18,16,23.0,8.7,12.37,994.8,3.2,4.07,0.031,0.068,7.0
2,2022,5,18,20,22.6,8.66,9.86,1035.7,2.4,4.24,0.03,0.069,7.68
2,2022,5,19,0,22.6,8.79,9.28,1077.7,2.4,4.22,0.029,0.066,7.14
2,2022,5,19,4,22.2,8.34,7.91,1047.6,2.4,4.22,0.029,0.066,7.14
2,2022,5,19,8,21.9,8.18,8.68,1039.6,2.1,4.12,0.032,0.063,6.33
2,2022,5,19,12,22.6,8.52,11.4,1031.9,2.8,3.91,0.034,0.06,6.36
2,2022,5,19,16,23.2,8.63,11.47,1000.7,3.1,4.12,0.03,0.059,6.33
2,2022,5,19,20,23.0,8.6,9.59,1040.8,2.5,3.96,0.029,0.062,7.76
2,2022,5,20,0,23.2,8.74,8.9,1076.7,2.5,4.11,0.03,0.062,6.55
2,2022,5,20,4,22.6,8.16,7.26,1030.7,3.2,4.11,0.03,0.062,6.55
2,2022,5,20,8,22.5,8.16,8.54,1022.7,2.5,4.31,0.037,0.062,6.55
2,2022,5,20,12,23.8,8.59,12.19,1010.3,2.4,3.79,0.035,0.059,6.9
2,2022,5,20,16,24.3,8.72,11.77,1010.4,4.5,3.9,0.032,0.059,6.98
2,2022,5,20,20,23.9,8.69,9.78,1040.4,3.0,4.18,0.03,0.063,7.24
2,2022,5,21,0,24.0,8.71,8.8,1066.2,2.5,3.81,0.029,0.064,6.43
2,2022,5,21,4,23.5,8.16,7.1,1032.1,2.3,3.78,0.03,0.064,5.78
2,2022,5,21,8,23.2,8.09,8.45,1019.7,3.0,3.83,0.042,0.062,6.8
2,2022,5,21,12,24.5,8.55,11.08,1020.4,3.0,3.94,0.054,0.06,6.88
2,2022,5,21,16,24.8,8.38,11.52,973.2,3.7,3.88,0.039,0.059,6.37
2,2022,5,21,20,24.9,8.8,9.49,1068.4,3.9,4.26,0.04,0.064,7.83
2,2022,5,22,0,24.7,8.53,8.09,1067.9,3.3,4.09,0.031,0.059,5.92
2,2022,5,22,4,23.9,8.05,6.7,1045.2,3.6,4.0,0.041,0.059,5.43
2,2022,5,22,8,23.9,8.15,7.71,1047.0,4.1,3.78,0.081,0.056,5.77
2,2022,5,22,12,24.8,8.42,10.41,1029.7,5.4,3.86,0.056,0.054,5.89
2,2022,5,22,16,25.5,8.71,10.73,1034.3,6.1,4.27,0.035,0.057,6.52
2,2022,5,22,20,25.7,8.81,9.25,1078.2,7.4,4.09,0.03,0.057,6.28
2,2022,5,23,0,25.1,8.32,7.51,1040.0,6.6,3.93,0.03,0.064,5.35
2,2022,5,23,4,24.2,8.03,6.22,1045.2,6.3,3.84,0.043,0.062,6.32
2,2022,5,23,8,24.3,8.11,7.5,1044.8,6.1,3.61,0.042,0.057,5.91
2,2022,5,23,12,25.2,8.36,9.73,1033.4,8.6,3.52,0.035,0.061,6.24
2,2022,5,23,16,25.9,8.62,8.73,1044.8,4.4,3.52,0.033,0.064,6.21
2,2022,5,24,8,24.5,8.19,8.02,1063.5,2.6,4.24,0.047,0.063,4.61
2,2022,5,24,12,25.1,8.44,10.32,1054.4,2.9,4.22,0.038,0.059,4.68
2,2022,5,24,16,25.5,8.62,10.27,1064.2,2.8,4.38,0.028,0.06,5.16
2,2022,5,24,20,25.6,8.77,9.02,1117.1,3.9,4.47,0.031,0.062,5.0
2,2022,5,25,0,25.4,8.53,7.82,1104.4,2.3,4.58,0.031,0.062,3.73
2,2022,5,25,4,24.3,8.07,6.42,1072.3,2.4,4.58,0.031,0.062,3.73
2,2022,5,25,8,24.1,8.28,8.23,1086.7,2.5,4.63,0.048,0.069,4.66
2,2022,5,25,12,24.8,8.55,11.25,1066.2,3.3,4.15,0.036,0.065,4.6
2,2022,5,25,16,25.3,8.76,11.47,1061.9,4.0,4.29,0.029,0.065,5.46
2,2022,5,25,20,25.0,8.78,9.62,1098.2,3.3,4.6,0.027,0.066,5.46
2,2022,5,26,0,24.8,8.63,8.47,1105.5,2.7,4.43,0.028,0.067,4.49
2,2022,5,26,4,24.1,8.21,7.05,1081.2,2.4,4.43,0.028,0.067,4.49
2,2022,5,26,8,23.9,8.22,7.9,1086.1,2.8,4.14,0.034,0.064,4.83
2,2022,5,26,12,24.8,8.54,10.56,1076.4,3.1,4.31,0.033,0.059,4.92
2,2022,5,26,16,25.5,8.81,10.94,1079.5,4.1,4.58,0.026,0.06,5.18
2,2022,5,26,20,25.3,8.8,9.24,1097.8,3.5,4.67,0.028,0.063,5.25
2,2022,5,27,0,25.3,8.77,8.3,1134.0,2.9,4.6,0.028,0.064,4.56
2,2022,5,27,4,24.3,8.23,6.71,1089.5,2.5,4.48,0.034,0.066,3.55
2,2022,5,27,8,24.0,8.24,7.76,1091.0,2.8,4.4,0.034,0.065,4.21
2,2022,5,27,16,25.5,8.69,10.96,1055.7,4.3,4.51,0.03,0.063,5.3
2,2022,5,27,20,25.3,8.76,9.34,1095.6,3.5,4.8,0.028,0.065,5.6
2,2022,5,28,0,25.2,8.76,8.34,1123.4,2.6,4.84,0.028,0.065,4.71
2,2022,5,28,4,24.6,8.28,6.74,1087.9,2.7,4.52,0.029,0.068,3.9
2,2022,5,28,8,24.3,8.26,7.62,1082.7,2.6,4.57,0.038,0.064,4.46
2,2022,5,28,12,25.2,8.62,10.35,1075.8,4.0,4.35,0.035,0.062,4.74
2,2022,5,28,16,25.8,8.78,10.56,1059.6,4.6,4.53,0.029,0.061,5.22
2,2022,5,28,16,25.8,8.78,10.56,1059.6,4.6,4.89,0.028,0.063,5.37
2,2022,5,28,20,25.6,8.8,9.44,1095.0,5.7,4.89,0.028,0.063,5.37
2,2022,5,29,0,25.6,8.8,8.07,1133.0,3.0,4.72,0.028,0.066,4.61
2,2022,5,29,4,24.8,8.28,6.49,1086.8,3.1,4.27,0.031,0.066,3.52
2,2022,5,29,8,24.6,8.22,7.11,1078.3,2.9,4.45,0.039,0.065,4.51
2,2022,5,29,12,24.4,8.29,7.42,1074.4,4.1,4.46,0.038,0.063,4.51
2,2022,5,29,16,25.3,8.66,8.73,1060.6,5.4,4.69,0.044,0.064,4.62
2,2022,5,29,20,24.7,8.65,8.69,1087.6,5.9,4.93,0.035,0.07,5.26
2,2022,5,30,0,24.4,8.76,8.09,1121.4,3.8,4.44,0.033,0.069,4.35
2,2022,5,30,4,23.8,8.31,6.95,1077.1,3.2,4.42,0.035,0.066,3.79
2,2022,5,30,4,23.8,8.31,6.95,1077.1,3.2,4.45,0.062,0.065,4.5
2,2022,5,30,12,24.7,8.57,9.81,1067.8,5.7,4.29,0.052,0.062,4.35
2,2022,5,30,16,25.2,8.71,10.58,1054.6,8.4,4.52,0.037,0.066,5.26
2,2022,5,30,16,25.2,8.71,10.58,1054.6,8.4,4.79,0.03,0.07,5.38
2,2022,5,30,20,25.0,8.86,9.43,1105.5,7.0,4.63,0.029,0.068,4.03
2,2022,5,31,0,24.8,8.61,8.05,1088.9,5.8,4.63,0.029,0.068,4.03
2,2022,5,31,8,23.9,8.36,7.42,1100.3,5.2,4.75,0.038,0.066,4.18
2,2022,5,31,12,24.6,8.48,9.14,1076.5,6.6,4.7,0.034,0.07,4.11
2,2022,5,31,16,24.8,8.67,9.25,1113.5,30.0,5.04,0.031,0.076,4.78
2,2022,5,31,16,24.8,8.67,9.25,1113.5,30.0,5.57,0.035,0.102,3.89
2,2022,6,1,0,23.9,8.14,6.44,1073.3,14.7,4.93,0.048,0.1,3.86
2,2022,6,1,0,23.9,8.14,6.44,1073.3,14.7,4.93,0.048,0.1,3.86
2,2022,6,1,8,23.7,8.12,7.1,1076.5,13.9,4.72,0.062,0.088,5.53
2,2022,6,1,12,25.1,8.49,9.64,1079.0,14.9,4.63,0.05,0.092,5.72
2,2022,6,1,16,26.3,8.63,11.1,1086.7,18.5,4.97,0.039,0.1,5.88
2,2022,6,1,20,25.6,8.61,9.23,1121.8,17.5,5.07,0.035,0.116,5.21
2,2022,6,2,0,24.5,8.09,6.91,1106.0,10.1,5.05,0.039,0.108,3.96
2,2022,6,2,0,24.5,8.09,6.91,1106.0,10.1,5.05,0.039,0.108,3.96
2,2022,6,2,8,23.9,7.98,6.95,1090.3,9.6,4.97,0.045,0.094,4.36
2,2022,6,2,12,25.2,8.33,9.95,1093.5,11.5,4.51,0.04,0.102,5.21
2,2022,6,2,16,26.5,8.72,10.89,1112.4,17.7,4.89,0.035,0.11,5.18
2,2022,6,2,20,26.0,8.58,9.41,1091.1,18.2,5.07,0.032,0.116,4.12
2,2022,6,3,0,24.9,8.02,7.2,1080.2,10.3,4.89,0.037,0.121,4.64
2,2022,6,3,4,24.4,7.94,5.9,1097.9,12.2,4.89,0.037,0.121,4.64
2,2022,6,3,8,24.3,7.91,6.56,1085.8,10.2,4.86,0.045,0.1,4.9
2,2022,6,3,12,25.3,8.23,9.13,1087.8,12.6,4.47,0.038,0.11,5.55
2,2022,6,3,16,26.5,8.68,10.48,1105.1,17.3,4.84,0.036,0.111,5.68
2,2022,6,3,20,26.2,8.54,9.06,1093.0,17.1,4.85,0.034,0.114,4.72
2,2022,6,4,0,25.4,7.93,6.78,1064.3,10.0,4.7,0.039,0.117,4.81
2,2022,6,4,4,24.9,7.8,5.68,1062.7,10.5,4.7,0.039,0.117,4.81
2,2022,6,4,8,24.5,7.74,5.84,1056.8,10.0,4.71,0.053,0.106,5.68
2,2022,6,4,12,25.3,7.97,7.83,1074.2,13.7,4.94,0.06,0.107,6.19
2,2022,6,4,16,26.8,8.56,9.73,1108.8,15.3,4.71,0.058,0.106,5.98
2,2022,6,4,20,26.7,8.63,9.21,1119.9,17.1,4.85,0.043,0.107,4.56
2,2022,6,5,0,25.6,7.94,6.9,1063.9,11.1,4.72,0.04,0.106,4.05
2,2022,6,5,4,24.9,7.76,5.8,1055.4,10.7,4.72,0.04,0.106,4.05
2,2022,6,5,8,24.9,7.8,6.81,1047.7,10.0,4.64,0.062,0.102,5.93
2,2022,6,5,12,26.1,8.25,9.08,1070.2,11.4,4.32,0.046,0.104,6.76
2,2022,6,5,16,27.0,8.72,10.83,1106.5,16.2,4.73,0.034,0.106,5.89
2,2022,6,5,20,26.2,8.65,9.3,1102.0,17.8,5.12,0.03,0.108,4.4
2,2022,6,6,0,24.9,8.01,6.9,1062.7,11.9,4.67,0.033,0.106,4.31
2,2022,6,6,4,24.3,7.93,5.94,1071.9,12.5,4.67,0.033,0.106,4.31
2,2022,6,6,8,24.3,7.95,6.84,1058.4,9.0,4.64,0.045,0.096,5.27
2,2022,6,6,8,24.3,7.95,6.84,1058.4,9.0,4.64,0.045,0.096,5.27
2,2022,6,6,12,25.0,8.24,8.98,1071.2,11.1,4.46,0.04,0.097,6.04
2,2022,6,6,16,25.6,8.66,9.97,1104.2,16.6,4.49,0.035,0.098,5.75
2,2022,6,6,20,25.4,8.52,8.61,1090.9,20.0,5.02,0.032,0.101,4.34
2,2022,6,7,0,24.4,7.94,7.18,1052.6,14.3,4.86,0.036,0.105,4.55
2,2022,6,7,4,24.1,7.92,6.24,1081.0,11.2,4.86,0.036,0.105,4.55
2,2022,6,7,8,24.2,7.97,7.16,1081.3,9.6,4.75,0.039,0.082,4.89
2,2022,6,7,12,24.7,8.06,8.58,1063.4,5.5,4.5,0.035,0.075,5.38
2,2022,6,7,16,25.2,8.58,9.5,1131.2,19.4,4.65,0.04,0.072,5.86
2,2022,6,7,20,25.0,8.45,8.75,1114.5,16.2,4.82,0.03,0.085,3.42
2,2022,6,8,0,24.2,7.88,6.99,1056.3,10.6,4.43,0.05,0.083,3.95
2,2022,6,8,4,23.6,7.86,6.17,1086.8,11.8,4.23,0.075,0.08,5.62
2,2022,6,8,12,24.4,8.19,9.27,1089.2,11.8,4.64,0.056,0.071,5.94
2,2022,6,8,16,24.8,8.64,10.54,1110.4,19.3,4.45,0.044,0.074,6.04
2,2022,6,9,0,23.7,8.12,7.3,1098.8,12.4,4.83,0.035,0.078,4.4
2,2022,6,9,4,23.3,7.96,7.0,1096.0,12.0,4.83,0.035,0.078,4.4
2,2022,6,9,8,23.2,7.89,6.76,1072.3,10.2,4.58,0.041,0.066,4.99
2,2022,6,9,12,23.7,8.14,8.43,1081.0,11.3,4.51,0.04,0.065,6.13
2,2022,6,9,12,23.7,8.14,8.43,1081.0,11.3,5.01,0.045,0.064,6.13
2,2022,6,9,16,23.9,8.49,9.68,1103.3,13.8,4.71,0.04,0.071,5.28
2,2022,6,9,20,23.7,8.44,8.49,1107.0,19.8,4.91,0.042,0.076,5.13
2,2022,6,10,0,23.4,8.0,7.1,1080.7,13.5,4.91,0.042,0.076,5.13
2,2022,6,10,4,23.1,7.95,6.51,1092.7,12.0,4.73,0.046,0.064,4.82
2,2022,6,10,8,23.1,7.97,7.26,1087.2,10.6,4.44,0.039,0.064,5.21
2,2022,6,10,12,24.2,8.26,9.77,1080.3,12.6,4.84,0.045,0.068,5.99
2,2022,6,10,16,24.8,8.65,11.14,1104.6,16.9,4.64,0.044,0.076,4.91
2,2022,6,10,20,24.4,8.59,9.48,1125.8,19.8,4.67,0.037,0.077,4.38
2,2022,6,11,0,23.8,8.08,7.37,1085.3,11.8,4.67,0.037,0.077,4.38
2,2022,6,11,4,23.1,7.49,4.12,919.4,124.5,12.99,3.93,0.226,8.77
2,2022,6,11,8,23.2,7.39,3.55,908.1,33.6,10.63,1.769,0.127,8.8
2,2022,6,11,12,23.9,7.54,6.25,1017.7,25.1,10.63,0.115,0.088,7.74
2,2022,6,11,16,24.5,7.97,8.58,1054.2,19.2,5.15,0.054,0.08,6.87
2,2022,6,11,20,24.0,8.13,7.57,1090.7,24.4,5.07,0.057,0.077,5.15
2,2022,6,12,0,23.3,7.7,4.96,978.3,138.3,5.07,0.057,0.077,5.15
2,2022,6,12,4,23.2,7.52,2.67,1034.3,49.7,9.97,5.047,0.393,9.42
2,2022,6,12,8,23.2,7.31,1.48,989.5,34.4,11.1,4.893,0.374,10.32
2,2022,6,12,12,23.6,7.29,2.99,981.8,18.7,8.76,2.782,0.253,9.04
2,2022,6,12,16,24.3,8.02,7.11,1078.6,16.1,5.53,0.172,0.14,4.88
2,2022,6,12,20,24.2,8.0,6.69,1046.8,10.8,5.1,0.107,0.093,4.76
2,2022,6,13,12,22.8,7.23,1.1,788.9,27.1,10.09,6.103,0.37,11.98
2,2022,6,13,16,23.6,7.59,5.91,898.0,24.2,5.83,0.673,0.183,6.08
2,2022,6,13,20,23.5,7.6,7.07,910.3,19.9,5.26,0.29,0.117,4.62
2,2022,6,14,0,22.9,7.5,5.1,900.0,20.2,5.26,0.29,0.117,4.62
2,2022,6,14,4,22.4,7.48,5.7,904.2,14.4,5.35,0.486,0.094,3.97
2,2022,6,14,8,22.6,7.46,7.57,882.7,14.0,5.13,0.487,0.091,4.62
2,2022,6,14,16,25.0,7.98,8.74,939.2,12.8,5.14,0.346,0.091,4.02
2,2022,6,14,20,24.7,7.8,7.38,955.8,14.7,5.13,0.294,0.091,4.22
2,2022,6,15,0,23.7,7.56,5.44,960.3,12.1,5.13,0.294,0.091,4.22
2,2022,6,15,4,23.2,7.58,5.0,997.3,12.3,5.34,0.42,0.084,3.83
2,2022,6,15,8,23.5,7.58,5.57,995.4,10.4,5.34,0.42,0.084,3.83
2,2022,6,15,12,24.4,7.85,7.51,1032.9,8.8,5.15,0.293,0.081,4.9
2,2022,6,15,16,25.5,8.21,8.9,1059.6,10.6,5.07,0.187,0.079,4.31
2,2022,6,15,20,25.0,8.05,7.53,1068.4,9.0,4.71,0.145,0.086,3.96
2,2022,6,16,0,24.4,7.72,5.61,1023.8,7.0,4.72,0.12,0.099,3.92
2,2022,6,16,4,24.0,7.47,4.85,955.3,6.9,4.72,0.12,0.099,3.92
2,2022,6,16,12,25.0,7.7,7.78,968.7,5.7,4.69,0.207,0.084,6.43
2,2022,6,16,16,27.8,8.1,10.91,970.1,2.7,5.35,0.194,0.084,7.12
2,2022,6,16,20,26.2,7.8,7.93,991.2,7.5,4.92,0.15,0.098,6.74
2,2022,6,17,0,25.9,7.66,4.92,952.2,5.2,4.95,0.164,0.091,6.58
2,2022,6,17,4,24.6,7.39,3.68,885.8,4.3,4.95,0.164,0.091,6.58
2,2022,6,17,8,24.3,7.43,4.46,903.3,4.2,4.75,0.385,0.089,8.16
2,2022,6,17,12,25.4,7.54,7.92,909.9,7.5,4.63,0.262,0.088,7.27
2,2022,6,17,16,26.4,8.43,10.17,1065.0,6.3,4.94,0.157,0.083,9.28
2,2022,6,17,20,26.3,8.17,8.26,1025.1,6.3,4.58,0.038,0.072,6.24
2,2022,6,18,0,25.5,7.64,5.99,980.2,6.2,4.74,0.062,0.069,5.83
2,2022,6,18,4,24.9,7.59,4.74,990.4,4.1,4.74,0.062,0.069,5.83
2,2022,6,18,8,24.7,7.6,5.25,993.1,17.0,4.63,0.099,0.063,6.36
2,2022,6,18,12,26.1,7.76,8.65,939.8,4.4,4.69,0.095,0.075,6.91
2,2022,6,18,16,27.9,8.24,10.08,991.4,4.5,4.86,0.054,0.07,8.02
2,2022,6,18,20,27.8,8.22,8.51,1029.0,5.7,4.49,0.04,0.071,7.04
2,2022,6,19,0,27.0,7.92,5.85,1014.6,3.5,4.66,0.052,0.079,6.08
2,2022,6,19,4,25.8,7.5,3.93,941.6,4.3,4.66,0.052,0.079,6.08
2,2022,6,19,8,25.3,7.49,5.24,918.1,3.8,4.96,0.116,0.07,7.03
2,2022,6,19,12,26.7,7.85,8.26,956.4,5.6,4.66,0.074,0.068,7.79
2,2022,6,19,16,28.0,8.3,10.41,963.1,4.5,4.72,0.041,0.067,7.21
2,2022,6,19,20,28.0,8.26,8.82,983.3,4.2,4.75,0.031,0.069,6.78
2,2022,6,20,0,27.3,7.91,5.36,983.2,3.2,4.69,0.036,0.074,5.88
2,2022,6,20,4,26.1,7.51,4.08,927.5,5.5,4.69,0.036,0.074,5.88
2,2022,6,20,8,25.9,7.54,5.0,938.9,2.7,4.69,0.078,0.068,6.85
2,2022,6,20,12,27.1,7.8,7.91,915.7,7.4,4.47,0.064,0.068,6.59
2,2022,6,20,16,28.6,8.05,10.79,890.6,5.5,4.63,0.038,0.07,7.86
2,2022,6,20,20,28.9,8.05,8.32,947.8,5.5,4.76,0.031,0.072,8.87
2,2022,6,21,0,27.7,7.7,5.36,941.8,3.6,4.66,0.039,0.077,7.7
2,2022,6,21,4,26.8,7.52,4.16,942.7,3.6,4.66,0.039,0.077,7.7
2,2022,6,21,8,26.7,7.53,4.79,939.0,3.4,4.7,0.1,0.065,7.26
2,2022,6,21,12,27.8,7.82,8.02,942.2,3.8,4.83,0.064,0.063,7.59
2,2022,6,22,8,26.2,7.49,4.35,936.7,3.0,4.68,0.084,0.065,8.13
2,2022,6,22,12,26.2,7.54,5.97,933.1,3.3,4.52,0.068,0.066,8.29
2,2022,6,22,16,26.2,7.57,6.35,932.4,4.9,4.58,0.082,0.071,9.05
2,2022,6,22,20,26.2,7.58,5.39,938.4,4.5,4.89,0.09,0.073,8.35
2,2022,6,23,0,26.2,7.62,4.72,944.5,2.8,4.68,0.09,0.073,8.35
2,2022,6,23,4,25.9,7.5,4.78,921.6,2.9,4.68,0.175,0.075,8.25
2,2022,6,23,8,25.9,7.46,5.49,927.0,5.3,4.77,0.181,0.074,8.07
2,2022,6,23,12,27.1,7.61,7.15,933.0,3.0,4.92,0.123,0.071,8.1
2,2022,6,23,16,28.1,7.75,8.24,928.4,3.3,4.84,0.083,0.071,8.96
2,2022,7,4,12,26.0,7.14,1.76,619.9,12.0,4.99,1.402,0.156,7.73
2,2022,7,4,16,26.5,7.19,1.99,607.4,16.8,4.99,1.374,0.156,7.73
2,2022,7,11,8,26.0,7.53,6.16,709.2,8.5,3.75,0.136,0.092,5.84
2,2022,7,11,12,27.3,7.99,8.21,706.8,7.7,4.16,0.091,0.084,7.46
2,2022,7,11,16,27.8,8.18,7.98,736.0,9.7,3.75,0.074,0.081,6.44
2,2022,7,13,8,25.7,7.53,5.11,729.8,10.9,4.38,0.168,0.18,6.54
2,2022,7,13,12,27.6,7.82,7.19,732.7,7.7,4.45,0.126,0.132,6.59
2,2022,7,13,16,29.5,8.32,8.1,757.9,8.5,4.14,0.101,0.114,6.57
2,2022,7,18,12,28.9,8.02,8.57,838.0,2.6,4.46,0.034,0.069,6.92
2,2022,7,18,16,30.2,8.47,11.17,835.9,4.1,4.63,0.033,0.074,8.1
2,2022,7,19,20,28.2,7.83,7.94,853.5,2.8,4.75,0.063,0.079,8.22
2,2022,7,20,12,28.8,7.97,8.98,851.1,5.2,4.68,0.05,0.063,8.15
2,2022,7,20,16,29.4,8.18,9.75,851.6,2.5,4.87,0.037,0.062,9.4
2,2022,7,21,8,27.7,7.71,6.05,861.8,2.3,4.27,0.066,0.06,8.42
2,2022,7,21,12,28.3,7.86,8.16,859.6,2.5,4.18,0.055,0.058,9.6
2,2022,7,22,8,27.9,7.67,6.0,860.5,2.3,4.54,0.11,0.06,9.05
2,2022,7,22,12,28.3,7.82,7.95,862.4,1.9,4.56,0.102,0.058,8.87
2,2022,7,22,20,28.2,7.82,7.52,865.3,2.1,4.68,0.043,0.056,10.15
2,2022,7,23,20,28.4,7.45,4.89,835.9,7.5,10.27,3.762,0.2,11.9
2,2022,7,24,0,28.8,7.67,6.22,842.4,3.6,7.62,1.942,0.145,11.76
2,2022,7,24,4,28.3,7.61,4.9,821.8,7.6,5.31,0.275,0.096,10.07
2,2022,7,24,8,27.6,7.51,5.01,798.8,2.8,5.04,0.144,0.087,9.51
2,2022,7,24,12,28.8,7.74,7.9,793.5,2.5,4.96,0.098,0.082,8.04
2,2022,7,24,16,29.9,8.06,9.39,787.4,2.9,4.85,0.068,0.079,7.22
2,2022,7,24,20,28.9,7.77,7.58,800.0,6.7,5.11,0.052,0.081,7.24
2,2022,7,25,0,29.3,7.86,6.12,822.2,1.8,5.07,0.056,0.081,8.11
2,2022,7,25,4,27.9,7.52,4.9,814.4,1.7,4.69,0.074,0.082,7.55
2,2022,7,25,12,28.3,7.66,7.38,823.3,2.2,4.94,0.103,0.063,6.98
2,2022,7,25,16,28.8,7.9,8.73,822.6,2.6,5.03,0.067,0.06,8.71
2,2022,7,25,20,29.1,8.08,7.74,815.3,2.5,5.13,0.034,0.058,8.62
2,2022,7,26,0,28.6,7.73,5.82,821.5,1.9,4.71,0.038,0.058,7.8
2,2022,7,26,4,27.9,7.54,4.47,826.4,1.8,4.8,0.195,0.06,7.92
2,2022,7,26,8,27.8,7.61,5.48,832.5,2.2,4.5,0.295,0.06,7.38
2,2022,7,26,12,29.0,7.75,7.4,827.9,5.3,4.82,0.15,0.062,7.7
2,2022,7,26,16,29.0,7.93,8.74,829.7,3.0,4.89,0.109,0.063,7.46
2,2022,7,26,20,29.0,7.97,7.63,827.2,2.7,4.85,0.04,0.06,8.92
2,2022,7,27,0,29.1,8.0,6.51,817.2,1.9,5.0,0.034,0.064,8.86
2,2022,11,1,12,17.1,7.87,9.74,874.1,1.6,5.93,0.043,0.052,8.44
2,2022,11,1,16,16.9,8.13,10.58,889.3,1.4,5.58,0.038,0.051,7.82
2,2022,11,2,12,17.1,7.85,9.85,872.3,1.3,5.55,0.033,0.048,8.9
2,2022,11,3,0,17.1,7.91,9.13,875.4,1.6,5.17,0.03,0.047,7.36
2,2022,11,3,4,17.0,7.75,8.42,870.7,1.6,5.17,0.035,0.044,7.36
2,2022,11,3,8,16.8,7.73,8.42,876.5,1.7,5.85,0.042,0.046,8.52
2,2022,11,3,12,17.2,7.81,9.62,873.7,1.3,5.7,0.033,0.044,8.49
2,2022,11,3,16,17.6,7.71,9.75,869.9,1.3,5.7,0.041,0.047,9.72
2,2022,11,3,20,15.9,8.34,10.55,920.4,1.4,5.07,0.039,0.045,7.14
2,2022,11,4,0,16.3,7.94,9.42,882.3,1.8,4.38,0.039,0.045,7.14
2,2022,11,4,4,16.4,7.72,8.67,869.6,2.0,4.38,0.046,0.044,9.1
2,2022,11,4,8,16.3,7.71,8.67,861.9,1.7,4.7,0.046,0.046,9.54
2,2022,11,4,12,16.5,7.83,9.98,882.5,1.4,4.82,0.044,0.046,9.77
2,2022,11,4,16,15.9,8.21,10.84,919.3,2.4,5.76,0.042,0.046,8.01
2,2022,11,4,20,14.8,8.46,10.88,947.4,1.8,4.32,0.041,0.046,6.51
2,2022,11,5,0,15.9,7.88,9.36,894.7,1.7,4.32,0.041,0.046,6.51
2,2022,11,5,4,15.6,7.79,8.88,895.9,1.8,4.32,0.047,0.047,8.62
2,2022,11,5,8,15.5,7.75,8.89,893.0,1.7,4.94,0.046,0.048,9.08
2,2022,11,7,4,15.1,7.81,9.01,906.7,1.9,4.47,0.052,0.055,7.66
2,2022,11,7,8,15.0,7.79,9.1,905.4,1.9,4.98,0.052,0.06,8.14
2,2022,11,7,12,15.8,7.82,10.26,898.8,1.5,4.75,0.046,0.064,9.2
2,2022,11,7,16,15.9,8.03,10.87,903.1,1.6,5.37,0.045,0.07,8.79
2,2022,11,7,20,14.4,8.41,10.93,945.7,1.7,4.53,0.042,0.062,6.71
2,2022,11,8,0,15.6,7.85,9.47,891.3,1.8,3.94,0.042,0.062,6.71
2,2022,11,8,4,15.5,7.7,8.82,888.0,1.9,3.94,0.048,0.066,8.66
2,2022,11,8,8,15.0,7.74,9.58,899.9,1.6,4.42,0.055,0.076,8.65
2,2022,11,8,12,15.6,7.85,10.42,897.7,1.6,4.57,0.056,0.086,9.19
2,2022,11,8,16,16.1,7.87,10.81,887.1,1.3,4.7,0.044,0.095,9.64
2,2022,11,8,20,15.2,8.12,10.52,908.1,1.3,4.82,0.053,0.097,8.86
2,2022,11,9,0,15.8,7.82,9.56,881.9,1.5,4.58,0.053,0.097,8.86
2,2022,11,9,4,16.0,7.62,8.73,870.2,1.7,4.58,0.05,0.071,9.76
2,2022,11,9,8,15.9,7.61,8.67,875.6,1.6,4.28,0.049,0.071,10.65
2,2022,11,9,12,16.0,7.73,9.87,886.6,1.3,4.3,0.044,0.067,10.83
2,2022,11,9,16,15.9,7.83,10.07,893.5,1.2,4.41,0.044,0.066,10.91
2,2022,11,9,20,15.0,8.15,10.28,917.2,1.5,4.52,0.047,0.064,9.54
2,2022,11,10,0,15.6,7.85,9.43,892.4,1.8,3.99,0.047,0.064,9.54
2,2022,11,10,4,15.9,7.64,8.83,877.1,1.5,3.99,0.053,0.061,9.51
2,2022,11,10,8,15.8,7.67,8.75,876.9,1.7,4.3,0.058,0.066,9.93
2,2022,11,10,12,16.3,7.78,10.05,876.4,1.3,4.36,0.046,0.065,10.02
2,2022,11,10,16,16.4,7.93,10.56,878.3,1.5,4.88,0.044,0.067,9.96
2,2022,11,10,20,15.4,8.26,10.61,909.8,1.6,4.77,0.045,0.062,8.62
2,2022,11,11,0,16.4,7.8,9.37,877.7,1.9,4.06,0.045,0.062,8.62
2,2022,11,11,4,16.5,7.68,8.66,870.3,1.8,4.06,0.054,0.063,9.15
2,2022,11,11,8,16.3,7.74,8.58,875.9,1.8,4.28,0.058,0.065,9.45
2,2022,11,11,12,16.7,7.63,8.69,859.8,1.6,4.18,0.066,0.069,10.52
2,2022,11,11,16,16.6,7.65,8.35,860.5,1.8,4.66,0.086,0.071,10.61
2,2022,11,11,20,15.9,7.86,8.81,881.8,1.6,4.65,0.097,0.067,9.07
2,2022,11,12,0,17.0,7.52,7.1,809.6,60.4,4.06,0.097,0.067,9.07
2,2022,11,12,4,17.1,7.32,5.74,742.1,94.7,4.06,7.867,0.666,15.95
2,2022,11,12,16,15.8,7.24,6.28,785.9,18.5,8.65,4.36,0.413,10.5
2,2022,11,12,20,14.8,7.3,7.58,781.9,10.6,7.64,1.352,0.21,8.33
2,2022,11,13,0,15.6,6.95,6.72,682.9,6.3,5.48,1.352,0.21,8.33
2,2022,11,13,4,14.8,7.06,7.48,668.1,7.2,5.48,1.084,0.139,8.26
2,2022,11,13,8,14.5,7.06,7.58,672.6,6.2,5.38,0.911,0.128,8.52
2,2022,11,13,12,15.1,7.07,8.17,662.0,5.9,5.0,0.809,0.122,8.58
2,2022,11,13,16,15.2,7.17,8.41,659.1,3.9,4.91,0.84,0.119,8.58
2,2022,11,13,20,14.4,7.4,9.14,690.1,5.5,4.93,0.787,0.114,7.52
2,2022,11,14,0,14.5,7.22,8.3,736.2,4.0,4.3,0.787,0.114,7.52
2,2022,11,14,4,14.6,7.11,8.81,745.1,3.7,4.3,0.254,0.088,8.02
2,2022,11,14,8,14.6,7.09,7.94,762.6,2.9,4.04,0.186,0.088,9.06
2,2022,11,14,12,15.3,7.11,8.49,766.7,2.3,4.0,0.186,0.084,9.01
2,2022,11,14,16,15.1,7.34,9.19,781.0,2.7,4.09,0.193,0.084,8.95
2,2022,11,14,16,15.1,7.34,9.19,781.0,2.7,4.09,0.193,0.084,8.95
2,2022,11,14,20,14.5,7.5,9.43,805.5,2.8,3.6,0.175,0.077,8.2
2,2022,11,15,0,15.1,7.1,8.21,785.4,2.9,3.6,0.175,0.077,8.2
2,2022,11,15,4,14.9,7.1,8.02,792.7,3.2,3.99,0.227,0.076,8.99
2,2022,11,15,8,14.6,7.11,8.09,795.5,2.8,4.04,0.228,0.085,9.4
2,2022,11,15,12,15.3,7.19,8.84,797.0,1.9,4.24,0.183,0.086,9.3
2,2022,11,15,16,14.9,7.39,9.63,799.2,2.6,3.64,0.178,0.078,8.66
2,2022,11,16,12,14.8,7.29,9.28,819.0,1.9,4.0,0.154,0.094,9.12
2,2022,11,16,16,14.4,7.57,10.02,822.7,2.3,4.12,0.142,0.092,9.04
2,2022,11,16,20,14.3,7.48,9.69,813.1,2.2,3.74,0.197,0.083,8.17
2,2022,11,17,0,14.5,7.24,8.51,807.1,2.1,3.54,0.176,0.074,8.23
2,2022,11,17,4,14.0,7.28,8.43,821.9,1.9,3.78,0.176,0.074,8.12
2,2022,11,17,8,14.2,7.24,8.34,823.1,2.1,3.59,0.127,0.071,7.95
2,2022,11,17,12,15.0,7.28,9.16,819.6,1.4,3.86,0.08,0.07,8.41
2,2022,11,17,20,14.2,7.64,9.95,836.3,1.9,4.2,0.071,0.067,8.58
2,2022,11,18,0,14.8,7.4,9.49,827.8,2.2,3.84,0.091,0.066,7.65
2,2022,11,18,4,15.0,7.24,8.73,828.1,2.0,4.01,0.105,0.068,8.34
2,2022,11,18,8,14.9,7.23,8.42,830.5,2.1,3.96,0.083,0.068,8.59
2,2022,11,18,12,15.3,7.28,8.93,830.9,2.2,4.16,0.082,0.067,9.2
2,2022,11,18,16,14.9,7.46,9.44,844.9,1.9,4.34,0.07,0.065,9.46
2,2022,11,18,20,14.2,7.68,9.84,865.1,1.7,4.2,0.067,0.064,8.8
2,2022,11,19,0,15.1,7.36,8.69,845.1,1.7,3.66,0.065,0.077,8.12
2,2022,11,19,4,15.0,7.3,9.25,847.9,2.1,4.08,0.062,0.065,8.4
2,2022,11,19,8,15.0,7.29,8.44,848.6,2.2,4.03,0.073,0.064,8.74
2,2022,11,19,12,15.5,7.38,9.5,848.4,1.7,4.0,0.081,0.063,9.2
2,2022,11,19,16,15.2,7.61,10.09,856.2,1.3,4.3,0.065,0.062,9.3
2,2022,11,19,20,14.2,7.84,10.31,875.8,1.5,4.08,0.06,0.059,8.64
2,2022,11,20,0,15.0,7.42,8.93,852.4,1.7,3.64,0.054,0.056,8.04
2,2022,11,20,4,15.1,7.32,9.07,845.5,2.1,4.04,0.085,0.06,8.43
2,2022,11,20,8,15.0,7.35,8.48,849.2,2.1,3.91,0.071,0.061,8.69
2,2022,11,20,12,15.1,7.37,9.39,849.2,1.4,3.65,0.058,0.059,8.57
2,2022,11,20,16,14.6,7.5,8.97,857.9,1.3,3.78,0.054,0.058,9.08
2,2022,11,20,20,13.8,7.68,9.53,887.1,1.5,3.57,0.058,0.057,8.41
2,2022,11,21,0,14.8,7.48,9.01,860.2,1.9,3.38,0.073,0.055,7.29
2,2022,11,21,4,14.5,7.47,9.07,861.7,2.4,3.38,0.073,0.055,7.29
2,2022,11,21,12,15.1,7.5,9.86,847.2,1.6,3.69,0.052,0.059,8.76
2,2022,11,21,16,14.9,7.72,10.39,848.9,1.2,3.56,0.057,0.057,8.24
2,2022,11,21,20,14.0,7.85,10.42,870.1,1.5,3.08,0.056,0.053,7.62
2,2022,11,22,0,14.6,7.51,9.24,851.3,1.6,3.08,0.056,0.053,7.62
2,2022,11,22,4,14.8,7.34,8.56,842.6,1.5,4.07,0.119,0.056,9.22
2,2022,11,22,8,14.9,7.31,8.48,842.5,2.4,4.54,0.067,0.057,9.84
2,2022,11,22,12,15.5,7.36,9.46,836.0,1.5,4.74,0.05,0.053,10.38
2,2022,11,22,16,15.3,7.61,10.15,851.3,1.4,4.39,0.052,0.051,9.84
2,2022,11,22,20,14.2,7.84,10.38,877.2,1.4,3.67,0.052,0.049,8.71
2,2022,11,23,0,14.5,7.58,9.48,867.3,1.5,3.67,0.052,0.049,8.71
2,2022,11,23,4,15.0,7.31,8.57,848.2,1.8,5.03,0.072,0.056,10.42
2,2022,11,23,8,14.6,7.37,8.64,851.7,1.8,4.88,0.06,0.054,10.34
2,2022,11,23,12,15.1,7.44,9.74,848.8,1.4,5.03,0.051,0.053,10.48
2,2022,11,23,16,15.4,7.32,9.94,836.4,1.1,4.62,0.05,0.053,10.26
2,2022,11,23,20,14.5,7.59,10.04,855.1,1.2,4.37,0.05,0.053,9.78
2,2022,11,24,0,13.7,7.78,10.26,863.8,1.2,4.37,0.05,0.053,9.78
2,2022,11,24,4,14.6,7.47,9.72,849.7,1.2,5.15,0.05,0.051,10.23
2,2022,11,24,8,15.6,7.18,7.54,828.6,1.2,5.9,0.066,0.057,11.64
2,2022,11,24,12,15.9,7.18,7.47,824.6,1.1,6.1,0.057,0.058,11.86
2,2022,11,24,16,16.1,7.22,7.92,817.0,1.0,6.17,0.053,0.062,12.57
2,2022,11,24,20,15.9,7.2,7.65,817.8,2.1,6.09,0.059,0.071,12.82
2,2022,11,25,0,15.0,7.42,8.31,838.5,1.3,6.09,0.059,0.071,12.82
2,2022,11,25,4,15.5,7.32,8.11,830.5,1.8,5.28,0.068,0.074,11.28
2,2022,11,25,8,15.7,7.25,7.92,828.7,2.0,5.34,0.067,0.081,11.36
2,2022,11,25,12,15.8,7.42,9.44,836.5,1.5,5.15,0.053,0.083,11.16
2,2022,11,25,12,15.8,7.42,9.44,836.5,1.5,5.15,0.053,0.083,11.16
2,2022,11,25,16,15.6,7.45,9.63,831.6,1.3,5.22,0.049,0.089,11.77
2,2022,11,26,4,14.4,7.3,8.43,822.9,1.5,5.74,0.058,0.083,11.99
2,2022,11,26,8,14.0,7.29,8.26,820.5,1.6,5.4,0.062,0.09,12.25
2,2022,11,26,12,14.5,7.4,9.57,818.9,1.5,5.42,0.051,0.097,12.72
2,2022,11,26,16,14.5,7.43,9.94,814.4,1.0,5.42,0.051,0.097,12.72
2,2022,11,28,8,14.2,7.26,8.38,833.7,1.3,5.22,0.045,0.062,11.57
2,2022,11,28,12,14.9,7.33,9.64,829.6,1.2,4.95,0.048,0.062,11.6
2,2022,11,28,16,14.9,7.31,9.7,825.6,1.4,5.41,0.041,0.073,12.66
2,2022,11,29,8,12.4,7.29,8.89,832.4,1.3,5.47,0.057,0.073,11.98
2,2022,11,29,12,12.5,7.41,10.27,824.5,0.9,5.47,0.048,0.078,11.98
2,2022,11,29,16,11.8,7.53,10.68,825.9,0.9,5.32,0.042,0.08,12.78
2,2022,11,29,20,11.1,7.55,10.66,838.5,1.0,5.34,0.044,0.08,13.24
2,2022,11,30,0,9.6,7.81,11.12,867.4,1.0,5.14,0.044,0.08,13.11
2,2022,11,30,4,10.4,7.36,9.88,846.2,1.1,5.14,0.059,0.08,13.11
2,2022,11,30,8,10.5,7.25,9.48,844.2,1.0,5.79,0.065,0.062,12.8
2,2022,11,30,12,10.8,7.37,10.64,840.4,0.9,5.84,0.045,0.062,12.36
2,2022,11,30,16,10.9,7.45,11.02,836.4,0.9,6.0,0.038,0.064,12.74
2,2022,11,30,20,10.2,7.46,10.79,844.7,0.9,6.24,0.04,0.067,12.91
2,2022,12,1,0,9.1,7.69,11.1,865.1,0.8,5.93,0.04,0.067,13.32
2,2022,12,1,4,10.4,7.24,9.67,844.4,1.0,5.93,0.055,0.06,13.32
2,2022,12,1,12,11.0,7.31,10.64,830.7,1.2,6.45,0.049,0.066,12.04
2,2022,12,1,16,11.2,7.35,10.98,829.0,1.0,6.17,0.06,0.072,12.52
2,2022,12,2,0,9.6,7.58,10.97,858.7,0.9,5.83,0.054,0.074,12.44
2,2022,12,2,4,10.1,7.32,10.45,853.3,1.1,5.83,0.092,0.064,12.44
2,2022,12,2,8,10.6,7.22,9.48,837.2,0.9,5.56,0.074,0.064,11.52
2,2022,12,2,12,11.0,7.28,10.42,831.7,1.1,5.43,0.062,0.065,12.25
2,2022,12,2,16,11.1,7.33,10.79,831.7,0.9,5.38,0.063,0.066,12.52
2,2022,12,2,20,10.9,7.28,10.26,833.7,0.9,5.36,0.065,0.068,12.84
2,2022,12,3,0,9.4,7.57,10.89,861.2,0.9,5.36,0.065,0.068,12.84
2,2022,12,3,4,10.0,7.34,10.08,859.5,1.0,5.0,0.129,0.067,12.23
2,2022,12,3,8,10.5,7.23,9.51,846.6,1.2,4.9,0.116,0.068,12.06
2,2022,12,3,12,10.5,7.34,10.72,848.9,0.9,4.77,0.108,0.068,12.41
2,2022,12,3,16,10.9,7.38,11.14,843.8,1.2,4.82,0.127,0.07,12.96
2,2022,12,3,20,10.2,7.35,10.6,850.3,0.9,4.85,0.111,0.071,13.28
2,2022,12,4,0,9.1,7.59,11.04,866.5,0.9,4.85,0.111,0.071,13.28
2,2022,12,4,4,9.5,7.41,10.26,857.6,0.9,5.3,0.116,0.066,12.19
2,2022,12,4,8,10.4,7.22,9.5,837.9,0.9,5.07,0.153,0.068,12.7
2,2022,12,4,12,11.3,7.28,10.7,827.0,0.9,5.08,0.12,0.07,12.67
2,2022,12,4,16,11.7,7.27,10.55,819.6,1.0,5.34,0.135,0.077,13.35
2,2022,12,4,20,11.2,7.29,10.2,827.2,0.8,5.23,0.14,0.078,13.3
2,2022,12,5,0,9.8,7.53,10.83,855.2,0.9,5.23,0.14,0.078,13.3
2,2022,12,5,4,9.7,7.43,10.34,859.1,0.9,4.42,0.09,0.077,11.96
2,2022,12,5,8,10.6,7.21,9.43,837.5,0.9,4.8,0.106,0.076,11.57
2,2022,12,5,12,11.4,7.36,10.6,837.9,0.8,4.93,0.096,0.079,12.47
2,2022,12,5,16,11.6,7.25,10.54,823.3,0.7,5.42,0.099,0.087,12.87
2,2022,12,6,0,9.4,7.59,11.02,863.2,0.8,5.24,0.104,0.09,13.3
2,2022,12,6,4,10.8,7.23,9.42,842.5,0.9,4.68,0.112,0.08,12.47
2,2022,12,6,8,11.0,7.16,9.0,832.6,1.0,4.41,0.118,0.083,12.26
2,2022,12,6,12,11.7,7.25,10.43,829.2,0.9,4.51,0.145,0.084,12.15
2,2022,12,6,16,11.8,7.23,10.41,827.9,0.8,4.77,0.204,0.086,13.11
2,2022,12,6,20,11.6,7.23,9.91,831.0,1.0,4.94,0.214,0.087,13.48
2,2022,12,7,0,10.1,7.52,10.52,857.0,0.8,4.94,0.214,0.087,13.48
2,2022,12,7,4,10.4,7.3,9.6,864.0,1.0,4.46,0.247,0.076,12.63
2,2022,12,7,8,10.6,7.24,9.06,852.5,0.8,4.32,0.176,0.072,11.8
2,2022,12,7,12,11.3,7.3,10.5,841.6,0.7,4.74,0.147,0.071,12.18
2,2022,12,7,16,11.9,7.34,10.58,831.3,0.7,5.12,0.128,0.074,12.79
2,2022,12,7,20,11.8,7.29,10.06,829.5,0.7,5.24,0.122,0.081,13.26
2,2022,12,8,0,10.4,7.56,10.61,848.4,0.9,5.24,0.122,0.081,13.26
2,2022,12,8,4,10.9,7.32,9.65,841.8,1.1,4.44,0.103,0.077,12.11
2,2022,12,8,8,11.5,7.2,8.98,830.2,0.9,4.16,0.1,0.005,11.42
2,2022,12,8,12,11.8,7.3,10.47,822.8,1.2,4.25,0.126,0.076,11.74
2,2022,12,8,16,12.0,7.35,10.86,819.2,0.8,4.25,0.18,0.076,11.74
2,2022,12,8,20,11.7,7.26,9.8,823.3,0.8,4.42,0.189,0.082,12.29
2,2022,12,9,0,11.1,7.36,9.81,828.9,0.8,4.42,0.189,0.082,12.29
2,2022,12,9,4,10.5,7.46,9.88,841.0,0.8,4.36,0.112,0.086,11.89
2,2022,12,9,8,11.5,7.19,8.66,828.8,0.9,4.56,0.165,0.082,12.19
2,2022,12,9,12,12.3,7.24,10.13,822.9,1.3,4.31,0.112,0.08,12.37
2,2022,12,9,16,12.6,7.24,10.13,821.0,1.0,4.46,0.084,0.078,12.14
2,2022,12,9,20,12.6,7.22,9.45,818.4,0.8,4.75,0.083,0.076,12.89
2,2022,12,10,0,11.9,7.36,9.83,826.5,0.8,4.75,0.083,0.076,12.89
2,2022,12,10,4,11.9,7.22,9.0,826.3,1.1,4.72,0.13,0.075,12.4
2,2022,12,10,8,11.4,7.23,9.08,828.0,0.9,4.3,0.126,0.072,11.97
2,2022,12,10,12,11.6,7.33,10.47,817.8,0.8,4.55,0.113,0.074,11.88
2,2022,12,10,16,11.4,7.38,10.63,814.4,0.7,4.84,0.098,0.078,12.5
2,2022,12,10,20,10.8,7.41,10.23,821.8,0.8,4.68,0.108,0.079,13.18
2,2022,12,11,0,10.1,7.55,10.31,836.4,0.7,4.68,0.108,0.079,13.18
2,2022,12,11,4,10.4,7.42,9.55,836.0,0.9,4.71,0.098,0.08,13.21
2,2022,12,11,8,10.8,7.26,8.96,828.5,0.9,4.82,0.099,0.08,12.73
2,2022,12,11,12,11.3,7.35,10.36,819.8,0.8,4.78,0.093,0.08,12.45
2,2022,12,11,16,11.4,7.38,10.59,816.4,0.8,5.0,0.089,0.079,12.76
2,2022,12,11,20,10.9,7.39,10.16,824.9,0.8,4.78,0.091,0.08,12.87
2,2022,12,12,0,9.5,7.62,10.81,842.0,0.9,4.78,0.091,0.08,12.87
2,2022,12,12,4,10.5,7.34,9.5,799.8,0.9,4.48,0.104,0.079,12.09
2,2022,12,12,8,10.8,7.22,9.04,822.9,1.0,4.4,0.077,0.09,12.45
2,2022,12,12,12,10.6,7.34,10.36,820.7,1.0,4.61,0.073,0.083,12.51
2,2022,12,12,16,10.5,7.43,10.74,821.3,1.3,4.62,0.075,0.082,12.88
2,2022,12,12,20,10.1,7.43,10.44,824.5,0.7,4.62,0.08,0.08,13.18
2,2022,12,13,0,9.2,7.59,10.79,832.6,0.9,4.62,0.08,0.08,13.18
2,2022,12,13,4,10.0,7.37,9.62,822.5,0.9,5.02,0.104,0.076,12.86
2,2022,12,13,8,9.8,7.32,9.31,818.0,1.0,4.86,0.108,0.074,13.2
2,2022,12,13,12,9.6,7.49,10.77,813.4,0.9,4.82,0.083,0.077,12.57
2,2022,12,13,16,9.0,7.6,11.13,813.8,0.9,5.0,0.079,0.082,13.07
2,2022,12,13,20,8.3,7.63,10.83,824.5,0.8,4.68,0.07,0.087,13.58
2,2022,12,14,0,7.4,7.73,11.08,835.3,1.0,4.68,0.07,0.087,13.58
2,2022,12,14,4,8.5,7.41,9.97,822.1,0.8,4.99,0.079,0.081,13.13
2,2022,12,14,8,8.9,7.3,9.57,815.2,0.9,4.87,0.07,0.079,12.77
2,2022,12,14,12,9.7,7.33,10.06,815.4,3.6,5.29,0.071,0.096,13.19
2,2022,12,14,16,9.8,7.54,11.51,815.4,1.5,5.04,0.06,0.089,13.54
2,2022,12,14,20,8.7,7.7,11.29,826.8,1.7,4.35,0.055,0.084,13.19
2,2022,12,15,0,9.7,7.31,9.41,820.5,2.0,4.35,0.055,0.084,13.19
2,2022,12,15,4,9.8,7.23,8.98,816.5,2.4,4.82,0.057,0.088,13.33
2,2022,12,15,8,9.4,7.23,8.92,815.7,1.7,5.08,0.069,0.083,13.42
2,2022,12,15,12,9.7,7.37,10.59,814.6,1.2,4.76,0.057,0.081,13.26
2,2022,12,15,16,9.1,7.72,12.44,814.2,1.1,4.26,0.055,0.079,12.96
2,2022,12,15,20,7.6,7.82,11.9,830.4,1.4,3.8,0.061,0.076,12.81
2,2022,12,16,0,8.2,7.45,10.15,822.9,1.5,3.8,0.061,0.076,12.81
2,2022,12,16,4,9.2,7.26,9.21,818.8,1.7,4.86,0.061,0.076,13.29
2,2022,12,16,8,8.7,7.28,9.31,813.2,1.4,4.67,0.056,0.073,12.94
2,2022,12,16,12,9.2,7.34,10.58,804.1,1.0,4.58,0.066,0.075,12.99
2,2022,12,16,16,8.7,7.61,11.94,803.2,1.0,4.46,0.065,0.078,13.09
2,2022,12,16,20,7.4,7.7,11.39,821.7,1.7,4.09,0.081,0.086,13.41
2,2022,12,17,0,7.9,7.39,9.91,817.3,2.1,4.09,0.081,0.086,13.41
2,2022,12,17,4,7.5,7.37,9.82,813.4,2.0,5.07,0.094,0.09,13.44
2,2022,12,17,8,7.5,7.34,9.75,812.4,1.4,4.92,0.114,0.088,13.65
2,2022,12,17,12,7.9,7.45,10.99,804.5,1.3,4.82,0.12,0.088,13.88
2,2022,12,17,16,7.6,7.69,12.06,806.4,1.3,4.89,0.102,0.088,13.9
2,2022,12,17,20,7.2,7.65,11.27,818.6,1.6,4.74,0.114,0.096,13.49
2,2022,12,18,0,8.7,7.25,9.54,809.6,2.1,4.74,0.114,0.096,13.49
2,2022,12,18,4,9.2,7.21,9.2,806.1,2.5,5.39,0.085,0.084,14.06
2,2022,12,18,8,9.3,7.19,9.02,807.3,1.6,5.19,0.085,0.084,14.06
2,2022,12,18,12,9.6,7.32,10.38,808.3,1.5,5.23,0.074,0.089,13.82
2,2022,12,18,16,9.3,7.57,11.82,807.2,1.9,4.95,0.065,0.091,13.92
2,2022,12,18,20,8.7,7.52,10.9,815.2,1.8,4.78,0.07,0.093,14.03
2,2022,12,19,0,9.4,7.22,9.37,804.3,2.0,4.78,0.07,0.093,14.03
2,2022,12,19,4,9.4,7.21,9.11,799.7,2.2,4.83,0.053,0.101,13.62
2,2022,12,19,8,9.1,7.22,9.14,793.0,1.5,4.84,0.052,0.098,13.57
2,2022,12,19,12,9.5,7.32,10.56,797.3,2.0,5.08,0.053,0.105,13.11
2,2022,12,19,16,9.3,7.59,11.96,797.4,1.4,4.56,0.065,0.103,12.68
2,2022,12,19,20,9.0,7.49,10.79,795.3,2.0,4.48,0.06,0.102,12.85
2,2022,12,20,0,9.8,7.24,9.31,794.5,2.1,4.48,0.06,0.102,12.85
2,2022,12,20,4,9.8,7.16,8.93,794.0,1.7,4.88,0.054,0.101,12.81
2,2022,12,20,12,10.2,7.27,10.18,798.5,1.0,4.9,0.054,0.103,13.36
2,2022,12,20,16,10.1,7.55,11.87,797.7,1.8,4.79,0.051,0.108,12.44
2,2022,12,20,20,9.6,7.44,10.62,811.4,2.0,4.46,0.081,0.11,12.48
2,2022,12,21,0,9.7,7.28,9.4,800.7,2.0,4.46,0.081,0.11,12.48
2,2022,12,21,4,9.4,7.25,9.21,800.9,2.0,4.35,0.056,0.106,11.94
2,2022,12,21,8,9.5,7.26,9.05,799.3,2.7,4.38,0.054,0.118,12.65
2,2022,12,21,12,10.1,7.35,10.33,796.3,1.8,4.51,0.059,0.122,11.99
2,2022,12,21,16,10.1,7.62,11.88,800.6,1.8,4.32,0.087,0.119,12.02
2,2022,12,21,20,9.7,7.53,10.64,808.7,2.3,4.16,0.119,0.118,12.55
2,2022,12,22,0,9.4,7.31,9.55,802.1,2.1,4.16,0.119,0.118,12.55
2,2022,12,22,4,9.1,7.3,9.33,801.0,1.9,4.24,0.08,0.115,12.03
2,2022,12,22,8,9.1,7.28,9.3,805.5,1.9,4.16,0.064,0.118,12.24
2,2022,12,22,8,9.1,7.28,9.3,805.5,1.9,4.16,0.064,0.118,12.24
2,2022,12,22,12,8.9,7.42,10.76,803.2,1.5,4.32,0.084,0.119,11.7
2,2022,12,22,12,8.9,7.42,10.76,803.2,1.5,4.32,0.084,0.119,11.7
2,2022,12,22,16,9.0,7.66,12.0,796.1,1.3,4.35,0.087,0.12,11.72
2,2022,12,22,20,8.6,7.54,10.86,807.8,1.8,4.09,0.091,0.121,11.77
2,2022,12,23,0,9.1,7.32,9.68,801.1,2.0,4.09,0.091,0.121,11.77
2,2022,12,23,4,9.1,7.3,9.4,798.9,2.2,4.25,0.079,0.122,12.07
2,2022,12,23,8,9.1,7.27,9.33,805.8,2.1,4.25,0.064,0.129,12.56
2,2022,12,23,12,9.3,7.4,10.79,801.5,1.1,4.27,0.058,0.125,12.16
2,2022,12,23,16,9.0,7.68,12.32,799.6,1.4,4.37,0.058,0.124,12.11
2,2022,12,23,20,7.8,7.65,11.38,805.7,2.0,3.57,0.061,0.124,11.86
2,2022,12,24,0,8.9,7.32,9.96,802.4,2.0,3.57,0.061,0.124,11.86
2,2022,12,24,4,8.7,7.3,9.76,807.3,2.0,3.83,0.063,0.116,12.15
2,2022,12,24,8,8.7,7.27,9.51,807.1,1.7,4.14,0.078,0.108,12.51
2,2022,12,24,12,9.3,7.4,10.92,801.2,1.1,4.19,0.079,0.106,11.85
2,2022,12,24,16,9.4,7.68,12.48,795.2,1.1,4.05,0.054,0.106,11.84
2,2022,12,24,20,8.4,7.64,11.39,803.4,1.8,3.63,0.064,0.112,11.92
2,2022,12,25,0,9.4,7.32,9.68,804.1,1.9,3.63,0.064,0.112,11.92
2,2022,12,25,4,9.7,7.23,9.25,801.8,1.9,4.3,0.067,0.101,12.06
2,2022,12,25,8,9.7,7.23,9.08,803.1,1.9,4.31,0.074,0.099,12.01
2,2022,12,25,12,10.0,7.32,10.48,801.5,1.3,4.36,0.062,0.1,12.41
2,2022,12,25,16,9.8,7.57,12.22,802.8,1.3,4.35,0.079,0.099,12.09
2,2022,12,25,20,9.4,7.58,11.22,804.6,1.7,4.14,0.088,0.104,11.85
2,2022,12,26,0,10.1,7.27,9.55,804.7,2.0,4.14,0.088,0.104,11.85
2,2022,12,26,4,9.8,7.28,9.48,807.0,2.6,4.01,0.052,0.102,10.6
2,2022,12,26,8,9.7,7.26,9.28,810.7,2.1,3.91,0.094,0.108,10.79
2,2022,12,26,12,9.9,7.4,10.88,806.1,1.3,3.84,0.149,0.11,10.64
2,2022,12,26,16,9.8,7.7,12.47,802.1,1.4,3.83,0.16,0.125,10.66
2,2022,12,26,20,9.4,7.54,10.95,814.7,2.2,3.83,0.329,0.117,11.01
2,2022,12,27,0,10.1,7.27,9.57,812.7,1.9,3.83,0.329,0.117,11.01
2,2022,12,27,4,10.2,7.24,9.31,812.0,2.0,4.3,0.097,0.112,10.97
2,2022,12,27,8,10.1,7.22,9.0,809.4,2.7,4.29,0.157,0.108,10.8
2,2022,12,27,12,10.0,7.36,10.7,807.7,1.1,4.19,0.18,0.106,10.58
2,2022,12,27,16,9.4,7.71,12.47,812.0,1.8,3.93,0.149,0.104,10.62
2,2022,12,27,20,9.0,7.62,11.06,824.5,1.7,3.89,0.134,0.1,11.15
2,2022,12,28,0,10.0,7.33,9.57,814.2,1.8,3.89,0.134,0.1,11.15
2,2022,12,28,4,10.1,7.29,9.41,817.3,2.1,4.25,0.077,0.102,11.06
2,2022,12,28,8,10.1,7.26,9.12,822.1,6.0,4.36,0.116,0.114,11.54
2,2022,12,28,12,10.6,7.35,10.6,816.6,1.9,4.37,0.1,0.107,11.46
2,2022,12,28,16,10.4,7.67,12.48,815.9,1.4,4.36,0.061,0.103,11.34
2,2022,12,28,20,9.4,7.54,11.04,835.4,2.1,3.92,0.077,0.1,11.76
2,2022,12,29,0,9.8,7.3,9.75,832.1,2.0,3.92,0.077,0.1,11.76
2,2022,12,29,4,9.8,7.26,9.37,829.0,2.2,4.31,0.065,0.088,11.84
2,2022,12,29,8,9.7,7.24,9.23,830.1,1.9,4.34,0.09,0.085,12.25
2,2022,12,29,12,10.6,7.38,10.75,806.0,2.1,3.94,0.089,0.099,11.87
2,2022,12,29,16,10.0,7.67,12.53,827.5,1.4,4.01,0.079,0.082,11.77
2,2022,12,29,20,8.9,7.59,11.12,845.1,2.2,3.52,0.074,0.083,12.32
2,2022,12,30,0,9.8,7.31,9.55,831.5,2.0,3.52,0.074,0.083,12.32
2,2022,12,30,4,9.8,7.26,9.24,828.7,2.4,4.09,0.098,0.079,12.03
2,2022,12,30,8,9.5,7.24,9.04,832.0,1.9,4.16,0.123,0.08,12.02
2,2022,12,30,12,9.8,7.37,10.69,827.6,1.3,4.18,0.141,0.074,11.65
2,2022,12,30,16,10.0,7.64,12.47,822.0,1.5,4.1,0.075,0.072,11.87
2,2022,12,30,20,9.0,7.55,11.0,842.9,1.8,3.64,0.101,0.075,12.24
2,2022,12,31,0,10.0,7.26,9.51,828.9,2.2,3.64,0.101,0.075,12.24
2,2022,12,31,4,10.0,7.25,9.18,827.8,2.1,3.93,0.067,0.078,12.61
2,2022,12,31,8,9.8,7.21,8.95,832.5,1.9,4.12,0.086,0.074,12.68
2,2022,12,31,12,10.4,7.31,10.51,827.7,1.4,4.43,0.11,0.072,12.42
2,2022,12,31,16,10.4,7.63,12.34,827.7,1.4,4.3,0.098,0.07,12.42
2,2022,12,31,20,9.6,7.53,10.93,841.5,1.8,3.71,0.08,0.073,12.14
2,2023,1,1,0,10.2,7.32,9.44,821.6,2.1,3.71,0.08,0.073,12.14
2,2023,1,1,4,10.2,7.26,9.16,834.8,2.1,4.68,0.05,0.074,11.82
2,2023,1,1,8,10.0,7.25,9.01,837.0,2.6,4.99,0.052,0.073,12.54
2,2023,1,1,12,10.4,7.4,10.8,834.0,2.5,5.03,0.048,0.069,11.9
2,2023,1,1,16,10.5,7.69,12.59,831.7,4.2,4.91,0.048,0.075,12.2
2,2023,1,1,20,9.8,7.55,10.99,839.7,1.7,4.7,0.083,0.07,11.96
2,2023,1,2,0,10.4,7.31,9.47,837.0,1.7,4.7,0.083,0.07,11.96
2,2023,1,2,4,9.7,7.36,9.45,843.4,1.5,4.43,0.048,0.069,11.74
2,2023,1,2,8,9.8,7.29,9.2,836.1,1.6,4.66,0.047,0.067,11.71
2,2023,1,2,12,10.2,7.43,10.98,830.9,1.7,4.57,0.041,0.066,11.61
2,2023,1,2,16,10.0,7.76,13.02,832.6,1.5,4.32,0.034,0.064,12.16
2,2023,1,2,20,9.1,7.68,11.41,846.7,1.8,4.09,0.041,0.066,11.87
2,2023,1,3,0,9.8,7.4,9.71,845.1,1.7,4.09,0.041,0.066,11.87
2,2023,1,3,4,10.0,7.32,9.35,841.4,1.8,4.61,0.039,0.067,11.21
2,2023,1,3,8,9.8,7.29,9.11,838.5,1.7,4.61,0.039,0.067,11.21
2,2023,1,3,12,10.3,7.4,10.84,835.0,1.4,4.72,0.073,0.063,11.9
2,2023,1,3,16,10.4,7.7,12.75,835.2,1.9,4.6,0.144,0.09,11.81
2,2023,1,3,20,10.0,7.54,10.81,841.1,3.6,4.5,0.155,0.078,12.0
2,2023,1,4,0,10.5,7.27,9.39,834.9,1.9,4.5,0.155,0.078,12.0
2,2023,1,4,4,10.2,7.28,9.2,838.6,1.9,4.37,0.058,0.071,11.99
2,2023,1,4,8,10.1,7.28,8.94,842.9,1.8,4.66,0.058,0.065,12.1
2,2023,1,4,12,10.6,7.37,10.6,808.6,1.9,4.86,0.049,0.066,11.71
2,2023,1,4,16,10.7,7.76,12.77,834.8,1.5,4.52,0.05,0.06,12.35
2,2023,1,4,20,10.2,7.52,10.84,844.3,1.8,4.04,0.117,0.062,12.54
2,2023,1,5,0,10.7,7.29,9.34,818.5,2.1,4.04,0.117,0.062,12.54
2,2023,1,5,4,10.5,7.27,9.04,837.4,2.6,4.52,0.045,0.073,11.62
2,2023,1,5,8,10.5,7.22,8.67,823.1,1.8,4.83,0.052,0.065,12.18
2,2023,1,5,12,10.8,7.36,10.6,832.5,1.2,4.71,0.041,0.059,12.13
2,2023,1,5,16,10.9,7.69,12.72,831.3,2.3,4.91,0.043,0.061,12.2
2,2023,1,5,20,10.2,7.53,10.9,843.7,2.2,4.36,0.061,0.062,12.07
2,2023,1,6,0,10.9,7.26,9.26,835.9,1.8,4.51,0.043,0.064,11.49
2,2023,1,6,4,10.8,7.24,8.91,833.1,2.3,4.6,0.055,0.066,11.72
2,2023,1,6,8,10.5,7.25,8.79,833.0,1.9,4.6,0.042,0.062,12.06
2,2023,1,6,16,10.6,7.78,12.4,828.3,2.0,4.9,0.038,0.06,11.93
2,2023,1,6,20,10.6,7.52,10.7,837.5,2.0,4.24,0.036,0.059,12.12
2,2023,1,7,0,11.0,7.31,9.18,831.2,2.0,4.56,0.037,0.062,11.9
2,2023,1,7,4,11.1,7.29,8.91,832.6,2.1,4.56,0.037,0.062,11.9
2,2023,1,7,8,11.0,7.24,8.58,838.4,2.4,4.55,0.039,0.065,11.49
2,2023,1,7,12,11.1,7.36,10.0,842.9,1.7,4.81,0.088,0.081,11.98
2,2023,1,7,16,10.9,7.68,12.26,832.9,1.6,4.85,0.173,0.062,11.91
2,2023,1,7,20,10.2,7.52,10.64,855.6,2.2,4.34,0.302,0.059,12.36
2,2023,1,8,0,10.6,7.26,9.12,846.4,2.1,4.34,0.969,0.065,12.13
2,2023,1,8,4,10.4,7.27,8.97,855.2,2.2,4.34,0.969,0.065,12.13
2,2023,1,8,8,10.4,7.26,8.72,854.4,2.0,4.47,0.387,0.066,12.52
2,2023,1,8,12,11.1,7.39,10.54,848.2,1.3,4.82,0.327,0.064,12.67
2,2023,1,8,16,11.4,7.71,12.18,821.8,1.5,4.86,0.248,0.058,12.13
2,2023,1,8,20,10.2,7.64,11.01,859.6,2.1,4.62,0.177,0.054,12.62
2,2023,1,9,0,10.8,7.38,9.37,856.1,2.0,4.24,0.19,0.058,12.16
2,2023,1,9,4,10.4,7.39,9.31,864.9,2.0,4.24,0.19,0.058,12.16
2,2023,1,9,8,10.6,7.33,9.04,856.5,1.8,4.1,0.07,0.063,11.52
2,2023,1,9,12,11.4,7.27,10.82,835.3,1.4,4.45,0.1,0.062,11.93
2,2023,1,9,16,11.0,7.82,13.01,860.1,1.8,4.44,0.095,0.08,12.01
2,2023,1,9,20,10.9,7.53,10.72,856.1,2.2,4.1,0.245,0.063,11.83
2,2023,1,10,0,11.4,7.28,9.14,846.8,2.2,4.36,0.276,0.065,11.79
2,2023,1,10,4,11.1,7.29,8.88,846.6,2.3,4.36,0.276,0.065,11.79
2,2023,1,10,8,10.8,7.3,8.81,847.2,2.4,4.72,0.122,0.068,11.06
2,2023,1,10,12,11.3,7.41,10.69,841.1,1.4,4.63,0.102,0.066,11.48
2,2023,1,10,16,11.1,7.81,12.9,840.4,6.1,4.81,0.054,0.06,11.13
2,2023,1,10,16,11.1,7.81,12.9,840.4,6.1,4.81,0.053,0.06,11.13
2,2023,1,10,20,10.5,7.6,11.0,852.6,2.0,4.55,0.06,0.066,11.49
2,2023,1,11,0,11.1,7.33,9.38,842.7,2.4,4.31,0.06,0.065,11.9
2,2023,1,11,4,11.3,7.29,8.8,839.3,2.4,4.31,0.039,0.065,11.9
2,2023,1,11,8,11.0,7.28,8.76,844.9,2.5,4.86,0.045,0.065,11.37
2,2023,1,11,12,11.2,7.44,10.62,845.9,1.6,4.72,0.039,0.058,12.05
2,2023,1,11,16,10.8,7.67,11.56,852.0,1.6,4.92,0.037,0.058,11.87
2,2023,1,11,20,10.7,7.51,10.2,859.2,1.9,4.6,0.043,0.06,12.42
2,2023,1,12,0,11.0,7.37,9.31,853.5,1.8,4.6,0.043,0.06,12.42
2,2023,1,12,4,11.2,7.31,8.8,852.6,2.0,4.6,0.044,0.059,12.01
2,2023,1,12,8,11.4,7.27,8.32,847.0,1.7,4.73,0.043,0.057,12.42
2,2023,1,12,12,11.6,7.27,8.32,843.5,1.6,5.07,0.042,0.059,12.61
2,2023,1,12,16,11.5,7.28,8.45,842.9,1.6,5.33,0.047,0.059,13.04
2,2023,1,12,20,11.1,7.34,8.24,848.4,1.6,5.56,0.058,0.058,13.15
2,2023,1,13,0,11.6,7.31,7.69,851.1,1.5,5.39,0.058,0.058,13.15
2,2023,1,13,4,12.2,7.23,7.39,845.5,2.0,5.39,0.056,0.064,12.34
2,2023,1,13,8,11.8,7.3,7.81,854.5,2.6,6.32,0.074,0.068,12.3
2,2023,1,13,12,12.1,7.32,8.74,851.0,1.8,5.39,0.071,0.065,13.03
2,2023,1,13,16,11.5,7.44,9.44,853.5,1.8,5.82,0.067,0.062,13.22
2,2023,1,13,20,10.8,7.52,9.32,854.5,1.7,5.81,0.079,0.064,13.28
2,2023,1,14,0,10.8,7.34,8.57,850.5,2.0,5.33,0.079,0.064,13.28
2,2023,1,14,4,10.5,7.3,8.46,844.0,1.7,5.33,0.09,0.066,12.0
2,2023,1,14,8,9.7,7.36,8.78,848.4,1.9,5.31,0.093,0.068,12.12
2,2023,1,14,12,9.3,7.46,10.28,849.4,1.4,4.93,0.08,0.064,12.79
2,2023,1,14,16,9.3,7.77,12.54,846.8,1.9,4.87,0.066,0.066,13.05
2,2023,1,14,20,7.9,7.93,12.12,855.9,1.4,5.06,0.066,0.064,13.19
2,2023,1,15,0,8.5,7.51,9.92,865.7,1.5,4.77,0.066,0.064,13.19
2,2023,1,15,4,8.7,7.35,8.91,859.3,1.6,4.77,0.074,0.061,13.89
2,2023,1,15,8,8.6,7.3,8.72,842.5,2.1,6.02,0.06,0.064,13.85
2,2023,1,15,12,9.3,7.39,10.14,856.4,1.3,6.01,0.057,0.061,13.54
2,2023,1,15,16,9.5,7.68,12.46,846.6,1.3,6.25,0.04,0.068,14.16
2,2023,1,15,20,8.3,7.74,11.47,864.6,1.5,6.22,0.046,0.06,14.25
2,2023,1,16,0,9.3,7.34,9.05,861.3,1.7,5.81,0.046,0.06,14.25
2,2023,1,16,4,9.4,7.23,8.32,857.1,2.1,5.81,0.04,0.066,14.85
2,2023,1,16,12,9.7,7.34,10.13,855.6,1.6,6.68,0.037,0.06,14.71
2,2023,1,16,16,10.0,7.67,12.61,851.6,1.8,6.81,0.033,0.057,14.46
2,2023,1,16,20,8.2,7.81,11.65,871.0,2.1,6.35,0.033,0.059,13.58
2,2023,1,17,0,9.3,7.35,9.32,859.4,2.0,5.52,0.033,0.059,13.58
2,2023,1,17,4,9.4,7.29,8.73,858.7,1.9,5.52,0.04,0.063,14.0
2,2023,1,17,8,9.2,7.27,8.44,858.3,1.6,6.38,0.046,0.06,14.52
2,2023,1,17,12,9.7,7.35,10.16,849.0,1.4,6.45,0.035,0.058,14.16
2,2023,1,17,16,10.0,7.72,12.87,845.9,1.4,6.75,0.035,0.054,14.15
2,2023,1,17,20,9.0,7.76,11.5,856.2,1.9,6.54,0.036,0.056,14.33
2,2023,1,18,0,9.7,7.34,9.02,848.4,2.1,6.47,0.036,0.056,14.33
2,2023,1,18,4,9.6,7.27,8.45,853.4,2.1,6.47,0.035,0.061,13.9
2,2023,1,18,8,9.6,7.26,8.37,856.8,1.9,6.4,0.038,0.061,14.35
2,2023,1,18,12,10.2,7.38,10.2,852.6,1.5,5.98,0.036,0.057,14.03
2,2023,1,18,16,10.6,7.73,12.98,849.4,1.5,6.06,0.032,0.054,14.35
2,2023,1,18,20,9.4,7.79,11.6,860.3,2.7,5.98,0.032,0.06,14.25
2,2023,1,19,0,9.8,7.37,9.28,855.6,2.0,5.82,0.032,0.06,14.25
2,2023,1,19,4,9.8,7.27,8.64,856.6,2.4,5.82,0.032,0.067,14.19
2,2023,1,19,8,9.8,7.27,8.35,861.7,2.1,6.02,0.032,0.066,14.34
2,2023,1,28,8,7.8,7.36,8.96,856.4,1.4,5.13,0.031,0.043,16.11
2,2023,1,28,12,8.5,7.51,11.09,853.5,1.3,5.2,0.031,0.042,16.21
2,2023,1,28,16,8.9,8.02,13.96,852.5,1.5,4.87,0.033,0.04,15.79
2,2023,1,28,20,7.8,7.92,12.09,867.3,1.5,4.66,0.04,0.042,14.81
2,2023,1,29,0,8.7,7.37,9.28,848.8,1.6,4.66,0.04,0.042,14.81
2,2023,1,29,4,8.7,7.31,8.84,846.9,1.9,5.39,0.034,0.049,14.71
2,2023,1,29,8,8.6,7.34,8.77,847.8,1.6,5.13,0.036,0.044,15.26
2,2023,1,29,12,9.4,7.44,11.1,842.8,2.1,5.4,0.034,0.05,15.0
2,2023,1,29,16,9.7,8.03,14.01,843.7,1.8,4.98,0.032,0.046,14.9
2,2023,1,29,20,8.9,7.8,11.48,851.1,2.0,4.93,0.034,0.049,14.39
2,2023,1,30,4,9.3,7.33,8.67,838.2,1.9,5.25,0.034,0.052,13.4
2,2023,1,30,8,9.2,7.3,8.42,835.7,1.9,5.15,0.034,0.049,13.85
2,2023,1,30,12,9.7,7.46,10.95,831.7,1.2,5.26,0.034,0.046,13.88
2,2023,1,30,16,10.0,7.96,14.1,831.8,1.5,4.97,0.033,0.045,13.48
2,2023,1,30,20,9.0,7.8,11.79,839.7,1.7,4.87,0.033,0.047,13.63
2,2023,1,31,0,9.8,7.34,8.98,829.2,1.8,4.87,0.033,0.047,13.63
2,2023,1,31,4,9.4,7.32,8.61,828.1,1.8,5.13,0.032,0.05,12.88
2,2023,1,31,8,9.3,7.29,8.45,826.9,1.6,4.98,0.04,0.049,13.29
2,2023,1,31,12,10.2,7.4,10.69,825.4,1.0,5.15,0.04,0.046,13.57
2,2023,1,31,16,10.8,7.94,13.93,823.4,2.0,5.08,0.032,0.045,13.91
2,2023,1,31,20,9.3,7.84,11.63,829.8,1.7,4.81,0.034,0.048,13.44
2,2023,2,1,0,10.0,7.37,8.9,823.9,2.1,4.81,0.034,0.048,13.44
2,2023,2,1,4,9.4,7.39,8.62,825.9,1.8,5.33,0.049,0.054,12.91
2,2023,2,1,8,9.3,7.36,8.19,821.0,1.4,5.41,0.169,0.048,13.44
2,2023,2,1,12,9.5,7.49,10.55,822.7,1.5,5.39,0.262,0.051,13.82
2,2023,2,1,16,10.0,8.0,14.02,815.3,1.6,4.99,0.111,0.048,13.72
2,2023,2,1,20,8.7,7.98,12.22,827.0,1.6,4.35,0.077,0.048,13.23
2,2023,2,2,0,9.4,7.45,9.34,823.1,1.7,4.35,0.077,0.048,13.23
2,2023,2,2,4,9.2,7.38,8.8,823.8,1.8,5.14,0.049,0.053,13.12
2,2023,2,2,8,9.0,7.38,8.67,823.6,1.5,4.97,0.05,0.05,13.25
2,2023,2,2,12,9.6,7.48,10.8,819.9,1.2,5.18,0.047,0.048,13.14
2,2023,2,2,16,9.6,7.99,14.03,816.5,1.6,4.87,0.077,0.047,13.14
2,2023,2,2,20,8.6,7.91,11.98,834.4,1.7,4.4,0.333,0.05,13.17
2,2023,2,3,0,9.4,7.4,9.26,833.1,1.7,4.4,0.333,0.05,13.17
2,2023,2,3,4,9.0,7.39,8.87,833.1,2.1,5.12,0.071,0.053,13.62
2,2023,2,3,8,9.1,7.38,8.52,837.5,1.6,5.39,0.05,0.052,14.18
2,2023,2,3,12,9.8,7.52,10.9,833.0,1.4,5.34,0.04,0.052,14.58
2,2023,2,3,16,10.2,8.08,14.38,828.8,2.0,5.07,0.033,0.051,14.69
2,2023,2,3,20,8.5,8.11,12.69,841.8,1.7,4.08,0.037,0.05,13.6
2,2023,2,4,0,9.6,7.44,9.4,835.1,1.6,4.08,0.037,0.05,13.6
2,2023,2,4,4,9.4,7.36,8.62,833.2,1.6,5.71,0.05,0.054,13.04
2,2023,2,4,8,9.6,7.3,8.03,838.1,1.5,5.42,0.108,0.052,13.9
2,2023,2,4,12,10.5,7.48,10.56,835.5,1.1,5.5,0.097,0.05,13.82
2,2023,2,4,16,11.1,7.99,14.27,831.8,1.8,5.14,0.063,0.051,13.77
2,2023,2,4,20,9.5,8.07,12.25,838.1,2.0,4.6,0.052,0.051,13.01
2,2023,2,5,0,10.1,7.45,9.16,832.6,1.6,4.6,0.052,0.051,13.01
2,2023,2,5,4,10.1,7.34,8.25,828.9,1.8,5.6,0.043,0.053,13.51
2,2023,2,5,8,10.2,7.31,7.75,831.3,2.2,5.87,0.047,0.055,13.48
2,2023,2,5,12,10.6,7.45,10.24,833.2,1.6,5.6,0.043,0.053,13.55
2,2023,2,5,16,11.0,7.84,13.36,825.7,2.3,5.46,0.036,0.054,13.16
2,2023,2,5,20,9.9,8.0,12.18,830.9,1.8,4.87,0.041,0.052,12.31
2,2023,2,6,0,10.2,7.45,8.98,821.9,1.8,4.87,0.041,0.052,12.31
2,2023,2,6,4,9.8,7.42,8.99,821.7,1.9,4.61,0.054,0.055,12.09
2,2023,2,6,8,9.8,7.37,8.63,820.8,1.9,4.88,0.042,0.055,12.39
2,2023,2,6,12,10.6,7.54,11.12,818.7,1.6,5.29,0.036,0.054,12.28
2,2023,2,6,16,10.8,8.2,14.53,811.3,2.3,5.05,0.037,0.053,11.82
2,2023,2,6,20,9.7,8.04,12.18,810.8,2.2,4.46,0.084,0.054,12.22
2,2023,2,7,0,10.2,7.46,9.6,812.2,2.2,4.46,0.084,0.054,12.22
2,2023,2,7,4,10.0,7.41,8.88,813.8,2.1,5.08,0.047,0.056,12.05
2,2023,2,7,8,9.7,7.41,8.32,819.2,1.8,5.34,0.041,0.052,12.1
2,2023,2,7,12,10.6,7.56,10.94,818.7,1.5,5.41,0.04,0.052,12.23
2,2023,2,7,16,10.9,8.21,14.42,811.0,1.9,4.67,0.035,0.051,12.44
2,2023,2,7,20,9.4,8.21,12.74,815.8,2.1,4.67,0.034,0.053,11.8
2,2023,2,8,0,10.4,7.44,9.25,817.0,2.1,4.67,0.034,0.053,11.8
2,2023,2,8,4,10.2,7.4,8.45,821.1,2.1,5.2,0.038,0.058,11.57
2,2023,2,8,8,10.1,7.37,8.2,821.6,2.3,5.28,0.051,0.055,12.04
2,2023,2,8,12,10.9,7.55,10.94,817.1,2.0,5.34,0.086,0.054,12.19
2,2023,2,8,16,11.0,8.2,14.27,804.8,2.2,4.92,0.064,0.054,12.03
2,2023,2,8,20,9.6,8.15,12.52,806.7,2.3,4.14,0.095,0.054,11.68
2,2023,2,9,0,10.6,7.44,9.32,811.3,2.1,4.14,0.095,0.054,11.68
2,2023,2,9,4,10.5,7.38,8.42,806.9,2.3,5.55,0.054,0.057,12.01
2,2023,2,9,12,10.9,7.41,9.51,825.1,1.8,5.71,0.086,0.052,12.41
2,2023,2,9,16,10.6,7.54,10.01,820.1,3.2,5.62,0.13,0.058,12.74
2,2023,2,9,20,9.3,7.74,9.89,772.0,2.2,4.76,0.148,0.057,11.84
2,2023,2,10,0,10.4,7.41,8.66,812.7,2.9,4.76,0.148,0.057,11.84
2,2023,2,10,4,9.6,7.47,8.98,810.2,3.5,5.5,0.056,0.067,11.82
2,2023,2,10,8,9.4,7.48,8.96,816.8,2.6,5.29,0.062,0.062,12.54
2,2023,2,10,12,10.4,7.61,11.07,814.1,2.3,5.62,0.056,0.073,13.48
2,2023,2,10,16,10.4,8.15,13.61,796.1,2.8,5.42,0.045,0.062,12.51
2,2023,2,10,20,10.2,7.78,11.16,828.9,3.0,6.06,0.046,0.066,12.55
2,2023,2,11,0,10.6,7.44,9.23,821.1,3.2,6.06,0.046,0.066,12.55
2,2023,2,11,4,10.6,7.4,8.38,821.5,3.4,6.37,0.046,0.066,12.15
2,2023,2,11,8,10.8,7.37,8.08,815.7,2.9,6.54,0.046,0.064,13.38
2,2023,2,11,12,11.0,7.39,8.57,816.9,2.7,6.93,0.05,0.064,13.16
2,2023,2,11,16,10.6,7.6,10.56,813.6,2.7,6.1,0.051,0.061,13.3
2,2023,2,11,20,10.1,7.69,10.35,827.6,2.5,5.7,0.053,0.062,12.93
2,2023,2,12,0,11.0,7.42,8.58,830.7,4.0,5.7,0.053,0.062,12.93
2,2023,2,12,4,10.9,7.39,8.36,826.5,4.5,6.48,0.056,0.075,12.94
2,2023,2,12,8,10.9,7.39,8.2,825.5,3.0,6.45,0.057,0.069,13.1
2,2023,2,12,12,11.0,7.41,8.77,824.6,2.5,6.45,0.054,0.067,12.84
2,2023,2,12,16,10.5,7.63,10.14,789.8,2.7,6.14,0.06,0.064,12.54
2,2023,2,12,20,10.5,7.61,9.63,830.5,3.9,6.29,0.061,0.072,12.29
2,2023,2,13,0,11.2,7.39,8.87,829.5,4.0,6.29,0.061,0.072,12.29
2,2023,2,13,4,10.7,7.42,8.8,829.4,4.3,6.1,0.06,0.078,12.22
2,2023,2,13,8,10.6,7.37,8.7,836.1,2.9,6.1,0.058,0.075,12.49
2,2023,2,13,12,11.2,7.54,11.02,838.1,2.3,6.0,0.05,0.071,12.86
2,2023,2,13,20,10.8,7.76,11.07,846.1,3.4,6.06,0.044,0.074,12.48
2,2023,2,14,0,10.8,7.43,8.9,852.8,2.9,6.06,0.044,0.074,12.48
2,2023,2,14,4,10.9,7.39,8.53,849.5,2.9,6.46,0.046,0.074,12.53
2,2023,2,14,8,11.0,7.36,8.42,854.0,3.3,6.22,0.044,0.072,13.08
2,2023,2,14,12,11.4,7.53,10.23,837.2,1.7,6.35,0.04,0.063,12.79
2,2023,2,14,16,11.6,7.99,12.44,840.1,2.7,6.16,0.038,0.065,12.77
2,2023,2,14,20,10.6,7.98,11.71,843.9,2.5,5.85,0.039,0.064,11.95
2,2023,2,15,0,11.1,7.43,8.9,840.0,2.9,5.85,0.039,0.064,11.95
2,2023,2,15,4,10.5,7.42,8.63,837.2,3.1,5.79,0.044,0.068,11.37
2,2023,2,15,8,10.3,7.39,8.44,837.0,2.5,5.96,0.046,0.063,12.25
2,2023,2,15,12,11.1,7.56,10.83,837.8,1.8,6.21,0.037,0.059,12.76
2,2023,2,15,16,11.4,8.14,13.57,829.3,2.5,5.63,0.036,0.06,12.35
2,2023,2,15,20,10.7,7.92,11.64,840.1,3.1,5.39,0.04,0.064,12.17
2,2023,2,16,0,11.1,7.4,8.98,832.9,3.1,5.39,0.04,0.064,12.17
2,2023,2,16,4,11.3,7.36,8.3,831.7,4.4,6.39,0.042,0.074,12.7
2,2023,2,16,8,11.0,7.35,8.24,829.5,3.5,6.22,0.039,0.07,12.99
2,2023,2,16,12,11.7,7.52,10.64,832.7,2.0,6.27,0.04,0.063,13.32
2,2023,2,16,16,11.8,8.11,13.26,834.2,3.0,5.67,0.038,0.064,12.71
2,2023,2,16,20,11.3,7.74,10.92,844.6,3.8,6.13,0.046,0.069,12.64
2,2023,2,17,0,11.3,7.39,8.81,830.8,3.9,6.13,0.046,0.069,12.64
2,2023,2,17,16,10.9,7.96,12.16,830.5,4.3,5.25,0.047,0.058,13.07
2,2023,2,17,20,10.8,7.75,10.74,846.3,3.9,5.63,0.047,0.063,12.92
2,2023,2,18,0,11.5,7.4,8.98,838.4,4.5,5.63,0.047,0.063,12.92
2,2023,2,18,4,11.4,7.39,8.63,834.3,5.8,6.16,0.059,0.074,12.82
2,2023,2,18,8,11.4,7.3,8.39,836.5,4.9,6.31,0.059,0.071,13.17
2,2023,2,18,12,11.4,7.43,9.44,838.4,2.5,6.11,0.056,0.065,13.48
2,2023,2,18,16,10.9,7.67,10.56,835.3,3.3,5.54,0.061,0.062,12.98
2,2023,2,18,20,10.1,7.69,10.49,844.8,4.3,5.46,0.061,0.065,13.11
2,2023,2,19,0,10.9,7.41,9.1,844.8,5.0,5.46,0.061,0.065,13.11
2,2023,2,19,4,10.2,7.46,8.91,848.7,3.7,6.03,0.061,0.068,12.82
2,2023,2,19,8,10.1,7.43,8.68,849.5,2.6,6.16,0.067,0.064,13.36
2,2023,2,19,12,11.2,7.61,10.77,844.2,2.2,6.16,0.052,0.06,13.43
2,2023,2,19,16,12.4,8.11,13.48,836.0,4.1,6.06,0.044,0.064,14.27
2,2023,2,19,20,11.4,8.07,12.03,851.1,3.2,5.64,0.049,0.069,13.49
2,2023,2,20,0,11.4,7.48,9.3,849.6,4.1,5.64,0.049,0.069,13.49
2,2023,2,20,4,11.4,7.39,8.56,844.7,5.1,6.37,0.052,0.074,13.09
2,2023,2,20,8,11.1,7.36,8.5,845.5,3.3,6.54,0.047,0.07,13.64
2,2023,2,20,12,11.8,7.51,10.8,838.3,2.3,6.54,0.043,0.063,13.66
2,2023,2,20,16,11.6,8.14,13.84,824.4,4.6,6.32,0.043,0.063,13.76
2,2023,2,20,20,10.4,8.02,12.15,835.5,4.7,5.72,0.048,0.066,12.71
2,2023,2,21,0,10.9,7.47,9.49,832.6,3.9,5.29,0.048,0.066,12.71
2,2023,2,21,4,10.3,7.42,9.09,832.5,4.6,5.29,0.053,0.073,12.3
2,2023,2,21,8,10.0,7.42,8.93,841.0,5.6,5.75,0.049,0.065,13.07
2,2023,2,21,12,10.8,7.56,11.07,841.7,13.0,5.84,0.045,0.064,13.8
2,2023,2,21,16,10.8,8.22,13.9,846.6,4.4,5.18,0.04,0.059,13.32
2,2023,2,21,20,10.5,8.0,12.12,850.5,6.1,5.4,0.045,0.066,13.1
2,2023,2,22,0,11.1,7.5,9.51,845.2,11.7,5.4,0.045,0.066,13.1
2,2023,2,22,4,11.1,7.42,8.77,840.3,6.9,6.04,0.048,0.077,12.63
2,2023,2,22,8,11.1,7.41,8.68,846.1,6.9,5.88,0.051,0.075,12.97
2,2023,2,22,12,11.7,7.6,11.07,842.7,3.3,5.74,0.045,0.065,13.21
2,2023,2,22,16,11.8,8.25,13.9,835.4,5.3,5.16,0.042,0.065,13.26
2,2023,2,22,20,11.0,7.98,12.08,849.6,7.2,5.39,0.042,0.068,13.31
2,2023,2,23,0,11.4,7.47,9.44,841.2,5.6,5.39,0.042,0.068,13.31
2,2023,2,23,4,11.2,7.41,8.64,845.8,5.9,6.0,0.053,0.07,12.84
2,2023,2,23,8,11.4,7.36,8.28,843.1,8.3,6.4,0.058,0.072,13.39
2,2023,2,23,12,12.2,7.53,10.72,845.5,3.5,6.17,0.053,0.063,13.82
2,2023,2,23,16,12.3,8.22,13.64,841.5,6.5,5.67,0.045,0.066,13.66
2,2023,2,23,20,11.8,7.86,11.52,845.9,5.2,5.51,0.045,0.068,13.17
2,2023,2,24,0,11.8,7.47,9.25,840.9,5.5,5.51,0.045,0.068,13.17
2,2023,2,24,4,11.5,7.42,8.7,839.4,5.9,5.84,0.055,0.073,12.82
2,2023,2,24,8,11.4,7.39,8.61,844.3,6.1,5.9,0.053,0.075,13.53
2,2023,2,24,12,12.0,7.58,11.03,845.2,3.9,5.84,0.046,0.066,13.48
2,2023,2,24,16,12.8,8.17,13.8,839.8,4.8,5.62,0.044,0.066,14.26
2,2023,2,24,20,12.0,7.95,11.76,846.1,5.4,5.86,0.044,0.07,13.44
2,2023,2,25,0,11.9,7.38,9.24,836.8,5.9,5.86,0.044,0.07,13.44
2,2023,2,25,4,11.6,7.35,8.72,835.0,5.2,6.26,0.048,0.072,12.8
2,2023,2,25,8,11.4,7.32,8.36,844.2,5.2,6.41,0.107,0.072,13.3
2,2023,2,25,12,12.3,7.5,10.63,842.5,4.1,6.21,0.085,0.07,12.92
2,2023,2,25,16,13.2,8.13,13.69,840.5,5.2,5.96,0.048,0.064,13.67
2,2023,2,25,20,12.6,7.94,11.65,841.7,5.9,5.99,0.065,0.068,13.2
2,2023,2,26,0,12.7,7.34,8.62,841.0,5.7,5.99,0.065,0.068,13.2
2,2023,2,26,4,12.6,7.27,7.78,839.8,5.7,6.92,0.074,0.074,12.63
2,2023,2,26,8,12.2,7.29,7.84,841.4,5.2,6.91,0.084,0.072,13.26
2,2023,2,26,12,13.0,7.48,10.51,838.4,4.2,6.59,0.061,0.07,12.99
2,2023,2,26,16,13.7,8.07,13.51,830.1,5.5,6.5,0.046,0.067,13.23
2,2023,2,26,20,12.3,8.07,11.68,831.7,5.1,5.56,0.072,0.069,12.48
2,2023,2,27,0,12.5,7.46,8.54,839.5,5.2,5.56,0.072,0.069,12.48
2,2023,2,27,4,12.6,7.36,7.81,820.7,6.1,6.65,0.114,0.077,11.73
2,2023,2,27,8,12.3,7.26,7.6,835.0,5.4,6.44,0.25,0.076,12.42
2,2023,2,27,12,12.7,7.51,10.16,828.9,4.9,6.12,0.18,0.07,12.36
2,2023,2,27,20,12.2,8.14,12.05,783.7,4.3,5.02,0.097,0.068,11.57
2,2023,2,28,0,12.5,7.46,8.72,823.4,5.9,5.02,0.097,0.068,11.57
2,2023,2,28,4,12.6,7.39,7.47,807.0,6.4,6.32,0.087,0.075,10.9
2,2023,2,28,12,13.5,7.58,10.38,805.9,3.0,5.84,0.055,0.068,11.83
2,2023,2,28,16,14.0,8.32,13.56,802.9,7.3,5.96,0.043,0.073,11.97
2,2023,2,28,20,13.2,8.1,11.42,815.9,3.2,5.78,0.048,0.07,11.14
2,2023,3,1,0,12.9,7.58,8.67,816.4,4.2,5.78,0.048,0.07,11.14
2,2023,3,1,4,12.6,7.44,7.66,809.2,8.0,6.07,0.053,0.07,11.18
2,2023,3,1,8,12.7,7.41,7.36,805.3,5.2,6.43,0.048,0.068,11.49
2,2023,3,1,16,13.6,8.44,13.95,798.0,3.4,5.57,0.041,0.066,11.69
2,2023,3,1,20,12.7,8.25,12.09,806.5,4.6,5.34,0.043,0.068,11.01
2,2023,3,2,0,13.0,7.6,9.14,807.3,5.8,5.34,0.043,0.068,11.01
2,2023,3,2,4,12.6,7.47,8.31,807.8,7.7,5.84,0.048,0.077,11.86
2,2023,3,2,8,12.3,7.44,8.21,812.7,5.2,5.45,0.048,0.07,12.33
2,2023,3,2,12,13.1,7.74,11.45,807.7,3.2,5.34,0.041,0.066,12.04
2,2023,3,2,16,13.7,8.5,14.44,803.1,5.5,4.81,0.049,0.068,12.22
2,2023,3,2,20,13.0,8.33,12.27,793.4,4.3,4.5,0.042,0.068,11.82
2,2023,3,3,0,13.2,7.58,9.01,810.0,5.2,4.5,0.042,0.068,11.82
2,2023,3,3,4,13.4,7.44,7.7,811.5,6.7,5.88,0.045,0.075,12.0
2,2023,3,3,8,13.0,7.44,7.84,812.9,6.8,5.74,0.046,0.075,12.56
2,2023,3,3,12,13.9,7.79,11.15,812.4,5.0,5.56,0.044,0.072,11.85
2,2023,3,3,16,14.2,8.5,14.02,803.1,8.6,5.03,0.043,0.078,11.93
2,2023,3,3,20,14.0,7.99,11.1,811.7,8.2,5.23,0.043,0.079,11.9
2,2023,3,4,0,13.6,7.55,8.61,803.2,6.4,5.23,0.043,0.079,11.9
2,2023,3,4,4,13.4,7.46,7.56,801.4,7.5,5.9,0.257,0.101,11.88
2,2023,3,4,8,13.0,7.47,7.97,802.2,8.9,5.89,0.053,0.085,11.81
2,2023,3,4,12,13.9,7.71,10.98,803.1,5.8,5.75,0.05,0.071,12.59
2,2023,3,4,16,14.0,8.54,13.81,796.3,7.4,4.72,0.042,0.078,11.25
2,2023,3,4,20,13.8,8.08,11.22,799.6,6.6,5.18,0.045,0.078,11.16
2,2023,3,5,0,13.4,7.57,8.76,793.5,6.3,5.18,0.045,0.078,11.16
2,2023,3,5,4,12.6,7.58,8.34,791.5,7.3,5.13,0.05,0.078,10.8
2,2023,3,5,8,12.6,7.59,8.43,799.3,7.0,5.12,0.053,0.076,11.17
2,2023,3,5,12,13.4,7.91,11.18,797.1,7.2,5.17,0.041,0.076,10.98
2,2023,3,5,16,13.9,8.5,13.34,791.6,10.5,5.02,0.042,0.08,11.16
2,2023,3,5,20,14.0,7.91,10.78,790.7,7.3,5.35,0.047,0.082,10.79
2,2023,3,6,0,13.6,7.55,8.7,785.4,8.7,5.35,0.047,0.082,10.79
2,2023,3,6,4,13.1,7.54,8.14,786.2,5.7,5.2,0.054,0.077,10.49
2,2023,3,6,8,13.0,7.48,7.97,786.4,6.9,5.19,0.054,0.085,11.03
2,2023,3,6,12,13.9,7.77,11.06,780.8,6.3,5.53,0.048,0.092,11.02
2,2023,3,6,16,14.8,8.55,13.83,784.0,8.3,5.02,0.045,0.092,11.37
2,2023,3,6,20,15.0,7.91,10.8,795.1,6.9,5.1,0.046,0.095,11.25
2,2023,3,7,0,14.6,7.51,8.34,790.7,6.1,5.1,0.046,0.095,11.25
2,2023,3,7,4,14.1,7.47,7.56,789.4,8.7,5.2,0.057,0.106,11.16
2,2023,3,7,8,13.8,7.47,7.66,790.6,6.9,5.26,0.068,0.102,11.05
2,2023,3,7,12,14.6,7.73,10.54,784.7,5.2,5.32,0.05,0.101,11.12
2,2023,3,7,20,14.9,8.1,10.99,790.6,5.3,4.49,0.047,0.089,10.68
2,2023,3,8,0,14.8,7.6,8.47,791.2,5.8,4.49,0.047,0.089,10.68
2,2023,3,8,4,14.4,7.52,7.57,787.0,5.3,4.57,0.056,0.097,10.73
2,2023,3,8,8,14.4,7.47,7.47,786.8,8.5,4.87,0.055,0.11,11.01
2,2023,3,8,12,15.2,7.75,10.74,784.6,4.4,4.77,0.047,0.102,11.05
2,2023,3,8,16,16.0,8.48,13.62,782.6,5.6,4.44,0.044,0.109,11.16
2,2023,3,8,20,15.4,8.34,11.43,794.8,4.3,4.14,0.042,0.101,10.94
2,2023,3,9,0,14.9,7.68,8.76,775.7,4.0,4.14,0.042,0.101,10.94
2,2023,3,9,4,14.5,7.5,7.42,770.8,3.9,4.85,0.048,0.108,10.4
2,2023,3,9,8,14.6,7.4,7.08,766.9,4.0,5.29,0.049,0.114,10.98
2,2023,3,9,12,15.5,7.67,10.21,766.9,3.2,5.33,0.04,0.115,11.21
2,2023,3,9,16,16.3,8.33,12.98,767.9,5.4,5.03,0.04,0.123,11.31
2,2023,3,9,20,15.8,8.19,10.96,782.2,4.4,4.6,0.044,0.118,10.9
2,2023,3,10,0,15.5,7.65,8.5,778.2,4.2,4.6,0.044,0.118,10.9
2,2023,3,10,4,15.0,7.47,7.2,773.0,4.6,5.06,0.046,0.121,10.22
2,2023,3,10,8,14.8,7.47,7.23,772.3,4.8,5.19,0.053,0.121,10.4
2,2023,3,10,12,15.5,7.65,9.52,756.8,3.7,4.33,0.056,0.138,11.31
2,2023,3,10,16,16.2,7.88,10.98,767.9,5.2,4.56,0.046,0.125,11.04
2,2023,3,10,20,15.9,8.06,10.73,766.2,3.7,4.17,0.043,0.114,10.64
2,2023,3,11,0,15.8,7.77,9.46,770.9,3.1,4.17,0.043,0.114,10.64
2,2023,3,11,4,15.5,7.51,7.75,772.1,2.9,4.58,0.053,0.106,10.91
2,2023,3,11,8,15.3,7.46,7.09,770.8,4.6,4.8,0.047,0.115,11.1
2,2023,3,11,12,15.3,7.53,8.2,772.1,2.7,4.99,0.049,0.115,12.06
2,2023,3,11,16,15.5,7.64,9.34,774.0,3.4,5.0,0.048,0.121,12.22
2,2023,3,11,20,15.1,7.73,9.24,781.1,4.1,4.6,0.05,0.126,11.92
2,2023,3,12,0,14.6,7.83,9.37,778.5,2.6,4.6,0.05,0.126,11.92
2,2023,3,12,4,13.9,7.69,8.82,773.8,2.1,4.48,0.058,0.101,11.12
2,2023,3,12,8,13.5,7.59,8.26,772.0,2.7,4.58,0.057,0.109,10.46
2,2023,3,12,12,14.0,7.74,9.91,773.5,3.4,4.69,0.05,0.118,11.21
2,2023,3,12,16,14.6,8.02,11.25,753.3,2.9,4.88,0.045,0.12,11.39
2,2023,3,12,20,14.2,8.22,11.08,778.2,2.6,5.4,0.045,0.117,11.15
2,2023,3,13,0,14.5,7.84,9.52,778.0,5.3,5.4,0.045,0.117,11.15
2,2023,3,13,4,14.2,7.55,8.14,770.3,3.9,5.05,0.066,0.128,11.5
2,2023,3,13,8,13.9,7.5,7.69,772.0,3.5,5.0,0.05,0.113,11.09
2,2023,3,13,12,14.2,7.65,9.21,774.4,2.6,4.96,0.048,0.11,11.45
2,2023,3,13,16,14.7,7.87,10.43,769.3,3.4,4.84,0.046,0.108,11.41
2,2023,3,13,20,14.1,8.16,10.48,765.1,3.3,4.09,0.043,0.097,10.75
2,2023,3,14,0,14.4,7.77,8.83,772.2,8.0,4.09,0.043,0.097,10.75
2,2023,3,14,4,14.1,7.58,8.04,769.0,3.3,4.53,0.059,0.117,10.66
2,2023,3,14,8,13.9,7.54,7.77,759.0,3.5,4.26,0.052,0.102,10.97
2,2023,3,14,12,14.5,7.74,9.74,754.4,3.4,4.26,0.052,0.102,10.97
2,2023,3,14,16,15.3,7.92,10.93,750.3,3.1,4.5,0.045,0.1,11.04
2,2023,3,14,20,14.6,8.1,10.56,745.5,2.7,4.38,0.046,0.099,10.74
2,2023,3,15,0,14.6,7.76,9.37,757.6,2.6,4.38,0.046,0.099,10.74
2,2023,3,15,4,14.1,7.59,8.16,759.5,3.2,4.76,0.051,0.108,10.88
2,2023,3,15,8,13.7,7.59,8.17,768.0,3.1,4.5,0.051,0.111,11.55
2,2023,3,15,12,14.1,7.81,10.06,768.8,2.3,4.05,0.047,0.105,11.44
2,2023,3,15,16,14.4,8.09,11.04,726.2,2.8,5.5,0.04,0.103,11.15
2,2023,3,15,20,13.7,8.25,11.1,754.5,2.6,4.02,0.04,0.098,10.88
2,2023,3,16,0,14.0,7.77,9.69,760.5,3.3,4.02,0.04,0.098,10.88
2,2023,3,16,4,13.7,7.53,8.16,757.3,2.1,4.82,0.049,0.105,10.91
2,2023,3,16,8,13.2,7.52,7.92,757.5,2.9,4.5,0.048,0.101,10.99
2,2023,3,16,12,14.0,7.64,9.67,758.8,2.5,4.64,0.047,0.098,11.45
2,2023,3,16,20,13.8,8.16,10.9,765.0,2.4,3.99,0.041,0.091,10.76
2,2023,3,17,0,13.9,7.91,9.98,767.4,2.2,3.99,0.041,0.091,10.76
2,2023,3,17,4,13.7,7.61,8.59,768.9,2.3,4.28,0.047,0.086,11.28
2,2023,3,17,8,13.4,7.55,8.19,757.5,2.6,4.39,0.048,0.088,10.87
2,2023,3,17,12,13.6,7.63,9.26,734.0,2.3,4.53,0.045,0.085,10.83
2,2023,3,17,16,14.0,7.82,10.44,762.5,1.9,4.48,0.043,0.083,11.17
2,2023,3,17,20,13.7,7.94,10.26,765.4,2.0,4.28,0.046,0.078,11.42
2,2023,3,18,0,13.7,7.88,9.67,770.8,2.2,4.28,0.046,0.078,11.42
2,2023,3,18,4,13.7,7.63,8.52,768.3,1.9,4.53,0.051,0.08,11.41
2,2023,3,18,8,13.5,7.57,8.21,766.3,2.1,4.73,0.053,0.081,11.56
2,2023,3,18,12,14.3,7.69,9.78,761.5,1.9,4.76,0.05,0.084,11.62
2,2023,3,18,16,15.0,7.92,10.86,759.5,2.8,4.68,0.048,0.085,11.55
2,2023,3,18,20,14.4,8.14,10.28,732.0,1.9,4.36,0.045,0.082,10.94
2,2023,3,19,0,14.5,7.97,9.61,759.0,1.9,4.36,0.045,0.082,10.94
2,2023,3,19,4,14.5,7.59,8.12,758.7,2.4,5.17,0.054,0.084,11.46
2,2023,3,19,8,13.9,7.56,7.68,758.5,2.3,4.99,0.052,0.081,11.61
2,2023,3,19,16,14.8,7.91,10.05,760.1,2.7,4.97,0.05,0.086,11.53
2,2023,3,19,20,14.2,8.13,10.2,757.2,2.1,4.25,0.048,0.08,10.78
2,2023,3,20,0,14.4,7.97,9.49,761.0,1.9,4.25,0.048,0.08,10.78
2,2023,3,20,4,14.5,7.63,8.22,722.2,2.0,5.1,0.056,0.082,11.05
2,2023,3,20,8,14.2,7.59,7.79,756.9,2.2,5.01,0.054,0.082,10.97
2,2023,3,20,12,14.6,7.66,8.7,758.7,2.6,5.2,0.053,0.088,11.01
2,2023,3,20,16,14.8,8.12,10.29,742.5,5.7,4.48,0.048,0.097,10.37
2,2023,3,20,20,14.7,8.11,9.87,747.9,2.4,4.42,0.046,0.084,10.36
2,2023,3,21,0,15.0,7.85,9.26,755.8,2.2,4.42,0.046,0.084,10.36
2,2023,3,21,4,15.3,7.58,8.11,751.6,2.4,5.47,0.069,0.096,10.97
2,2023,3,21,8,14.9,7.58,7.86,740.2,2.7,5.0,0.067,0.098,10.53
2,2023,3,21,12,15.4,7.72,9.11,749.3,2.2,5.03,0.064,0.096,10.67
2,2023,3,21,16,15.4,7.87,9.5,741.4,2.3,4.98,0.062,0.092,10.12
2,2023,3,21,20,15.1,8.01,9.71,747.4,6.7,4.46,0.068,0.098,9.94
2,2023,3,22,0,15.6,7.68,8.24,749.2,5.2,4.46,0.068,0.098,9.94
2,2023,3,22,4,15.0,7.71,8.17,749.4,3.1,4.51,0.062,0.093,10.14
2,2023,3,22,8,14.9,7.64,8.18,749.2,2.6,4.67,0.086,0.092,10.19
2,2023,3,22,12,15.4,7.74,9.52,749.3,2.4,5.01,0.078,0.094,10.73
2,2023,3,22,16,15.4,7.99,10.3,740.7,2.7,4.83,0.079,0.092,10.4
2,2023,3,22,20,14.8,8.14,10.1,738.8,2.0,4.31,0.09,0.087,10.86
2,2023,3,23,0,14.4,8.16,9.89,744.2,1.9,4.31,0.09,0.087,10.86
2,2023,3,23,4,14.6,7.71,8.59,758.3,2.0,5.43,0.08,0.083,11.16
2,2023,3,23,8,14.5,7.58,8.05,762.1,2.6,5.63,0.078,0.086,11.6
2,2023,3,23,12,15.1,7.71,9.23,766.1,2.0,5.68,0.071,0.086,12.27
2,2023,3,23,20,15.6,7.9,9.84,779.1,5.7,5.99,0.066,0.107,12.82
2,2023,3,24,0,15.0,7.74,8.87,775.7,3.3,5.99,0.066,0.107,12.82
2,2023,3,24,4,14.2,7.72,8.5,765.8,2.5,4.86,0.067,0.079,11.75
2,2023,3,24,8,14.0,7.66,8.69,759.8,3.1,4.88,0.072,0.077,11.59
2,2023,3,24,12,14.2,7.92,9.86,759.8,2.3,4.52,0.066,0.088,11.0
2,2023,3,24,16,14.9,8.19,10.78,735.8,2.8,4.32,0.061,0.078,10.98
2,2023,3,24,20,14.7,8.26,10.43,691.8,2.4,4.09,0.067,0.073,10.52
2,2023,3,25,0,14.6,7.9,9.48,716.6,2.2,4.09,0.067,0.073,10.52
2,2023,3,25,4,14.4,7.71,8.56,695.6,2.2,4.58,0.079,0.072,10.93
2,2023,3,25,8,14.2,7.7,8.4,742.5,2.1,4.49,0.06,0.068,11.31
2,2023,3,25,12,14.9,7.87,9.87,744.2,2.0,4.48,0.054,0.066,11.17
2,2023,3,25,16,15.2,8.22,11.39,749.6,1.7,4.17,0.054,0.064,11.09
2,2023,3,25,20,14.8,8.3,10.93,736.7,1.4,3.88,0.058,0.067,11.14
2,2023,3,26,0,14.2,8.31,10.51,746.6,1.7,3.88,0.058,0.067,11.14
2,2023,3,26,4,14.3,7.91,9.36,756.3,1.7,4.26,0.063,0.073,10.6
2,2023,3,26,8,14.4,7.63,8.62,762.7,2.3,4.9,0.064,0.078,11.23
2,2023,3,26,12,15.0,7.84,10.08,772.4,1.8,4.73,0.052,0.073,10.88
2,2023,3,26,16,15.6,8.11,11.07,787.1,1.7,4.63,0.047,0.075,10.9
2,2023,3,26,20,15.1,8.38,10.92,813.1,2.0,4.25,0.049,0.074,9.52
2,2023,3,27,0,15.0,7.96,9.71,808.3,2.3,4.25,0.049,0.074,9.52
2,2023,3,27,4,14.5,7.75,8.55,793.0,2.1,4.55,0.06,0.077,10.14
2,2023,3,27,8,14.4,7.72,8.6,789.6,2.2,4.54,0.056,0.078,10.5
2,2023,3,27,12,15.2,7.94,10.16,785.5,2.1,4.36,0.054,0.077,10.54
2,2023,3,27,16,15.6,8.35,11.47,779.5,2.6,3.94,0.052,0.073,10.07
2,2023,3,27,20,15.0,8.52,11.14,778.5,2.7,3.52,0.044,0.072,9.16
2,2023,3,28,0,15.3,7.94,9.17,787.3,5.4,3.52,0.567,0.072,9.16
2,2023,3,28,4,14.5,7.86,8.42,809.7,2.6,4.22,0.064,0.09,9.14
2,2023,3,28,8,14.0,7.9,8.73,835.5,2.8,4.02,0.052,0.079,8.58
2,2023,3,28,12,14.9,8.07,10.32,842.2,2.2,4.36,0.048,0.079,8.82
2,2023,3,28,16,15.5,8.46,11.48,834.5,2.5,3.93,0.046,0.075,8.41
2,2023,3,28,20,15.4,8.56,10.91,857.5,2.2,3.9,0.047,0.073,8.27
2,2023,3,29,0,15.8,7.97,9.35,841.3,2.4,3.9,0.052,0.073,8.27
2,2023,3,29,8,15.0,7.81,8.34,849.7,2.2,4.52,0.058,0.08,9.06
2,2023,3,29,8,15.0,7.81,8.34,849.7,2.2,4.36,0.056,0.082,9.13
2,2023,3,29,16,16.4,8.34,11.1,849.7,2.5,4.62,0.058,0.082,9.52
2,2023,3,29,20,16.3,8.46,10.44,836.8,2.5,4.36,0.053,0.078,9.09
2,2023,3,29,20,16.3,8.46,10.44,836.8,2.5,4.15,0.054,0.074,8.54
2,2023,3,30,0,16.4,7.98,9.03,827.9,2.3,4.15,0.052,0.074,8.54
2,2023,3,30,8,16.1,7.69,7.84,841.6,3.0,4.76,0.057,0.08,8.8
2,2023,3,30,12,17.0,7.87,9.61,849.0,2.7,5.15,0.056,0.084,10.05
2,2023,3,30,16,17.4,8.32,10.89,855.7,2.5,5.11,0.052,0.086,10.26
2,2023,3,30,20,17.8,8.03,9.6,825.8,2.6,4.65,0.048,0.084,9.41
2,2023,3,31,0,17.6,7.9,8.61,824.8,2.4,5.57,0.052,0.095,10.65
2,2023,3,31,4,16.7,7.88,7.98,847.4,2.8,5.57,0.054,0.095,10.65
2,2023,3,31,8,16.2,7.85,7.94,864.5,2.9,4.92,0.057,0.1,9.01
2,2023,3,31,12,17.0,8.09,9.66,864.2,2.7,4.72,0.06,0.094,8.44
2,2023,3,31,16,17.5,8.42,10.65,844.8,2.5,4.58,0.054,0.092,9.47
2,2023,3,31,20,17.1,8.53,10.23,884.8,2.8,4.54,0.048,0.088,8.62
2,2023,4,1,0,17.4,7.91,8.71,846.6,2.7,3.99,0.046,0.084,8.21
2,2023,4,1,4,17.2,7.62,7.6,828.7,3.0,3.99,0.053,0.084,8.21
2,2023,4,1,8,17.0,7.58,7.47,840.6,3.3,5.37,0.061,0.15,10.25
2,2023,4,1,12,17.6,7.74,9.13,859.1,3.1,5.11,0.078,0.18,10.11
2,2023,4,1,16,18.0,8.0,11.45,864.6,2.3,5.04,0.154,0.163,9.95
2,2023,4,1,20,17.6,8.35,10.92,888.6,2.2,4.87,0.229,0.146,9.44
2,2023,4,2,0,17.5,8.05,9.65,888.5,2.2,4.49,0.176,0.126,8.01
2,2023,4,2,4,17.3,7.69,8.11,870.7,2.3,4.49,0.264,0.126,8.01
2,2023,4,2,8,17.2,7.62,7.7,865.3,2.6,4.88,0.247,0.108,9.39
2,2023,4,2,12,17.4,7.74,9.05,839.3,2.1,4.77,0.176,0.104,9.94
2,2023,4,2,16,17.5,7.92,9.88,859.9,2.2,4.83,0.092,0.094,9.27
2,2023,4,2,20,16.9,8.32,9.99,920.8,2.5,4.87,0.066,0.087,8.72
2,2023,4,3,0,16.9,8.02,9.2,893.6,2.5,4.09,0.07,0.088,6.86
2,2023,4,3,4,16.9,7.77,8.28,887.8,2.3,4.09,0.08,0.088,6.86
2,2023,4,3,8,16.8,7.71,8.16,883.3,2.3,4.61,0.092,0.085,8.49
2,2023,4,3,12,16.9,7.78,9.35,889.1,2.0,4.84,0.078,0.081,9.35
2,2023,4,3,16,17.0,7.97,10.4,895.4,2.2,5.03,0.071,0.079,9.36
2,2023,4,3,20,16.4,8.25,10.33,907.2,2.5,4.83,0.063,0.078,8.87
2,2023,4,4,0,16.8,7.83,9.09,889.0,2.6,4.34,0.058,0.077,7.7
2,2023,4,4,4,16.6,7.7,8.45,882.7,2.6,4.34,0.058,0.077,7.7
2,2023,4,4,8,16.5,7.68,8.32,856.2,2.3,4.89,0.062,0.072,8.39
2,2023,4,4,12,16.4,7.7,8.98,873.3,1.9,4.88,0.058,0.07,9.29
2,2023,4,4,16,16.1,7.82,9.29,883.7,2.6,5.3,0.06,0.073,9.42
2,2023,4,4,20,15.5,8.09,9.67,917.1,2.8,5.3,0.062,0.073,9.56
2,2023,4,5,0,15.9,7.71,8.35,880.7,5.2,4.55,0.06,0.071,7.79
2,2023,4,5,4,16.0,7.54,8.32,861.2,3.4,4.55,0.06,0.071,7.79
2,2023,4,5,8,16.0,7.53,8.39,853.8,2.9,5.52,0.086,0.08,9.97
2,2023,4,5,12,16.1,7.68,9.77,829.5,2.6,5.56,0.082,0.075,10.65
2,2023,4,5,16,16.4,8.08,11.39,859.5,2.5,5.55,0.076,0.075,10.45
2,2023,4,5,20,15.8,8.3,10.91,917.4,3.6,5.31,0.06,0.072,9.01
2,2023,4,6,0,16.1,7.76,9.29,855.0,4.3,4.5,0.06,0.075,7.51
2,2023,4,6,4,15.5,7.74,8.76,893.2,4.4,4.5,0.06,0.075,7.51
2,2023,4,6,8,15.6,7.68,8.85,857.5,4.3,5.42,0.064,0.07,7.66
2,2023,4,6,12,16.3,7.84,10.61,846.1,3.2,5.35,0.058,0.068,8.59
2,2023,4,6,16,16.4,8.29,12.14,903.7,2.8,5.34,0.053,0.064,8.9
2,2023,4,7,0,15.6,8.28,10.64,890.3,2.5,4.49,0.047,0.065,6.57
2,2023,4,7,4,16.0,7.64,8.69,797.0,2.4,4.49,0.047,0.065,6.57
2,2023,4,7,8,15.8,7.62,8.8,826.0,2.5,5.78,0.055,0.072,9.84
2,2023,4,7,12,16.3,7.85,10.43,855.9,4.7,5.47,0.05,0.072,9.83
2,2023,4,7,16,16.3,8.33,12.05,898.0,4.2,5.32,0.055,0.075,9.62
2,2023,4,7,20,15.8,8.38,11.43,912.0,4.7,4.44,0.048,0.071,8.41
2,2023,4,8,0,15.9,7.81,9.47,841.5,4.4,4.65,0.049,0.072,7.71
2,2023,4,8,4,15.5,7.71,8.53,874.0,3.1,5.37,0.115,0.073,9.26
2,2023,4,8,8,15.4,7.72,8.71,884.8,2.6,5.18,0.269,0.068,9.44
2,2023,4,8,12,16.4,7.92,10.73,868.4,2.4,5.3,0.089,0.062,10.53
2,2023,4,10,0,16.9,8.04,9.46,902.4,3.4,5.13,0.063,0.07,7.81
2,2023,4,10,4,16.8,7.69,7.98,885.6,3.7,5.13,0.112,0.069,9.2
2,2023,4,10,16,18.1,8.04,10.36,889.6,3.7,5.41,0.054,0.068,9.73
2,2023,4,10,20,17.6,8.37,10.64,906.9,4.5,5.45,0.047,0.075,8.55
2,2023,4,11,0,17.5,7.95,9.16,875.0,3.9,4.65,0.047,0.075,8.55
2,2023,4,11,4,17.0,7.74,8.1,864.8,4.5,4.65,0.054,0.07,8.79
2,2023,4,11,8,16.5,7.73,8.1,856.6,5.7,5.5,0.051,0.073,9.24
2,2023,4,11,12,17.0,7.9,10.55,840.9,3.5,5.51,0.047,0.073,9.24
2,2023,4,11,16,17.4,8.19,12.32,837.2,3.4,5.56,0.046,0.072,10.4
2,2023,4,11,20,16.6,8.42,11.4,863.9,3.8,5.52,0.044,0.074,10.47
2,2023,4,12,0,16.5,8.12,10.1,853.5,3.5,5.01,0.044,0.075,9.41
2,2023,4,12,4,16.3,7.79,8.58,852.6,4.2,5.01,0.047,0.075,9.41
2,2023,4,12,8,16.2,7.74,8.64,856.6,4.3,5.17,0.046,0.07,7.99
2,2023,4,12,12,17.2,7.83,10.76,849.5,3.1,5.19,0.046,0.067,8.52
2,2023,4,12,16,17.6,8.03,12.05,857.2,5.2,5.14,0.045,0.067,9.2
2,2023,4,12,20,17.1,8.39,11.34,896.2,4.9,5.24,0.041,0.071,9.46
2,2023,4,13,0,17.3,7.96,9.66,872.8,3.7,4.35,0.041,0.074,8.1
2,2023,4,13,4,17.1,7.64,8.3,857.4,3.6,4.35,0.05,0.074,8.1
2,2023,4,13,8,17.1,7.63,8.18,854.6,4.3,5.08,0.051,0.069,9.58
2,2023,4,13,12,17.8,7.74,10.15,852.3,3.4,5.14,0.049,0.068,9.83
2,2023,4,13,16,18.0,7.92,10.95,869.4,5.8,5.02,0.051,0.071,9.62
2,2023,4,13,20,17.4,8.37,10.6,913.8,5.0,4.43,0.049,0.077,8.14
2,2023,4,14,0,17.7,7.85,9.13,876.9,3.6,4.43,0.049,0.077,8.14
2,2023,4,14,4,17.6,7.56,7.94,854.8,4.0,5.32,0.088,0.071,9.08
2,2023,4,14,8,17.6,7.55,7.66,856.9,4.4,5.2,0.12,0.071,9.59
2,2023,4,14,12,18.2,7.66,9.82,851.9,3.5,5.45,0.2,0.074,10.84
2,2023,4,14,16,18.4,7.96,11.12,867.4,4.8,5.3,0.233,0.074,10.14
2,2023,4,14,20,17.5,8.33,10.56,905.7,4.5,4.45,0.122,0.074,8.84
2,2023,4,15,0,17.6,7.81,9.08,854.7,3.5,4.45,0.122,0.074,8.84
2,2023,4,15,4,17.4,7.6,7.94,839.4,4.2,5.52,0.089,0.074,9.81
2,2023,4,15,8,17.4,7.6,8.08,834.3,3.7,5.48,0.08,0.068,10.71
2,2023,4,15,12,18.2,7.77,10.08,843.4,3.7,5.62,0.096,0.068,10.54
2,2023,4,15,16,18.1,8.02,11.04,866.2,4.7,4.62,0.104,0.071,9.5
2,2023,4,15,20,17.4,8.39,10.46,906.0,5.7,4.66,0.096,0.077,8.03
2,2023,4,16,0,17.2,8.03,9.08,893.1,3.7,4.66,0.096,0.077,8.03
2,2023,4,16,4,16.9,7.72,8.04,868.7,3.7,5.14,0.092,0.069,9.12
2,2023,4,16,8,17.0,7.68,8.3,855.8,4.0,5.16,0.073,0.066,9.24
2,2023,4,16,12,18.0,7.95,10.6,862.1,2.9,4.94,0.057,0.064,10.63
2,2023,4,16,16,18.6,8.25,11.67,870.9,4.3,5.36,0.047,0.066,9.94
2,2023,4,16,20,18.0,8.48,10.96,900.9,4.5,4.55,0.044,0.069,8.28
2,2023,4,17,0,17.5,8.34,9.95,914.7,4.5,4.55,0.044,0.069,8.28
2,2023,4,17,8,17.5,7.69,8.13,860.3,3.3,5.08,0.047,0.067,9.49
2,2023,4,17,12,18.0,7.14,9.94,873.1,3.5,5.11,0.056,0.084,8.63
2,2023,4,17,16,18.6,8.12,11.8,888.0,4.8,5.08,0.047,0.076,8.86
2,2023,4,17,20,18.1,8.41,10.82,914.9,7.5,4.55,0.052,0.083,6.61
2,2023,4,18,0,18.2,8.03,9.47,890.9,3.8,4.55,0.052,0.083,6.61
2,2023,4,18,4,18.0,7.7,8.21,871.0,4.0,5.01,0.058,0.073,7.89
2,2023,4,18,12,19.1,7.9,10.77,869.5,3.4,4.94,0.063,0.068,8.34
2,2023,4,18,16,19.9,8.11,11.87,864.2,6.3,5.25,0.082,0.081,8.5
2,2023,4,18,20,19.3,8.39,10.8,894.8,5.6,4.73,0.081,0.077,7.14
2,2023,4,19,0,19.1,8.07,9.27,889.6,4.4,4.73,0.081,0.077,7.14
2,2023,4,19,4,18.6,7.7,7.71,869.4,5.9,5.5,0.071,0.076,7.46
2,2023,4,19,8,18.4,7.68,7.88,871.2,5.3,4.93,0.056,0.072,8.27
2,2023,4,19,12,19.2,7.88,10.51,868.7,4.0,5.08,0.048,0.069,8.79
2,2023,4,19,16,20.0,8.11,11.91,864.5,5.6,5.1,0.046,0.072,9.15
2,2023,4,19,20,19.7,8.3,10.58,887.7,5.7,4.56,0.047,0.077,7.07
2,2023,4,20,0,19.9,7.98,9.03,877.0,4.6,4.56,0.047,0.077,7.07
2,2023,4,20,4,19.5,7.72,7.54,876.8,6.9,4.98,0.053,0.077,5.49
2,2023,4,20,8,19.1,7.68,7.22,873.9,5.6,5.09,0.054,0.075,2.34
2,2023,4,20,12,19.0,7.67,7.86,861.3,7.0,5.19,0.055,0.074,11.47
2,2023,4,20,16,18.7,7.76,8.56,866.3,5.4,5.19,0.053,0.074,11.47
2,2023,4,20,20,18.2,7.97,8.41,899.3,5.6,5.09,0.055,0.077,9.0
2,2023,4,21,0,18.2,7.94,8.2,890.9,4.0,4.41,0.055,0.077,7.74
2,2023,4,21,4,18.1,7.77,7.72,880.7,4.6,4.41,0.06,0.077,7.74
2,2023,4,21,8,18.0,7.76,7.85,885.7,5.0,4.6,0.059,0.072,7.46
2,2023,4,21,12,18.4,7.86,9.87,878.2,3.8,4.88,0.056,0.071,8.4
2,2023,4,21,16,18.7,8.03,11.0,876.4,4.7,4.94,0.052,0.075,8.91
2,2023,4,21,20,18.1,8.25,10.17,902.8,5.9,4.66,0.05,0.078,8.12
2,2023,4,22,0,17.9,8.09,9.36,894.7,5.1,4.66,0.05,0.078,8.12
2,2023,4,22,4,17.9,7.74,8.18,869.1,4.6,4.92,0.054,0.071,8.33
2,2023,4,22,8,17.5,7.71,8.1,873.1,6.2,4.71,0.053,0.073,7.94
2,2023,4,22,12,17.8,7.82,9.44,871.1,4.6,4.82,0.055,0.072,8.87
2,2023,4,22,16,18.2,8.01,10.82,872.7,6.0,4.65,0.052,0.073,8.72
2,2023,4,22,20,17.6,8.19,10.16,899.0,5.6,4.51,0.055,0.072,7.65
2,2023,4,23,0,17.3,8.31,9.98,922.6,6.2,4.51,0.055,0.072,7.65
2,2023,4,23,4,17.4,7.88,8.72,896.8,4.8,4.92,0.053,0.069,7.28
2,2023,4,23,8,17.2,7.84,8.93,899.7,5.1,4.44,0.047,0.063,7.14
2,2023,4,23,12,17.7,7.94,9.95,892.4,5.3,4.44,0.053,0.064,8.16
2,2023,4,23,16,18.0,7.64,10.79,887.9,3.4,4.77,0.049,0.068,8.86
2,2023,4,23,20,17.4,7.9,10.56,925.4,4.4,4.09,0.048,0.072,6.95
2,2023,4,24,0,17.1,7.76,9.74,917.9,3.8,4.09,0.048,0.072,6.95
2,2023,4,24,4,17.1,7.42,8.49,887.9,4.1,5.08,0.052,0.071,6.8
2,2023,4,24,8,17.0,7.46,8.93,892.9,3.3,4.6,0.048,0.066,7.25
2,2023,4,24,12,18.1,7.6,11.07,882.4,4.4,4.94,0.049,0.069,8.4
2,2023,4,24,16,18.5,7.83,12.17,881.9,5.4,4.98,0.046,0.073,8.3
2,2023,4,24,20,17.9,8.02,11.11,910.0,4.4,4.39,0.046,0.074,7.44
2,2023,4,25,0,17.7,7.78,9.9,903.4,4.7,4.39,0.046,0.074,7.44
2,2023,4,25,4,17.8,7.37,8.16,868.4,3.5,5.35,0.053,0.072,7.82
2,2023,4,25,8,17.5,7.42,8.21,879.4,3.5,4.98,0.049,0.067,7.9
2,2023,4,25,12,18.4,7.58,10.56,882.4,4.3,5.16,0.054,0.07,8.63
2,2023,4,25,16,18.7,7.81,12.03,883.7,4.8,5.14,0.057,0.071,8.88
2,2023,4,25,20,17.8,8.06,10.96,920.1,4.5,4.29,0.053,0.071,7.24
2,2023,4,26,0,17.6,7.8,9.86,907.5,4.2,4.29,0.053,0.071,7.24
2,2023,4,26,4,17.5,7.43,8.24,874.6,3.8,5.46,0.052,0.07,7.87
2,2023,4,26,8,17.4,7.42,8.44,881.2,7.0,5.32,0.057,0.071,8.37
2,2023,4,26,12,18.2,7.62,10.8,892.0,4.4,5.13,0.071,0.069,8.62
2,2023,4,26,16,18.5,7.79,11.36,891.3,5.6,5.14,0.054,0.072,8.67
2,2023,4,26,20,17.9,8.0,10.53,915.4,4.8,4.42,0.047,0.07,7.46
2,2023,4,27,0,17.9,7.77,9.4,898.0,4.2,4.42,0.047,0.07,7.46
2,2023,4,27,4,17.9,7.42,8.03,871.5,3.8,5.34,0.051,0.065,7.9
2,2023,4,27,8,17.8,7.4,8.18,872.3,4.5,5.09,0.056,0.064,8.11
2,2023,4,27,12,18.0,7.46,8.43,877.4,3.1,5.26,0.069,0.062,8.51
2,2023,4,27,16,18.4,7.56,9.56,881.5,4.8,5.46,0.079,0.065,8.01
2,2023,4,27,20,17.8,7.82,9.36,921.5,4.9,4.4,0.058,0.064,7.15
2,2023,4,28,0,17.8,7.64,8.72,904.6,3.5,4.4,0.058,0.064,7.15
2,2023,4,28,4,18.0,7.38,7.76,884.4,5.0,5.24,0.097,0.066,7.15
2,2023,4,28,8,17.9,7.46,8.22,899.4,4.4,4.71,0.069,0.064,7.77
2,2023,4,28,12,18.8,7.58,10.14,893.9,6.1,5.19,0.056,0.064,8.6
2,2023,4,28,16,19.2,7.68,10.68,892.4,8.7,5.35,0.048,0.071,8.87
2,2023,4,28,20,18.2,7.98,9.76,921.7,12.8,4.61,0.07,0.08,7.06
2,2023,4,29,0,18.0,7.39,6.81,876.8,43.2,4.61,0.07,0.08,7.06
2,2023,4,29,4,17.6,7.13,2.56,857.4,59.3,12.62,6.655,0.487,12.92
2,2023,4,29,8,17.6,7.13,3.27,840.2,26.1,11.54,6.57,0.474,11.97
2,2023,4,29,12,18.6,7.23,4.33,854.5,19.1,8.93,4.242,0.349,10.93
2,2023,4,29,16,19.2,7.46,7.07,882.1,14.5,6.67,1.593,0.219,8.86
2,2023,4,29,20,18.7,7.75,8.46,912.3,11.2,4.88,0.052,0.113,6.73
2,2023,4,30,0,18.7,7.5,7.36,872.5,10.2,4.88,0.052,0.113,6.73
2,2023,4,30,4,18.4,7.28,6.08,847.0,8.4,5.62,0.056,0.079,6.21
2,2023,4,30,8,18.1,7.25,6.09,845.6,9.8,5.78,0.1,0.083,6.0
2,2023,4,30,12,19.0,7.37,7.96,843.1,11.0,5.82,0.116,0.08,6.59
2,2023,4,30,16,19.7,7.54,9.26,850.5,11.8,5.38,0.091,0.077,6.53
2,2023,4,30,20,19.2,7.67,8.17,891.2,15.4,4.84,0.084,0.081,5.83
2,2023,5,1,0,19.1,7.5,6.83,886.0,9.3,4.84,0.084,0.081,5.83
2,2023,5,1,4,18.7,7.33,5.97,870.9,9.3,4.81,0.059,0.07,5.6
2,2023,5,1,8,18.7,7.33,6.34,862.9,7.2,4.88,0.054,0.067,5.84
2,2023,5,1,12,19.7,7.5,8.83,856.3,7.3,4.92,0.048,0.067,6.5
2,2023,5,1,16,20.4,7.68,10.14,866.3,8.8,5.03,0.044,0.068,6.75
2,2023,5,1,20,20.0,7.84,8.9,920.5,8.6,5.25,0.044,0.072,6.0
2,2023,5,2,0,19.7,7.65,7.67,911.2,6.7,5.25,0.044,0.072,6.0
2,2023,5,2,4,19.3,7.45,6.62,902.7,5.5,4.51,0.045,0.068,5.92
2,2023,5,2,8,19.1,7.5,7.09,911.3,4.8,4.34,0.045,0.065,5.76
2,2023,5,2,12,20.2,7.69,9.28,896.6,5.7,4.65,0.046,0.069,6.38
2,2023,5,2,16,21.0,7.92,10.88,889.3,5.9,4.79,0.043,0.071,6.61
2,2023,5,2,20,20.8,8.01,9.28,915.3,6.3,4.24,0.045,0.074,5.68
2,2023,5,3,0,20.7,7.85,8.02,910.8,4.1,4.24,0.045,0.074,5.68
2,2023,5,3,4,20.3,7.5,6.7,883.9,3.8,4.71,0.046,0.07,5.73
2,2023,5,3,8,20.0,7.51,7.0,894.1,4.0,4.46,0.046,0.073,5.58
2,2023,5,3,12,20.9,7.67,9.33,884.1,4.1,4.6,0.046,0.075,6.35
2,2023,5,3,16,21.6,7.84,10.3,891.1,4.9,4.45,0.048,0.077,6.59
2,2023,5,3,20,21.3,8.0,8.98,917.9,5.9,4.08,0.047,0.078,6.04
2,2023,5,4,0,21.2,7.64,7.43,883.3,4.1,4.08,0.047,0.078,6.04
2,2023,5,4,4,20.7,7.41,6.3,879.8,4.6,4.76,0.059,0.077,6.22
2,2023,5,4,8,20.3,7.37,6.02,880.2,4.4,4.51,0.067,0.076,6.44
2,2023,5,4,12,20.4,7.37,6.6,871.0,4.8,4.79,0.068,0.08,7.18
2,2023,5,4,16,20.6,7.45,7.14,875.8,5.2,4.71,0.056,0.082,7.3
2,2023,5,4,20,20.4,7.65,6.9,913.2,5.2,3.96,0.056,0.084,5.7
2,2023,5,5,0,20.6,7.46,6.66,866.1,4.1,3.96,0.066,0.084,5.7
2,2023,5,5,4,20.4,7.33,6.05,866.2,3.9,4.88,0.069,0.085,6.22
2,2023,5,5,8,20.4,7.36,6.29,879.7,3.3,4.28,0.068,0.086,6.82
2,2023,5,5,12,20.6,7.45,7.87,880.1,2.7,4.78,0.06,0.088,7.27
2,2023,5,5,16,20.7,7.65,8.94,894.1,2.7,4.44,0.056,0.088,7.15
2,2023,5,5,20,20.2,7.75,8.0,921.3,2.9,3.91,0.051,0.084,5.71
2,2023,5,6,0,20.0,7.51,7.23,889.3,2.7,3.91,0.058,0.084,5.71
2,2023,5,6,4,19.6,7.41,6.65,887.3,2.8,4.6,0.054,0.083,6.48
2,2023,5,6,8,19.6,7.41,7.35,887.8,2.8,4.52,0.055,0.081,6.75
2,2023,5,6,12,20.2,7.57,9.23,882.7,2.9,4.72,0.047,0.083,7.42
2,2023,5,6,16,20.7,7.76,10.22,894.2,3.1,4.5,0.048,0.082,7.1
2,2023,5,6,20,20.3,7.86,8.78,932.6,3.3,4.08,0.058,0.099,6.39
2,2023,5,7,0,20.3,7.53,7.61,895.6,2.9,4.08,0.058,0.099,6.39
2,2023,5,7,4,19.8,7.37,6.64,896.1,3.1,4.61,0.059,0.084,6.54
2,2023,5,7,8,19.7,7.4,7.32,896.0,2.4,4.57,0.057,0.083,6.94
2,2023,5,7,12,20.7,7.55,9.75,891.8,2.6,4.82,0.052,0.083,7.68
2,2023,5,7,16,21.4,7.79,10.9,902.2,3.0,4.65,0.047,0.082,7.35
2,2023,5,7,20,21.0,7.95,9.33,942.9,3.4,4.19,0.049,0.082,5.83
2,2023,5,8,0,20.8,7.58,7.73,906.5,2.5,4.19,0.049,0.082,5.83
2,2023,5,8,4,20.2,7.41,6.78,906.4,2.5,4.73,0.055,0.081,6.08
2,2023,5,8,8,20.1,7.44,7.45,905.7,2.5,4.67,0.054,0.08,7.09
2,2023,5,8,12,21.3,7.49,9.73,881.0,2.8,4.98,0.051,0.08,8.14
2,2023,5,8,16,22.0,7.8,10.99,902.1,3.5,4.57,0.047,0.083,7.44
2,2023,5,8,20,21.9,7.76,8.75,897.9,4.2,4.65,0.051,0.084,7.23
2,2023,5,9,0,21.4,7.32,7.06,883.1,2.7,4.65,0.051,0.084,7.23
2,2023,5,9,4,20.7,7.38,6.07,896.4,2.9,4.76,0.054,0.082,6.6
2,2023,5,9,8,20.7,7.44,6.98,896.0,2.8,4.55,0.05,0.08,7.16
2,2023,5,9,12,21.5,7.64,9.76,895.8,2.6,4.74,0.048,0.08,7.67
2,2023,5,9,16,21.9,7.83,10.13,898.1,3.3,4.6,0.048,0.082,7.08
2,2023,5,10,16,22.4,7.78,10.32,896.5,3.9,5.0,0.136,0.086,8.06
2,2023,5,10,20,22.0,7.92,8.69,921.0,3.0,4.84,0.061,0.081,7.61
2,2023,5,11,0,21.9,7.6,7.37,897.5,2.5,4.33,0.055,0.08,6.64
2,2023,5,11,4,21.3,7.35,6.18,878.4,2.4,4.33,0.055,0.08,6.64
2,2023,5,11,8,21.3,7.32,6.63,862.5,2.5,4.78,0.054,0.082,8.6
2,2023,5,11,12,21.8,7.5,8.99,877.4,2.6,5.18,0.057,0.116,8.65
2,2023,5,11,16,22.1,7.77,10.19,896.9,3.5,4.94,0.051,0.09,7.64
2,2023,5,11,20,22.0,7.9,8.64,917.9,3.5,4.57,0.051,0.092,6.82
2,2023,5,12,0,21.8,7.64,7.29,900.7,2.3,4.57,0.051,0.092,6.82
2,2023,5,12,4,21.4,7.34,5.93,876.6,2.4,5.57,0.138,0.099,8.41
2,2023,5,12,8,21.3,7.36,6.44,874.5,2.5,5.57,0.084,0.091,8.09
2,2023,5,12,12,22.0,7.55,8.59,877.6,2.8,5.65,0.058,0.091,8.17
2,2023,5,12,16,21.9,7.64,7.83,900.3,2.9,5.65,0.059,0.086,6.95
2,2023,5,12,20,21.9,7.88,7.96,927.9,4.0,4.75,0.058,0.086,5.61
2,2023,5,13,0,21.5,7.42,6.61,887.2,2.6,4.75,0.058,0.086,5.61
2,2023,5,13,4,21.1,7.46,6.24,899.6,2.7,4.75,0.082,0.089,6.24
2,2023,5,13,8,21.2,7.45,7.12,902.1,3.2,4.84,0.066,0.084,6.65
2,2023,5,13,12,22.1,7.62,9.44,898.0,3.1,4.84,0.066,0.086,6.95
2,2023,5,13,16,22.8,7.95,10.8,924.7,3.7,5.02,0.052,0.084,6.15
2,2023,5,13,20,22.6,8.06,9.2,940.7,4.2,4.42,0.052,0.084,5.1
2,2023,5,14,0,22.3,7.6,7.12,907.8,2.6,4.42,0.052,0.084,5.1
2,2023,5,14,4,21.6,7.45,6.13,909.1,3.1,4.42,0.079,0.087,5.57
2,2023,5,14,8,21.4,7.49,6.79,907.4,3.5,4.9,0.054,0.084,6.32
2,2023,5,14,12,22.4,7.61,8.89,892.5,3.7,4.9,0.049,0.086,6.73
2,2023,5,14,16,23.0,8.07,10.17,947.4,4.7,4.47,0.051,0.084,5.06
2,2023,5,14,20,23.0,7.95,8.54,933.9,4.0,4.73,0.056,0.084,5.15
2,2023,5,15,0,22.7,7.62,7.0,916.4,2.7,4.73,0.056,0.084,5.15
2,2023,5,15,4,22.0,7.49,6.15,925.1,3.1,4.75,0.073,0.084,5.36
2,2023,5,15,8,21.9,7.44,6.75,906.6,4.3,4.75,0.081,0.084,6.47
2,2023,5,15,12,22.9,7.48,8.87,882.6,4.9,5.23,0.102,0.087,7.2
2,2023,5,15,16,23.8,7.9,9.05,931.2,16.5,5.24,0.101,0.107,5.4
2,2023,5,16,12,23.6,6.87,8.25,876.6,5.0,5.39,0.26,0.126,7.42
2,2023,5,17,12,23.9,7.46,8.51,871.9,3.9,4.62,0.129,0.093,6.14
2,2023,5,17,16,24.2,7.67,9.32,882.3,5.3,4.78,0.133,0.095,6.75
2,2023,5,17,20,24.1,7.87,8.07,919.3,5.0,4.62,0.07,0.096,6.31
2,2023,5,18,0,23.5,7.51,6.63,878.1,3.3,4.26,0.06,0.096,4.86
2,2023,5,18,4,23.0,7.39,5.59,880.9,3.4,4.26,0.06,0.096,4.86
2,2023,5,18,8,22.9,7.41,6.55,882.4,4.5,4.78,0.168,0.097,5.82
2,2023,5,18,8,22.9,7.41,6.55,882.4,4.5,5.05,0.08,0.091,6.81
2,2023,5,18,12,23.7,7.53,9.13,886.3,5.5,4.83,0.059,0.087,7.24
2,2023,5,18,16,24.4,8.0,10.71,924.7,5.6,4.41,0.05,0.086,5.67
2,2023,5,18,20,24.1,8.13,9.07,941.6,5.4,4.06,0.052,0.09,4.85
2,2023,5,19,0,23.3,7.62,7.12,894.9,3.5,4.06,0.052,0.09,4.85
2,2023,5,19,4,22.7,7.46,6.32,885.9,4.0,4.75,0.059,0.084,5.57
2,2023,5,19,8,22.6,7.41,6.47,886.5,6.2,4.84,0.061,0.087,6.55
2,2023,5,19,12,22.6,7.38,6.37,886.2,6.5,5.0,0.081,0.089,7.55
2,2023,5,19,16,22.6,7.51,6.43,911.1,6.4,4.73,0.069,0.087,6.4
2,2023,5,19,20,22.6,7.65,6.47,931.3,5.8,4.46,0.083,0.087,5.71
2,2023,5,20,0,22.4,7.43,6.35,899.7,4.2,4.46,0.083,0.087,5.71
2,2023,5,20,4,21.9,7.36,6.3,894.9,4.2,4.73,0.126,0.087,6.0
2,2023,5,20,8,21.6,7.29,6.82,881.9,4.9,5.14,0.169,0.09,7.28
2,2023,5,20,12,21.6,7.43,8.19,883.9,4.4,5.36,0.1,0.091,7.41
2,2023,5,20,16,21.2,7.64,8.38,910.8,5.7,5.0,0.074,0.089,6.44
2,2023,5,20,20,20.7,7.74,7.94,931.4,5.7,4.31,0.076,0.086,5.17
2,2023,5,21,0,20.7,7.5,7.09,890.4,4.7,4.31,0.076,0.086,5.17
2,2023,5,21,4,20.3,7.44,6.84,893.2,4.3,4.68,0.078,0.082,5.67
2,2023,5,21,8,20.2,7.5,7.66,898.9,4.8,4.49,0.071,0.079,5.84
2,2023,5,21,12,21.1,7.65,9.58,890.5,5.0,4.68,0.057,0.08,6.74
2,2023,5,21,16,21.6,7.9,10.24,899.7,5.9,4.47,0.054,0.082,6.05
2,2023,5,21,20,21.2,8.04,9.49,932.8,6.3,3.98,0.054,0.082,4.96
2,2023,5,22,0,21.2,7.65,7.9,909.0,5.0,3.98,0.054,0.082,4.96
2,2023,5,22,4,20.6,7.5,7.21,914.2,4.7,4.36,0.062,0.076,5.24
2,2023,5,22,8,20.9,7.49,7.72,891.1,5.3,4.47,0.055,0.076,6.3
2,2023,5,22,12,22.0,7.62,9.6,891.6,4.9,4.62,0.051,0.078,7.12
2,2023,5,22,16,22.9,7.95,10.61,909.5,6.3,4.41,0.051,0.083,5.96
2,2023,5,22,20,22.6,8.06,9.38,920.6,7.9,4.17,0.051,0.086,5.44
2,2023,5,23,0,22.3,7.59,7.74,885.0,5.4,4.17,0.051,0.086,5.44
2,2023,5,23,4,21.4,7.52,7.01,901.6,5.1,4.41,0.055,0.079,5.48
2,2023,5,23,8,21.6,7.49,7.56,877.9,5.0,4.53,0.052,0.079,7.17
2,2023,5,24,16,23.2,7.96,9.96,881.0,7.1,5.16,0.048,0.099,7.96
2,2023,5,25,12,22.4,7.56,9.18,913.3,4.1,4.67,0.061,0.092,7.38
2,2023,5,25,16,22.5,7.94,9.61,923.9,6.1,4.77,0.055,0.103,6.45
2,2023,5,25,20,22.4,8.05,9.07,944.2,5.9,4.36,0.054,0.099,5.8
2,2023,5,26,0,22.4,7.55,7.5,903.6,5.0,3.97,0.054,0.099,5.8
2,2023,5,26,4,22.0,7.54,6.96,914.1,5.5,3.97,0.061,0.107,6.98
2,2023,5,26,8,21.9,7.51,7.49,914.2,5.3,4.6,0.059,0.12,7.39
2,2023,5,26,16,23.4,8.13,11.24,940.0,5.8,4.58,0.055,0.128,7.13
2,2023,5,26,20,23.3,8.14,9.86,942.2,6.1,4.07,0.051,0.114,5.77
2,2023,5,27,0,23.1,7.67,7.86,925.0,4.3,3.98,0.052,0.102,5.52
2,2023,5,27,4,22.4,7.56,6.82,927.3,4.9,3.98,0.052,0.102,5.52
2,2023,5,27,8,22.1,7.54,6.82,928.3,4.5,4.38,0.058,0.091,6.16
2,2023,5,27,12,22.4,7.52,7.69,922.7,5.6,4.17,0.06,0.09,6.62
2,2023,5,27,16,22.6,7.8,8.68,941.4,6.4,4.32,0.06,0.102,7.25
2,2023,5,27,20,22.6,7.84,8.21,940.2,6.8,4.12,0.06,0.097,6.15
2,2023,5,28,0,22.6,7.52,7.41,915.9,4.4,4.16,0.062,0.096,6.17
2,2023,5,28,4,22.2,7.54,6.87,932.1,4.4,4.16,0.062,0.096,6.17
2,2023,5,28,8,22.1,7.58,7.43,934.4,5.3,4.36,0.07,0.099,6.23
2,2023,5,28,12,22.8,7.7,9.33,922.2,5.5,4.28,0.066,0.101,6.3
2,2023,5,28,16,23.7,7.99,10.93,924.1,6.5,4.54,0.061,0.105,6.73
2,2023,5,28,20,23.5,8.09,9.75,945.3,7.0,4.48,0.055,0.102,6.23
2,2023,5,29,0,23.4,7.64,7.87,906.1,5.1,4.03,0.058,0.098,5.02
2,2023,5,29,4,22.7,7.48,6.72,909.2,5.2,4.03,0.058,0.098,5.02
2,2023,5,29,8,22.9,7.49,7.21,911.1,4.7,4.73,0.066,0.098,5.61
2,2023,5,29,16,24.6,7.97,10.64,918.6,6.6,4.7,0.06,0.111,6.94
2,2023,5,29,20,24.5,8.06,9.47,930.2,6.8,4.31,0.054,0.108,5.85
2,2023,5,30,0,24.0,7.59,7.53,914.9,5.2,4.13,0.053,0.102,5.51
2,2023,5,30,4,23.3,7.52,6.52,925.2,3.8,4.13,0.053,0.102,5.51
2,2023,5,30,8,23.0,7.47,6.19,916.9,3.8,4.22,0.061,0.094,5.62
2,2023,5,30,8,23.0,7.47,6.19,916.9,3.8,4.26,0.066,0.095,6.15
2,2023,5,30,12,23.2,7.48,7.29,901.6,4.9,4.26,0.066,0.095,6.15
2,2023,5,30,12,23.2,7.48,7.29,901.6,4.9,4.68,0.062,0.104,7.25
2,2023,5,30,16,23.5,7.5,8.05,890.6,5.1,4.68,0.062,0.104,7.25
2,2023,5,30,16,23.5,7.5,8.05,890.6,5.1,4.8,0.058,0.113,7.59
2,2023,5,30,20,23.3,7.54,7.33,899.2,5.4,4.8,0.058,0.113,7.59
2,2023,5,30,20,23.3,7.54,7.33,899.2,5.4,4.52,0.061,0.112,7.58
2,2023,5,31,0,23.2,7.48,7.06,876.0,3.0,4.52,0.061,0.112,7.58
2,2023,5,31,0,23.2,7.48,7.06,876.0,3.0,4.52,0.061,0.112,7.58
2,2023,5,31,4,23.0,7.35,6.52,867.7,2.8,4.52,0.061,0.112,7.58
2,2023,5,31,4,23.0,7.35,6.52,867.7,2.8,4.68,0.065,0.106,7.48
2,2023,5,31,8,22.9,7.33,6.88,865.6,3.1,4.68,0.065,0.106,7.48
2,2023,5,31,12,23.2,7.44,8.18,859.4,3.0,4.59,0.067,0.108,7.27
2,2023,5,31,16,23.6,7.43,8.99,832.8,3.1,5.2,0.085,0.121,9.05
2,2023,5,31,20,23.6,7.47,8.14,842.1,3.9,5.2,0.085,0.121,9.05
2,2023,5,31,20,23.6,7.47,8.14,842.1,3.9,5.07,0.056,0.117,8.57
2,2023,6,1,0,23.6,7.66,7.87,866.9,3.6,5.07,0.056,0.117,8.57
2,2023,6,1,0,23.6,7.66,7.87,866.9,3.6,5.07,0.056,0.117,8.57
2,2023,6,1,4,23.3,7.33,6.56,841.0,3.3,5.07,0.056,0.117,8.57
2,2023,6,1,4,23.3,7.33,6.56,841.0,3.3,5.28,0.097,0.104,7.65
2,2023,6,1,8,23.3,7.35,6.87,840.1,3.1,5.28,0.097,0.104,7.65
2,2023,6,1,8,23.3,7.35,6.87,840.1,3.1,5.04,0.076,0.102,7.6
2,2023,6,1,12,24.3,7.48,9.06,841.8,4.7,5.04,0.076,0.102,7.6
2,2023,6,1,12,24.3,7.48,9.06,841.8,4.7,5.23,0.061,0.106,8.56
2,2023,6,1,16,24.5,7.55,9.43,841.8,3.4,5.23,0.061,0.106,8.56
2,2023,6,1,16,24.5,7.55,9.43,841.8,3.4,5.29,0.057,0.104,8.8
2,2023,6,2,12,23.7,7.6,10.12,879.8,6.4,4.74,0.053,0.092,8.22
