point_id,year,month,day,hour,水温(℃),pH(无量纲),溶解氧(mg/L),电导率(μS/cm),浊度(NTU),高锰酸盐指数(mg/L),氨氮(mg/L),总磷(mg/L),总氮(mg/L)
9,2021,6,17,12,27.3,8.31,8.85,964.7,41.6,5.82,0.327,0.172,4.77
9,2021,6,17,12,27.3,8.31,8.85,964.7,41.6,5.82,0.327,0.172,4.77
9,2021,6,17,16,29.1,8.54,10.4,965.8,37.9,6.06,0.276,0.17,4.75
9,2021,6,17,16,29.1,8.54,10.4,965.8,37.9,6.16,0.178,0.165,4.6
9,2021,6,17,20,28.2,8.42,7.71,965.5,39.5,6.19,0.152,0.162,4.61
9,2021,6,18,0,27.3,8.11,5.47,988.0,61.5,6.19,0.152,0.162,4.61
9,2021,6,18,4,26.5,8.0,4.49,1028.7,57.3,6.09,0.216,0.184,4.86
9,2021,6,18,4,26.5,8.0,4.49,1028.7,57.3,5.55,0.322,0.187,5.58
9,2021,6,18,8,25.1,8.05,5.66,1029.5,54.8,5.96,0.214,0.175,5.66
9,2021,6,18,12,26.0,8.32,8.85,1029.4,48.5,5.96,0.17,0.166,5.53
9,2021,6,18,16,28.0,8.67,12.84,1020.4,49.1,5.96,0.17,0.166,5.53
9,2021,6,18,16,28.0,8.67,12.84,1020.4,49.1,6.44,0.09,0.164,5.4
9,2021,6,18,20,27.1,8.46,9.51,992.7,80.5,6.58,0.116,0.185,5.37
9,2021,6,19,0,26.2,8.36,7.43,991.0,61.0,6.58,0.116,0.185,5.37
9,2021,6,19,4,24.9,8.18,6.16,995.9,53.1,6.3,0.13,0.169,5.32
9,2021,6,19,4,24.9,8.18,6.16,995.9,53.1,5.97,0.144,0.162,5.41
9,2021,6,19,8,24.4,8.13,6.25,999.4,47.9,5.94,0.157,0.16,5.43
9,2021,6,19,12,26.6,8.44,9.56,1001.0,49.7,6.05,0.118,0.16,5.52
9,2021,6,19,16,28.4,8.8,13.56,985.3,54.6,6.39,0.025,0.166,5.43
9,2021,6,19,20,27.8,8.72,11.87,978.2,62.4,6.39,0.025,0.168,5.53
9,2021,6,20,0,26.4,8.51,8.31,993.1,55.5,6.73,0.025,0.168,5.53
9,2021,6,20,0,26.4,8.51,8.31,993.1,55.5,6.73,0.025,0.168,5.53
9,2021,6,20,8,24.6,8.36,7.45,999.3,46.4,6.15,0.025,0.147,5.55
9,2021,6,20,12,26.8,8.77,13.29,989.9,49.5,6.31,0.025,0.168,5.8
9,2021,6,20,16,29.2,8.83,23.57,949.0,55.9,6.86,0.025,0.168,5.8
9,2021,7,2,12,27.1,8.95,27.37,822.0,76.9,6.73,0.025,0.221,5.36
9,2021,7,3,0,27.8,8.5,26.86,797.8,155.0,8.2,0.093,0.176,5.45
9,2021,7,3,4,26.0,7.77,8.0,771.3,164.9,7.44,0.025,0.16,5.35
9,2021,7,3,4,26.0,7.77,8.0,771.3,164.9,6.66,0.321,0.005,5.21
9,2021,7,3,8,23.4,7.74,2.11,439.3,166.2,6.56,2.514,1.551,6.09
9,2021,7,3,12,24.8,8.06,6.58,321.8,70.0,6.56,1.159,0.292,6.09
9,2021,7,3,16,27.6,8.79,15.64,500.7,44.2,5.62,1.159,0.292,4.77
9,2021,7,3,16,27.6,8.79,15.64,500.7,44.2,5.93,0.455,0.186,4.03
9,2021,7,3,20,27.3,8.73,15.38,613.1,46.5,6.23,0.211,0.175,4.07
9,2021,7,4,0,27.5,7.64,2.88,570.0,97.2,6.23,0.211,0.175,4.07
9,2021,7,4,4,26.7,8.21,3.74,639.0,90.0,6.35,0.813,0.274,4.54
9,2021,7,4,4,26.7,8.21,3.74,639.0,90.0,7.59,1.93,0.433,6.08
9,2021,7,4,8,26.3,7.77,3.42,695.8,69.6,6.63,2.426,0.328,6.39
9,2021,7,4,12,28.6,8.11,9.94,711.9,39.9,6.63,2.312,0.29,6.39
9,2021,7,4,16,30.8,8.27,16.71,651.7,37.2,6.46,2.312,0.29,6.53
9,2021,7,4,16,30.8,8.27,16.71,651.7,37.2,6.48,2.301,0.342,5.94
9,2021,7,4,20,30.8,8.45,19.45,591.1,47.1,5.78,2.203,0.42,5.76
9,2021,7,5,0,29.5,8.45,7.95,584.9,60.5,5.78,2.203,0.42,5.76
9,2021,7,5,4,28.5,7.97,3.35,601.2,56.9,7.02,1.767,0.419,5.25
9,2021,7,5,4,28.5,7.97,3.35,601.2,56.9,6.45,1.765,0.379,5.62
9,2021,7,5,8,27.2,7.77,3.65,601.9,47.3,5.86,1.991,0.331,5.2
9,2021,7,5,12,28.9,8.15,10.66,594.5,46.3,5.86,2.026,0.331,5.2
9,2021,7,5,16,29.1,8.21,10.02,559.6,49.5,5.96,2.026,0.299,5.42
9,2021,7,5,16,29.1,8.21,10.02,559.6,49.5,5.73,1.88,0.273,5.28
9,2021,7,5,20,26.4,7.8,4.08,436.8,148.8,6.96,1.833,0.363,6.51
9,2021,7,6,0,25.7,7.7,3.28,419.5,68.2,6.96,1.833,0.363,6.51
9,2021,7,6,4,24.2,7.6,2.7,330.7,111.2,5.98,2.105,0.301,5.85
9,2021,7,6,4,24.2,7.6,2.7,330.7,111.2,6.98,2.631,0.835,7.0
9,2021,7,6,8,23.6,7.58,2.58,282.5,83.4,5.92,2.341,0.401,6.04
9,2021,7,6,12,25.4,7.63,2.35,249.2,64.9,5.16,2.506,0.383,5.76
9,2021,7,6,16,27.6,7.66,3.23,282.6,68.3,5.16,2.203,0.408,5.76
9,2021,7,7,8,25.6,7.48,1.11,371.7,30.6,7.0,2.016,0.462,4.71
9,2021,7,7,8,25.6,7.48,1.11,371.7,30.6,5.0,2.235,0.433,4.61
9,2021,7,7,12,29.3,7.57,2.78,375.4,36.2,4.81,2.091,0.399,4.6
9,2021,7,26,12,35.0,9.08,29.18,666.0,5.5,6.73,0.025,0.474,2.25
9,2021,7,26,16,33.5,8.67,9.09,690.8,17.3,6.54,0.231,0.49,2.93
9,2021,7,26,20,31.6,7.83,1.03,724.3,8.4,6.54,0.231,0.49,2.93
9,2021,7,26,20,31.6,7.83,1.03,724.3,8.4,6.57,0.438,0.499,3.21
9,2021,7,27,0,30.0,7.74,0.83,705.3,11.2,6.57,0.438,0.499,3.21
9,2021,7,27,4,29.0,7.76,0.66,754.6,6.0,6.8,0.723,0.58,2.57
9,2021,7,27,8,29.3,8.03,5.28,730.0,8.7,6.8,0.723,0.58,2.57
9,2021,7,27,8,29.3,8.03,5.28,730.0,8.7,6.61,0.78,0.596,2.44
9,2021,7,27,12,33.2,8.93,25.28,690.1,10.7,6.61,0.78,0.596,2.44
9,2021,7,27,12,33.2,8.93,25.28,690.1,10.7,6.76,0.493,0.607,2.4
9,2021,7,27,16,30.8,8.08,2.81,695.9,13.0,6.52,0.714,0.617,2.75
9,2021,7,27,20,28.8,7.72,0.62,716.3,10.2,6.52,0.714,0.617,2.75
9,2021,7,28,0,27.6,7.7,0.6,749.2,7.1,6.19,1.123,0.65,2.84
9,2021,7,28,0,27.6,7.7,0.6,749.2,7.1,6.19,1.123,0.65,2.84
9,2021,7,28,4,26.9,7.71,0.64,785.1,9.0,6.36,1.548,0.669,3.3
9,2021,7,28,8,27.6,8.17,6.62,800.2,9.2,6.36,1.548,0.669,3.3
9,2021,7,28,12,30.7,8.84,22.63,806.9,8.5,6.56,1.031,0.641,3.16
9,2021,7,28,12,30.7,8.84,22.63,806.9,8.5,6.74,0.789,0.634,2.85
9,2021,7,28,16,32.4,8.89,23.3,811.6,9.8,6.79,0.809,0.634,3.16
9,2021,7,28,20,29.7,7.86,0.56,836.0,7.2,6.57,1.364,0.654,3.23
9,2021,7,29,0,28.6,7.76,0.42,838.3,7.0,6.57,1.364,0.654,3.23
9,2021,7,29,0,28.6,7.76,0.42,838.3,7.0,6.15,1.863,0.662,3.47
9,2021,7,29,4,27.9,7.72,0.38,806.7,8.4,6.17,2.012,0.695,3.45
9,2021,7,29,8,27.8,7.84,2.65,756.9,6.0,6.21,1.595,0.661,3.04
9,2021,7,29,12,27.7,8.43,10.38,702.9,8.7,6.21,1.124,0.669,2.98
9,2021,7,29,16,27.0,8.14,5.55,729.1,10.3,6.18,1.124,0.669,2.98
9,2021,7,29,16,27.0,8.14,5.55,729.1,10.3,6.2,1.383,0.68,3.16
9,2021,7,29,20,25.6,7.82,2.27,745.6,13.5,5.95,1.817,0.668,3.51
9,2021,7,30,0,24.5,7.85,3.17,727.5,43.7,5.95,1.817,0.668,3.51
9,2021,7,30,0,24.5,7.85,3.17,727.5,43.7,6.09,2.646,0.628,4.69
9,2021,7,30,4,23.0,7.63,3.74,147.1,97.8,4.43,0.939,0.358,3.69
9,2021,7,30,8,23.6,7.71,3.57,398.6,46.7,4.26,1.875,0.461,4.05
9,2021,7,30,12,23.8,7.64,3.18,449.7,89.2,4.26,2.696,0.461,4.05
9,2021,7,30,16,24.8,7.65,3.71,350.4,52.1,5.27,2.696,0.629,6.76
9,2021,8,6,8,28.1,8.0,5.78,952.4,48.4,6.43,0.025,0.23,6.68
9,2021,8,6,8,28.1,8.0,5.78,952.4,48.4,6.13,0.026,0.226,6.5
9,2021,9,23,12,23.2,7.77,4.45,732.1,22.4,4.58,2.821,0.314,7.44
9,2021,9,23,16,23.8,7.82,5.54,734.3,21.9,5.25,2.569,0.303,7.25
9,2021,9,23,20,23.9,7.79,5.37,741.7,19.1,4.78,2.337,0.285,7.3
9,2021,9,24,0,23.8,7.73,4.41,752.1,17.8,4.78,2.337,0.285,7.3
9,2021,9,24,4,24.0,7.71,3.61,765.9,15.7,4.55,1.636,0.269,6.87
9,2021,10,28,12,13.2,8.64,10.64,1111.9,10.3,3.59,0.382,0.223,8.15
9,2021,10,28,16,13.7,8.56,10.27,1096.0,11.9,3.6,0.443,0.228,7.97
9,2021,10,28,20,13.3,8.45,10.0,1121.6,12.3,3.57,0.443,0.228,7.97
9,2021,10,29,0,13.2,8.49,10.93,1125.5,12.3,3.74,0.442,0.225,8.01
9,2021,10,29,4,12.8,8.46,10.94,1136.1,13.6,3.81,0.604,0.261,8.5
9,2021,10,29,8,15.9,8.71,9.87,1.3,0.008,3.8,0.604,0.261,8.5
9,2021,10,29,8,15.9,8.71,9.87,1.3,0.008,3.8,0.604,0.261,8.5
9,2021,11,5,8,10.9,8.59,10.75,1136.2,11.3,3.81,0.292,0.272,7.25
9,2021,11,5,12,11.3,8.64,11.9,1138.5,10.1,2.97,0.311,0.257,7.27
9,2021,11,5,16,11.7,8.56,10.56,1136.5,10.0,4.06,0.358,0.254,7.74
9,2021,11,5,20,11.6,8.55,10.3,1137.4,9.2,3.78,0.325,0.264,7.99
9,2021,11,6,0,11.4,8.68,11.87,1131.2,8.7,3.87,0.325,0.264,7.99
9,2021,11,6,4,11.4,8.74,13.53,1125.7,8.3,3.96,0.246,0.296,8.27
9,2021,11,6,8,11.5,8.66,12.03,1127.2,9.6,4.05,0.354,0.324,8.08
9,2021,11,6,12,11.7,8.53,9.57,1142.3,9.7,3.93,0.405,0.353,8.14
9,2021,11,6,16,12.0,8.56,9.78,1137.7,11.7,4.35,0.538,0.371,7.94
9,2021,11,6,20,11.5,8.51,9.49,1137.5,8.7,4.2,0.628,0.324,7.77
9,2021,11,7,0,10.5,8.42,9.25,1151.0,7.6,3.96,0.628,0.324,7.77
9,2021,11,7,4,8.6,8.47,9.84,1147.2,10.0,4.04,0.597,0.31,7.69
9,2021,11,7,4,8.6,8.47,9.84,1147.2,10.0,4.2,0.505,0.293,7.33
9,2021,11,7,12,5.0,8.53,9.74,1161.7,5.1,3.93,0.505,0.275,7.31
9,2021,11,7,16,4.1,8.64,11.0,1172.2,3.7,3.95,0.435,0.256,7.49
9,2021,11,7,20,3.1,8.67,11.74,1182.5,6.0,3.84,0.449,0.24,7.59
9,2021,11,8,0,2.1,8.71,12.67,1193.7,4.7,3.79,0.449,0.244,7.66
9,2021,11,8,4,1.3,8.82,13.73,1192.9,6.1,3.77,0.6,0.249,7.69
9,2021,11,8,8,0.7,8.85,13.11,1182.3,7.1,3.96,0.869,0.262,7.9
9,2021,11,8,12,1.9,8.89,13.41,1185.8,8.8,3.98,1.214,0.35,8.0
9,2021,11,8,16,2.9,8.73,13.05,1145.2,7.7,3.96,2.806,0.581,8.24
9,2021,11,8,20,3.4,8.63,12.7,1159.3,7.1,4.13,4.161,0.76,9.25
9,2021,11,9,0,3.6,8.63,12.8,1181.5,4.7,4.53,4.161,0.76,10.47
9,2021,11,9,4,3.8,8.59,12.11,1170.7,7.1,4.33,3.737,0.76,10.3
9,2021,11,9,8,3.3,8.69,12.25,1195.2,5.6,3.9,3.352,0.715,10.3
9,2021,11,9,12,4.6,8.77,12.64,1193.1,7.3,4.21,3.232,0.691,10.61
9,2021,11,9,16,5.5,8.75,12.79,1189.4,6.9,4.15,3.386,0.688,10.72
9,2021,11,9,20,5.6,8.66,12.45,1193.9,7.4,3.79,3.785,0.676,10.72
9,2021,11,10,0,5.3,8.63,12.35,1194.6,7.4,4.12,3.785,0.676,10.78
9,2021,11,10,4,5.5,8.58,11.77,1181.9,9.3,4.17,3.733,0.648,10.6
9,2021,11,10,8,4.8,8.63,11.51,1198.6,8.2,4.62,3.875,0.627,10.6
9,2021,11,10,12,6.0,8.66,12.13,1169.5,8.9,4.61,3.875,0.619,11.38
9,2021,11,10,16,7.0,8.72,12.64,1188.4,10.3,4.54,3.93,0.601,11.49
9,2021,11,10,20,7.1,8.65,12.28,1191.7,8.9,4.36,3.91,0.601,11.85
9,2021,11,11,0,6.7,8.56,11.81,1200.0,10.3,4.44,3.91,0.601,11.85
9,2021,11,11,4,6.4,8.51,11.4,1197.8,10.3,4.61,3.479,0.586,11.89
9,2021,11,11,8,6.1,8.53,11.19,1207.5,8.0,4.66,3.131,0.561,11.3
9,2021,11,11,12,6.6,8.64,11.72,1208.9,6.2,4.81,2.802,0.532,10.91
9,2021,11,11,16,7.1,8.77,12.33,1203.6,9.8,4.77,2.433,0.476,10.71
9,2021,11,11,20,7.3,8.77,12.31,1199.5,11.6,4.54,2.284,0.43,10.39
9,2021,11,12,0,6.8,8.67,12.0,1205.4,9.1,4.72,2.284,0.395,10.13
9,2021,11,12,4,6.1,8.59,12.01,1216.9,7.8,4.56,2.308,0.391,9.29
9,2021,11,26,12,6.0,8.55,11.54,1207.6,4.1,4.37,2.312,0.357,11.03
9,2021,11,26,16,6.2,8.56,12.54,1216.5,6.2,4.52,3.601,0.511,12.6
9,2021,11,26,20,6.4,8.58,12.94,1215.2,5.6,4.31,2.715,0.424,11.85
9,2021,11,27,0,6.7,8.68,13.56,1220.3,5.5,4.31,2.715,0.424,11.85
9,2021,11,27,4,6.5,8.77,12.92,1232.2,5.9,4.12,1.15,0.256,10.19
9,2021,11,27,8,6.0,8.63,11.06,1254.2,4.7,4.25,0.926,0.212,10.18
9,2021,11,27,12,6.2,8.51,11.37,1264.3,5.0,4.21,0.811,0.216,10.11
9,2021,11,27,16,6.9,8.59,13.05,1255.2,5.8,4.15,0.706,0.184,9.83
9,2021,11,27,20,6.9,8.64,13.65,1259.4,7.0,4.0,0.687,0.176,9.92
9,2021,11,28,0,7.2,8.8,14.73,1257.3,4.6,4.0,0.687,0.176,9.92
9,2021,11,28,4,7.2,8.85,13.63,1264.2,5.2,3.99,0.55,0.166,9.68
9,2021,11,28,8,6.9,8.63,11.22,1276.2,4.6,2.8,0.565,0.169,9.62
9,2021,11,28,12,7.2,8.54,11.39,1270.2,4.0,3.94,0.634,0.151,9.8
9,2021,11,28,16,7.6,8.6,12.51,1261.3,9.4,3.96,0.707,0.149,9.92
9,2021,11,28,20,7.6,8.64,13.19,1247.5,6.9,3.94,0.966,0.173,10.09
9,2021,11,29,0,7.7,8.64,13.11,1248.3,5.6,3.94,0.966,0.173,10.09
9,2021,11,29,4,7.6,8.71,12.5,1252.2,5.1,3.99,0.996,0.191,10.29
9,2021,11,29,8,7.3,8.56,10.62,1255.5,4.6,4.26,0.942,0.177,10.36
9,2021,11,29,12,7.2,8.41,9.7,1248.9,4.5,4.21,0.886,0.18,10.48
9,2021,11,30,8,5.7,8.48,9.74,1260.6,5.1,3.96,0.831,0.159,10.62
9,2021,11,30,12,5.6,8.54,11.24,1269.3,5.0,4.19,0.864,0.166,10.67
9,2021,11,30,16,5.9,8.65,12.77,1262.0,4.6,3.71,0.928,0.169,10.76
9,2021,11,30,20,5.3,8.67,12.89,1258.0,4.5,4.02,1.202,0.198,10.93
9,2021,11,30,20,5.3,8.67,12.89,1258.0,4.5,4.02,1.202,0.198,10.93
9,2021,12,1,4,4.2,8.71,12.14,1284.0,4.8,4.13,1.562,0.264,11.16
9,2021,12,1,8,3.5,8.61,11.07,1291.2,5.5,4.15,1.437,0.267,11.29
9,2021,12,1,12,3.9,8.59,11.8,1276.9,3.8,4.21,1.352,0.273,11.39
9,2021,12,1,16,4.4,8.67,12.84,1259.6,5.9,4.2,1.197,0.26,11.36
9,2021,12,1,20,4.3,8.65,12.66,1248.0,6.1,4.15,1.157,0.279,11.24
9,2021,12,2,0,4.4,8.7,13.07,1261.6,4.7,4.15,1.157,0.279,11.24
9,2021,12,2,4,4.4,8.79,12.85,1281.2,3.4,4.15,1.01,0.257,11.07
9,2021,12,2,12,4.6,8.65,12.02,1283.5,3.0,4.17,0.856,0.226,10.72
9,2021,12,3,12,4.9,8.62,11.62,1279.1,3.1,4.14,0.849,0.267,10.68
9,2021,12,7,16,6.3,8.5,10.74,1264.8,4.6,4.03,0.645,0.147,10.46
9,2021,12,7,20,6.2,8.51,10.89,1265.9,5.1,3.93,0.623,0.144,10.59
9,2021,12,8,8,5.4,8.68,11.06,1284.1,11.4,3.0,0.393,0.146,10.68
9,2021,12,8,12,5.6,8.52,10.24,1282.6,8.0,4.03,0.43,0.144,10.65
9,2021,12,8,16,5.8,8.52,10.56,1270.7,5.5,4.09,0.5,0.144,10.67
9,2021,12,8,20,5.6,8.58,11.18,1249.3,6.4,3.93,0.478,0.182,11.06
9,2021,12,9,0,5.8,8.53,10.97,1256.7,14.9,3.93,0.478,0.182,11.06
9,2021,12,9,4,6.0,8.72,12.09,1252.6,8.2,3.82,0.297,0.209,11.08
9,2021,12,9,8,6.0,8.65,11.22,1250.9,6.4,3.96,0.318,0.209,10.96
9,2021,12,9,16,6.7,8.45,9.74,1254.7,7.9,3.48,0.302,0.193,10.82
9,2021,12,10,12,7.2,8.42,9.87,1254.7,5.2,4.04,0.394,0.141,9.71
9,2021,12,10,16,7.7,8.39,10.36,1238.3,5.0,3.99,0.398,0.145,9.61
9,2021,12,14,8,2.1,8.74,12.21,1311.2,4.3,4.09,0.813,0.283,11.45
9,2021,12,14,12,2.3,8.65,11.73,1312.1,3.6,4.3,1.385,0.301,11.35
9,2021,12,14,16,3.2,8.34,11.32,1315.3,3.6,5.94,1.13,0.254,11.18
9,2021,12,14,20,3.2,8.52,11.13,1324.1,4.7,5.94,0.871,0.214,10.94
9,2021,12,15,0,3.5,8.65,12.24,1329.0,6.1,4.31,0.871,0.214,10.94
9,2021,12,15,4,3.6,8.93,13.32,1330.2,4.1,4.11,0.595,0.161,10.24
9,2021,12,21,12,2.4,8.18,11.97,1268.4,5.2,3.53,0.653,0.178,10.93
9,2021,12,21,16,2.5,8.08,11.67,1252.4,3.6,3.65,1.801,0.178,12.58
9,2021,12,22,8,4.0,8.38,12.53,1293.6,3.0,3.61,1.058,0.252,11.77
9,2021,12,22,12,4.1,8.18,11.42,1290.4,5.3,3.64,0.713,0.19,11.25
9,2021,12,22,16,4.4,8.36,11.77,1278.2,5.9,3.61,0.824,0.177,10.94
9,2021,12,22,20,4.3,8.18,11.41,1285.8,7.5,3.5,0.903,0.217,11.07
9,2021,12,23,0,4.4,8.24,12.54,1294.7,8.0,3.58,0.852,0.203,10.9
9,2021,12,23,4,4.4,8.49,13.65,1287.4,4.5,3.89,0.749,0.192,10.65
9,2021,12,23,8,4.1,8.35,12.02,1283.6,5.7,3.61,0.67,0.186,10.58
9,2021,12,23,12,4.0,8.31,11.73,1285.0,4.8,3.56,0.741,0.18,9.89
9,2021,12,23,16,2.2,8.63,16.32,1173.8,102.2,6.85,0.24,0.245,11.07
9,2021,12,23,20,2.1,8.62,16.21,1172.1,64.5,6.85,0.24,0.245,11.07
9,2021,12,24,0,3.6,8.39,12.17,1293.7,16.0,6.87,0.2,0.242,10.95
9,2021,12,24,4,3.0,8.19,10.85,1273.8,4.7,6.87,1.094,0.229,10.95
9,2021,12,24,8,1.8,8.04,10.03,1251.7,5.8,3.58,2.449,0.415,10.98
9,2021,12,24,12,1.9,7.98,9.73,1250.6,4.9,3.68,2.452,0.434,12.53
9,2021,12,27,16,0.8,8.35,14.27,1446.7,1.4,3.96,1.55,0.233,10.0
9,2021,12,27,20,0.8,8.31,13.82,1449.2,2.0,3.96,1.746,0.257,10.27
9,2021,12,28,0,0.7,8.28,13.58,1447.2,3.1,3.95,1.746,0.257,10.27
9,2021,12,28,4,0.7,8.2,13.0,1429.4,2.9,3.95,2.931,0.382,12.13
9,2021,12,28,8,0.6,8.1,11.96,1409.8,2.7,3.91,3.909,0.512,12.46
9,2021,12,28,12,0.8,8.04,11.46,1399.1,3.8,4.47,4.039,0.568,13.32
9,2021,12,28,16,0.8,8.09,12.15,1399.0,2.3,3.93,4.039,0.513,12.7
9,2021,12,30,12,0.8,8.14,12.16,1331.4,3.3,3.61,1.562,0.293,11.22
9,2022,1,11,8,0.6,8.19,11.21,1320.0,9.9,4.02,1.339,0.244,10.59
9,2022,1,11,12,1.1,8.21,11.52,1296.7,7.7,4.0,1.326,0.241,10.67
9,2022,1,11,16,1.2,8.3,12.49,1338.3,9.1,4.35,1.425,0.248,11.05
9,2022,1,12,8,0.4,8.32,12.26,1379.9,6.0,4.19,1.278,0.244,10.79
9,2022,1,12,12,0.5,8.27,12.48,1350.5,8.5,4.26,0.842,0.185,10.72
9,2022,1,12,16,0.7,8.28,12.98,1330.7,8.4,4.17,0.925,0.202,10.78
9,2022,1,14,12,0.7,8.32,13.3,1361.6,4.1,4.26,1.009,0.192,10.56
9,2022,1,14,16,0.8,8.24,13.26,1305.9,5.6,4.17,2.278,0.353,11.87
9,2022,1,19,8,0.3,8.27,12.0,1329.3,5.0,4.07,1.667,0.267,11.57
9,2022,1,19,12,0.6,8.31,12.38,1328.6,6.3,4.11,1.241,0.219,11.23
9,2022,1,19,16,0.7,8.3,13.16,1324.9,7.4,4.09,1.37,0.232,11.31
9,2022,1,19,20,0.4,8.26,12.99,1329.1,8.1,4.04,1.544,0.256,11.41
9,2022,1,20,0,0.3,8.16,12.42,1337.8,11.1,4.02,1.544,0.256,11.41
9,2022,1,20,4,0.3,8.26,12.55,1344.9,5.1,4.09,1.198,0.194,10.7
9,2022,1,20,8,0.3,8.31,12.31,1346.3,4.9,4.05,1.174,0.183,10.78
9,2022,1,20,12,0.6,8.27,12.6,1310.4,5.5,4.0,1.531,0.229,11.16
9,2022,1,20,16,0.7,8.15,12.63,1246.2,8.7,3.79,3.087,0.415,12.75
9,2022,1,20,20,0.4,8.08,12.05,1253.1,6.0,3.87,3.67,0.503,13.18
9,2022,1,21,0,0.4,8.09,11.95,1275.7,5.0,3.87,3.67,0.503,13.18
9,2022,1,21,4,0.3,8.12,12.07,1296.5,7.0,4.23,2.54,0.353,11.8
9,2022,1,21,8,0.3,8.26,11.99,1319.8,5.1,4.14,1.704,0.243,11.09
9,2022,1,21,12,0.4,8.25,11.92,1327.2,5.4,4.07,1.339,0.203,10.79
9,2022,1,24,8,0.7,8.23,11.52,1324.7,4.9,4.33,2.829,0.363,10.93
9,2022,1,24,12,0.8,8.21,11.66,1306.2,5.8,4.37,1.987,0.273,11.39
9,2022,1,24,16,0.9,8.23,12.17,1305.5,6.4,4.25,1.59,0.222,11.13
9,2022,2,10,8,2.7,8.45,13.01,1244.6,10.2,4.11,0.405,0.115,10.86
9,2022,2,10,12,3.3,8.43,12.33,1255.7,9.9,4.17,0.404,0.12,10.86
9,2022,2,11,8,3.6,8.33,12.7,1247.6,7.0,4.03,0.598,0.151,10.69
9,2022,2,11,12,4.0,8.42,12.37,1263.3,6.0,4.02,0.372,0.12,10.73
9,2022,2,11,16,4.5,8.39,12.97,1237.3,7.6,4.05,0.523,0.138,10.85
9,2022,2,11,20,4.3,8.37,13.42,1240.1,7.3,3.85,0.622,0.147,10.71
9,2022,2,12,0,4.1,8.36,13.69,1224.9,9.9,3.85,0.622,0.147,10.71
9,2022,2,12,4,3.8,8.37,13.8,1237.8,7.1,3.84,1.018,0.196,11.04
9,2022,2,12,8,3.9,8.37,13.03,1253.6,6.1,4.0,0.773,0.161,10.92
9,2022,2,12,12,3.4,8.35,11.3,1283.4,6.5,4.09,0.52,0.148,10.59
9,2022,2,12,16,3.3,8.3,11.09,1290.3,5.6,3.91,0.609,0.143,10.47
9,2022,2,12,20,3.0,8.28,11.44,1287.5,7.1,3.94,0.668,0.144,10.39
9,2022,2,13,0,2.8,8.26,11.67,1289.1,8.5,3.94,0.668,0.144,10.39
9,2022,2,13,4,2.4,8.08,11.2,1269.3,19.1,4.47,0.564,0.151,9.53
9,2022,2,13,8,2.3,8.2,11.85,1284.7,8.4,3.75,0.528,0.14,9.69
9,2022,2,13,12,2.2,8.28,11.89,1296.5,5.8,4.08,0.533,0.139,9.95
9,2022,2,13,16,1.9,8.3,11.65,1299.7,6.4,3.84,0.54,0.128,9.99
9,2022,2,13,20,1.6,8.26,11.34,1305.1,7.2,3.9,0.55,0.132,9.94
9,2022,2,14,0,1.4,8.24,11.36,1302.5,9.1,3.9,0.55,0.132,9.94
9,2022,2,14,4,1.0,8.2,11.41,1275.5,9.0,3.85,1.85,0.261,11.24
9,2022,2,18,8,0.6,8.18,12.14,1323.7,11.4,4.05,2.785,0.331,11.99
9,2022,2,18,12,1.8,8.44,13.6,1358.6,6.7,3.96,1.004,0.182,10.91
9,2022,2,18,16,2.5,8.5,13.58,1376.3,9.0,3.93,0.889,0.169,11.22
9,2022,2,18,20,2.1,8.38,12.73,1385.7,10.2,4.02,1.109,0.186,11.46
9,2022,2,19,0,1.3,8.36,12.67,1396.9,9.1,4.02,1.109,0.186,11.46
9,2022,2,19,4,0.6,8.37,12.7,1419.5,8.5,4.09,1.146,0.19,11.19
9,2022,2,19,8,0.6,8.12,11.51,1391.6,19.2,4.12,0.867,0.17,10.26
9,2022,2,22,12,1.5,8.52,13.34,1138.7,5.6,3.93,0.227,0.081,9.49
9,2022,2,22,12,1.5,8.52,13.34,1138.7,5.6,3.93,0.227,0.081,9.49
9,2022,2,22,16,2.0,8.54,13.62,1129.4,2.8,3.97,0.227,0.081,9.39
9,2022,2,22,16,2.0,8.54,13.62,1129.4,2.8,3.97,0.228,0.08,9.39
9,2022,2,22,20,1.8,8.55,13.71,1132.9,4.9,3.98,0.22,0.083,9.37
9,2022,2,23,0,1.5,8.5,13.38,1140.8,8.6,3.98,0.22,0.083,9.37
9,2022,2,23,4,1.0,8.28,12.6,1301.1,13.9,4.18,0.746,0.15,10.16
9,2022,2,23,8,0.9,8.23,11.82,1399.6,8.7,4.14,0.678,0.153,10.71
9,2022,2,23,12,2.2,8.34,12.7,1366.3,7.9,4.11,0.583,0.144,10.92
9,2022,2,23,16,3.3,8.35,13.0,1340.1,8.3,4.12,1.342,0.216,11.15
9,2022,3,1,8,6.4,8.03,9.37,1277.7,13.4,4.51,0.981,0.206,8.23
9,2022,3,1,12,7.4,8.02,10.57,1225.5,23.3,4.61,1.051,0.232,7.51
9,2022,3,1,16,9.7,8.31,14.13,1220.5,15.0,4.6,1.129,0.254,8.06
9,2022,3,2,8,5.5,7.97,8.45,1274.2,14.8,4.65,0.592,0.186,8.26
9,2022,3,2,12,7.9,8.19,12.0,1248.1,19.3,4.64,0.5,0.177,8.21
9,2022,3,7,8,5.5,8.01,7.77,1286.8,20.2,5.71,0.389,0.279,7.6
9,2022,3,7,12,7.9,8.03,9.89,1232.5,26.9,5.33,0.509,0.286,6.73
9,2022,3,8,8,9.0,8.3,9.55,1246.1,13.3,4.63,0.519,0.16,9.28
9,2022,3,8,12,9.5,8.38,10.5,1238.8,15.8,4.73,0.497,0.153,9.14
9,2022,3,8,16,10.6,8.31,10.92,1233.5,14.6,4.59,0.47,0.158,9.03
9,2022,3,8,20,11.3,8.29,10.91,1224.8,12.0,4.67,0.47,0.169,9.01
9,2022,3,9,0,11.4,8.24,10.84,1226.5,12.3,4.43,0.684,0.172,8.97
9,2022,3,9,4,11.0,8.2,9.95,1223.4,14.5,4.43,0.684,0.172,8.97
9,2022,3,9,8,10.5,8.1,8.67,1216.5,15.9,4.48,1.223,0.248,9.25
9,2022,3,9,12,10.8,8.22,9.74,1211.4,15.5,4.81,1.665,0.289,9.68
9,2022,3,9,16,11.2,8.24,10.12,1210.0,14.1,4.74,1.215,0.257,9.38
9,2022,3,10,8,11.6,8.13,8.9,1220.6,18.8,4.5,0.909,0.226,9.06
9,2022,3,10,12,12.0,8.19,9.32,1204.5,16.6,4.74,0.898,0.227,8.97
9,2022,3,10,16,12.6,8.23,9.8,1197.7,16.2,4.7,0.777,0.219,9.01
9,2022,3,11,4,13.4,8.15,9.18,1209.1,15.5,4.44,0.51,0.177,8.78
9,2022,3,11,12,12.7,8.16,8.69,1199.6,17.2,4.68,0.516,0.181,8.82
9,2022,3,11,16,12.3,8.2,8.81,1208.4,17.0,4.6,0.454,0.181,8.78
9,2022,3,11,20,12.4,8.22,9.14,1215.9,16.0,4.55,0.409,0.168,8.66
9,2022,3,12,16,12.1,8.15,8.97,1202.9,19.3,4.7,0.384,0.157,8.16
9,2022,3,12,20,12.1,8.16,9.5,1210.5,14.5,4.56,0.362,0.149,8.36
9,2022,3,13,0,12.0,8.1,9.79,1202.4,17.3,4.56,0.362,0.149,8.36
9,2022,3,13,4,11.8,8.1,8.92,1196.1,14.1,4.68,0.365,0.161,8.12
9,2022,3,13,8,11.3,8.06,8.21,1199.0,21.8,4.74,0.373,0.168,8.22
9,2022,3,13,12,11.2,8.09,8.65,1190.5,19.1,4.7,0.393,0.169,8.22
9,2022,3,13,16,11.2,8.15,9.23,1193.8,13.5,4.63,0.376,0.169,8.21
9,2022,3,13,20,11.3,8.21,9.88,1197.5,14.4,4.57,0.339,0.156,8.22
9,2022,3,14,0,11.6,8.22,9.98,1194.2,16.2,4.57,0.339,0.156,8.22
9,2022,3,14,4,11.6,8.13,8.92,1195.1,16.2,4.66,0.177,0.161,8.12
9,2022,3,14,8,11.2,8.09,8.61,1192.7,19.9,4.75,1.416,0.172,8.17
9,2022,3,14,12,12.0,8.15,9.42,1184.6,18.0,4.6,1.491,0.168,8.14
9,2022,3,14,16,13.0,8.21,10.43,1177.3,14.3,4.7,1.491,0.164,8.1
9,2022,3,15,8,12.4,8.09,8.43,1205.2,18.7,4.6,1.491,0.174,8.03
9,2022,3,15,16,12.8,8.28,10.2,1205.3,16.3,4.46,1.491,0.168,8.09
9,2022,3,16,0,13.8,8.33,10.95,1214.6,15.7,4.54,1.491,0.161,7.7
9,2022,3,16,0,13.8,8.33,10.95,1214.6,15.7,4.54,1.491,0.161,7.7
9,2022,3,16,8,13.5,8.14,8.38,1220.1,19.3,4.57,1.491,0.172,8.19
9,2022,3,16,8,13.5,8.14,8.38,1220.1,19.3,4.88,1.491,0.173,8.25
9,2022,3,16,12,13.5,8.17,8.84,1212.0,20.3,4.69,0.278,0.17,8.26
9,2022,3,16,20,13.2,8.4,11.15,1227.5,16.9,4.69,0.244,0.161,8.26
9,2022,3,16,20,13.2,8.4,11.15,1227.5,16.9,4.65,0.225,0.165,8.11
9,2022,3,17,0,13.1,8.34,10.88,1236.0,17.0,4.65,0.225,0.165,8.11
9,2022,3,17,8,12.1,8.22,8.79,1251.5,20.6,4.62,0.27,0.177,8.1
9,2022,3,17,8,12.1,8.22,8.79,1251.5,20.6,4.72,0.025,0.189,8.18
9,2022,3,17,16,10.8,8.41,9.72,1251.0,18.9,4.84,0.025,0.181,8.3
9,2022,3,17,20,10.3,8.42,10.09,1261.5,14.2,4.66,0.025,0.172,8.37
9,2022,3,18,8,9.3,8.2,8.99,1231.8,18.7,4.63,0.223,0.168,7.86
9,2022,3,18,12,9.3,8.28,9.69,1216.9,22.0,4.75,0.223,0.169,7.86
9,2022,3,18,16,8.8,8.35,10.33,1211.4,18.7,4.56,0.223,0.172,7.6
9,2022,3,23,12,9.8,8.49,10.22,1215.5,17.9,4.34,0.223,0.128,8.29
9,2022,3,24,16,10.7,8.42,10.48,1193.9,14.9,4.14,0.282,0.172,8.24
9,2022,3,24,20,10.5,8.5,10.97,1190.2,12.8,4.25,0.282,0.181,8.24
9,2022,3,25,0,10.4,8.35,10.19,1192.4,12.6,4.25,0.282,0.181,8.24
9,2022,3,25,4,10.2,8.32,9.26,1194.2,13.1,4.28,0.326,0.191,8.01
9,2022,3,25,8,10.2,8.27,8.66,1186.4,16.6,4.36,0.025,0.175,8.26
9,2022,3,25,12,10.6,8.28,9.54,1184.6,14.7,4.24,0.025,0.155,8.19
9,2022,3,25,16,10.8,8.33,10.57,1186.2,15.3,4.27,0.178,0.155,8.18
9,2022,3,25,20,10.8,8.33,11.0,1186.8,14.6,4.19,0.178,0.16,8.18
9,2022,3,26,0,10.5,8.29,10.69,1193.5,14.6,4.19,0.178,0.16,8.18
9,2022,3,26,4,10.0,8.17,9.23,1196.6,15.6,4.7,0.231,0.197,8.53
9,2022,3,26,8,9.4,8.09,8.5,1201.0,16.5,4.5,0.027,0.196,8.6
9,2022,3,26,12,10.6,8.22,10.13,1186.1,20.8,4.41,0.027,0.172,8.54
9,2022,3,26,16,11.8,8.4,12.22,1174.5,18.7,4.29,0.196,0.164,8.54
9,2022,3,26,20,12.1,8.52,13.31,1174.0,15.9,4.27,0.196,0.168,8.54
9,2022,3,27,0,12.2,8.43,12.21,1185.8,19.3,4.27,0.196,0.168,8.54
9,2022,3,27,4,11.4,8.32,9.74,1195.3,20.5,4.74,0.224,0.188,8.54
9,2022,3,27,8,10.4,8.12,8.39,1186.4,22.9,4.46,0.025,0.17,8.54
9,2022,3,27,12,11.4,8.24,10.11,1161.6,21.3,4.5,0.025,0.156,8.54
9,2022,3,27,16,12.7,8.59,12.4,1134.5,18.6,4.43,0.178,0.182,8.54
9,2022,3,27,20,13.0,8.56,12.95,1150.6,18.6,4.48,0.027,0.189,8.54
9,2022,3,28,0,12.8,8.58,12.92,1155.5,19.6,4.48,0.027,0.189,8.54
9,2022,3,28,4,11.9,8.48,10.49,1168.9,20.6,4.84,0.025,0.178,8.54
9,2022,3,28,8,11.0,8.27,8.44,1184.6,20.5,4.61,0.025,0.166,8.54
9,2022,3,28,12,12.1,8.33,9.96,1187.7,20.6,4.43,0.025,0.161,8.54
9,2022,3,28,16,13.6,8.55,12.06,1178.0,21.2,4.7,0.025,0.165,8.54
9,2022,3,28,20,14.0,8.71,13.47,1171.0,22.4,4.76,0.025,0.175,8.54
9,2022,3,29,0,14.0,8.62,12.97,1179.2,21.5,4.76,0.025,0.175,8.54
9,2022,3,29,4,13.5,8.56,10.68,1182.1,22.0,4.65,0.025,0.185,8.54
9,2022,3,29,8,12.9,8.32,8.03,1189.9,22.0,4.8,0.025,0.174,8.54
9,2022,3,29,12,12.8,8.29,8.18,1187.2,21.2,4.83,0.025,0.166,8.54
9,2022,3,29,16,13.2,8.41,8.89,1180.7,22.9,4.83,0.025,0.176,8.54
9,2022,3,29,20,13.1,8.52,9.47,1175.7,23.8,4.83,0.025,0.155,8.54
9,2022,3,30,0,12.6,8.45,9.25,1184.8,23.6,4.75,0.028,0.155,8.54
9,2022,3,30,4,12.2,8.29,8.08,1191.4,24.6,4.71,0.025,0.148,8.54
9,2022,3,30,8,11.9,8.19,7.39,1193.9,25.5,4.74,0.026,0.148,8.54
9,2022,3,30,12,12.5,8.23,8.4,1189.1,25.5,4.79,0.025,0.148,8.54
9,2022,3,30,16,13.1,8.29,9.71,1183.0,27.0,4.73,0.025,0.152,8.54
9,2022,3,30,20,13.2,8.31,10.4,1181.4,27.7,4.73,0.025,0.157,8.54
9,2022,3,31,0,13.1,8.24,10.36,1183.0,26.9,4.73,0.025,0.157,8.54
9,2022,3,31,4,12.6,8.16,8.76,1190.7,27.9,4.96,0.025,0.15,8.54
9,2022,3,31,8,11.9,8.03,7.48,1197.5,27.6,1.76,1.297,0.164,8.54
9,2022,3,31,12,12.8,8.16,9.23,1190.1,27.5,1.25,0.025,0.165,8.54
9,2022,3,31,16,13.9,8.32,11.19,1174.3,27.3,1.13,0.025,0.165,8.54
9,2022,3,31,20,14.3,8.47,12.37,1164.1,24.6,1.19,0.025,0.173,8.54
9,2022,4,1,0,13.9,8.55,12.04,1166.1,24.6,1.19,0.025,0.173,8.54
9,2022,4,1,4,12.6,8.43,9.95,1183.5,25.1,1.0,0.025,0.178,8.54
9,2022,4,1,12,12.5,8.28,9.7,1183.0,24.0,0.78,0.025,0.186,8.54
9,2022,4,1,16,13.8,8.44,11.53,1161.2,23.7,1.52,0.025,0.184,8.54
9,2022,4,1,20,14.3,8.57,12.64,1146.4,25.7,1.52,0.025,0.18,8.54
9,2022,4,2,0,14.3,8.72,13.18,1146.6,22.3,1.52,0.025,0.18,8.54
9,2022,4,2,4,13.4,8.56,10.23,1170.3,23.4,1.01,0.025,0.157,8.54
9,2022,4,2,8,12.5,8.34,8.24,1181.8,23.5,1.03,0.025,0.16,8.54
9,2022,4,2,16,15.2,8.52,11.65,1171.2,23.6,0.85,0.935,0.156,8.54
9,2022,4,2,20,15.8,8.63,12.83,1161.5,22.5,2.9,0.935,0.161,8.54
9,2022,4,3,0,15.7,8.72,13.06,1157.1,23.6,2.9,0.935,0.161,8.54
9,2022,4,3,4,14.5,8.61,10.34,1158.0,24.5,1.97,0.026,0.161,8.54
9,2022,4,3,8,13.5,8.35,7.93,1159.1,24.7,3.83,0.025,0.162,8.54
9,2022,4,3,12,14.7,8.4,9.46,1152.1,22.2,1.09,0.025,0.165,8.54
9,2022,4,3,16,16.2,8.53,11.29,1146.2,23.1,0.78,0.025,0.168,8.54
9,2022,4,3,20,16.8,8.7,12.85,1136.8,22.3,2.47,0.025,0.18,8.54
9,2022,4,4,0,16.4,8.76,12.97,1133.6,22.2,2.47,0.025,0.18,8.54
9,2022,4,4,4,15.6,8.71,10.65,1142.8,21.7,2.52,0.025,0.161,8.54
9,2022,4,4,8,14.8,8.45,7.78,1148.3,21.7,0.99,0.025,0.168,8.54
9,2022,4,4,12,15.8,8.45,9.2,1143.1,21.3,2.34,0.025,0.168,8.54
9,2022,4,4,16,17.1,8.53,10.9,1135.5,22.3,1.76,0.025,0.171,8.54
9,2022,4,4,20,17.4,8.68,12.08,1125.9,23.8,1.31,0.025,0.177,8.54
9,2022,4,5,0,17.3,8.79,12.55,1120.3,20.1,1.31,0.025,0.177,8.54
9,2022,4,5,4,16.6,8.64,9.71,1127.8,21.9,0.87,0.025,0.163,8.54
9,2022,4,5,8,15.8,8.39,7.38,1134.9,21.9,1.89,0.027,0.161,8.54
9,2022,4,5,12,16.9,8.5,9.61,1130.8,20.6,1.62,0.025,0.166,8.54
9,2022,4,5,16,18.3,8.62,11.72,1128.7,20.5,2.85,0.026,0.181,8.54
9,2022,4,5,20,18.7,8.74,12.6,1124.4,20.6,1.41,0.025,0.173,8.54
9,2022,4,6,0,18.2,8.83,12.5,1128.5,21.7,1.41,0.025,0.173,8.54
9,2022,4,6,4,17.0,8.6,8.97,1146.4,24.1,1.79,0.028,0.162,8.54
9,2022,4,6,8,15.8,8.37,6.92,1153.1,23.7,2.39,0.027,0.158,8.54
9,2022,4,6,12,15.4,8.51,8.83,1148.9,23.0,1.16,0.025,0.167,8.54
9,2022,4,6,16,16.2,8.71,11.53,1141.7,21.7,1.36,0.025,0.191,8.54
9,2022,4,6,20,15.9,8.83,11.69,1125.2,23.1,1.38,0.025,0.204,8.54
9,2022,4,7,8,13.1,8.36,7.3,1188.2,33.1,2.08,0.176,0.228,8.54
9,2022,4,7,12,14.2,8.58,10.19,1184.1,29.8,0.81,0.166,0.183,8.54
9,2022,4,7,16,15.6,8.69,12.27,1171.5,28.5,1.02,0.025,0.157,8.54
9,2022,4,7,20,16.2,8.73,12.5,1155.8,27.8,2.09,0.025,0.176,8.54
9,2022,4,8,0,16.4,8.81,12.73,1140.7,24.9,2.21,0.025,0.186,8.54
9,2022,4,8,0,16.4,8.81,12.73,1140.7,24.9,2.21,0.025,0.186,8.54
9,2022,4,8,8,15.1,8.5,8.34,1154.6,28.0,1.77,0.025,0.179,8.54
9,2022,4,8,8,15.1,8.5,8.34,1154.6,28.0,0.98,0.025,0.172,8.54
9,2022,4,8,16,16.9,8.68,11.45,1108.6,30.9,0.88,0.025,0.17,8.54
9,2022,4,8,20,17.5,8.68,11.6,1087.0,29.6,0.7,0.025,0.174,8.54
9,2022,4,9,0,17.8,8.72,11.33,1079.0,27.1,1.13,0.025,0.17,8.54
9,2022,4,9,0,17.8,8.72,11.33,1079.0,27.1,1.01,0.025,0.165,8.54
9,2022,4,9,8,17.8,8.75,10.12,1089.0,25.5,0.8,0.025,0.169,8.54
9,2022,4,9,12,17.8,8.63,8.97,1106.0,26.8,0.81,0.025,0.169,8.54
9,2022,4,9,20,18.7,8.66,10.63,1110.7,29.3,1.16,0.028,0.167,8.54
9,2022,4,10,0,18.9,8.59,9.75,1112.9,28.3,1.65,0.025,0.16,8.54
9,2022,4,10,4,18.8,8.55,9.0,1109.5,28.4,1.65,0.025,0.16,8.54
9,2022,4,10,8,18.5,8.55,8.45,1103.5,31.0,0.87,0.025,0.166,8.54
9,2022,4,10,12,19.4,8.57,9.03,1104.9,30.3,0.9,0.025,0.176,8.54
9,2022,4,10,16,20.4,8.8,12.59,1093.1,32.2,0.81,0.025,0.179,8.54
9,2022,4,10,20,20.7,8.87,14.13,1100.2,10.6,2.83,0.025,0.18,8.54
9,2022,4,11,0,20.3,8.77,12.36,1111.7,11.5,5.69,0.025,0.204,7.48
9,2022,4,11,4,19.9,8.65,11.28,1124.2,14.2,5.69,0.025,0.204,7.48
9,2022,4,11,8,19.4,8.61,10.85,1122.5,13.3,5.45,0.025,0.182,7.05
9,2022,4,11,12,20.0,8.64,11.5,1114.5,12.3,5.54,0.025,0.192,7.02
9,2022,4,11,16,20.3,8.69,12.36,1115.4,13.7,5.54,0.025,0.202,7.02
9,2022,4,11,20,19.7,8.49,9.64,1125.5,12.8,5.63,0.025,0.208,6.81
9,2022,4,12,0,19.6,8.35,8.01,1134.7,13.2,5.38,0.154,0.203,6.94
9,2022,4,12,4,19.3,8.27,7.06,1135.5,13.0,5.38,0.154,0.203,6.94
9,2022,4,12,8,19.0,8.24,6.66,1127.5,14.8,5.06,0.162,0.194,6.81
9,2022,4,12,12,20.2,8.41,8.51,1112.6,11.3,5.28,0.153,0.202,6.75
9,2022,4,12,16,21.0,8.61,11.14,1103.8,11.3,5.22,0.025,0.202,6.73
9,2022,4,12,20,19.9,8.41,8.69,1118.3,16.4,5.29,0.025,0.197,6.72
9,2022,4,13,0,19.2,8.3,7.74,1132.0,13.7,5.23,0.025,0.193,6.76
9,2022,4,13,4,18.6,8.27,7.32,1140.5,14.6,5.23,0.025,0.193,6.76
9,2022,4,13,8,18.2,8.3,7.4,1144.9,17.6,4.47,0.025,0.186,6.82
9,2022,4,13,12,18.8,8.5,9.61,1139.3,14.9,5.09,0.025,0.187,6.78
9,2022,4,13,16,19.2,8.63,11.4,1139.5,13.8,5.29,0.025,0.198,6.78
9,2022,4,13,20,18.7,8.49,10.01,1142.3,15.0,5.35,0.025,0.193,6.76
9,2022,4,14,0,18.3,8.34,8.76,1146.4,15.3,5.16,0.025,0.207,6.94
9,2022,4,14,4,17.5,8.26,7.96,1151.5,15.8,5.16,0.025,0.207,6.94
9,2022,4,14,8,17.0,8.3,8.25,1153.3,16.6,4.91,0.167,0.206,7.29
9,2022,4,14,12,18.0,8.52,10.76,1150.0,11.9,5.22,0.025,0.199,7.27
9,2022,4,14,16,18.4,8.66,12.35,1141.2,13.2,5.26,0.025,0.203,6.86
9,2022,4,14,20,18.0,8.55,10.84,1145.4,15.7,5.51,0.025,0.2,7.19
9,2022,4,15,8,16.4,8.46,8.92,1158.2,16.9,5.07,0.025,0.195,7.1
9,2022,4,15,12,17.5,8.68,11.12,1154.2,15.1,5.33,0.029,0.198,7.37
9,2022,4,15,16,18.0,8.77,12.81,1153.8,16.3,5.37,0.025,0.199,7.31
9,2022,4,15,20,17.8,8.66,11.55,1161.9,16.3,5.22,0.027,0.197,7.29
9,2022,4,15,20,17.8,8.66,11.55,1161.9,16.3,5.22,0.027,0.197,7.29
9,2022,4,16,4,16.9,8.57,10.14,1162.1,17.2,4.85,0.025,0.178,7.21
9,2022,4,16,8,16.2,8.63,10.26,1161.1,19.6,5.17,0.025,0.182,7.56
9,2022,4,16,12,17.7,8.81,12.72,1159.0,17.4,5.18,0.025,0.186,7.48
9,2022,4,16,16,18.2,8.91,14.56,1162.3,17.5,5.39,0.025,0.187,7.44
9,2022,4,16,20,17.9,8.83,12.87,1167.6,17.3,5.33,0.025,0.183,7.4
9,2022,4,17,0,17.7,8.76,11.85,1173.0,14.6,5.33,0.025,0.183,7.4
9,2022,4,17,0,17.7,8.76,11.85,1173.0,14.6,5.33,0.025,0.183,7.4
9,2022,4,17,12,17.9,8.89,13.32,1168.0,14.3,5.4,0.025,0.185,7.32
9,2022,4,17,16,18.4,9.12,17.79,1160.0,16.3,5.85,0.025,0.189,7.23
9,2022,4,17,20,17.9,8.91,13.41,1164.9,15.1,5.22,0.026,0.184,7.2
9,2022,4,18,0,17.4,8.73,10.73,1157.3,18.8,5.22,0.026,0.184,7.2
9,2022,4,18,4,16.6,8.63,9.89,1161.9,18.7,5.02,0.025,0.162,7.12
9,2022,4,18,8,16.7,8.69,10.15,1165.9,19.4,5.16,0.025,0.162,7.12
9,2022,4,18,12,18.5,8.89,13.3,1160.7,18.5,5.36,0.025,0.166,7.12
9,2022,4,18,16,20.2,9.12,17.76,1151.8,18.0,5.84,0.025,0.159,6.77
9,2022,4,18,20,18.6,8.89,13.47,1162.2,18.3,5.49,0.025,0.158,7.04
9,2022,4,19,0,17.9,8.77,11.82,1170.0,18.9,5.49,0.025,0.158,7.04
9,2022,4,19,4,17.4,8.7,11.05,1172.3,20.1,5.16,0.025,0.151,6.43
9,2022,4,19,8,17.5,8.69,11.2,1169.4,21.2,5.4,0.025,0.154,7.17
9,2022,4,19,12,20.4,8.85,13.8,1153.2,20.7,5.49,0.025,0.158,7.04
9,2022,4,19,16,20.7,8.98,15.83,1144.2,20.7,6.03,0.025,0.17,7.03
9,2022,4,19,20,19.8,8.85,14.17,1147.1,19.3,5.64,0.025,0.162,6.99
9,2022,4,20,0,19.1,8.75,12.58,1149.2,18.9,5.64,0.025,0.162,6.99
9,2022,4,20,4,18.7,8.72,12.01,1149.9,19.7,5.45,0.025,0.162,7.07
9,2022,4,20,8,18.6,8.72,11.9,1147.7,21.2,5.47,0.025,0.169,7.19
9,2022,4,20,12,21.0,8.89,14.89,1140.2,20.2,5.73,0.025,0.173,7.14
9,2022,4,20,16,21.6,9.04,17.82,1140.9,22.5,6.34,0.025,0.17,7.18
9,2022,4,20,20,20.2,8.85,14.23,1156.8,23.8,5.64,0.025,0.166,7.07
9,2022,4,21,0,19.6,8.65,13.32,1157.9,20.8,5.64,0.025,0.166,7.07
9,2022,4,21,4,19.5,8.54,12.73,1149.0,25.2,5.67,0.025,0.143,7.08
9,2022,4,21,8,19.8,8.51,12.2,1144.4,25.5,5.73,0.025,0.158,7.17
9,2022,4,21,12,20.7,8.91,19.64,1130.5,22.2,6.38,0.025,0.168,7.15
9,2022,4,21,16,22.1,8.83,29.49,1081.3,39.8,6.94,0.025,0.128,7.15
9,2022,4,21,20,21.9,8.65,27.96,1083.3,31.6,6.23,0.025,0.098,7.15
9,2022,4,22,0,20.8,8.51,23.37,1098.9,25.0,6.23,0.025,0.098,7.15
9,2022,4,22,4,19.9,8.37,17.14,1115.0,25.1,5.81,0.025,0.106,7.15
9,2022,4,22,8,19.5,8.26,12.1,1134.9,24.9,6.02,0.092,0.126,9.91
9,2022,4,22,12,21.8,8.84,20.65,1124.2,28.9,6.34,0.025,0.123,9.91
9,2022,4,22,16,22.3,8.9,28.92,1092.6,39.1,7.15,0.025,0.134,9.91
9,2022,4,22,20,21.1,8.76,27.25,1090.9,39.5,6.85,0.025,0.123,9.91
9,2022,4,23,0,20.0,8.58,23.74,1101.4,38.5,6.85,0.025,0.123,9.91
9,2022,4,23,4,19.4,8.4,17.02,1117.2,42.5,6.22,0.025,0.126,9.91
9,2022,4,23,8,19.2,8.34,17.36,1111.7,49.2,6.31,0.025,0.134,9.91
9,2022,4,23,12,20.6,8.81,24.47,1103.6,44.5,6.31,0.025,0.154,9.91
9,2022,4,23,16,21.8,9.09,24.25,1091.4,17.7,6.93,0.025,0.126,6.41
9,2022,4,23,20,21.5,8.92,24.95,1082.8,18.3,6.98,0.025,0.106,6.44
9,2022,4,24,0,21.0,8.78,22.94,1084.8,13.1,6.54,0.025,0.106,6.21
9,2022,4,24,4,20.4,8.67,21.84,1085.8,12.4,6.54,0.025,0.106,6.21
9,2022,4,24,8,20.3,8.7,22.61,1085.9,11.3,6.3,0.025,0.099,6.12
9,2022,4,24,12,21.0,9.0,26.06,1074.4,12.3,6.69,0.025,0.121,6.14
9,2022,4,24,16,21.8,9.12,27.31,1076.7,13.1,6.94,0.025,0.121,6.17
9,2022,4,24,20,21.7,9.13,26.48,1067.8,9.6,7.15,0.025,0.119,5.96
9,2022,4,25,8,19.8,8.9,21.83,1078.6,12.8,6.71,0.025,0.13,5.64
9,2022,4,25,12,20.7,9.13,27.04,1072.6,15.0,7.08,0.025,0.169,5.69
9,2022,4,26,4,21.3,9.03,27.84,1054.7,12.8,7.09,0.025,0.145,5.1
9,2022,4,26,8,20.2,8.92,24.0,1067.3,21.8,6.83,0.025,0.153,5.02
9,2022,4,26,12,20.6,8.94,23.58,1078.4,14.9,7.17,0.025,0.186,5.14
9,2022,4,26,16,21.3,9.17,26.95,1068.6,16.6,7.32,0.025,0.198,5.22
9,2022,4,26,20,20.4,9.0,22.54,1074.0,14.5,7.22,0.025,0.169,5.23
9,2022,4,27,0,20.2,8.88,18.99,1078.4,16.2,6.82,0.025,0.157,5.23
9,2022,4,27,4,19.8,8.74,15.85,1084.1,16.4,6.65,0.025,0.155,5.29
9,2022,4,27,8,19.2,8.55,13.27,1087.7,18.5,6.53,0.025,0.156,5.2
9,2022,4,27,12,18.8,8.61,13.61,1087.9,19.6,6.64,0.133,0.181,5.22
9,2022,4,27,16,18.8,8.75,14.94,1082.7,25.3,6.53,0.104,0.172,5.2
9,2022,4,27,20,18.8,8.66,14.66,1080.5,29.9,6.57,0.091,0.191,5.0
9,2022,4,28,0,18.4,8.72,14.46,1089.2,32.2,6.9,0.119,0.233,4.73
9,2022,4,28,4,18.0,8.87,14.59,1096.9,33.0,6.9,0.119,0.233,4.73
9,2022,4,28,8,17.8,8.91,14.71,1096.1,38.1,7.42,0.127,0.322,4.43
9,2022,4,28,12,17.9,8.97,15.99,1097.1,37.8,7.53,0.138,0.35,4.34
9,2022,4,28,16,18.6,9.23,25.07,1087.1,45.9,7.59,0.138,0.368,4.18
9,2022,4,28,20,18.1,9.26,25.55,1088.3,49.5,8.0,0.025,0.414,3.98
9,2022,4,29,0,17.6,8.99,16.34,1104.4,44.9,7.99,0.025,0.423,3.75
9,2022,4,29,4,17.2,8.92,14.81,1108.5,45.1,7.99,0.025,0.423,3.75
9,2022,4,29,8,17.0,8.9,14.21,1109.3,51.0,7.41,0.086,0.441,3.76
9,2022,4,29,12,18.2,9.22,22.89,1084.3,62.6,7.52,0.09,0.437,3.8
9,2022,4,29,16,18.0,9.16,19.91,1085.1,71.2,8.11,0.025,0.427,4.03
9,2022,4,29,20,18.0,8.57,9.82,1090.8,55.5,7.52,0.089,0.361,3.8
9,2022,4,30,0,17.8,8.11,6.14,1066.7,55.2,6.16,0.223,0.299,3.98
9,2022,4,30,4,17.7,8.01,5.44,978.0,57.4,6.16,0.223,0.299,3.98
9,2022,4,30,8,17.4,8.05,5.3,984.2,56.2,5.52,0.286,0.192,5.35
9,2022,4,30,12,19.0,8.31,6.71,1088.3,56.0,5.88,0.295,0.197,5.41
9,2022,4,30,16,21.1,9.37,27.46,1063.5,89.7,6.57,0.307,0.304,4.26
9,2022,4,30,20,20.1,9.42,29.6,1056.5,105.5,8.16,0.09,0.454,3.81
9,2022,5,1,0,18.4,9.23,23.51,1075.6,86.5,8.05,0.025,0.521,3.52
9,2022,5,1,4,17.4,9.02,16.07,1099.3,93.6,7.57,0.025,0.56,3.67
9,2022,5,1,8,17.1,8.97,14.6,1105.4,93.5,7.09,0.025,0.521,3.76
9,2022,5,1,12,18.5,9.11,17.83,1091.9,102.0,7.34,0.082,0.524,3.35
9,2022,5,1,16,20.0,9.24,21.62,1075.8,99.4,7.38,0.025,0.518,3.62
9,2022,5,1,20,19.9,9.27,23.86,1057.7,124.9,7.51,0.025,0.479,3.68
9,2022,5,2,0,19.0,9.14,17.93,1077.5,127.6,7.55,0.025,0.483,3.44
9,2022,5,2,4,18.4,9.07,15.58,1085.8,128.0,7.11,0.025,0.451,3.51
9,2022,5,2,8,17.9,9.05,14.39,1086.9,134.0,6.9,0.025,0.451,3.19
9,2022,5,2,12,18.7,9.22,22.56,1078.3,133.6,6.93,0.09,0.444,3.46
9,2022,5,2,16,19.4,9.28,26.98,1069.8,129.5,7.73,0.025,0.545,3.43
9,2022,5,2,20,19.4,9.13,22.79,1090.8,138.1,8.2,0.025,0.634,3.74
9,2022,5,3,0,18.8,9.01,17.44,1102.6,144.3,7.55,0.025,0.655,3.71
9,2022,5,3,4,18.2,8.92,14.76,1110.2,163.5,6.98,0.025,0.648,3.94
9,2022,5,3,8,17.9,8.89,14.04,1112.0,163.2,6.68,0.025,0.646,4.02
9,2022,5,3,12,19.6,9.25,26.1,1079.2,89.5,6.89,0.025,0.646,4.21
9,2022,5,3,16,21.7,9.45,29.87,1056.1,127.8,7.68,0.025,0.651,4.17
9,2022,5,5,4,21.0,9.01,24.33,980.8,157.4,7.43,0.025,0.345,3.09
9,2022,5,5,8,20.5,8.9,20.2,1006.4,224.0,7.71,0.092,0.39,3.14
9,2022,5,5,12,21.8,9.16,25.71,977.2,173.0,8.24,0.025,0.412,3.25
9,2022,5,5,16,24.7,9.29,26.92,982.9,174.4,8.5,0.025,0.423,3.16
9,2022,5,5,20,24.1,9.16,22.29,970.2,215.4,7.87,0.025,0.373,2.82
9,2022,5,6,0,23.9,8.98,16.92,965.2,237.6,7.55,0.13,0.382,2.77
9,2022,5,6,4,23.0,8.91,12.51,975.1,316.6,7.67,0.107,0.399,2.98
9,2022,5,6,12,20.1,8.63,4.86,997.1,298.4,8.05,0.127,0.452,3.06
9,2022,5,6,16,19.3,8.64,4.5,990.0,292.9,8.03,0.214,0.468,3.17
9,2022,5,6,20,18.7,8.58,4.21,994.5,270.0,8.03,0.239,0.485,2.98
9,2022,5,7,0,17.4,8.36,2.31,1003.2,261.5,7.77,0.285,0.488,2.77
9,2022,5,7,4,16.2,8.27,1.45,1004.1,260.6,7.31,0.483,0.513,2.75
9,2022,5,7,8,15.6,8.27,1.45,992.9,256.0,7.26,0.513,0.531,2.68
9,2022,5,7,12,17.5,8.61,5.25,985.4,243.7,7.72,0.503,0.576,2.67
9,2022,5,7,16,19.3,8.76,8.2,984.6,221.7,8.06,0.447,0.589,2.75
9,2022,5,7,20,17.9,8.66,6.7,1008.6,209.5,8.42,0.489,0.625,3.08
9,2022,5,8,0,16.9,8.5,4.6,1011.5,197.6,7.75,0.568,0.597,2.83
9,2022,5,8,4,16.4,8.35,3.26,1004.6,205.1,7.75,0.568,0.597,2.83
9,2022,5,8,8,16.1,8.27,2.18,995.5,193.9,7.34,0.573,0.605,2.83
9,2022,5,8,12,16.4,8.42,4.07,991.9,181.3,7.44,0.546,0.61,2.52
9,2022,5,8,16,16.6,8.45,5.21,1002.0,182.1,7.61,0.523,0.617,2.77
9,2022,5,8,20,16.0,8.42,4.88,1003.5,175.9,7.48,0.691,0.645,2.9
9,2022,5,9,0,15.0,8.18,2.74,1022.4,155.7,7.12,0.672,0.644,2.73
9,2022,5,9,4,14.9,8.29,3.65,1004.1,153.5,7.12,0.672,0.644,2.73
9,2022,5,9,8,15.6,8.31,3.08,978.2,156.4,7.01,0.596,0.637,2.82
9,2022,5,9,12,16.2,8.3,1.94,958.3,161.5,7.56,0.419,0.617,2.9
9,2022,5,9,16,17.5,8.2,1.94,966.0,155.7,7.34,0.433,0.645,2.7
9,2022,5,9,20,17.6,8.34,2.07,963.7,154.6,6.63,0.476,0.628,2.6
9,2022,5,10,0,17.0,8.24,0.98,961.0,156.0,6.61,0.446,0.629,2.71
9,2022,5,10,4,16.6,8.19,1.01,973.6,150.4,6.61,0.446,0.629,2.71
9,2022,5,10,8,16.2,8.21,0.72,979.1,153.7,6.53,0.631,0.603,2.64
9,2022,5,10,12,16.9,8.27,0.5,979.1,101.3,6.94,0.632,0.604,2.76
9,2022,5,10,12,16.9,8.27,0.5,979.1,101.3,7.37,0.578,0.637,2.99
9,2022,5,11,8,15.6,8.27,7.68,1049.8,63.5,7.36,0.284,0.56,2.79
9,2022,5,11,12,17.4,8.6,12.41,1039.6,59.0,8.47,0.43,0.559,3.72
9,2022,5,11,16,18.7,8.89,16.26,1029.1,55.5,8.47,0.372,0.551,3.35
9,2022,5,11,20,19.0,8.96,17.32,1026.6,46.3,8.49,0.232,0.532,3.35
9,2022,5,12,0,18.5,8.82,14.49,1030.9,48.9,8.57,0.115,0.518,3.35
9,2022,5,12,0,18.5,8.82,14.49,1030.9,48.9,8.57,0.115,0.518,3.35
9,2022,5,12,8,17.6,8.63,10.41,1034.1,58.3,8.41,0.025,0.505,2.89
9,2022,5,12,12,18.8,9.05,18.48,1021.0,51.4,8.5,0.025,0.513,3.14
9,2022,5,12,16,20.3,9.24,25.2,1009.8,42.5,9.11,0.025,0.497,3.0
9,2022,5,16,8,19.0,8.16,2.57,1046.1,32.4,8.55,0.293,0.587,2.29
9,2022,5,16,16,24.2,8.58,7.55,1048.0,38.2,8.3,0.374,0.626,2.51
9,2022,5,16,20,23.8,8.59,6.54,1035.3,34.8,8.25,0.333,0.605,2.25
9,2022,5,17,4,21.3,8.36,2.5,1019.0,32.4,8.19,0.369,0.624,2.11
9,2022,5,17,8,20.8,8.31,2.09,1015.4,36.2,8.48,0.354,0.65,2.5
9,2022,5,17,16,25.3,8.75,7.43,1008.5,33.4,8.41,0.296,0.651,2.47
9,2022,5,17,20,25.0,8.68,6.44,1008.2,39.9,8.2,0.211,0.634,2.13
9,2022,5,17,20,25.0,8.68,6.44,1008.2,39.9,8.18,0.23,0.649,2.24
9,2022,5,18,4,22.4,8.3,3.06,1011.3,45.0,8.18,0.23,0.649,2.24
9,2022,5,18,8,22.0,8.14,2.17,1014.4,39.7,8.16,0.307,0.651,2.4
9,2022,5,18,12,23.2,8.41,4.43,1010.9,50.6,8.29,0.37,0.695,2.53
9,2022,5,18,16,25.5,8.7,7.64,1005.6,31.7,8.15,0.285,0.687,2.26
9,2022,5,18,20,25.5,8.68,7.41,1003.0,33.8,8.12,0.226,0.665,1.99
9,2022,5,19,0,24.7,8.36,4.49,1007.8,74.4,8.02,0.21,0.662,2.12
9,2022,5,19,4,23.1,8.29,3.72,1008.2,64.0,8.02,0.21,0.662,2.12
9,2022,5,19,8,22.1,8.16,3.05,1008.4,59.5,8.05,0.255,0.646,2.32
9,2022,5,19,12,23.5,8.52,5.96,1007.2,43.2,8.17,0.277,0.658,2.44
9,2022,5,19,16,26.2,8.84,10.03,1003.4,42.4,8.1,0.186,0.638,2.21
9,2022,5,19,20,26.1,8.7,8.07,1005.9,57.4,8.07,0.138,0.61,1.98
9,2022,5,20,0,25.4,8.42,5.24,1009.7,65.7,7.92,0.16,0.627,2.2
9,2022,5,20,4,24.2,8.42,4.55,1012.6,66.3,7.92,0.16,0.627,2.2
9,2022,5,20,8,23.8,8.09,2.65,1015.3,61.6,7.86,0.235,0.578,2.19
9,2022,5,20,12,24.6,8.0,3.1,1013.9,50.9,7.95,0.295,0.635,2.38
9,2022,5,20,16,27.2,8.8,9.7,1010.0,57.2,7.92,0.364,0.81,2.33
9,2022,5,20,20,27.5,8.7,8.41,1010.6,57.7,7.93,0.188,0.686,2.09
9,2022,5,21,0,26.2,8.28,4.58,1015.3,70.4,7.73,0.194,0.676,1.98
9,2022,5,21,4,25.3,8.02,2.64,1022.3,90.9,7.81,0.292,0.731,1.95
9,2022,5,21,8,24.4,7.85,1.57,1025.2,99.2,7.67,0.33,0.746,2.19
9,2022,5,21,12,25.9,8.17,4.37,1026.4,110.3,7.97,0.346,0.779,2.21
9,2022,5,21,16,29.0,8.61,8.41,1020.5,108.1,8.03,0.293,0.837,2.18
9,2022,5,21,20,27.8,8.47,6.89,1020.5,137.0,7.7,0.209,0.795,1.96
9,2022,5,22,0,26.4,8.09,4.01,1022.3,146.5,7.77,0.236,0.809,2.01
9,2022,5,22,4,25.4,7.79,1.89,1023.5,150.5,7.8,0.292,0.833,2.13
9,2022,5,22,8,23.7,8.05,3.68,1016.9,168.8,7.83,0.353,0.887,2.25
9,2022,5,22,12,25.2,8.49,7.05,1024.2,192.3,8.43,0.181,0.993,2.5
9,2022,5,22,12,25.2,8.49,7.05,1024.2,192.3,8.74,0.089,1.013,2.89
9,2022,5,22,20,28.8,8.96,15.94,1009.7,188.7,8.6,0.09,0.946,2.46
9,2022,5,23,0,27.6,8.71,9.0,1019.1,220.0,8.73,0.083,0.976,2.62
9,2022,5,23,4,26.4,8.4,4.46,1021.9,234.8,8.91,0.025,1.075,2.93
9,2022,5,23,8,25.4,8.26,2.84,1020.9,178.0,8.58,0.108,1.054,2.82
9,2022,5,23,12,27.1,8.64,8.39,1011.8,160.6,8.62,0.025,1.056,2.45
9,2022,5,23,16,27.9,8.99,16.04,1003.6,143.7,8.62,0.025,1.046,2.38
9,2022,5,24,8,24.9,7.96,2.07,1037.8,128.1,7.89,0.22,0.806,2.78
9,2022,5,24,12,26.5,8.54,8.71,1033.1,115.2,7.99,0.192,0.774,3.19
9,2022,5,24,16,28.1,9.1,21.82,1000.1,100.4,8.08,0.025,0.789,3.0
9,2022,5,24,20,27.8,8.85,13.82,1018.9,98.7,8.59,0.025,0.723,2.93
9,2022,5,25,0,26.2,8.23,4.27,1032.3,108.9,8.29,0.087,0.808,2.57
9,2022,5,25,4,24.7,7.92,1.42,1037.5,98.3,8.29,0.087,0.808,2.57
9,2022,5,25,8,23.2,7.83,1.04,1038.6,87.0,8.03,0.277,0.968,2.17
9,2022,5,25,12,25.0,8.11,5.1,1038.5,89.7,8.46,0.303,1.09,2.31
9,2022,5,25,16,26.5,8.5,9.54,1030.8,89.4,8.27,0.198,1.101,2.18
9,2022,5,25,20,26.5,8.11,4.68,1036.0,92.0,8.35,0.117,1.088,2.07
9,2022,5,26,0,25.3,7.79,2.42,1047.9,87.3,8.25,0.148,1.095,2.16
9,2022,5,26,4,23.9,7.68,1.17,1054.5,80.4,8.25,0.148,1.095,2.16
9,2022,5,26,8,23.1,7.65,0.76,1061.8,73.0,8.31,0.17,1.094,2.16
9,2022,5,26,12,26.2,8.03,4.76,1067.3,75.5,8.56,0.165,1.105,2.44
9,2022,5,26,16,27.0,8.25,7.28,1060.2,79.7,8.44,0.096,1.016,1.99
9,2022,5,26,20,26.5,8.16,5.77,1064.1,83.2,8.52,0.092,1.0,2.13
9,2022,5,27,0,25.2,7.82,2.22,1065.7,79.3,8.46,0.107,0.989,2.18
9,2022,5,27,4,23.9,7.71,0.72,1068.9,62.2,8.45,0.167,0.941,2.04
9,2022,5,27,8,23.3,7.65,0.13,1069.6,56.8,8.47,0.191,1.012,2.26
9,2022,5,27,16,29.0,8.38,9.83,1067.2,54.9,8.69,0.089,1.103,2.51
9,2022,5,27,20,28.3,8.1,6.42,1075.6,58.5,8.55,0.082,1.022,2.12
9,2022,5,28,0,26.8,7.75,2.3,1080.6,47.8,8.59,0.103,1.004,2.26
9,2022,5,28,4,25.6,7.65,0.08,1088.7,40.1,8.6,0.182,1.0,2.51
9,2022,5,28,8,25.1,7.62,0.02,1090.2,41.6,8.6,0.312,0.999,2.6
9,2022,5,28,12,26.8,7.72,2.54,1060.1,39.3,8.62,0.379,1.146,2.65
9,2022,5,28,16,30.0,8.14,8.2,1067.3,37.9,8.49,0.228,1.173,2.57
9,2022,5,28,16,30.0,8.14,8.2,1067.3,37.9,8.6,0.091,1.069,2.43
9,2022,5,28,16,30.0,8.14,8.2,1067.3,37.9,8.6,0.091,1.069,2.43
9,2022,5,28,20,29.4,7.92,4.69,1067.3,34.7,8.78,0.13,1.012,2.42
9,2022,5,29,0,27.9,7.7,1.46,1092.2,31.5,8.76,0.192,0.991,2.62
9,2022,5,29,4,26.9,7.64,0.05,1095.5,26.4,8.55,0.28,1.008,2.62
9,2022,5,29,8,26.2,7.62,0.03,1098.0,29.0,8.62,0.314,1.092,1.96
9,2022,5,29,12,25.9,7.7,2.17,1095.6,32.1,8.64,0.235,1.172,2.45
9,2022,5,29,16,27.0,7.77,3.53,1099.6,29.3,8.63,0.221,1.087,2.56
9,2022,5,29,20,25.4,7.7,1.95,1093.7,24.6,8.61,0.255,0.998,2.67
9,2022,5,30,0,23.7,7.65,0.57,1102.8,22.4,8.53,0.305,1.01,2.58
9,2022,5,30,4,21.9,7.62,0.08,1107.2,16.5,8.42,0.373,0.979,2.5
9,2022,5,30,12,24.2,7.67,1.86,1105.7,19.6,8.42,0.372,1.003,2.35
9,2022,5,30,16,26.8,7.91,5.36,1102.3,21.6,8.44,0.292,1.016,2.55
9,2022,5,30,16,26.8,7.91,5.36,1102.3,21.6,8.5,0.17,0.934,2.4
9,2022,5,30,20,26.4,7.84,4.56,1101.4,15.7,8.51,0.185,0.946,2.44
9,2022,5,31,0,24.9,7.72,2.01,1099.9,11.5,8.51,0.185,0.946,2.44
9,2022,5,31,4,23.3,7.67,0.85,1105.8,9.5,8.53,0.256,0.872,2.28
9,2022,5,31,8,22.9,7.63,0.24,1105.0,18.2,8.6,0.288,0.868,2.48
9,2022,5,31,12,24.7,7.69,2.23,1104.4,8.7,8.54,0.207,0.898,2.51
9,2022,5,31,16,26.2,7.83,3.89,1098.1,7.3,8.58,0.142,0.858,2.46
9,2022,5,31,20,25.6,7.73,1.94,1102.9,7.7,8.66,0.182,0.819,2.42
9,2022,6,1,0,24.5,7.64,0.65,1107.6,7.7,8.66,0.182,0.819,2.42
9,2022,6,1,4,23.3,7.61,0.1,1109.8,6.0,8.46,0.301,0.82,2.21
9,2022,6,1,8,22.7,7.6,0.06,1109.2,7.0,8.63,0.309,0.887,2.48
9,2022,6,1,12,24.1,7.8,4.38,1099.0,6.1,8.82,0.128,0.89,2.43
9,2022,6,1,16,27.0,8.06,7.86,1096.1,8.7,8.82,0.094,0.76,2.41
9,2022,6,1,20,27.3,8.07,5.91,1099.9,9.3,8.77,0.122,0.75,2.36
9,2022,6,2,0,25.8,7.89,3.43,1107.4,10.4,8.77,0.122,0.75,2.36
9,2022,6,2,4,24.3,7.77,1.7,1110.9,10.1,8.62,0.193,0.721,2.52
9,2022,6,2,8,23.8,7.73,1.31,1104.8,15.5,8.86,0.165,0.742,2.7
9,2022,6,2,12,25.6,8.38,8.08,1123.8,77.5,8.59,0.025,0.743,2.55
9,2022,6,2,16,29.6,9.0,16.76,1108.4,44.9,8.72,0.025,0.7,2.21
9,2022,6,2,20,29.0,8.98,15.3,1113.3,62.1,8.67,0.025,0.668,2.43
9,2022,6,3,0,27.5,8.68,9.47,1119.2,78.6,8.67,0.025,0.668,2.43
9,2022,6,3,4,26.1,8.36,5.49,1124.1,86.1,8.74,0.118,0.654,2.59
9,2022,6,3,8,25.5,8.22,4.56,1124.8,71.1,8.59,0.025,0.668,2.85
9,2022,6,3,12,26.6,8.37,6.34,1125.8,70.9,8.8,0.025,0.665,2.68
9,2022,6,3,16,28.6,8.81,12.63,1118.7,94.1,8.76,0.025,0.667,2.68
9,2022,6,3,20,28.5,8.66,9.99,1117.4,84.2,8.66,0.025,0.633,2.71
9,2022,6,4,0,28.0,8.48,6.9,1113.9,66.5,8.66,0.025,0.633,2.71
9,2022,6,4,4,27.3,8.28,4.6,1114.7,88.7,8.65,0.151,0.636,2.86
9,2022,6,4,8,26.6,7.97,2.3,1117.6,69.5,8.78,0.182,0.649,2.88
9,2022,6,4,12,26.8,7.99,2.97,1114.8,69.3,8.71,0.157,0.677,2.83
9,2022,6,4,16,29.0,8.54,7.83,1108.5,86.7,8.83,0.092,0.665,2.89
9,2022,6,4,20,29.4,8.5,7.16,1108.6,79.9,8.76,0.131,0.633,2.81
9,2022,6,5,0,27.9,8.34,5.28,1092.5,84.2,8.76,0.131,0.633,2.81
9,2022,6,5,4,26.7,8.18,3.55,1093.9,77.7,8.64,0.235,0.591,2.92
9,2022,6,5,12,27.5,8.3,6.08,1089.9,64.9,8.63,0.204,0.641,3.02
9,2022,6,5,12,27.5,8.3,6.08,1089.9,64.9,8.73,0.102,0.695,2.88
9,2022,6,5,20,27.6,8.79,10.8,1085.8,63.9,8.83,0.025,0.736,2.75
9,2022,6,5,20,27.6,8.79,10.8,1085.8,63.9,8.28,0.025,0.706,2.61
9,2022,6,6,0,25.8,8.52,6.48,1093.0,75.8,8.28,0.025,0.706,2.61
9,2022,6,6,4,24.4,8.2,3.94,1096.2,86.2,8.73,0.145,0.688,2.74
9,2022,6,6,8,23.9,8.13,3.52,1098.2,73.7,8.73,0.145,0.688,2.74
9,2022,6,6,12,25.2,8.41,7.02,1097.5,93.6,8.87,0.123,0.706,2.42
9,2022,6,6,16,26.6,8.8,12.12,1091.9,61.2,8.78,0.025,0.707,2.89
9,2022,6,6,20,26.1,8.83,12.1,1090.9,56.2,8.76,0.025,0.644,2.48
9,2022,6,7,0,24.8,8.54,7.53,1096.7,69.2,8.67,0.025,0.616,2.1
9,2022,6,7,4,23.5,8.29,5.03,1099.5,79.1,8.67,0.025,0.616,2.1
9,2022,6,7,8,23.2,8.15,4.18,1100.2,81.0,8.74,0.094,0.589,2.78
9,2022,6,7,12,24.6,8.67,9.37,1097.3,73.8,8.76,0.025,0.632,2.45
9,2022,6,7,16,28.1,9.05,17.66,1085.5,64.6,8.81,0.025,0.62,2.56
9,2022,6,7,20,27.0,8.95,13.9,1093.3,79.0,8.74,0.025,0.585,2.23
9,2022,6,8,0,25.3,8.72,8.6,1099.3,71.4,8.86,0.025,0.574,2.53
9,2022,6,8,4,24.5,8.36,4.63,1104.8,90.0,8.79,0.025,0.547,2.52
9,2022,6,8,8,23.9,8.3,4.2,1105.3,82.9,8.83,0.025,0.552,2.77
9,2022,6,8,12,24.8,8.7,8.24,1106.0,80.8,8.72,0.025,0.571,2.51
9,2022,6,8,12,24.8,8.7,8.24,1106.0,80.8,8.86,0.025,0.573,2.87
9,2022,6,8,20,26.2,8.87,11.07,1103.9,76.0,8.86,0.025,0.556,2.61
9,2022,6,9,0,24.9,8.63,6.92,1113.0,85.2,8.77,0.025,0.521,2.54
9,2022,6,9,4,23.5,8.5,5.28,1112.0,88.7,8.77,0.025,0.521,2.54
9,2022,6,9,8,23.2,8.34,4.11,1114.7,96.5,8.71,0.025,0.514,2.81
9,2022,6,9,12,25.1,8.63,8.14,1097.9,76.5,8.91,0.025,0.541,3.02
9,2022,6,9,12,25.1,8.63,8.14,1097.9,76.5,8.76,0.025,0.501,2.68
9,2022,6,9,16,26.8,8.89,11.59,1115.7,81.0,8.87,0.025,0.531,2.87
9,2022,6,9,20,26.5,8.89,11.27,1112.0,92.5,8.78,0.025,0.476,2.77
9,2022,6,10,0,24.1,9.4,11.88,877.1,46.9,8.78,0.025,0.476,2.77
9,2022,6,10,4,23.2,9.22,6.81,988.8,62.1,8.91,0.025,0.47,3.04
9,2022,6,10,8,23.0,8.9,4.06,1103.8,61.8,8.88,0.025,0.497,2.96
9,2022,6,10,12,27.4,9.4,19.15,1138.4,76.1,9.0,0.025,0.585,3.16
9,2022,6,10,16,31.0,9.51,21.7,1144.5,72.0,8.94,0.025,0.535,2.6
9,2022,6,10,20,29.0,9.35,13.17,1149.1,78.5,8.92,0.103,0.547,3.06
9,2022,6,11,0,26.2,9.1,5.11,1156.7,69.8,8.92,0.103,0.547,3.06
9,2022,6,11,4,24.0,8.71,1.43,1168.8,44.3,8.75,0.242,0.575,2.54
9,2022,6,11,8,23.7,8.59,2.11,1173.3,60.2,8.8,0.197,0.697,3.1
9,2022,6,11,12,25.4,8.83,7.23,1168.2,68.8,8.8,0.094,0.711,2.86
9,2022,6,11,16,28.3,9.05,12.35,1163.3,57.8,8.81,0.025,0.622,2.64
9,2022,6,11,20,26.8,8.92,8.69,1165.5,61.3,8.76,0.099,0.585,2.66
9,2022,6,12,0,24.9,8.65,5.25,1117.3,53.1,8.76,0.099,0.585,2.66
9,2022,6,12,4,23.7,8.38,2.67,1109.1,59.5,8.6,0.352,0.567,2.93
9,2022,6,12,8,23.5,8.3,2.18,1112.5,89.2,8.86,0.337,0.651,3.37
9,2022,6,12,12,23.8,8.24,3.5,1075.7,108.5,8.79,0.29,0.675,3.67
9,2022,6,12,16,27.2,8.66,9.13,1074.1,122.3,9.15,0.26,0.665,3.53
9,2022,6,12,20,26.5,8.97,10.15,1072.4,63.5,8.87,0.213,0.605,2.71
9,2022,6,13,0,22.6,8.0,3.71,841.0,36.7,8.87,0.213,0.605,2.71
9,2022,6,13,4,21.6,8.06,2.46,848.6,73.1,8.53,1.584,0.607,4.38
9,2022,6,13,8,20.1,7.77,1.16,542.6,127.3,8.42,2.939,0.579,7.21
9,2022,6,13,12,21.4,7.73,0.64,661.0,90.4,8.42,2.971,1.065,7.48
9,2022,6,13,16,23.6,8.52,7.28,791.1,110.1,9.15,2.575,1.035,7.09
9,2022,6,13,20,24.0,8.67,9.64,758.9,89.8,8.89,4.048,0.864,7.84
9,2022,6,14,0,23.4,7.9,2.76,605.2,83.8,8.89,4.048,0.864,7.84
9,2022,6,14,4,22.2,7.59,0.37,513.7,44.4,8.21,5.895,0.621,8.59
9,2022,6,14,8,21.6,7.63,1.57,590.3,52.6,8.1,5.603,0.716,8.73
9,2022,6,14,12,25.5,8.17,7.13,587.0,64.6,7.53,4.294,0.643,7.21
9,2022,6,14,16,28.2,8.56,9.79,553.1,59.9,7.24,3.501,0.552,6.35
9,2022,6,14,20,25.9,8.2,5.73,519.8,71.5,6.77,3.171,0.465,6.27
9,2022,6,15,0,24.8,7.86,3.09,493.6,87.7,6.77,3.171,0.465,6.27
9,2022,6,15,4,24.0,7.8,1.9,485.0,81.2,6.86,2.846,0.434,5.89
9,2022,6,15,8,23.6,7.82,2.2,489.7,88.0,6.86,2.846,0.434,5.89
9,2022,6,15,12,28.0,8.82,10.85,484.3,66.4,7.27,2.581,0.475,5.21
9,2022,6,15,16,31.3,9.22,16.75,480.3,78.7,7.55,1.918,0.45,4.94
9,2022,6,15,20,27.2,9.03,8.22,497.7,46.3,7.58,1.428,0.453,4.66
9,2022,6,16,0,24.6,7.77,1.14,526.6,32.7,6.89,1.262,0.4,3.69
9,2022,6,16,4,23.7,7.59,0.57,554.8,28.9,6.89,1.262,0.4,3.69
9,2022,6,16,8,24.2,7.8,2.94,608.4,36.4,6.15,1.913,0.367,3.78
9,2022,6,16,12,29.7,8.98,16.33,631.4,40.0,6.69,1.731,0.396,3.63
9,2022,6,16,16,34.1,9.5,21.16,642.2,101.8,7.1,1.016,0.377,3.49
9,2022,6,16,20,30.3,9.38,10.18,660.3,92.6,8.06,0.553,0.469,3.91
9,2022,6,17,0,26.4,8.65,1.98,689.2,52.3,7.77,0.408,0.428,3.33
9,2022,6,17,4,24.5,7.9,0.76,710.1,21.4,7.77,0.408,0.428,3.33
9,2022,6,17,8,24.8,8.0,3.61,711.2,36.0,6.63,0.827,0.382,2.52
9,2022,6,17,12,29.5,9.01,14.22,682.8,113.6,7.11,0.661,0.445,2.4
9,2022,6,17,16,33.7,9.43,19.28,654.9,129.2,7.66,0.269,0.441,3.04
9,2022,6,17,20,31.2,9.18,7.55,647.2,90.1,8.15,0.025,0.461,2.9
9,2022,6,18,0,27.0,8.3,1.22,658.5,28.0,7.91,0.268,0.43,3.03
9,2022,6,18,4,25.0,7.75,0.65,664.4,19.1,7.91,0.268,0.43,3.03
9,2022,6,18,8,25.0,7.81,3.13,666.0,36.3,6.67,0.561,0.478,2.03
9,2022,6,18,12,31.4,8.87,13.6,655.5,85.3,7.16,0.473,0.574,2.26
9,2022,6,18,16,36.2,9.33,19.0,660.2,126.8,7.59,0.198,0.527,2.01
9,2022,6,18,20,33.2,9.36,9.96,694.8,40.2,6.31,0.155,0.525,2.34
9,2022,6,19,0,28.2,8.31,0.67,736.9,25.1,7.8,0.155,0.431,2.07
9,2022,6,19,4,25.9,7.82,0.31,767.9,18.7,7.8,0.155,0.431,2.07
9,2022,6,19,8,25.8,7.87,2.91,775.1,26.5,6.92,0.555,0.592,1.88
9,2022,6,19,12,31.8,8.63,11.44,758.6,72.0,7.16,0.443,0.669,1.95
9,2022,6,19,16,36.2,9.25,18.85,738.4,71.5,7.64,0.292,0.59,2.26
9,2022,6,19,20,33.4,9.3,8.48,743.9,94.5,8.33,0.141,0.551,2.24
9,2022,6,20,0,28.8,8.48,0.5,767.9,64.9,8.3,0.184,0.512,2.49
9,2022,6,20,4,26.3,7.91,0.13,794.9,29.5,8.3,0.184,0.512,2.49
9,2022,6,20,8,26.3,7.87,1.7,805.2,49.5,7.66,0.51,0.694,2.12
9,2022,6,20,12,32.5,8.47,9.61,799.2,72.5,7.8,0.466,0.75,2.03
9,2022,6,20,16,36.6,8.97,13.36,788.5,123.4,8.11,0.308,0.691,2.19
9,2022,6,20,20,34.4,9.02,5.49,787.8,98.8,8.32,0.176,0.611,2.42
9,2022,6,21,0,30.5,8.3,0.03,798.7,43.3,8.42,0.233,0.58,2.42
9,2022,6,21,4,28.0,7.88,0.02,814.6,22.4,8.42,0.233,0.58,2.42
9,2022,6,21,8,28.3,7.89,1.44,829.0,34.6,8.01,0.641,0.801,2.09
9,2022,6,21,12,33.7,8.4,7.67,826.5,39.9,7.93,0.557,0.908,2.27
9,2022,6,22,4,29.6,7.76,0.11,743.4,40.6,7.9,0.666,0.518,2.41
9,2022,6,22,12,28.2,7.59,1.46,958.0,18.8,5.49,0.557,0.22,4.18
9,2022,6,22,16,28.6,7.75,3.73,963.8,19.8,5.66,0.415,0.2,4.29
9,2022,6,22,20,28.8,7.91,5.16,957.4,22.7,5.75,0.322,0.193,4.19
9,2022,6,23,0,28.3,7.91,3.24,947.8,19.5,5.75,0.322,0.193,4.19
9,2022,6,23,4,27.8,7.8,2.24,946.1,16.4,5.25,0.385,0.163,4.47
9,2022,6,23,8,27.4,7.71,1.64,937.5,15.1,5.25,0.465,0.157,4.23
9,2022,6,23,12,28.8,7.98,4.62,922.8,14.2,5.52,0.399,0.156,4.1
9,2022,7,4,12,26.2,7.72,2.93,330.6,91.6,4.89,2.224,0.405,3.72
9,2022,7,4,16,28.1,7.77,3.19,324.4,88.3,4.89,2.224,0.405,3.72
9,2022,7,11,8,26.1,7.74,2.47,847.8,25.9,5.5,0.429,0.254,5.64
9,2022,7,11,12,27.9,8.27,8.81,865.2,29.4,5.47,0.285,0.248,5.58
9,2022,7,11,16,28.0,8.26,9.07,872.2,31.4,5.67,0.169,0.27,5.33
9,2022,7,13,8,24.8,7.66,2.37,776.2,15.8,5.93,1.185,0.312,5.83
9,2022,7,13,12,28.6,8.09,8.02,788.6,29.2,6.04,0.809,0.292,5.51
9,2022,7,13,16,30.7,8.25,9.47,788.4,51.9,6.14,0.49,0.303,5.82
9,2022,7,18,12,32.4,8.95,15.58,987.5,27.2,5.55,0.025,0.206,5.41
9,2022,7,18,16,33.7,8.94,17.18,980.4,30.2,5.78,0.025,0.209,5.47
9,2022,7,19,16,32.0,8.81,14.77,1003.9,31.3,5.36,0.025,0.18,5.2
9,2022,7,20,12,32.0,8.78,13.39,1040.0,26.1,4.79,0.025,0.187,5.24
9,2022,7,20,16,33.2,8.85,15.56,1028.0,28.4,5.24,0.025,0.187,5.34
9,2022,7,21,8,29.2,8.14,3.53,1055.5,11.3,4.72,0.025,0.154,5.09
9,2022,7,21,12,31.8,8.8,12.99,1034.4,19.9,5.09,0.025,0.173,5.11
9,2022,7,22,8,29.8,8.06,3.17,1061.9,15.5,4.67,0.025,0.136,4.83
9,2022,7,22,12,31.4,8.56,9.03,1049.7,19.5,4.65,0.025,0.153,4.81
9,2022,7,22,20,29.5,8.2,6.03,974.2,44.1,4.93,0.025,0.178,4.88
9,2022,7,23,0,27.5,7.83,1.85,795.1,34.7,5.04,0.293,0.166,5.09
9,2022,7,23,4,27.7,7.89,1.88,904.1,21.3,5.04,0.293,0.166,5.09
9,2022,7,23,8,28.2,8.01,2.95,993.2,17.2,5.44,0.846,0.217,5.14
9,2022,7,23,12,31.2,8.54,9.5,1012.9,27.0,4.89,0.391,0.198,4.76
9,2022,7,23,16,32.7,8.67,11.56,1005.7,29.3,5.07,0.308,0.23,5.02
9,2022,7,23,20,32.2,8.5,9.64,1021.7,40.6,4.86,0.191,0.206,5.08
9,2022,7,24,0,30.8,8.18,5.96,1041.2,23.2,4.89,0.025,0.194,5.13
9,2022,7,24,4,29.7,8.04,3.39,1056.3,15.5,4.61,0.025,0.161,4.92
9,2022,7,24,8,29.0,8.11,3.34,1057.1,10.5,4.23,0.025,0.162,4.84
9,2022,7,24,12,31.7,8.63,9.58,1046.8,20.0,4.43,0.153,0.193,4.85
9,2022,7,24,16,33.2,8.67,12.32,1031.9,23.6,4.59,0.025,0.227,4.51
9,2022,7,24,20,32.7,8.43,9.06,1001.1,37.4,4.63,0.025,0.229,4.54
9,2022,7,25,0,31.5,8.04,4.98,979.3,23.0,4.64,0.025,0.224,5.11
9,2022,7,25,4,30.2,7.88,2.73,966.8,14.1,4.65,0.206,0.204,5.23
9,2022,7,25,12,32.1,8.53,8.65,900.1,16.5,4.6,0.509,0.223,5.16
9,2022,7,25,16,33.3,8.72,11.84,850.7,24.3,5.17,0.483,0.251,5.0
9,2022,7,25,20,32.6,8.44,8.44,831.0,32.7,5.23,0.461,0.242,4.97
9,2022,7,26,0,31.3,8.03,4.86,834.9,25.6,5.5,0.481,0.23,5.17
9,2022,7,26,4,30.1,7.8,2.49,854.0,12.0,5.4,0.419,0.209,5.22
9,2022,7,26,8,29.8,7.89,2.97,885.3,7.5,5.21,0.365,0.211,5.08
9,2022,7,26,12,32.1,8.45,8.57,902.4,15.0,5.12,0.308,0.238,5.0
9,2022,7,26,16,32.7,8.75,12.01,908.0,23.5,5.23,0.194,0.273,5.09
9,2022,7,26,20,32.1,8.53,8.5,919.1,34.5,5.27,0.025,0.274,5.24
9,2022,7,27,0,30.9,8.01,4.55,932.1,21.6,5.31,0.025,0.259,5.46
9,2022,7,27,4,29.7,7.85,3.35,915.5,10.3,5.01,0.025,0.222,5.31
9,2022,7,27,8,29.3,7.81,2.4,951.3,7.7,4.63,0.172,0.209,4.9
9,2022,7,27,12,30.0,8.12,5.41,964.9,15.0,4.73,0.168,0.231,4.67
9,2022,7,27,16,30.2,8.21,6.24,963.9,27.3,4.82,0.025,0.262,4.69
9,2022,7,27,20,29.1,7.93,3.8,950.2,26.4,4.86,0.163,0.271,4.75
9,2022,7,27,20,29.1,7.93,3.8,950.2,26.4,4.92,0.251,0.249,4.8
9,2022,7,28,0,27.8,7.73,1.55,943.4,8.4,4.63,0.429,0.231,4.82
9,2022,7,28,4,26.7,7.71,1.24,943.2,3.7,4.61,0.759,0.26,4.81
9,2022,11,1,12,13.8,8.02,8.19,1223.0,14.9,3.81,0.128,0.094,8.66
9,2022,11,1,16,13.8,8.03,8.55,1222.3,19.8,3.97,0.126,0.099,8.71
9,2022,11,2,12,13.6,8.02,8.18,1216.9,14.4,4.17,0.117,0.113,8.9
9,2022,11,2,20,13.7,8.08,8.9,1239.6,16.2,4.22,0.122,0.099,8.92
9,2022,11,3,0,13.5,8.11,9.25,1240.4,15.8,4.01,0.115,0.103,9.0
9,2022,11,3,4,13.2,8.14,8.99,1242.7,16.2,4.01,0.115,0.103,9.0
9,2022,11,3,8,13.0,8.17,9.0,1245.2,15.4,3.79,0.107,0.104,8.9
9,2022,11,3,12,13.4,8.14,9.08,1248.8,13.4,4.02,0.101,0.104,9.03
9,2022,11,3,16,13.4,8.1,9.31,1250.9,14.5,3.89,0.103,0.103,8.95
9,2022,11,3,20,13.2,8.08,9.24,1252.5,16.4,3.77,0.112,0.103,9.04
9,2022,11,4,0,12.9,8.13,9.29,1251.8,16.8,3.88,0.108,0.107,9.11
9,2022,11,4,4,12.6,8.19,9.54,1251.8,15.3,3.88,0.108,0.107,9.11
9,2022,11,4,8,12.2,8.24,9.65,1253.6,12.9,3.83,0.088,0.105,9.04
9,2022,11,4,12,12.5,8.23,9.62,1256.4,13.5,3.8,0.077,0.107,8.99
9,2022,11,4,16,12.8,8.16,9.55,1257.9,15.5,3.82,0.086,0.102,9.07
9,2022,11,4,20,12.8,8.13,9.38,1259.6,13.8,3.79,0.1,0.106,9.04
9,2022,11,5,0,12.5,8.12,9.26,1260.5,16.6,3.78,0.109,0.103,9.15
9,2022,11,5,4,12.2,8.2,9.4,1260.4,14.4,3.78,0.109,0.103,9.15
9,2022,11,5,8,11.9,8.25,9.62,1261.5,13.1,4.03,0.09,0.106,9.31
9,2022,11,5,12,12.6,8.29,9.85,1258.5,12.5,4.05,0.074,0.104,9.17
9,2022,11,5,16,12.8,8.25,9.94,1257.5,14.0,3.94,0.059,0.103,9.04
9,2022,11,5,20,12.6,8.23,9.76,1259.2,15.0,3.99,0.065,0.103,9.11
9,2022,11,6,0,12.2,8.26,9.84,1259.4,16.1,3.92,0.065,0.103,9.15
9,2022,11,6,4,11.9,8.28,9.95,1260.5,14.4,3.92,0.065,0.103,9.15
9,2022,11,6,8,11.6,8.34,10.35,1261.9,12.4,3.88,0.053,0.103,9.08
9,2022,11,6,12,11.5,8.37,10.42,1263.5,13.3,4.03,0.055,0.099,8.97
9,2022,11,6,16,11.5,8.3,10.14,1265.0,16.4,3.93,0.054,0.103,9.01
9,2022,11,6,20,11.2,8.24,10.02,1265.4,18.2,3.92,0.064,0.104,8.97
9,2022,11,7,0,11.2,8.31,10.38,1262.9,14.4,3.92,0.064,0.104,8.97
9,2022,11,7,4,11.1,8.44,10.88,1258.0,12.5,3.92,0.064,0.104,8.97
9,2022,11,7,8,10.8,8.47,10.7,1257.4,14.3,4.0,0.055,0.092,8.73
9,2022,11,7,12,11.0,8.39,10.46,1257.8,14.1,4.07,0.062,0.095,8.78
9,2022,11,7,16,11.4,8.33,10.47,1256.2,19.6,3.75,0.065,0.1,8.83
9,2022,11,7,20,11.3,8.28,10.28,1256.5,19.0,3.75,0.065,0.1,8.83
9,2022,11,8,0,11.1,8.31,10.6,1255.6,14.5,3.5,0.064,0.099,8.85
9,2022,11,8,4,10.8,8.41,10.93,1254.3,13.1,3.54,0.047,0.094,8.69
9,2022,11,8,8,10.6,8.48,10.96,1253.0,11.1,3.66,0.046,0.092,8.72
9,2022,11,8,12,11.2,8.51,11.27,1250.4,24.3,3.74,0.04,0.1,8.99
9,2022,11,8,16,11.7,8.49,11.39,1247.8,15.8,3.74,0.04,0.1,8.99
9,2022,11,8,20,11.1,8.36,10.65,1255.8,35.2,3.46,0.043,0.101,9.05
9,2022,11,9,0,11.0,8.32,10.46,1259.3,29.2,3.71,0.043,0.101,9.05
9,2022,11,9,4,10.7,8.32,10.44,1262.3,20.2,3.38,0.04,0.094,8.81
9,2022,11,9,8,10.4,8.32,10.51,1265.1,16.2,3.7,0.039,0.09,8.71
9,2022,11,9,12,10.7,8.42,11.26,1265.2,17.7,3.49,0.035,0.087,8.67
9,2022,11,9,16,10.9,8.49,11.91,1264.3,13.2,3.52,0.031,0.087,8.57
9,2022,11,9,20,10.9,8.51,11.83,1263.2,15.8,3.4,0.035,0.087,8.54
9,2022,11,10,0,10.9,8.48,11.45,1263.9,13.8,3.4,0.035,0.087,8.54
9,2022,11,10,4,10.8,8.41,10.88,1262.6,13.7,3.43,0.04,0.083,8.54
9,2022,11,10,8,10.7,8.39,10.64,1264.5,17.7,3.43,0.059,0.087,8.5
9,2022,11,10,12,11.3,8.38,10.92,1266.4,32.3,3.59,0.143,0.108,8.73
9,2022,11,10,16,11.3,8.41,11.54,1259.8,11.7,3.8,0.039,0.095,8.54
9,2022,11,10,20,11.5,8.4,11.67,1257.1,16.5,3.74,0.035,0.081,8.53
9,2022,11,11,0,11.6,8.35,11.13,1264.3,23.6,3.56,0.035,0.081,8.53
9,2022,11,11,4,11.6,8.35,11.01,1266.2,25.0,3.56,0.189,0.11,8.62
9,2022,11,11,8,11.7,8.34,10.91,1258.3,24.6,3.81,0.186,0.119,8.61
9,2022,11,11,12,11.7,8.35,10.85,1262.9,17.4,3.89,0.183,0.107,8.59
9,2022,11,11,16,11.6,8.38,11.4,1252.6,21.1,3.82,0.064,0.092,8.72
9,2022,11,11,20,11.6,8.46,11.7,1243.8,13.8,3.47,0.054,0.087,8.69
9,2022,11,12,0,11.7,8.44,11.44,1229.7,11.2,3.47,0.054,0.087,8.69
9,2022,11,12,4,11.8,8.41,11.09,1209.9,15.1,3.47,0.091,0.081,8.68
9,2022,11,12,8,11.6,8.39,10.84,1211.3,23.8,3.43,0.088,0.098,8.88
9,2022,11,12,12,11.4,8.37,10.7,1214.7,22.4,3.71,0.077,0.096,8.76
9,2022,11,12,16,11.4,8.34,10.69,1219.0,19.6,3.82,0.071,0.093,8.77
9,2022,11,12,20,11.3,8.31,10.41,1219.4,16.8,3.81,0.075,0.097,8.7
9,2022,11,13,0,10.9,8.28,10.37,1222.7,13.5,3.81,0.075,0.097,8.7
9,2022,11,13,4,10.5,8.23,9.94,1221.6,16.0,3.65,0.132,0.095,8.77
9,2022,11,13,8,10.2,8.21,9.54,1216.8,13.8,3.96,0.231,0.1,8.79
9,2022,11,13,12,10.8,8.25,9.98,1213.0,13.5,3.96,0.265,0.11,8.93
9,2022,11,13,16,11.2,8.28,10.44,1204.3,12.7,3.89,0.334,0.111,8.97
9,2022,11,13,20,10.9,8.28,10.13,1203.9,14.1,3.84,0.329,0.114,8.94
9,2022,11,14,0,10.5,8.27,9.99,1211.7,13.0,3.84,0.329,0.114,8.94
9,2022,11,14,4,10.1,8.24,9.39,1203.7,14.4,3.84,0.226,0.107,8.79
9,2022,11,14,8,9.8,8.18,8.63,1192.8,13.3,4.18,0.333,0.119,8.79
9,2022,11,14,12,10.2,8.15,8.39,1179.1,17.2,4.37,0.421,0.13,8.72
9,2022,11,14,16,10.9,8.12,8.33,1165.9,12.7,4.39,0.486,0.135,8.77
9,2022,11,14,16,10.9,8.12,8.33,1165.9,12.7,4.39,0.486,0.135,8.77
9,2022,11,14,20,10.4,8.08,7.95,1170.6,15.0,4.19,0.462,0.132,8.69
9,2022,11,15,0,10.2,8.06,8.06,1177.1,12.7,4.19,0.462,0.132,8.69
9,2022,11,15,4,9.8,8.05,8.14,1179.0,13.1,3.82,0.424,0.123,8.37
9,2022,11,15,8,9.4,8.05,8.12,1180.9,13.1,3.91,0.429,0.122,8.7
9,2022,11,15,12,10.0,8.09,8.91,1166.0,13.2,3.96,0.559,0.134,8.76
9,2022,11,15,16,10.3,8.13,9.42,1147.9,12.8,3.78,0.61,0.135,8.69
9,2022,11,16,8,8.9,8.23,10.07,1181.2,10.8,3.63,0.147,0.102,8.78
9,2022,11,16,12,9.4,8.33,11.05,1201.2,13.9,3.74,0.12,0.106,8.91
9,2022,11,16,20,9.7,8.21,10.78,1191.7,10.0,3.76,0.171,0.099,8.84
9,2022,11,16,20,9.7,8.21,10.78,1191.7,10.0,3.64,0.292,0.106,8.8
9,2022,11,17,4,9.3,8.09,10.01,1147.7,10.1,3.68,0.389,0.111,8.82
9,2022,11,17,8,9.0,8.04,9.54,1122.4,9.1,3.81,0.501,0.119,8.81
9,2022,11,17,12,9.6,7.99,9.62,1091.0,9.3,3.83,0.647,0.127,8.62
9,2022,11,17,20,10.0,7.95,9.63,1051.4,13.3,4.36,1.191,0.154,9.18
9,2022,11,17,20,10.0,7.95,9.63,1051.4,13.3,4.37,1.402,0.166,9.28
9,2022,11,18,4,9.5,7.9,9.07,1054.2,11.0,4.35,1.324,0.163,9.15
9,2022,11,18,8,9.2,7.88,8.72,1057.3,11.8,4.25,1.418,0.167,9.1
9,2022,11,18,12,9.3,7.9,8.74,1059.6,11.0,4.38,1.416,0.174,9.14
9,2022,11,18,16,9.6,7.92,9.16,1061.5,10.4,4.31,1.421,0.17,8.77
9,2022,11,18,20,9.4,7.86,8.47,1055.3,10.9,4.47,1.423,0.181,8.66
9,2022,11,19,0,9.5,7.84,8.28,1047.0,11.6,4.36,1.442,0.189,9.31
9,2022,11,19,4,9.4,7.79,7.67,1032.4,11.5,4.44,1.464,0.194,9.09
9,2022,11,19,8,9.4,7.74,7.21,1018.5,11.6,4.54,1.488,0.198,9.24
9,2022,11,19,12,9.7,7.71,7.05,998.7,13.9,4.89,1.524,0.196,8.69
9,2022,11,19,16,10.4,7.85,9.4,988.3,11.6,4.9,1.643,0.201,8.33
9,2022,11,19,20,10.1,7.87,9.9,994.7,12.3,4.61,1.615,0.194,8.79
9,2022,11,20,0,10.0,7.93,10.37,1004.8,10.6,4.62,1.551,0.188,8.22
9,2022,11,20,4,9.8,7.96,10.45,1015.4,11.0,4.48,1.464,0.185,8.87
9,2022,11,20,8,9.7,7.97,10.11,1033.1,11.4,4.56,1.395,0.177,8.95
9,2022,11,20,12,9.8,8.04,10.4,1047.3,12.5,4.51,1.164,0.163,8.9
9,2022,11,20,16,10.1,8.17,11.03,1071.9,12.1,4.34,0.88,0.151,8.66
9,2022,11,20,20,10.5,8.24,10.9,1089.9,9.7,3.8,0.423,0.116,8.52
9,2022,11,21,0,10.6,8.14,10.11,1106.4,10.5,3.5,0.233,0.103,8.35
9,2022,11,21,4,10.5,8.0,8.98,1130.7,11.1,3.5,0.233,0.103,8.35
9,2022,11,21,12,11.0,8.2,10.73,1160.8,9.4,3.28,0.11,0.083,8.63
9,2022,11,21,16,11.5,8.47,12.23,1156.4,8.9,3.31,0.086,0.087,8.57
9,2022,11,21,20,11.2,8.4,11.63,1154.1,9.4,3.26,0.086,0.084,8.43
9,2022,11,22,0,10.9,8.24,10.4,1155.4,9.1,3.26,0.086,0.084,8.43
9,2022,11,22,4,10.6,8.12,9.34,1159.1,8.6,3.27,0.092,0.084,8.53
9,2022,11,22,8,10.4,8.03,8.96,1167.0,8.7,3.25,0.091,0.084,8.55
9,2022,11,22,12,10.6,8.05,9.56,1168.1,9.1,3.28,0.087,0.08,8.63
9,2022,11,22,20,10.8,8.14,10.48,1167.7,8.3,3.15,0.082,0.08,8.66
9,2022,11,23,0,10.5,8.13,10.17,1166.1,8.2,3.15,0.082,0.08,8.66
9,2022,11,23,4,10.3,8.13,9.74,1166.9,10.6,3.43,0.097,0.083,8.41
9,2022,11,23,8,10.0,8.06,9.32,1173.6,9.1,3.23,0.111,0.087,8.46
9,2022,11,23,12,10.3,8.07,9.49,1170.3,9.7,3.23,0.122,0.096,8.53
9,2022,11,23,16,10.6,8.11,10.25,1185.1,8.1,2.68,0.119,0.08,8.57
9,2022,11,23,20,10.4,8.11,10.69,1185.3,8.1,2.75,0.108,0.084,8.72
9,2022,11,24,0,10.3,8.17,11.1,1184.4,7.7,2.75,0.108,0.084,8.72
9,2022,11,24,4,10.2,8.25,11.53,1182.2,6.9,2.78,0.083,0.085,8.61
9,2022,11,24,8,10.3,8.32,11.69,1182.2,7.9,2.92,0.07,0.09,8.59
9,2022,11,24,12,10.4,8.3,11.26,1187.6,10.2,2.95,0.07,0.09,8.64
9,2022,11,24,16,10.3,8.21,10.63,1192.6,10.3,2.83,0.078,0.086,8.7
9,2022,11,24,20,10.3,8.09,10.39,1195.3,7.6,2.98,0.084,0.081,8.74
9,2022,11,25,0,10.2,8.08,10.25,1194.2,8.1,2.98,0.084,0.081,8.74
9,2022,11,25,4,10.2,8.11,10.8,1189.9,6.8,2.96,0.087,0.085,8.72
9,2022,11,25,8,10.2,8.19,11.31,1187.7,8.3,2.96,0.091,0.091,8.6
9,2022,11,25,12,10.1,8.25,11.33,1192.3,8.4,3.29,0.106,0.085,8.62
9,2022,11,25,12,10.1,8.25,11.33,1192.3,8.4,3.29,0.106,0.085,8.62
9,2022,11,25,16,10.1,8.19,10.89,1197.5,23.0,3.54,0.135,0.1,8.91
9,2022,11,25,20,9.6,8.16,10.42,1201.5,30.9,3.42,0.154,0.109,9.16
9,2022,11,26,0,8.9,8.17,10.36,1205.6,18.8,3.42,0.154,0.109,9.16
9,2022,11,26,4,8.4,8.3,10.96,1201.9,32.7,3.49,0.135,0.105,8.89
9,2022,11,26,8,8.3,8.37,11.73,1195.5,14.3,3.41,0.098,0.107,8.64
9,2022,11,26,12,8.3,8.45,11.64,1196.6,12.9,3.28,0.082,0.108,8.72
9,2022,11,26,16,8.3,8.36,11.68,1200.9,12.9,3.28,0.082,0.108,8.72
9,2022,11,28,8,7.0,8.35,11.87,1242.1,8.4,3.29,0.046,0.087,9.03
9,2022,11,28,12,7.7,8.62,13.68,1225.0,16.5,3.48,0.052,0.085,8.93
9,2022,11,28,16,8.1,8.66,13.73,1223.1,20.6,3.53,0.056,0.097,9.17
9,2022,11,29,8,5.6,8.28,11.37,1273.4,24.4,3.33,0.049,0.084,9.23
9,2022,11,29,12,5.3,8.32,11.59,1277.3,55.0,3.74,0.045,0.087,9.42
9,2022,11,29,16,4.9,8.35,11.79,1281.0,55.3,4.11,0.043,0.111,9.8
9,2022,11,29,20,4.1,8.48,12.16,1288.2,52.0,3.96,0.037,0.111,9.81
9,2022,11,30,0,4.0,8.56,12.24,1288.2,46.1,3.97,0.037,0.116,9.97
9,2022,11,30,4,3.8,8.6,12.31,1290.2,25.9,3.84,0.036,0.095,9.77
9,2022,11,30,8,3.8,8.59,11.91,1290.9,23.7,3.57,0.041,0.089,9.58
9,2022,11,30,12,3.6,8.51,11.88,1289.8,17.1,3.57,0.048,0.089,9.44
9,2022,11,30,16,3.6,8.46,11.76,1293.1,20.0,3.5,0.052,0.089,9.3
9,2022,11,30,20,3.5,8.39,11.63,1303.2,18.9,3.49,0.068,0.089,9.25
9,2022,12,1,0,2.8,8.42,11.68,1315.9,16.5,3.52,0.068,0.089,9.45
9,2022,12,1,4,3.0,8.44,11.68,1314.4,13.9,3.43,0.101,0.084,9.32
9,2022,12,1,12,3.2,8.52,11.95,1313.0,13.6,3.53,0.117,0.087,9.46
9,2022,12,1,16,3.2,8.55,12.19,1312.2,13.0,3.28,0.124,0.092,9.48
9,2022,12,2,0,3.0,8.47,12.08,1323.8,10.3,3.51,0.128,0.091,9.46
9,2022,12,2,4,2.7,8.46,12.33,1335.4,9.0,3.5,0.122,0.089,9.53
9,2022,12,2,8,2.6,8.5,12.69,1333.0,7.5,3.34,0.103,0.09,9.71
9,2022,12,2,12,2.7,8.53,12.93,1325.4,6.2,3.32,0.09,0.095,9.67
9,2022,12,2,16,2.8,8.61,13.4,1326.8,5.9,3.55,0.075,0.087,9.67
9,2022,12,2,20,2.6,8.61,13.39,1330.0,4.5,3.33,0.07,0.087,9.57
9,2022,12,3,0,2.5,8.56,13.17,1342.4,3.9,3.28,0.07,0.092,9.69
9,2022,12,3,4,2.5,8.51,13.05,1344.4,3.5,3.27,0.071,0.085,9.9
9,2022,12,3,8,2.5,8.53,13.26,1340.0,3.2,3.34,0.067,0.087,9.8
9,2022,12,3,12,2.7,8.6,13.8,1333.9,3.5,3.31,0.061,0.087,9.8
9,2022,12,3,16,2.8,8.66,14.24,1328.7,3.3,3.28,0.058,0.088,9.8
9,2022,12,3,20,2.7,8.64,13.99,1327.8,2.4,3.28,0.059,0.091,9.75
9,2022,12,4,0,2.5,8.59,13.53,1333.1,5.8,3.37,0.059,0.091,9.8
9,2022,12,4,4,2.4,8.52,13.18,1339.1,2.1,3.29,0.069,0.09,9.85
9,2022,12,4,8,2.3,8.5,13.23,1341.4,2.2,3.32,0.07,0.09,9.86
9,2022,12,4,12,2.6,8.55,13.72,1330.0,2.0,3.32,0.071,0.09,9.86
9,2022,12,4,16,2.7,8.59,14.15,1326.6,1.9,3.07,0.07,0.091,9.88
9,2022,12,4,20,2.6,8.58,14.02,1326.5,2.1,3.1,0.074,0.095,9.93
9,2022,12,5,0,2.3,8.54,13.63,1334.3,1.8,3.1,0.074,0.095,9.93
9,2022,12,5,4,2.0,8.5,13.39,1346.3,1.8,3.09,0.093,0.099,9.84
9,2022,12,5,8,1.8,8.51,13.53,1350.2,1.1,3.15,0.103,0.098,9.88
9,2022,12,5,12,2.3,8.55,13.77,1339.2,1.2,3.13,0.11,0.099,9.83
9,2022,12,5,16,2.4,8.58,14.11,1336.3,1.6,2.96,0.121,0.099,9.81
9,2022,12,6,0,2.0,8.5,13.59,1349.3,1.3,3.11,0.14,0.102,9.82
9,2022,12,6,4,1.8,8.46,13.39,1356.5,0.9,3.18,0.182,0.104,9.91
9,2022,12,6,8,1.8,8.46,13.44,1358.2,0.9,3.18,0.191,0.11,10.04
9,2022,12,6,12,2.2,8.48,13.65,1350.5,1.0,3.09,0.191,0.109,9.95
9,2022,12,6,16,2.3,8.5,13.87,1347.5,0.8,3.1,0.184,0.107,10.1
9,2022,12,6,20,2.2,8.49,13.74,1352.0,1.2,3.01,0.179,0.11,10.24
9,2022,12,7,0,2.0,8.48,13.54,1356.0,2.3,3.01,0.179,0.11,10.24
9,2022,12,7,4,1.8,8.5,13.52,1364.0,3.0,3.09,0.183,0.11,10.51
9,2022,12,7,8,1.8,8.51,13.69,1365.5,2.4,3.11,0.182,0.111,10.54
9,2022,12,7,12,2.1,8.52,13.82,1353.5,2.5,3.12,0.176,0.107,10.62
9,2022,12,7,16,2.3,8.54,14.1,1347.1,2.4,2.96,0.165,0.107,10.62
9,2022,12,7,20,2.2,8.52,13.84,1343.9,2.2,3.13,0.16,0.109,10.58
9,2022,12,8,0,2.1,8.47,13.51,1345.0,1.6,3.13,0.16,0.109,10.58
9,2022,12,8,4,2.0,8.44,13.38,1347.8,1.6,3.15,0.159,0.107,10.6
9,2022,12,8,8,2.0,8.42,13.3,1350.2,1.8,3.14,0.166,0.11,10.59
9,2022,12,8,12,2.4,8.42,13.45,1345.2,1.7,3.19,0.169,0.106,10.72
9,2022,12,8,16,2.6,8.43,13.63,1343.4,1.6,3.18,0.179,0.114,10.57
9,2022,12,8,20,2.5,8.38,13.26,1348.9,1.3,3.12,0.213,0.127,10.77
9,2022,12,9,0,2.3,8.33,12.9,1345.5,1.7,3.12,0.213,0.127,10.77
9,2022,12,9,4,2.2,8.31,12.86,1341.6,1.9,3.15,0.288,0.134,10.86
9,2022,12,9,8,2.2,8.33,13.04,1339.8,1.6,3.19,0.299,0.136,11.09
9,2022,12,9,12,2.9,8.35,13.56,1326.2,2.0,3.08,0.303,0.141,11.14
9,2022,12,9,16,3.0,8.36,13.66,1320.6,2.2,3.1,0.305,0.135,11.13
9,2022,12,9,20,2.8,8.34,13.33,1317.1,2.4,3.13,0.317,0.138,11.1
9,2022,12,10,0,2.8,8.31,13.17,1315.4,2.7,3.13,0.317,0.138,11.1
9,2022,12,10,4,2.7,8.3,12.96,1311.9,3.6,3.18,0.328,0.133,11.15
9,2022,12,10,8,2.7,8.34,13.11,1306.8,3.7,3.11,0.304,0.13,11.16
9,2022,12,10,12,3.0,8.37,13.27,1298.9,4.6,3.03,0.29,0.122,11.09
9,2022,12,10,16,3.1,8.37,13.17,1288.6,6.8,3.06,0.276,0.116,10.87
9,2022,12,10,20,3.1,8.23,12.27,1280.2,12.1,3.18,0.276,0.126,10.63
9,2022,12,11,0,3.1,8.23,12.48,1275.6,9.7,3.18,0.276,0.126,10.63
9,2022,12,11,4,2.9,8.26,12.45,1278.8,6.8,3.14,0.36,0.135,10.48
9,2022,12,11,8,2.9,8.29,12.48,1279.6,5.4,3.18,0.416,0.146,10.62
9,2022,12,11,12,3.1,8.3,12.51,1273.9,5.1,3.01,0.477,0.154,10.7
9,2022,12,11,16,3.1,8.29,12.48,1273.4,4.8,2.96,0.502,0.155,10.65
9,2022,12,11,20,2.9,8.28,12.43,1276.7,4.3,3.09,0.519,0.154,10.78
9,2022,12,12,0,3.0,8.31,12.51,1276.5,4.5,3.09,0.519,0.154,10.78
9,2022,12,12,4,3.1,8.34,12.51,1275.8,4.7,3.01,0.466,0.149,10.57
9,2022,12,12,8,3.0,8.34,12.33,1278.8,4.9,3.19,0.438,0.147,10.39
9,2022,12,12,12,3.1,8.32,12.15,1278.7,5.0,3.13,0.429,0.14,10.36
9,2022,12,12,16,3.2,8.3,12.08,1277.9,5.7,3.09,0.416,0.138,10.32
9,2022,12,12,20,3.1,8.3,12.11,1281.3,5.3,3.02,0.409,0.135,10.35
9,2022,12,13,0,3.1,8.34,12.36,1281.2,5.8,3.02,0.409,0.135,10.35
9,2022,12,13,4,2.9,8.41,12.58,1284.6,5.6,3.14,0.381,0.134,10.34
9,2022,12,13,8,2.8,8.43,12.63,1286.9,4.9,3.26,0.384,0.133,10.25
9,2022,12,13,12,2.8,8.41,12.61,1289.2,4.1,3.08,0.392,0.133,10.26
9,2022,12,13,16,2.7,8.4,12.64,1288.9,4.4,3.17,0.404,0.13,10.26
9,2022,12,13,20,2.6,8.36,12.59,1294.1,3.9,3.08,0.41,0.133,10.34
9,2022,12,14,0,2.4,8.37,12.64,1299.5,3.5,3.08,0.41,0.133,10.34
9,2022,12,14,4,2.0,8.43,12.99,1306.4,4.0,2.96,0.413,0.14,10.22
9,2022,12,14,8,1.5,8.45,13.13,1317.3,4.3,3.28,0.431,0.139,10.25
9,2022,12,14,12,1.6,8.42,13.06,1310.8,6.4,3.05,0.433,0.138,10.23
9,2022,12,14,16,1.6,8.42,13.03,1305.9,8.3,3.05,0.422,0.136,10.29
9,2022,12,14,20,1.3,8.42,13.1,1312.9,7.6,3.17,0.411,0.135,10.26
9,2022,12,15,0,1.1,8.43,13.13,1321.0,8.1,3.17,0.411,0.135,10.26
9,2022,12,15,4,1.0,8.45,13.27,1327.7,6.6,3.1,0.469,0.138,10.39
9,2022,12,15,8,1.0,8.45,13.21,1332.6,8.7,3.31,0.53,0.143,10.49
9,2022,12,15,12,1.5,8.43,12.97,1317.3,9.9,3.16,0.578,0.147,10.57
9,2022,12,15,16,1.6,8.4,12.97,1316.4,10.1,3.35,0.642,0.163,10.59
9,2022,12,15,20,1.3,8.34,12.94,1328.2,10.7,3.09,0.677,0.163,10.29
9,2022,12,16,0,1.2,8.33,13.1,1341.9,10.3,3.09,0.677,0.163,10.29
9,2022,12,16,4,1.1,8.38,13.53,1352.6,9.2,3.14,0.617,0.166,10.9
9,2022,12,16,8,1.1,8.43,13.81,1359.2,6.9,3.29,0.578,0.158,10.88
9,2022,12,16,12,1.4,8.44,13.89,1354.3,6.4,3.13,0.578,0.154,10.59
9,2022,12,16,16,1.5,8.44,14.02,1358.8,4.8,3.28,0.618,0.146,10.92
9,2022,12,16,20,1.4,8.41,13.89,1365.3,4.2,3.29,0.654,0.147,10.99
9,2022,12,17,0,1.4,8.4,13.83,1368.1,3.4,3.29,0.654,0.147,10.99
9,2022,12,17,4,1.2,8.43,14.23,1370.5,3.6,3.31,0.597,0.134,10.57
9,2022,12,17,8,1.2,8.45,14.3,1369.5,3.5,3.33,0.596,0.133,10.78
9,2022,12,17,12,1.6,8.46,14.46,1361.9,4.0,3.26,0.622,0.135,10.9
9,2022,12,17,16,1.7,8.45,14.4,1359.0,3.1,3.13,0.67,0.141,10.98
9,2022,12,17,20,1.6,8.4,14.06,1365.3,2.8,3.26,0.706,0.143,11.14
9,2022,12,18,0,1.4,8.36,13.75,1377.3,3.4,3.26,0.706,0.143,11.14
9,2022,12,18,4,1.3,8.37,13.91,1383.4,3.2,3.33,0.711,0.157,11.28
9,2022,12,18,8,1.2,8.43,14.38,1380.2,3.8,3.27,0.663,0.154,11.25
9,2022,12,18,12,1.6,8.44,14.46,1365.9,3.7,3.3,0.64,0.151,11.17
9,2022,12,18,16,1.6,8.47,14.73,1365.9,3.3,3.16,0.616,0.15,11.16
9,2022,12,18,20,1.5,8.45,14.53,1370.2,3.2,3.11,0.602,0.149,11.19
9,2022,12,19,0,1.2,8.38,14.12,1375.3,2.9,3.11,0.602,0.149,11.19
9,2022,12,19,4,1.1,8.36,14.27,1379.8,2.7,3.19,0.593,0.142,11.17
9,2022,12,19,8,1.0,8.42,14.71,1380.4,2.8,3.32,0.575,0.141,11.18
9,2022,12,19,12,1.4,8.43,14.73,1366.9,3.3,3.1,0.589,0.142,11.15
9,2022,12,19,16,1.5,8.45,14.94,1367.7,2.7,3.23,0.597,0.141,11.05
9,2022,12,19,20,1.4,8.41,14.71,1374.1,3.3,3.12,0.621,0.138,11.23
9,2022,12,20,0,1.2,8.42,14.66,1381.1,3.2,3.12,0.621,0.138,11.23
9,2022,12,20,4,1.0,8.42,14.57,1389.9,2.9,3.18,0.469,0.126,11.16
9,2022,12,20,8,1.0,8.4,14.35,1394.7,3.1,3.15,0.49,0.13,11.03
9,2022,12,20,12,1.2,8.37,14.14,1386.3,2.9,3.12,0.519,0.134,11.08
9,2022,12,20,16,1.3,8.37,14.27,1385.8,2.5,3.16,0.54,0.131,11.17
9,2022,12,20,20,1.2,8.36,14.17,1387.0,2.4,2.98,0.564,0.132,11.21
9,2022,12,21,0,1.1,8.39,14.43,1381.4,1.4,2.98,0.564,0.132,11.21
9,2022,12,21,4,0.9,8.37,14.36,1386.3,2.0,3.06,0.596,0.147,11.25
9,2022,12,21,8,0.9,8.33,14.06,1393.6,1.9,3.24,0.647,0.157,11.25
9,2022,12,21,12,1.2,8.3,13.72,1387.9,2.1,3.04,0.724,0.162,11.33
9,2022,12,21,16,1.3,8.3,13.9,1387.4,1.8,3.02,0.756,0.165,11.39
9,2022,12,21,20,1.2,8.28,13.67,1393.2,2.1,3.06,0.848,0.166,11.49
9,2022,12,22,0,1.1,8.32,14.05,1390.8,1.8,3.06,0.848,0.166,11.49
9,2022,12,22,4,0.9,8.36,14.42,1379.9,2.5,3.03,0.793,0.157,11.43
9,2022,12,22,8,0.9,8.33,14.08,1373.9,2.1,3.32,0.869,0.162,11.48
9,2022,12,22,8,0.9,8.33,14.08,1373.9,2.1,3.32,0.869,0.162,11.48
9,2022,12,22,12,1.2,8.3,13.78,1363.7,2.1,3.12,0.897,0.162,11.39
9,2022,12,22,12,1.2,8.3,13.78,1363.7,2.1,3.12,0.897,0.162,11.39
9,2022,12,22,16,1.2,8.27,13.84,1360.0,2.0,3.09,0.932,0.166,11.45
9,2022,12,22,20,1.2,8.24,13.62,1364.1,2.4,3.09,0.96,0.167,11.36
9,2022,12,23,0,1.0,8.26,13.83,1362.1,2.2,3.09,0.96,0.167,11.36
9,2022,12,23,4,1.0,8.3,14.2,1346.7,2.4,3.06,0.814,0.158,11.37
9,2022,12,23,8,0.9,8.3,14.04,1344.4,2.3,3.1,0.797,0.156,11.35
9,2022,12,23,12,1.2,8.28,13.84,1336.9,2.5,2.95,0.8,0.154,11.33
9,2022,12,23,16,1.3,8.29,13.99,1338.3,2.2,2.91,0.811,0.154,11.38
9,2022,12,23,20,1.2,8.27,13.75,1346.9,3.2,3.08,0.845,0.154,11.47
9,2022,12,24,0,1.1,8.3,13.83,1352.2,2.5,3.08,0.845,0.154,11.47
9,2022,12,24,4,1.0,8.36,14.19,1344.2,2.6,2.92,0.712,0.149,11.26
9,2022,12,24,8,1.0,8.37,14.09,1343.1,2.7,3.03,0.68,0.143,11.15
9,2022,12,24,12,1.3,8.35,13.9,1334.4,2.8,3.06,0.669,0.142,11.13
9,2022,12,24,16,1.4,8.36,14.11,1336.9,2.9,2.84,0.675,0.138,11.07
9,2022,12,24,20,1.3,8.31,13.81,1342.7,3.4,2.91,0.685,0.137,11.13
9,2022,12,25,0,1.2,8.32,13.92,1351.7,3.1,2.91,0.685,0.137,11.13
9,2022,12,25,4,1.0,8.37,14.33,1355.7,3.0,3.1,0.645,0.141,11.04
9,2022,12,25,8,1.0,8.37,14.36,1356.9,2.7,3.07,0.647,0.137,11.01
9,2022,12,25,12,1.2,8.35,14.09,1350.6,2.3,3.0,0.652,0.137,10.98
9,2022,12,25,16,1.2,8.34,14.04,1351.0,2.7,3.04,0.655,0.133,10.94
9,2022,12,25,20,1.1,8.33,14.02,1354.1,2.4,3.14,0.65,0.13,10.95
9,2022,12,26,0,1.0,8.34,14.19,1356.3,2.3,3.14,0.65,0.13,10.95
9,2022,12,26,4,0.9,8.39,14.5,1353.9,2.0,3.12,0.579,0.127,10.76
9,2022,12,26,8,0.9,8.38,14.32,1353.4,2.1,3.13,0.579,0.129,10.67
9,2022,12,26,12,1.1,8.35,14.1,1345.0,1.8,2.92,0.594,0.127,10.63
9,2022,12,26,16,1.2,8.34,14.25,1342.9,1.8,3.09,0.609,0.129,10.81
9,2022,12,26,20,1.1,8.29,14.07,1339.2,2.3,2.82,0.655,0.134,10.65
9,2022,12,27,0,1.0,8.34,14.44,1328.8,2.5,2.82,0.655,0.134,10.65
9,2022,12,27,4,0.9,8.37,14.46,1323.7,2.8,2.84,0.689,0.146,10.48
9,2022,12,27,8,0.9,8.35,14.19,1328.2,2.9,3.09,0.716,0.143,10.53
9,2022,12,27,12,1.2,8.31,13.92,1322.2,2.5,2.94,0.726,0.142,10.52
9,2022,12,27,16,1.2,8.31,14.22,1323.3,2.4,2.89,0.731,0.142,10.54
9,2022,12,27,20,1.2,8.29,14.06,1328.9,2.3,2.98,0.73,0.143,10.48
9,2022,12,28,0,1.0,8.34,14.41,1326.7,3.0,2.98,0.73,0.143,10.48
9,2022,12,28,4,1.0,8.35,14.3,1325.9,3.5,2.89,0.656,0.142,10.45
9,2022,12,28,8,1.0,8.34,14.04,1330.7,3.6,3.07,0.641,0.142,10.59
9,2022,12,28,12,1.2,8.31,13.85,1329.5,3.5,2.78,0.654,0.145,10.66
9,2022,12,28,16,1.4,8.32,14.13,1333.9,3.0,2.88,0.652,0.137,10.7
9,2022,12,28,20,1.2,8.32,14.23,1349.7,3.4,2.9,0.666,0.14,10.96
9,2022,12,29,0,1.1,8.4,14.73,1351.5,3.6,2.9,0.666,0.14,10.96
9,2022,12,29,4,1.0,8.42,14.72,1355.3,3.2,2.77,0.656,0.138,10.86
9,2022,12,29,8,1.0,8.4,14.41,1361.6,3.5,3.0,0.687,0.134,10.77
9,2022,12,29,12,1.3,8.36,14.16,1353.5,3.0,2.83,0.708,0.135,10.65
9,2022,12,29,16,1.4,8.37,14.45,1354.4,2.9,3.03,0.693,0.134,10.67
9,2022,12,29,20,1.2,8.35,14.45,1361.5,2.6,2.83,0.703,0.137,10.68
9,2022,12,30,0,1.1,8.41,14.84,1360.5,3.0,2.83,0.703,0.137,10.68
9,2022,12,30,4,1.0,8.41,14.73,1363.8,2.7,2.73,0.656,0.133,10.62
9,2022,12,30,8,1.0,8.37,14.41,1368.7,2.6,3.08,0.718,0.136,10.46
9,2022,12,30,12,1.3,8.33,14.12,1358.8,2.0,2.9,0.743,0.137,10.48
9,2022,12,30,16,1.3,8.34,14.43,1360.0,2.3,2.86,0.748,0.137,10.49
9,2022,12,30,20,1.2,8.34,14.43,1363.2,2.3,2.93,0.797,0.141,10.41
9,2022,12,31,0,1.2,8.41,14.71,1357.6,2.4,2.93,0.797,0.141,10.41
9,2022,12,31,4,1.1,8.43,14.7,1358.6,2.2,2.78,0.691,0.136,10.42
9,2022,12,31,8,1.1,8.4,14.34,1361.1,2.5,2.87,0.702,0.133,10.5
9,2022,12,31,12,1.4,8.36,13.96,1353.7,2.5,2.83,0.716,0.135,10.46
9,2022,12,31,16,1.4,8.37,14.27,1354.9,2.2,2.87,0.719,0.134,10.57
9,2022,12,31,20,1.3,8.36,14.28,1356.0,2.5,3.0,0.714,0.137,10.46
9,2023,1,1,0,1.2,8.43,14.62,1339.4,2.5,3.0,0.714,0.137,10.46
9,2023,1,1,4,1.1,8.43,14.54,1334.5,2.7,2.9,0.779,0.144,10.28
9,2023,1,1,8,1.0,8.39,14.06,1338.1,2.9,3.08,0.86,0.146,10.3
9,2023,1,1,12,1.2,8.33,13.71,1337.8,2.8,2.85,0.937,0.157,10.29
9,2023,1,1,16,1.3,8.35,14.0,1332.8,3.0,3.0,0.909,0.15,10.28
9,2023,1,1,20,1.2,8.35,14.15,1333.7,3.2,2.97,0.928,0.157,10.25
9,2023,1,2,0,1.2,8.41,14.43,1327.9,2.7,2.97,0.928,0.157,10.25
9,2023,1,2,4,1.2,8.42,14.36,1323.5,2.7,2.83,0.778,0.146,10.12
9,2023,1,2,8,1.1,8.38,13.95,1327.4,2.6,2.98,0.782,0.145,10.09
9,2023,1,2,12,1.4,8.31,13.53,1323.4,2.9,3.09,0.823,0.153,10.08
9,2023,1,2,16,1.4,8.33,13.96,1323.6,2.9,2.92,0.805,0.15,10.02
9,2023,1,2,20,1.3,8.33,14.02,1327.0,3.6,3.02,0.799,0.152,9.94
9,2023,1,3,0,1.3,8.38,14.39,1320.2,3.8,3.02,0.799,0.152,9.94
9,2023,1,3,4,1.3,8.4,14.37,1318.5,4.0,2.96,0.706,0.148,9.8
9,2023,1,3,8,1.3,8.37,13.88,1321.3,3.9,2.96,0.706,0.148,9.8
9,2023,1,3,12,1.5,8.31,13.48,1324.0,3.9,2.99,0.782,0.143,9.79
9,2023,1,3,16,1.6,8.32,13.73,1317.1,3.2,2.8,0.76,0.146,9.79
9,2023,1,3,20,1.4,8.3,13.68,1324.6,2.9,2.99,0.776,0.149,9.78
9,2023,1,4,0,1.4,8.35,14.07,1320.3,2.8,2.99,0.776,0.149,9.78
9,2023,1,4,4,1.5,8.39,14.35,1314.5,2.5,2.82,0.72,0.144,9.63
9,2023,1,4,8,1.5,8.35,13.99,1314.3,2.5,3.06,0.759,0.145,9.68
9,2023,1,4,12,1.6,8.3,13.63,1315.5,2.2,3.01,0.784,0.147,9.72
9,2023,1,4,16,1.8,8.29,13.68,1307.2,1.9,3.0,0.783,0.143,9.63
9,2023,1,4,20,1.6,8.27,13.67,1308.1,1.9,3.02,0.778,0.143,9.75
9,2023,1,5,0,1.6,8.31,14.08,1303.7,2.1,3.02,0.778,0.143,9.75
9,2023,1,5,4,1.6,8.36,14.39,1296.7,2.0,2.9,0.748,0.145,9.56
9,2023,1,5,8,1.6,8.35,14.15,1300.8,1.4,3.03,0.818,0.15,9.56
9,2023,1,5,12,1.6,8.3,13.73,1306.4,1.5,2.96,0.896,0.152,9.64
9,2023,1,5,16,1.7,8.28,13.55,1303.4,1.8,2.98,0.889,0.153,9.6
9,2023,1,5,20,1.6,8.26,13.63,1308.8,1.7,3.03,0.875,0.15,9.58
9,2023,1,6,0,1.5,8.29,13.96,1311.2,2.0,2.96,0.808,0.153,9.63
9,2023,1,6,4,1.6,8.35,14.37,1308.6,1.5,2.93,0.763,0.146,9.57
9,2023,1,6,8,1.6,8.37,14.25,1309.5,1.5,3.03,0.744,0.148,9.63
9,2023,1,6,12,1.7,8.32,13.74,1310.8,1.7,2.99,0.791,0.145,9.68
9,2023,1,6,16,1.9,8.32,13.76,1304.0,1.8,3.01,0.786,0.142,9.57
9,2023,1,6,20,1.7,8.27,13.51,1311.2,2.2,3.21,0.84,0.153,9.68
9,2023,1,7,0,1.6,8.28,13.77,1313.1,1.9,3.21,0.84,0.153,9.68
9,2023,1,7,4,1.7,8.33,14.11,1308.2,1.6,3.04,0.894,0.154,9.65
9,2023,1,7,8,1.8,8.35,14.05,1310.9,1.2,3.12,0.939,0.157,9.67
9,2023,1,7,12,1.9,8.31,13.64,1315.1,1.1,3.18,1.007,0.152,9.73
9,2023,1,7,16,2.0,8.29,13.49,1315.1,1.2,2.97,1.002,0.149,9.73
9,2023,1,7,20,1.8,8.26,13.39,1324.0,1.5,3.0,0.987,0.15,9.76
9,2023,1,8,0,1.7,8.25,13.46,1327.6,1.4,2.93,0.919,0.149,9.66
9,2023,1,8,4,1.7,8.3,13.82,1329.2,1.9,3.03,0.851,0.142,9.71
9,2023,1,8,8,1.8,8.34,14.06,1329.9,1.5,3.11,0.785,0.144,9.61
9,2023,1,8,12,2.1,8.34,13.93,1325.8,0.8,3.09,0.743,0.136,9.62
9,2023,1,8,16,2.3,8.37,14.16,1316.5,1.2,3.01,0.722,0.131,9.59
9,2023,1,8,20,2.2,8.29,13.75,1317.2,0.6,2.98,0.737,0.137,9.53
9,2023,1,9,0,2.2,8.25,13.4,1316.3,0.9,3.31,0.741,0.14,9.51
9,2023,1,9,4,2.1,8.29,13.62,1313.5,1.6,3.35,0.695,0.136,9.48
9,2023,1,9,8,2.2,8.33,13.75,1310.2,0.8,3.47,0.659,0.139,9.48
9,2023,1,9,12,2.4,8.34,13.53,1302.3,0.9,3.24,0.655,0.133,9.33
9,2023,1,9,16,2.5,8.33,13.53,1299.9,0.9,3.1,0.679,0.133,9.28
9,2023,1,9,20,2.4,8.29,13.38,1303.3,0.8,3.05,0.727,0.133,9.29
9,2023,1,10,0,2.2,8.25,13.15,1304.3,1.2,3.04,0.738,0.143,9.28
9,2023,1,10,4,2.2,8.27,13.48,1306.2,1.3,3.16,0.715,0.141,9.24
9,2023,1,10,8,2.2,8.32,13.71,1308.1,0.8,3.25,0.684,0.141,9.32
9,2023,1,10,12,2.6,8.34,13.77,1304.7,0.7,3.04,0.679,0.135,9.37
9,2023,1,10,16,2.7,8.34,13.86,1302.1,0.4,3.04,0.679,0.135,9.37
9,2023,1,10,20,2.6,8.3,13.65,1302.0,0.8,3.08,0.695,0.135,9.41
9,2023,1,11,0,2.5,8.27,13.41,1301.9,1.1,3.01,0.731,0.14,9.39
9,2023,1,11,4,2.5,8.31,13.72,1300.1,0.9,3.04,0.685,0.14,9.3
9,2023,1,11,8,2.6,8.35,13.8,1299.9,0.8,3.03,0.685,0.142,9.17
9,2023,1,11,12,2.8,8.35,13.63,1294.2,1.0,3.32,0.649,0.136,9.49
9,2023,1,11,16,2.9,8.33,13.41,1292.7,0.5,3.08,0.67,0.14,9.15
9,2023,1,11,20,2.8,8.27,12.96,1294.0,1.1,3.24,0.757,0.141,9.15
9,2023,1,12,0,2.7,8.25,12.79,1295.0,1.1,3.05,0.757,0.141,9.15
9,2023,1,12,4,2.7,8.27,12.95,1292.9,1.6,3.05,0.745,0.152,9.07
9,2023,1,12,8,2.7,8.31,13.02,1291.4,1.2,3.16,0.733,0.147,9.06
9,2023,1,12,12,2.8,8.3,12.78,1283.2,1.1,3.19,0.73,0.151,9.06
9,2023,1,12,16,2.7,8.24,12.36,1291.0,0.7,3.14,0.772,0.149,9.12
9,2023,1,12,20,2.6,8.19,12.32,1291.0,1.3,3.0,0.848,0.157,9.18
9,2023,1,13,0,2.6,8.16,11.7,1290.3,1.1,3.0,0.848,0.157,9.18
9,2023,1,13,4,2.5,8.17,11.81,1285.4,1.7,3.0,0.883,0.158,9.18
9,2023,1,13,8,2.6,8.21,12.26,1282.6,1.6,3.16,0.896,0.162,9.15
9,2023,1,13,12,2.7,8.24,12.02,1279.8,1.4,3.26,0.911,0.159,9.13
9,2023,1,13,16,2.8,8.23,11.9,1282.8,1.5,3.18,0.918,0.157,9.11
9,2023,1,13,20,2.6,8.19,11.59,1286.2,1.6,3.26,0.938,0.157,9.11
9,2023,1,14,0,2.6,8.13,10.69,1291.6,1.0,3.25,0.938,0.157,9.14
9,2023,1,14,4,2.6,8.12,10.57,1293.6,1.2,3.25,0.933,0.162,9.06
9,2023,1,14,8,2.5,8.13,10.97,1294.8,1.4,3.02,0.898,0.163,9.06
9,2023,1,14,12,2.8,8.17,10.82,1290.2,1.4,3.39,0.879,0.156,8.97
9,2023,1,14,16,3.0,8.21,11.26,1286.1,1.2,3.14,0.855,0.156,8.98
9,2023,1,14,20,3.0,8.17,10.85,1284.6,1.2,3.21,0.89,0.154,9.04
9,2023,1,15,0,3.0,8.13,10.44,1287.5,1.4,3.21,0.89,0.154,9.04
9,2023,1,15,4,3.0,8.09,10.07,1289.9,1.5,3.21,0.95,0.161,9.06
9,2023,1,15,8,2.8,8.1,10.13,1298.4,1.5,3.1,0.967,0.161,9.12
9,2023,1,15,12,3.1,8.11,10.73,1292.8,1.4,3.42,0.958,0.155,9.12
9,2023,1,15,16,3.2,8.16,10.64,1286.6,1.1,3.12,0.95,0.157,9.15
9,2023,1,15,20,3.0,8.18,11.0,1291.3,1.1,3.18,0.964,0.153,9.15
9,2023,1,16,0,2.7,8.15,10.68,1297.9,1.1,3.23,0.964,0.153,9.13
9,2023,1,16,4,2.5,8.13,10.73,1301.5,1.5,3.23,1.019,0.168,9.07
9,2023,1,16,12,2.6,8.15,10.93,1307.0,1.9,3.48,0.995,0.168,9.18
9,2023,1,16,16,2.6,8.21,11.77,1308.1,2.6,3.27,0.98,0.165,9.11
9,2023,1,16,20,2.4,8.23,12.07,1316.4,3.1,3.27,0.986,0.157,9.11
9,2023,1,17,0,2.3,8.22,11.93,1322.9,3.1,3.39,0.986,0.157,9.2
9,2023,1,17,4,2.0,8.19,11.9,1331.6,3.3,3.39,1.104,0.181,9.33
9,2023,1,17,8,1.9,8.19,11.96,1339.0,3.8,3.42,1.088,0.178,9.33
9,2023,1,17,12,2.0,8.22,12.35,1344.2,3.9,3.66,1.059,0.172,9.28
9,2023,1,17,16,2.1,8.29,13.2,1344.9,3.5,3.35,1.023,0.17,9.3
9,2023,1,17,20,2.0,8.31,13.53,1348.5,3.0,3.45,0.979,0.162,9.33
9,2023,1,18,0,1.9,8.28,13.24,1350.1,2.8,3.45,0.979,0.162,9.33
9,2023,1,18,4,1.8,8.24,13.07,1352.1,2.5,3.45,0.938,0.172,9.33
9,2023,1,18,8,1.7,8.23,13.16,1357.1,2.4,3.37,0.881,0.172,9.31
9,2023,1,18,12,2.0,8.2,13.26,1327.7,2.4,3.62,0.892,0.164,9.25
9,2023,1,18,16,2.3,8.31,14.14,1349.5,2.3,3.47,0.861,0.157,9.3
9,2023,1,18,20,2.2,8.34,14.32,1348.2,2.0,3.41,0.901,0.16,9.38
9,2023,1,19,0,2.0,8.3,13.88,1348.9,2.2,3.41,0.901,0.16,9.38
9,2023,1,19,4,1.8,8.24,13.44,1348.0,2.4,3.41,1.067,0.197,9.38
9,2023,1,19,8,1.7,8.21,13.35,1353.8,2.6,3.46,1.112,0.202,9.81
9,2023,1,28,8,1.2,8.45,15.87,1404.9,1.6,3.47,0.615,0.13,9.43
9,2023,1,28,12,1.5,8.41,15.56,1394.9,1.6,3.72,0.676,0.13,9.56
9,2023,1,28,16,1.6,8.43,15.81,1381.9,1.7,3.43,0.675,0.129,9.52
9,2023,1,28,20,1.5,8.45,16.18,1376.5,1.4,3.39,0.654,0.133,9.48
9,2023,1,29,0,1.4,8.46,16.19,1374.4,1.5,3.42,0.654,0.133,9.45
9,2023,1,29,4,1.3,8.47,16.2,1369.5,1.5,3.2,0.604,0.129,9.49
9,2023,1,29,8,1.3,8.45,16.0,1366.9,1.7,3.49,0.639,0.13,9.54
9,2023,1,29,12,1.7,8.41,15.52,1316.2,0.9,3.19,0.689,0.133,9.53
9,2023,1,29,16,1.7,8.4,16.07,1347.6,0.9,3.08,0.68,0.125,9.47
9,2023,1,29,20,1.4,8.43,16.57,1347.9,0.5,3.13,0.673,0.125,9.49
9,2023,1,30,4,1.1,8.46,16.49,1330.4,1.2,3.2,0.649,0.129,9.54
9,2023,1,30,8,1.0,8.43,16.2,1336.2,1.5,3.11,0.673,0.13,9.73
9,2023,1,30,12,1.2,8.46,16.44,1333.1,1.7,3.47,0.661,0.129,9.65
9,2023,1,30,16,1.3,8.52,16.71,1327.8,1.9,3.24,0.64,0.13,9.67
9,2023,1,30,20,1.1,8.5,16.21,1328.5,0.7,2.97,0.669,0.129,9.46
9,2023,1,31,0,1.0,8.45,15.55,1318.1,1.9,2.97,0.669,0.129,9.46
9,2023,1,31,4,0.9,8.47,15.51,1318.8,0.9,2.77,0.653,0.133,9.87
9,2023,1,31,8,0.8,8.47,15.43,1316.9,1.6,3.02,0.633,0.129,10.03
9,2023,1,31,12,1.1,8.47,15.3,1313.3,1.6,3.12,0.648,0.133,10.19
9,2023,1,31,16,1.3,8.47,15.26,1305.7,1.4,3.12,0.632,0.125,10.29
9,2023,1,31,20,1.0,8.53,15.0,1286.0,1.2,2.71,0.519,0.111,10.13
9,2023,2,1,0,1.0,8.54,15.15,1284.0,1.2,2.71,0.519,0.111,10.13
9,2023,2,1,4,0.9,8.51,14.77,1290.4,1.5,2.78,0.463,0.106,10.19
9,2023,2,1,8,0.8,8.45,14.1,1289.4,2.7,2.93,0.493,0.106,10.24
9,2023,2,1,12,1.1,8.44,14.04,1286.8,2.7,3.01,0.535,0.113,10.29
9,2023,2,1,16,1.2,8.45,14.3,1285.7,2.2,2.97,0.519,0.106,10.21
9,2023,2,1,20,1.0,8.47,14.4,1279.2,1.7,2.97,0.505,0.109,10.2
9,2023,2,2,0,1.0,8.49,14.14,1262.6,1.9,2.81,0.505,0.109,10.2
9,2023,2,2,4,0.9,8.47,13.9,1267.8,2.4,2.83,0.504,0.109,10.25
9,2023,2,2,8,0.9,8.45,13.76,1281.0,3.1,3.0,0.56,0.113,10.5
9,2023,2,2,12,1.0,8.45,13.65,1280.7,2.7,3.19,0.611,0.11,10.49
9,2023,2,2,16,1.1,8.48,13.94,1279.8,2.9,3.14,0.616,0.113,10.54
9,2023,2,2,20,1.0,8.46,13.77,1279.6,1.9,3.13,0.579,0.113,10.47
9,2023,2,3,0,0.9,8.48,13.81,1276.6,2.2,3.13,0.579,0.113,10.47
9,2023,2,3,4,0.9,8.48,13.51,1281.3,2.3,2.9,0.534,0.113,10.39
9,2023,2,3,8,0.9,8.44,13.1,1289.2,3.1,3.19,0.532,0.118,10.55
9,2023,2,3,12,1.2,8.44,13.03,1277.4,3.4,3.3,0.563,0.114,10.59
9,2023,2,3,16,1.4,8.42,13.03,1272.3,2.8,2.87,0.568,0.106,10.53
9,2023,2,3,20,1.2,8.44,13.13,1268.2,2.6,2.95,0.553,0.106,10.61
9,2023,2,4,0,1.0,8.47,13.42,1265.0,2.6,2.95,0.553,0.106,10.61
9,2023,2,4,4,0.9,8.46,13.27,1273.4,3.0,2.98,0.505,0.115,10.43
9,2023,2,4,8,0.9,8.44,13.13,1284.8,3.3,3.14,0.494,0.113,10.53
9,2023,2,4,12,1.2,8.48,13.48,1281.6,4.1,3.15,0.489,0.109,10.57
9,2023,2,4,16,1.5,8.48,13.37,1269.6,2.8,3.12,0.498,0.101,10.56
9,2023,2,4,20,1.2,8.49,13.53,1263.8,3.1,2.97,0.489,0.109,10.42
9,2023,2,5,0,1.1,8.51,13.72,1260.1,2.9,2.97,0.489,0.109,10.42
9,2023,2,5,4,1.0,8.5,13.44,1263.1,3.1,3.2,0.466,0.113,10.41
9,2023,2,5,8,1.0,8.47,13.19,1268.4,2.9,3.2,0.468,0.114,10.41
9,2023,2,5,12,1.2,8.47,13.3,1267.5,3.2,3.15,0.477,0.105,10.42
9,2023,2,5,16,1.4,8.51,13.54,1261.3,3.3,3.08,0.477,0.105,10.43
9,2023,2,5,20,1.2,8.52,13.78,1255.6,2.6,3.04,0.461,0.105,10.4
9,2023,2,5,20,1.2,8.52,13.78,1255.6,2.6,3.04,0.461,0.105,10.4
9,2023,2,5,20,1.2,8.52,13.78,1255.6,2.6,3.04,0.461,0.105,10.4
9,2023,2,6,12,1.3,8.24,13.56,1252.9,2.5,3.21,0.48,0.119,10.44
9,2023,2,6,16,1.5,8.32,13.78,1250.4,2.5,3.13,0.493,0.117,10.41
9,2023,2,6,20,1.4,8.31,13.98,1244.8,2.1,3.19,0.497,0.117,10.4
9,2023,2,7,0,1.3,8.32,14.04,1244.3,2.1,3.19,0.497,0.117,10.4
9,2023,2,7,4,1.4,8.3,13.84,1248.8,2.1,3.22,0.509,0.117,10.32
9,2023,2,7,8,1.3,8.28,13.45,1256.0,2.1,3.38,0.513,0.125,10.33
9,2023,2,7,12,1.6,8.32,13.8,1256.3,2.2,3.18,0.514,0.113,10.36
9,2023,2,7,16,1.9,8.34,13.97,1247.0,2.3,3.18,0.514,0.111,10.33
9,2023,2,7,20,1.8,8.29,13.62,1246.2,2.9,3.18,0.531,0.111,10.33
9,2023,2,8,0,1.7,8.29,13.69,1244.2,2.6,3.18,0.531,0.111,10.33
9,2023,2,8,4,1.7,8.29,13.85,1246.0,2.3,3.52,0.517,0.117,10.28
9,2023,2,8,8,1.8,8.27,13.58,1253.9,2.1,3.38,0.526,0.118,10.3
9,2023,2,8,12,1.9,8.32,14.07,1253.0,1.8,3.3,0.507,0.114,10.32
9,2023,2,8,16,2.4,8.37,14.45,1243.5,2.0,3.35,0.514,0.111,10.43
9,2023,2,8,20,2.4,8.28,13.71,1242.5,2.7,3.61,0.539,0.123,10.37
9,2023,2,9,0,2.2,8.28,13.84,1240.3,2.1,3.61,0.539,0.123,10.37
9,2023,2,9,4,2.2,8.28,13.77,1243.6,2.4,3.33,0.521,0.122,10.31
9,2023,2,9,12,2.5,8.28,13.55,1241.2,2.1,3.43,0.535,0.129,10.2
9,2023,2,9,16,2.6,8.25,13.17,1241.8,2.2,3.39,0.557,0.128,10.19
9,2023,2,9,20,2.6,8.21,12.94,1239.6,2.0,3.42,0.565,0.128,10.15
9,2023,2,10,0,2.4,8.21,12.97,1237.4,2.3,3.42,0.565,0.128,10.15
9,2023,2,10,4,2.4,8.22,12.9,1238.9,2.6,3.28,0.528,0.13,9.95
9,2023,2,10,8,2.5,8.22,12.81,1240.6,2.9,3.3,0.516,0.135,9.86
9,2023,2,10,12,2.8,8.22,12.68,1240.4,2.7,3.38,0.515,0.138,9.93
9,2023,2,10,16,2.8,8.2,12.51,1238.5,2.6,3.54,0.528,0.138,9.85
9,2023,2,10,20,2.8,8.14,11.9,1243.2,3.4,3.32,0.563,0.135,9.82
9,2023,2,11,0,2.7,8.12,11.74,1241.9,3.1,3.32,0.563,0.135,9.82
9,2023,2,11,4,2.7,8.16,11.87,1244.0,3.5,3.53,0.566,0.138,9.76
9,2023,2,11,8,2.7,8.2,11.97,1244.4,3.4,3.42,0.576,0.141,9.78
9,2023,2,11,12,2.9,8.18,12.08,1245.5,3.0,3.79,0.606,0.155,9.85
9,2023,2,11,16,3.1,8.2,11.96,1244.3,3.0,3.55,0.638,0.15,9.74
9,2023,2,11,20,3.0,8.14,11.35,1246.8,3.0,3.62,0.697,0.154,9.73
9,2023,2,12,0,3.0,8.1,11.04,1247.6,3.1,3.62,0.697,0.154,9.73
9,2023,2,12,4,2.9,8.08,10.83,1248.7,3.0,3.53,0.772,0.162,9.72
9,2023,2,12,8,3.0,8.07,10.64,1250.7,3.2,3.67,0.835,0.166,10.0
9,2023,2,12,12,3.1,8.08,10.62,1248.1,4.1,3.72,0.902,0.165,9.74
9,2023,2,12,16,3.1,8.09,10.73,1243.6,5.1,3.79,0.935,0.166,9.75
9,2023,2,12,20,3.1,8.06,10.47,1244.1,5.2,3.78,0.989,0.161,9.74
9,2023,2,13,0,3.1,8.04,10.32,1242.5,4.6,3.78,0.989,0.161,9.74
9,2023,2,13,4,3.2,8.04,10.37,1242.0,4.8,3.79,0.967,0.162,9.63
9,2023,2,13,8,3.3,8.04,10.3,1246.5,4.8,3.79,0.961,0.162,9.68
9,2023,2,13,12,3.7,8.09,10.67,1236.5,5.2,3.58,0.922,0.151,9.41
9,2023,2,13,20,3.7,8.06,10.44,1230.9,6.3,3.6,0.918,0.15,9.69
9,2023,2,14,0,3.7,7.99,9.89,1237.6,6.2,3.6,0.918,0.15,9.69
9,2023,2,14,4,3.7,7.96,9.82,1236.8,5.9,3.55,0.898,0.161,9.58
9,2023,2,14,8,3.6,7.95,9.68,1239.1,5.4,3.65,0.875,0.162,9.57
9,2023,2,14,12,4.0,7.97,10.14,1241.2,5.0,3.35,0.839,0.151,9.57
9,2023,2,14,16,4.0,8.01,10.44,1241.1,5.4,3.54,0.802,0.158,9.62
9,2023,2,14,20,3.9,7.99,10.34,1244.5,6.2,3.51,0.802,0.154,9.56
9,2023,2,15,0,3.9,7.97,10.19,1246.4,6.5,3.51,0.802,0.154,9.56
9,2023,2,15,4,3.8,7.92,9.82,1250.4,6.4,3.37,0.824,0.165,9.63
9,2023,2,15,8,3.8,7.91,9.69,1253.4,6.4,3.36,0.842,0.166,9.57
9,2023,2,15,12,4.1,7.94,10.03,1252.3,5.8,3.2,0.844,0.165,9.45
9,2023,2,15,16,4.1,8.02,10.71,1248.3,6.0,3.25,0.813,0.165,9.49
9,2023,2,15,20,3.9,8.03,10.69,1252.5,6.9,3.06,0.804,0.16,9.5
9,2023,2,16,0,3.9,8.01,10.5,1253.5,7.4,3.06,0.804,0.16,9.5
9,2023,2,16,4,3.9,7.96,10.28,1250.9,7.7,3.11,0.851,0.166,9.82
9,2023,2,16,8,3.8,7.95,10.27,1253.0,7.3,3.14,0.853,0.173,9.65
9,2023,2,16,12,4.1,7.96,10.45,1251.2,6.4,3.33,0.832,0.166,9.57
9,2023,2,16,16,4.4,8.05,11.49,1251.3,6.0,3.05,0.824,0.17,9.62
9,2023,2,16,20,4.2,8.09,11.78,1255.3,5.8,3.13,0.855,0.18,9.7
9,2023,2,17,0,4.1,8.07,11.46,1260.5,6.7,3.13,0.855,0.18,9.7
9,2023,2,17,4,4.0,8.03,10.95,1257.2,7.0,3.14,0.957,0.18,9.74
9,2023,2,17,8,4.0,7.99,10.73,1264.0,6.5,3.07,0.964,0.185,9.65
9,2023,2,17,12,4.2,7.94,10.94,1263.9,6.3,3.35,0.965,0.188,9.82
9,2023,2,17,16,4.4,8.01,11.61,1266.7,5.5,3.29,0.96,0.186,9.64
9,2023,2,17,20,4.2,8.04,11.68,1265.1,6.0,3.3,1.0,0.187,9.83
9,2023,2,18,0,4.1,8.04,11.49,1267.3,6.1,3.3,1.0,0.187,9.83
9,2023,2,18,4,4.0,8.01,11.17,1268.5,6.4,3.34,1.139,0.19,9.87
9,2023,2,18,8,4.0,7.97,10.87,1268.2,6.8,3.31,1.151,0.187,9.37
9,2023,2,18,12,4.1,7.98,10.96,1267.1,6.1,3.35,1.15,0.19,9.9
9,2023,2,18,16,4.1,8.03,11.42,1271.4,5.1,3.3,1.132,0.194,10.06
9,2023,2,18,20,4.2,8.1,11.83,1272.3,4.4,3.35,1.166,0.193,10.03
9,2023,2,19,0,4.0,8.08,11.5,1276.8,4.6,3.35,1.166,0.193,10.03
9,2023,2,19,4,4.1,8.06,11.07,1279.8,4.9,3.31,1.298,0.199,10.13
9,2023,2,19,8,4.1,8.0,10.6,1280.1,4.9,3.52,1.35,0.207,10.15
9,2023,2,19,12,4.5,7.97,10.58,1272.6,4.5,3.35,1.289,0.199,10.02
9,2023,2,19,16,4.4,8.04,11.43,1269.8,4.8,3.34,1.186,0.194,9.76
9,2023,2,19,20,4.3,8.12,12.06,1270.6,4.2,3.35,1.068,0.185,9.68
9,2023,2,20,0,4.2,8.15,12.07,1278.8,4.1,3.35,1.068,0.185,9.68
9,2023,2,20,4,4.1,8.13,11.59,1284.9,4.4,3.33,0.926,0.173,9.97
9,2023,2,20,8,4.1,8.07,11.08,1282.3,4.7,3.15,0.907,0.17,9.82
9,2023,2,20,12,4.6,8.05,11.09,1274.8,5.4,3.15,0.873,0.177,9.82
9,2023,2,20,16,4.8,8.09,11.83,1266.9,5.2,3.62,0.83,0.169,9.72
9,2023,2,20,20,4.6,8.13,12.26,1275.6,4.6,3.48,0.779,0.166,9.65
9,2023,2,21,0,4.5,8.16,12.12,1285.2,4.2,3.57,0.779,0.166,9.63
9,2023,2,21,4,4.4,8.17,11.86,1294.4,4.1,3.4,0.826,0.169,9.65
9,2023,2,21,8,4.6,8.11,11.33,1296.3,4.6,3.57,0.933,0.179,9.75
9,2023,2,21,12,4.9,8.08,11.14,1278.5,4.8,3.8,0.996,0.179,9.65
9,2023,2,21,16,4.8,8.1,11.56,1277.1,5.6,3.8,1.001,0.179,9.59
9,2023,2,21,20,4.9,8.12,11.78,1286.4,5.7,3.54,0.945,0.171,9.27
9,2023,2,22,0,4.7,8.12,11.44,1290.8,6.6,3.54,0.945,0.171,9.27
9,2023,2,22,4,4.5,8.11,11.25,1292.6,5.7,3.74,0.887,0.166,9.64
9,2023,2,22,8,4.5,8.1,11.21,1289.2,4.8,3.64,0.901,0.168,9.62
9,2023,2,22,12,4.8,8.1,11.51,1280.0,4.4,3.57,0.889,0.167,9.67
9,2023,2,22,16,5.2,8.17,12.57,1269.5,4.3,3.6,0.876,0.171,9.51
9,2023,2,22,20,4.8,8.26,13.15,1276.6,4.5,3.7,0.856,0.174,9.63
9,2023,2,23,0,5.0,8.26,13.01,1280.5,4.8,3.7,0.856,0.174,9.63
9,2023,2,23,4,5.0,8.22,12.53,1279.7,5.0,3.52,0.832,0.178,8.93
9,2023,2,23,8,4.9,8.17,12.06,1272.8,4.7,3.77,0.847,0.175,9.66
9,2023,2,23,12,5.3,8.15,12.0,1263.3,4.2,3.57,0.875,0.176,9.35
9,2023,2,23,16,5.6,8.21,13.12,1259.5,4.5,3.76,0.942,0.182,9.47
9,2023,2,23,20,5.3,8.26,13.51,1262.6,4.6,3.75,1.095,0.191,8.79
9,2023,2,24,0,5.4,8.22,12.99,1276.9,5.2,3.75,1.095,0.191,8.79
9,2023,2,24,4,5.2,8.15,12.07,1284.8,5.3,4.02,1.267,0.198,9.62
9,2023,2,24,8,5.0,8.11,11.77,1287.0,5.3,3.75,1.267,0.195,9.73
9,2023,2,24,12,5.4,8.18,12.56,1275.5,5.4,3.86,1.12,0.184,9.48
9,2023,2,24,16,5.7,8.31,13.73,1254.5,5.2,3.78,1.046,0.179,9.53
9,2023,2,24,20,5.5,8.32,13.95,1251.6,5.0,3.78,1.055,0.181,9.44
9,2023,2,25,0,5.4,8.25,12.96,1256.2,5.1,3.79,1.055,0.181,9.44
9,2023,2,25,4,5.3,8.19,12.36,1253.0,6.0,3.79,1.085,0.181,9.55
9,2023,2,25,8,5.5,8.21,12.35,1261.2,5.1,3.78,1.015,0.175,9.79
9,2023,2,25,12,6.1,8.28,12.89,1225.1,5.4,3.71,0.938,0.181,9.39
9,2023,2,25,16,6.2,8.32,13.67,1258.7,5.0,3.67,0.848,0.157,9.27
9,2023,2,25,20,6.0,8.25,12.81,1269.0,6.1,3.62,0.79,0.16,9.34
9,2023,2,26,0,6.0,8.21,12.53,1265.1,7.4,3.62,0.79,0.16,9.34
9,2023,2,26,4,6.2,8.21,12.56,1258.9,10.6,3.74,0.664,0.15,9.07
9,2023,2,26,8,6.3,8.26,12.95,1266.2,8.3,3.81,0.623,0.15,8.95
9,2023,2,26,12,7.4,8.31,13.55,1258.5,6.3,3.81,0.582,0.15,8.99
9,2023,2,26,16,7.8,8.34,14.07,1247.3,5.6,3.68,0.555,0.144,9.01
9,2023,2,26,20,7.1,8.29,13.59,1247.9,8.5,3.77,0.563,0.145,9.05
9,2023,2,27,0,7.3,8.22,12.93,1260.6,9.6,3.77,0.563,0.145,9.05
9,2023,2,27,4,7.5,8.31,13.62,1264.3,8.5,3.67,0.634,0.145,9.05
9,2023,2,27,8,7.2,8.29,13.26,1270.9,7.5,3.81,0.623,0.147,9.03
9,2023,2,27,12,7.7,8.3,13.48,1274.0,6.8,3.71,0.609,0.149,9.01
9,2023,2,27,20,8.2,8.37,14.63,1260.2,6.3,3.69,0.564,0.142,8.95
9,2023,2,28,0,7.8,8.24,13.06,1262.3,7.9,3.69,0.564,0.142,8.95
9,2023,2,28,4,8.0,8.33,14.15,1260.7,6.6,3.7,0.558,0.145,8.77
9,2023,2,28,12,7.7,8.31,13.7,1266.8,7.0,3.9,0.533,0.143,8.77
9,2023,2,28,16,8.5,8.36,14.44,1260.8,9.5,4.0,0.533,0.142,8.65
9,2023,2,28,20,8.3,8.31,13.85,1261.2,7.1,4.0,0.55,0.149,8.29
9,2023,3,1,0,8.2,8.26,13.22,1261.0,7.0,4.19,0.55,0.149,8.29
9,2023,3,1,4,8.0,8.23,12.91,1264.6,5.8,3.98,0.554,0.146,8.56
9,2023,3,1,8,7.9,8.28,13.31,1264.5,5.1,3.93,0.549,0.149,8.6
9,2023,3,1,16,8.7,8.35,13.58,1260.1,25.5,4.31,0.526,0.163,9.03
9,2023,3,1,20,8.6,8.29,12.84,1260.7,17.4,4.16,0.546,0.155,8.91
9,2023,3,2,0,8.2,8.23,12.09,1262.8,14.6,4.16,0.546,0.155,8.91
9,2023,3,2,4,7.9,8.18,11.58,1262.7,9.9,4.16,0.62,0.154,8.77
9,2023,3,2,8,7.8,8.25,12.36,1262.0,8.1,3.99,0.664,0.16,8.7
9,2023,3,2,12,9.3,8.34,13.4,1258.1,9.9,3.79,0.645,0.16,8.81
9,2023,3,2,16,9.9,8.36,13.56,1252.5,11.6,4.17,0.618,0.16,8.92
9,2023,3,2,20,9.4,8.26,12.45,1251.9,12.0,3.97,0.594,0.15,9.23
9,2023,3,3,0,9.2,8.19,12.05,1254.0,9.9,3.97,0.594,0.15,9.23
9,2023,3,3,4,8.7,8.24,12.15,1260.2,8.9,4.16,0.552,0.149,9.05
9,2023,3,3,8,8.3,8.23,11.72,1262.6,9.1,3.97,0.534,0.141,9.03
9,2023,3,3,12,9.4,8.22,11.71,1256.4,10.1,3.97,0.528,0.135,8.94
9,2023,3,3,16,10.6,8.2,11.95,1243.2,12.6,4.2,0.59,0.138,8.82
9,2023,3,3,20,9.9,8.26,12.25,1247.7,11.6,4.0,0.637,0.142,8.8
9,2023,3,4,0,9.2,8.25,11.82,1253.7,10.2,4.0,0.637,0.142,8.8
9,2023,3,4,4,8.9,8.2,11.28,1255.0,10.9,3.96,0.679,0.143,8.92
9,2023,3,4,8,8.6,8.17,10.96,1258.5,9.1,4.38,0.673,0.142,8.9
9,2023,3,4,12,9.7,8.26,12.52,1251.5,6.8,4.16,0.607,0.132,8.91
9,2023,3,4,16,11.0,8.33,13.6,1238.3,5.2,4.15,0.543,0.133,8.79
9,2023,3,4,20,10.1,8.33,13.46,1243.3,6.3,4.18,0.494,0.138,8.86
9,2023,3,5,0,9.8,8.29,12.82,1243.8,7.2,4.18,0.494,0.138,8.86
9,2023,3,5,4,9.6,8.23,12.11,1243.5,8.0,4.15,0.445,0.122,8.79
9,2023,3,5,8,9.4,8.17,11.57,1243.7,7.1,4.01,0.454,0.124,8.67
9,2023,3,5,12,9.7,8.28,13.04,1244.0,6.5,4.19,0.486,0.134,8.65
9,2023,3,5,16,10.8,8.41,14.2,1228.8,7.0,4.01,0.49,0.133,8.49
9,2023,3,5,20,10.6,8.38,13.65,1235.0,6.4,4.21,0.511,0.133,8.67
9,2023,3,6,0,10.3,8.27,12.48,1240.8,8.8,4.21,0.511,0.133,8.67
9,2023,3,6,4,9.9,8.2,11.65,1239.3,11.1,4.18,0.58,0.133,8.78
9,2023,3,6,8,9.5,8.23,12.12,1239.3,8.0,4.44,0.523,0.132,8.61
9,2023,3,6,12,10.6,8.56,16.21,1228.9,6.4,4.47,0.375,0.118,8.46
9,2023,3,6,16,12.3,8.66,17.79,1213.3,8.9,4.66,0.334,0.124,8.28
9,2023,3,6,20,11.4,8.58,16.65,1223.0,6.9,4.62,0.377,0.122,8.36
9,2023,3,7,0,10.8,8.44,14.64,1231.7,7.8,4.62,0.377,0.122,8.36
9,2023,3,7,4,10.4,8.36,13.65,1236.6,9.2,4.46,0.483,0.128,8.22
9,2023,3,7,8,10.3,8.37,13.79,1240.2,9.2,4.62,0.487,0.12,8.12
9,2023,3,7,12,11.6,8.56,16.46,1234.8,6.3,4.67,0.463,0.124,8.19
9,2023,3,7,20,12.6,8.64,17.51,1227.8,8.2,4.83,0.403,0.121,8.09
9,2023,3,8,0,11.9,8.48,15.6,1241.6,8.4,4.83,0.403,0.121,8.09
9,2023,3,8,4,11.7,8.47,15.38,1241.7,6.4,4.68,0.41,0.119,8.08
9,2023,3,8,8,11.5,8.44,14.95,1240.5,6.6,4.41,0.385,0.121,8.14
9,2023,3,8,12,12.6,8.63,17.7,1227.3,7.2,4.67,0.347,0.128,8.13
9,2023,3,8,16,13.8,8.75,19.29,1217.1,5.8,4.68,0.321,0.122,7.9
9,2023,3,8,20,12.6,8.62,17.17,1226.1,6.1,4.66,0.319,0.119,8.13
9,2023,3,9,0,12.4,8.45,14.68,1233.2,7.3,4.66,0.319,0.119,8.13
9,2023,3,9,4,12.3,8.24,12.35,1240.1,10.3,4.44,0.423,0.119,8.26
9,2023,3,9,8,11.8,8.17,11.77,1244.9,9.3,4.17,0.464,0.122,8.52
9,2023,3,9,12,12.8,8.4,14.43,1235.0,6.4,4.24,0.446,0.118,8.2
9,2023,3,9,16,14.2,8.45,14.88,1222.3,7.4,4.19,0.441,0.117,8.1
9,2023,3,9,20,13.7,8.2,11.96,1242.8,6.0,4.23,0.56,0.116,8.33
9,2023,3,10,0,12.8,8.19,11.73,1244.4,7.4,4.23,0.56,0.116,8.33
9,2023,3,10,4,12.6,8.12,11.03,1254.2,8.4,4.19,0.512,0.121,8.29
9,2023,3,10,8,12.3,8.13,11.04,1260.3,8.4,4.18,0.489,0.115,8.31
9,2023,3,10,12,14.0,8.28,12.33,1253.6,7.2,4.04,0.375,0.117,8.09
9,2023,3,10,16,14.6,8.32,12.83,1246.7,8.1,4.44,0.378,0.118,8.12
9,2023,3,10,20,13.8,8.24,12.07,1249.7,8.2,4.43,0.378,0.114,8.0
9,2023,3,11,0,13.4,8.17,11.28,1248.3,8.3,4.43,0.378,0.114,8.0
9,2023,3,11,4,13.2,8.14,11.07,1241.2,8.4,4.45,0.387,0.114,8.11
9,2023,3,11,8,13.0,8.14,11.07,1234.2,9.9,4.43,0.376,0.116,8.05
9,2023,3,11,12,13.5,8.26,12.26,1220.9,6.0,4.41,0.36,0.121,7.71
9,2023,3,11,16,13.6,8.27,12.4,1213.9,8.2,4.38,0.372,0.122,7.71
9,2023,3,11,20,13.4,8.22,11.7,1216.9,8.9,4.5,0.382,0.122,7.77
9,2023,3,12,0,13.0,8.18,11.13,1222.5,11.3,4.5,0.382,0.122,7.77
9,2023,3,12,4,12.2,8.18,11.02,1228.3,11.7,4.43,0.371,0.125,7.87
9,2023,3,12,8,11.5,8.21,11.1,1233.5,16.3,4.56,0.341,0.129,7.69
9,2023,3,12,12,11.7,8.37,12.47,1238.5,12.1,4.83,0.327,0.134,7.78
9,2023,3,12,16,12.5,8.47,13.76,1243.4,13.2,5.34,0.364,0.136,7.76
9,2023,3,12,20,12.0,8.38,12.73,1251.7,13.5,5.11,0.388,0.134,7.77
9,2023,3,13,0,11.5,8.28,11.5,1258.4,15.5,5.11,0.388,0.134,7.77
9,2023,3,13,4,11.0,8.27,11.23,1258.3,12.6,4.89,0.364,0.13,7.77
9,2023,3,13,8,10.9,8.32,11.89,1255.7,12.6,5.05,0.3,0.123,7.73
9,2023,3,13,12,11.7,8.42,13.43,1249.9,9.8,4.84,0.27,0.118,7.66
9,2023,3,13,16,12.0,8.44,14.31,1236.7,11.0,5.0,0.326,0.116,7.62
9,2023,3,13,20,11.3,8.38,13.44,1235.1,10.0,4.9,0.393,0.115,7.68
9,2023,3,14,0,11.2,8.39,13.63,1229.3,8.2,4.9,0.393,0.115,7.68
9,2023,3,14,4,11.1,8.37,13.12,1227.7,8.8,4.88,0.387,0.116,7.67
9,2023,3,14,8,11.0,8.33,12.3,1230.0,9.9,5.03,0.351,0.113,7.65
9,2023,3,14,12,12.8,8.32,12.36,1248.1,12.4,5.03,0.351,0.113,7.65
9,2023,3,14,16,12.6,8.43,13.5,1251.2,16.8,5.12,0.24,0.115,7.82
9,2023,3,14,20,12.0,8.39,12.5,1263.2,31.9,5.15,0.211,0.128,8.12
9,2023,3,15,0,11.4,8.38,12.09,1272.0,20.4,5.15,0.211,0.128,8.12
9,2023,3,15,4,10.8,8.33,11.67,1280.4,15.7,4.91,0.179,0.11,7.69
9,2023,3,15,4,10.8,8.33,11.67,1280.4,15.7,4.91,0.179,0.11,7.69
9,2023,3,15,12,10.8,8.43,12.41,1291.7,18.3,5.12,0.257,0.111,7.76
9,2023,3,15,16,11.4,8.52,13.53,1270.5,21.7,4.85,0.271,0.118,7.68
9,2023,3,15,20,11.0,8.53,13.53,1257.3,19.2,4.89,0.256,0.112,7.61
9,2023,3,16,0,10.6,8.45,12.84,1246.1,15.0,4.89,0.256,0.112,7.61
9,2023,3,16,4,10.1,8.34,12.2,1245.6,14.5,4.66,0.285,0.114,7.57
9,2023,3,16,8,9.7,8.3,11.67,1257.5,17.4,4.91,0.295,0.115,7.59
9,2023,3,16,12,10.8,8.46,13.15,1263.9,15.7,4.66,0.299,0.119,7.48
9,2023,3,16,20,10.2,8.57,14.12,1267.3,14.0,5.1,0.248,0.121,7.33
9,2023,3,17,0,10.1,8.56,13.77,1263.3,13.4,5.1,0.248,0.121,7.33
9,2023,3,17,4,9.9,8.57,13.58,1260.2,12.8,4.87,0.17,0.118,7.25
9,2023,3,17,8,9.6,8.55,13.22,1258.2,12.9,4.66,0.16,0.114,7.42
9,2023,3,17,12,9.7,8.55,14.07,1255.9,12.0,4.68,0.186,0.114,7.54
9,2023,3,17,16,10.0,8.6,15.48,1255.8,11.7,4.65,0.227,0.113,7.44
9,2023,3,17,20,9.6,8.57,14.9,1259.0,9.5,4.59,0.213,0.106,7.5
9,2023,3,18,0,9.6,8.6,14.82,1258.5,9.4,4.59,0.213,0.106,7.5
9,2023,3,18,4,9.5,8.58,14.12,1259.6,9.4,4.41,0.15,0.105,7.49
9,2023,3,18,8,9.3,8.55,13.42,1261.3,9.3,4.45,0.162,0.105,7.56
9,2023,3,18,12,10.3,8.62,15.19,1251.7,10.5,4.65,0.24,0.113,7.69
9,2023,3,18,16,11.7,8.68,17.12,1241.9,9.3,4.86,0.226,0.11,7.52
9,2023,3,18,20,11.4,8.71,17.24,1238.0,9.6,4.65,0.147,0.106,7.51
9,2023,3,19,0,10.9,8.69,16.39,1237.1,9.1,4.65,0.147,0.106,7.51
9,2023,3,19,4,10.4,8.69,15.95,1237.7,11.6,4.84,0.046,0.103,7.59
9,2023,3,19,8,10.0,8.64,15.32,1240.9,9.7,4.67,0.045,0.101,7.44
9,2023,3,19,16,11.6,9.03,21.98,1215.2,10.6,5.69,0.035,0.102,7.36
9,2023,3,19,20,11.3,8.86,22.08,1213.9,17.7,5.49,0.033,0.098,7.17
9,2023,3,20,0,11.2,8.64,20.64,1213.7,17.8,5.49,0.033,0.098,7.17
9,2023,3,20,4,10.8,8.59,19.12,1222.3,15.4,5.01,0.033,0.09,7.18
9,2023,3,20,8,10.6,8.6,18.01,1228.4,13.5,5.11,0.036,0.1,7.09
9,2023,3,20,12,11.5,8.89,21.26,1219.8,11.3,5.45,0.04,0.096,7.18
9,2023,3,20,16,13.2,8.99,25.49,1197.6,16.0,6.01,0.038,0.098,7.15
9,2023,3,20,20,12.8,8.82,23.05,1203.8,16.2,5.52,0.034,0.098,7.01
9,2023,3,21,0,12.2,8.79,18.62,1241.1,10.9,5.52,0.034,0.098,7.01
9,2023,3,21,4,11.6,8.73,17.55,1243.4,8.8,5.03,0.034,0.113,7.19
9,2023,3,21,8,11.4,8.7,16.88,1248.0,10.5,4.9,0.037,0.117,7.23
9,2023,3,21,12,12.6,8.88,19.42,1240.0,10.0,5.33,0.038,0.118,7.32
9,2023,3,21,16,13.7,8.99,22.97,1222.4,9.6,5.65,0.038,0.111,7.31
9,2023,3,21,20,13.5,8.76,22.79,1214.7,19.9,5.5,0.033,0.102,7.34
9,2023,3,22,0,13.3,8.55,21.55,1215.4,15.4,5.5,0.033,0.102,7.34
9,2023,3,22,4,13.4,8.45,20.3,1220.4,14.3,5.08,0.036,0.08,7.36
9,2023,3,22,8,12.6,8.48,18.69,1233.6,14.1,5.08,0.042,0.083,7.38
9,2023,3,22,12,12.5,8.69,20.02,1233.2,16.5,5.36,0.045,0.095,7.34
9,2023,3,22,16,12.9,8.78,22.47,1224.1,18.1,5.76,0.047,0.099,7.4
9,2023,3,22,20,12.8,8.65,22.24,1224.2,18.2,5.72,0.042,0.095,7.26
9,2023,3,23,0,12.8,8.56,20.62,1229.5,19.3,5.72,0.042,0.095,7.26
9,2023,3,23,4,12.8,8.42,18.85,1231.0,19.6,5.66,0.038,0.094,7.35
9,2023,3,23,8,12.5,8.46,17.54,1228.6,20.4,5.33,0.043,0.098,7.35
9,2023,3,23,12,12.9,8.77,21.46,1219.1,16.8,5.67,0.046,0.098,7.63
9,2023,3,23,16,13.4,8.79,26.47,1201.2,21.0,5.98,0.045,0.098,7.57
9,2023,3,23,20,13.3,8.64,26.15,1202.5,22.4,5.72,0.042,0.094,7.45
9,2023,3,24,0,13.2,8.47,24.58,1208.8,22.0,5.72,0.042,0.094,7.45
9,2023,3,24,4,12.6,8.38,22.39,1217.6,20.1,5.68,0.042,0.087,7.24
9,2023,3,24,8,12.1,8.41,19.53,1229.0,16.9,5.47,0.048,0.088,7.27
9,2023,3,24,12,13.4,8.81,27.12,1213.4,17.6,5.76,0.053,0.094,7.46
9,2023,3,24,20,12.8,8.66,28.6,1196.0,19.8,5.98,0.048,0.094,7.38
9,2023,3,25,0,12.4,8.49,25.18,1206.5,20.5,5.98,0.048,0.094,7.38
9,2023,3,25,4,12.3,8.41,24.57,1202.0,19.4,5.69,0.045,0.09,7.27
9,2023,3,25,8,12.1,8.37,22.17,1205.6,17.6,5.75,0.051,0.09,7.53
9,2023,3,25,12,13.6,8.77,28.43,1201.7,16.6,6.0,0.056,0.087,7.49
9,2023,3,26,4,12.8,8.41,27.02,1221.4,14.6,5.73,0.043,0.083,7.45
9,2023,3,26,8,12.3,8.41,24.53,1231.6,17.0,5.7,0.05,0.089,7.46
9,2023,3,27,8,12.5,8.45,29.07,1190.6,19.3,6.41,0.055,0.098,7.15
9,2023,3,27,12,14.0,8.86,28.65,1167.2,17.2,6.94,0.07,0.1,7.25
9,2023,3,27,16,16.7,8.96,26.65,1131.8,19.6,6.97,0.056,0.095,7.37
9,2023,3,27,20,15.2,8.82,28.02,1117.2,21.3,6.66,0.048,0.086,7.17
9,2023,3,28,0,14.0,8.59,25.62,1133.9,19.2,6.66,0.048,0.086,7.17
9,2023,3,28,4,13.5,8.43,23.17,1152.6,18.0,6.29,0.045,0.09,7.4
9,2023,3,28,8,13.0,8.46,22.38,1166.9,14.6,6.39,0.057,0.088,7.37
9,2023,3,28,12,14.3,9.02,27.5,1146.2,17.5,7.09,0.069,0.099,7.4
9,2023,3,28,16,15.4,9.06,28.8,1126.4,21.7,7.51,0.066,0.096,7.2
9,2023,3,28,20,15.8,8.95,29.4,1100.0,19.7,7.06,0.052,0.076,7.09
9,2023,3,29,0,15.0,8.74,28.81,1107.8,19.6,7.06,0.052,0.076,7.09
9,2023,3,29,4,14.6,8.53,25.89,1121.5,19.1,6.23,0.053,0.079,6.98
9,2023,3,29,8,14.0,8.64,24.52,1135.9,14.7,6.47,0.062,0.084,7.14
9,2023,3,29,12,15.2,9.11,28.62,1126.0,18.5,7.09,0.065,0.099,7.1
9,2023,3,29,20,16.5,8.92,28.34,1101.9,22.2,6.82,0.049,0.075,6.88
9,2023,3,30,0,16.5,8.74,28.29,1106.9,17.6,6.82,0.049,0.075,6.88
9,2023,3,30,4,16.1,8.55,25.58,1125.9,15.5,5.8,0.048,0.067,6.89
9,2023,3,30,8,15.2,8.64,24.52,1137.2,14.2,6.07,0.061,0.068,7.05
9,2023,3,30,12,16.4,9.07,28.29,1131.3,21.9,7.37,0.067,0.092,7.0
9,2023,3,30,20,19.0,8.8,28.34,1109.5,19.8,6.47,0.05,0.065,6.98
9,2023,3,31,0,17.8,8.66,27.57,1115.7,17.1,6.47,0.05,0.065,6.98
9,2023,3,31,4,16.2,8.53,26.56,1129.5,17.2,5.88,0.05,0.064,7.15
9,2023,3,31,8,15.4,8.58,24.9,1146.7,15.9,6.0,0.063,0.075,7.15
9,2023,3,31,16,17.6,8.96,28.53,1128.3,22.4,6.39,0.071,0.076,7.22
9,2023,3,31,20,17.8,8.78,28.43,1119.7,22.9,6.84,0.063,0.084,7.05
9,2023,3,31,20,17.8,8.78,28.43,1119.7,22.9,6.77,0.051,0.075,7.08
9,2023,4,1,0,17.8,8.57,27.05,1130.1,21.8,6.77,0.051,0.075,7.08
9,2023,4,1,8,16.2,8.44,22.06,1156.8,20.9,5.79,0.048,0.072,6.95
9,2023,4,1,12,17.5,8.97,27.7,1143.5,20.5,6.62,0.06,0.08,7.14
9,2023,4,1,16,18.1,8.89,29.88,1127.6,26.9,7.12,0.063,0.095,7.1
9,2023,4,2,0,17.6,8.61,28.36,1115.4,21.7,7.14,0.051,0.075,6.86
9,2023,4,2,4,17.3,8.48,26.29,1124.4,19.2,7.14,0.051,0.075,6.86
9,2023,4,2,8,17.0,8.51,24.01,1130.9,19.7,7.0,0.051,0.076,6.97
9,2023,4,2,12,17.4,8.93,27.17,1131.4,18.9,6.71,0.065,0.075,6.99
9,2023,4,2,16,18.0,8.91,28.6,1127.2,22.2,6.93,0.058,0.086,7.04
9,2023,4,2,20,17.2,8.61,22.89,1142.7,24.1,6.93,0.059,0.084,6.99
9,2023,4,3,0,16.8,8.39,19.59,1151.2,22.4,6.59,0.076,0.08,6.88
9,2023,4,3,0,16.8,8.39,19.59,1151.2,22.4,6.59,0.076,0.08,6.88
9,2023,4,3,8,16.6,8.23,16.55,1159.8,22.3,6.08,0.08,0.089,6.87
9,2023,4,3,12,16.8,8.67,19.98,1163.6,19.9,6.0,0.08,0.099,6.85
9,2023,4,3,16,17.0,8.9,25.05,1152.2,24.6,6.11,0.068,0.095,6.81
9,2023,4,3,20,16.6,8.54,17.89,1168.7,24.1,6.51,0.049,0.106,6.73
9,2023,4,4,0,16.5,8.46,16.42,1175.1,24.1,5.89,0.071,0.103,6.75
9,2023,4,4,4,16.3,8.42,14.89,1179.3,22.9,5.76,0.063,0.104,6.71
9,2023,4,4,8,16.1,8.39,13.44,1185.3,22.7,5.57,0.055,0.103,6.68
9,2023,4,4,12,16.0,8.5,13.39,1183.5,21.4,5.67,0.06,0.106,6.71
9,2023,4,4,16,15.9,8.62,13.52,1184.3,23.1,5.61,0.061,0.1,6.73
9,2023,4,4,20,15.5,8.64,12.58,1188.3,24.7,5.52,0.062,0.108,6.64
9,2023,4,5,0,15.1,8.61,11.52,1188.5,20.4,5.37,0.067,0.118,6.82
9,2023,4,5,4,14.7,8.57,10.54,1183.8,21.3,5.3,0.068,0.116,6.78
9,2023,4,5,8,14.6,8.61,9.94,1181.9,24.5,4.84,0.073,0.115,6.62
9,2023,4,5,12,14.7,8.71,11.49,1182.2,19.0,4.96,0.074,0.109,6.76
9,2023,4,5,16,15.9,8.93,14.83,1193.5,15.9,5.24,0.068,0.131,6.81
9,2023,4,5,20,15.5,8.9,14.55,1204.2,16.8,5.8,0.054,0.13,6.62
9,2023,4,6,0,15.0,8.79,12.58,1207.7,16.0,5.52,0.051,0.123,6.61
9,2023,4,6,4,14.6,8.71,11.14,1213.5,16.2,5.24,0.068,0.119,6.65
9,2023,4,6,8,14.4,8.68,10.28,1220.4,17.1,5.22,0.096,0.128,6.63
9,2023,4,6,12,15.2,8.77,11.79,1219.4,15.1,5.42,0.114,0.128,6.63
9,2023,4,6,16,15.8,8.85,13.03,1216.6,18.3,5.43,0.135,0.139,6.49
9,2023,4,7,0,14.7,8.72,11.72,1225.0,17.2,5.09,0.211,0.154,6.73
9,2023,4,7,4,14.2,8.64,10.91,1229.6,17.8,4.94,0.248,0.16,6.65
9,2023,4,7,8,13.9,8.62,10.89,1232.4,15.8,4.75,0.284,0.164,6.68
9,2023,4,7,12,15.0,8.78,13.8,1230.2,14.3,5.05,0.308,0.163,6.71
9,2023,4,7,16,15.5,8.87,14.92,1226.0,17.5,5.22,0.258,0.164,6.58
9,2023,4,7,20,15.1,8.84,14.7,1230.1,17.9,5.57,0.173,0.164,6.53
9,2023,4,8,0,14.7,8.75,13.52,1235.1,16.8,5.51,0.098,0.154,6.46
9,2023,4,8,4,14.3,8.68,12.64,1241.2,17.9,5.29,0.067,0.147,6.42
9,2023,4,8,8,14.1,8.69,12.89,1244.3,16.4,4.68,0.034,0.137,6.45
9,2023,4,8,12,16.4,8.9,15.85,1241.1,14.8,4.94,0.038,0.141,6.46
9,2023,4,8,16,17.3,8.89,21.4,1208.9,23.8,5.11,0.038,0.139,6.44
9,2023,4,8,20,16.8,8.59,20.05,1200.4,21.6,5.74,0.04,0.133,6.43
9,2023,4,9,0,16.3,8.47,18.24,1211.5,18.1,5.32,0.031,0.108,6.25
9,2023,4,9,4,15.5,8.44,16.89,1228.3,16.5,4.87,0.025,0.106,6.34
9,2023,4,9,8,15.0,8.54,16.58,1234.9,14.6,4.6,0.031,0.108,6.4
9,2023,4,9,12,15.6,8.89,20.13,1228.4,16.5,4.91,0.035,0.118,6.32
9,2023,4,9,16,16.4,8.86,22.85,1210.9,23.3,5.75,0.038,0.15,6.48
9,2023,4,9,20,16.6,8.65,22.64,1198.0,16.1,5.74,0.04,0.131,6.45
9,2023,4,10,0,16.8,8.45,23.62,1201.0,15.8,5.21,0.033,0.1,6.34
9,2023,4,10,4,16.4,8.37,20.41,1211.4,15.0,5.03,0.03,0.091,6.41
9,2023,4,10,4,16.4,8.37,20.41,1211.4,15.0,4.41,0.032,0.088,6.56
9,2023,4,10,12,18.2,8.86,26.28,1201.9,15.2,4.41,0.032,0.088,6.56
9,2023,4,10,16,18.6,8.81,28.66,1167.8,21.4,5.09,0.049,0.1,6.72
9,2023,4,10,20,18.5,8.61,23.33,1164.2,16.5,5.54,0.042,0.099,6.77
9,2023,4,11,0,16.7,8.42,17.96,1193.1,20.4,5.83,0.031,0.094,6.97
9,2023,4,11,4,15.8,8.32,15.55,1209.8,24.2,5.79,0.032,0.108,7.08
9,2023,4,11,8,15.1,8.37,14.09,1214.7,28.7,5.47,0.037,0.115,7.11
9,2023,4,11,12,15.3,8.64,14.78,1218.5,27.4,5.12,0.037,0.115,7.31
9,2023,4,11,16,15.6,8.77,14.44,1215.6,39.3,5.3,0.037,0.12,7.27
9,2023,4,11,20,15.3,8.73,13.85,1209.7,31.4,5.86,0.034,0.137,7.48
9,2023,4,12,0,15.0,8.64,13.04,1213.2,26.0,5.65,0.033,0.12,7.4
9,2023,4,12,4,14.8,8.58,12.42,1219.3,21.5,5.16,0.035,0.111,7.48
9,2023,4,12,8,14.7,8.61,12.2,1224.8,22.4,4.86,0.035,0.1,7.46
9,2023,4,12,12,16.3,8.75,14.13,1215.2,18.8,5.24,0.038,0.106,7.48
9,2023,4,12,16,16.9,8.79,16.59,1194.6,26.3,5.13,0.043,0.091,7.29
9,2023,4,12,20,16.2,8.64,15.4,1200.7,20.9,5.4,0.037,0.093,7.17
9,2023,4,13,0,15.6,8.55,13.89,1211.0,19.2,5.13,0.036,0.083,7.19
9,2023,4,13,4,15.3,8.49,13.29,1214.5,18.5,4.91,0.036,0.083,7.16
9,2023,4,13,8,15.2,8.52,13.35,1212.2,23.6,4.81,0.035,0.083,7.18
9,2023,4,13,12,16.2,8.8,15.87,1197.5,16.2,4.75,0.041,0.095,7.16
9,2023,4,13,16,17.5,8.94,18.89,1175.6,17.4,5.37,0.042,0.087,6.95
9,2023,4,13,20,17.0,8.72,17.97,1174.2,16.5,5.53,0.04,0.08,6.83
9,2023,4,14,0,16.6,8.58,16.44,1178.3,17.8,5.33,0.034,0.079,6.81
9,2023,4,14,4,16.5,8.48,15.22,1184.5,16.7,5.21,0.034,0.075,6.76
9,2023,4,14,8,16.5,8.45,14.61,1185.1,18.3,4.96,0.035,0.08,6.8
9,2023,4,14,12,17.3,8.74,16.22,1176.9,27.4,5.08,0.042,0.087,6.73
9,2023,4,14,16,17.8,8.87,17.84,1170.3,24.7,5.24,0.045,0.094,6.55
9,2023,4,14,20,17.5,8.71,17.11,1172.2,26.8,5.56,0.042,0.087,6.36
9,2023,4,15,0,16.9,8.58,15.86,1186.5,28.5,5.59,0.032,0.088,6.07
9,2023,4,15,4,16.4,8.49,14.75,1201.4,27.4,5.43,0.031,0.086,6.29
9,2023,4,15,8,16.2,8.54,14.37,1206.1,30.3,5.19,0.031,0.085,6.76
9,2023,4,15,12,17.7,8.87,17.94,1193.3,31.2,5.54,0.045,0.088,6.82
9,2023,4,15,16,18.2,8.9,21.14,1175.1,40.0,5.87,0.041,0.084,6.86
9,2023,4,15,20,17.4,8.65,18.37,1180.4,47.4,5.41,0.032,0.081,6.9
9,2023,4,16,0,16.7,8.55,16.09,1195.9,51.9,5.41,0.032,0.081,6.9
9,2023,4,16,4,16.1,8.51,13.91,1208.2,54.2,5.21,0.031,0.084,6.96
9,2023,4,16,8,15.9,8.59,13.48,1215.4,61.5,5.16,0.039,0.089,7.12
9,2023,4,16,12,17.9,8.87,15.12,1207.0,17.0,5.16,0.039,0.089,7.12
9,2023,4,16,16,19.3,8.95,17.69,1190.3,20.0,5.64,0.033,0.091,7.03
9,2023,4,16,20,17.8,8.79,16.53,1199.4,18.8,5.37,0.025,0.09,7.23
9,2023,4,17,0,17.1,8.67,14.92,1212.2,15.7,5.37,0.025,0.09,7.23
9,2023,4,17,8,16.7,8.65,12.44,1214.9,22.8,4.71,0.036,0.106,7.24
9,2023,4,17,12,17.6,8.86,14.33,1216.2,20.6,4.93,0.035,0.106,7.26
9,2023,4,17,16,18.5,8.93,16.35,1215.2,23.6,5.33,0.032,0.116,6.87
9,2023,4,17,20,18.3,8.72,15.9,1201.6,24.5,5.29,0.041,0.112,6.83
9,2023,4,18,0,18.2,8.58,14.98,1191.4,21.5,5.29,0.041,0.112,6.83
9,2023,4,18,4,17.9,8.48,13.49,1186.1,28.4,5.02,0.056,0.113,6.75
9,2023,4,18,8,17.3,8.48,12.99,1200.2,31.7,5.22,0.048,0.128,6.86
9,2023,4,18,12,19.0,8.8,15.35,1205.6,31.5,5.6,0.044,0.123,6.83
9,2023,4,18,16,20.3,8.88,19.62,1180.8,39.5,6.27,0.025,0.127,6.74
9,2023,4,18,20,19.7,8.68,17.75,1168.4,37.3,6.25,0.035,0.135,6.55
9,2023,4,19,0,19.5,8.52,16.61,1163.5,29.9,6.25,0.035,0.135,6.55
9,2023,4,19,4,18.9,8.37,14.55,1171.2,35.4,5.42,0.048,0.12,6.58
9,2023,4,19,8,18.5,8.24,14.27,1177.0,43.3,5.45,0.048,0.134,6.69
9,2023,4,19,12,20.1,8.78,18.64,1178.8,43.9,5.86,0.037,0.14,6.75
9,2023,4,19,16,20.8,8.94,21.8,1165.7,51.4,6.22,0.052,0.148,6.5
9,2023,4,19,20,20.3,8.7,19.52,1153.2,52.0,6.22,0.06,0.136,6.36
9,2023,4,20,0,20.7,8.52,17.36,1148.6,57.2,6.22,0.06,0.136,6.36
9,2023,4,20,4,20.1,8.19,13.31,1156.0,65.6,5.37,0.069,0.12,6.51
9,2023,4,20,8,19.4,8.1,12.16,1167.4,93.0,5.61,0.073,0.155,6.96
9,2023,4,20,12,19.1,8.32,12.05,1179.6,103.0,5.42,0.073,0.153,6.93
9,2023,4,20,16,18.4,8.7,12.29,1185.0,113.6,5.55,0.068,0.155,6.85
9,2023,4,20,20,17.9,8.65,10.81,1192.3,114.4,5.44,0.081,0.146,6.78
9,2023,4,21,0,17.5,8.56,9.91,1189.3,117.4,5.44,0.081,0.146,6.78
9,2023,4,21,4,17.1,8.46,8.98,1191.0,124.5,5.0,0.082,0.126,6.93
9,2023,4,21,8,16.4,8.47,8.67,1203.2,138.9,4.99,0.079,0.135,7.11
9,2023,4,21,12,16.9,8.76,11.83,1199.3,149.6,5.25,0.05,0.135,7.07
9,2023,4,21,16,17.6,8.92,13.67,1209.8,165.5,5.57,0.053,0.132,7.08
9,2023,4,21,20,17.2,8.86,12.46,1215.2,176.3,5.47,0.067,0.135,7.18
9,2023,4,22,0,16.6,8.77,10.53,1220.5,186.7,5.47,0.067,0.135,7.18
9,2023,4,22,4,16.2,8.68,9.59,1222.6,193.3,4.73,0.046,0.117,7.04
9,2023,4,22,8,15.9,8.67,10.0,1214.2,209.2,4.81,0.054,0.127,7.11
9,2023,4,22,12,16.4,8.84,12.15,1210.6,222.4,5.11,0.048,0.128,7.16
9,2023,4,22,16,17.2,9.01,15.09,1213.9,21.0,5.13,0.046,0.125,7.13
9,2023,4,22,20,17.0,8.98,14.89,1219.9,22.2,4.97,0.073,0.125,7.23
9,2023,4,23,0,16.6,8.88,12.47,1224.0,23.1,4.97,0.073,0.125,7.23
9,2023,4,23,4,15.9,8.82,10.21,1226.4,20.8,4.56,0.07,0.116,7.28
9,2023,4,23,8,15.7,8.73,8.92,1244.9,18.2,4.57,0.076,0.119,7.24
9,2023,4,23,12,16.0,8.7,9.33,1258.6,20.2,4.83,0.096,0.13,7.33
9,2023,4,23,16,16.3,8.69,10.66,1256.8,19.7,4.83,0.105,0.128,7.47
9,2023,4,23,20,16.2,8.68,11.36,1256.0,19.0,4.74,0.104,0.123,7.47
9,2023,4,24,0,16.0,8.67,11.03,1247.8,20.1,4.74,0.104,0.123,7.47
9,2023,4,24,4,15.3,8.53,8.98,1249.0,24.7,4.62,0.088,0.119,7.39
9,2023,4,24,8,15.0,8.51,8.43,1254.3,19.3,4.46,0.088,0.123,7.18
9,2023,4,24,12,16.6,8.54,9.71,1241.5,19.4,4.75,0.112,2.0,7.11
9,2023,4,24,16,17.4,8.44,12.07,1252.0,17.6,4.76,0.115,0.123,7.14
9,2023,4,24,20,17.2,8.43,12.38,1261.5,18.9,4.7,0.131,0.127,7.19
9,2023,4,25,0,16.7,8.38,10.79,1272.6,21.3,4.7,0.131,0.127,7.19
9,2023,4,25,4,16.5,8.33,9.26,1276.0,20.7,4.62,0.146,0.128,7.21
9,2023,4,25,8,16.2,8.28,8.68,1264.0,20.4,5.36,0.348,0.144,7.38
9,2023,4,25,12,17.8,8.37,10.46,1267.5,22.8,4.74,0.328,0.144,7.48
9,2023,4,25,16,18.9,8.5,11.89,1259.5,25.3,4.81,0.261,0.141,7.24
9,2023,4,25,20,18.1,8.46,10.96,1266.6,26.3,4.67,0.151,0.129,7.34
9,2023,4,26,0,17.2,8.36,9.26,1271.2,21.4,4.67,0.151,0.129,7.34
9,2023,4,26,4,16.5,8.33,8.38,1269.6,20.6,4.4,0.125,0.12,7.33
9,2023,4,26,8,16.1,8.36,8.4,1268.8,17.2,4.54,0.113,0.119,7.17
9,2023,4,26,12,17.3,8.5,10.18,1261.0,17.6,4.6,0.08,0.118,7.1
9,2023,4,26,16,18.0,8.62,12.15,1257.4,17.0,4.9,0.055,0.114,7.07
9,2023,4,26,20,17.9,8.67,12.86,1254.5,15.4,4.91,0.032,0.107,7.1
9,2023,4,27,0,17.4,8.53,10.57,1253.9,16.9,4.91,0.032,0.107,7.1
9,2023,4,27,4,17.3,8.41,9.72,1256.8,21.5,4.46,0.117,0.111,7.11
9,2023,4,27,8,16.6,8.44,9.81,1254.3,19.9,4.76,0.126,0.12,6.98
9,2023,4,27,12,17.1,8.54,10.56,1252.4,19.8,4.68,0.065,0.111,7.05
9,2023,4,27,16,17.2,8.49,9.87,1241.1,24.0,4.63,0.133,0.104,7.13
9,2023,4,27,20,17.2,8.51,10.52,1254.4,25.4,4.41,0.069,0.101,7.08
9,2023,4,28,0,17.4,8.55,11.22,1254.7,26.9,4.41,0.069,0.101,7.08
9,2023,4,28,4,17.3,8.52,9.32,1249.7,29.5,4.39,0.066,0.1,6.81
9,2023,4,28,8,17.2,8.39,8.15,1229.7,31.4,4.63,0.143,0.109,7.22
9,2023,4,28,12,18.5,8.47,9.72,1229.5,28.6,4.31,0.107,0.104,7.07
9,2023,4,28,16,19.4,8.65,11.91,1210.8,32.0,4.53,0.105,0.103,6.88
9,2023,4,28,20,19.0,8.66,11.17,1192.3,35.0,4.33,0.072,0.092,6.88
9,2023,4,29,0,18.3,8.58,9.44,1173.2,36.9,4.33,0.072,0.092,6.88
9,2023,4,29,4,17.5,8.16,6.28,1146.6,44.0,4.82,0.684,0.15,7.2
9,2023,4,29,8,17.1,8.26,7.2,1157.4,41.0,4.96,0.472,0.139,6.98
9,2023,4,29,12,18.7,8.38,8.9,1106.2,47.0,4.82,0.647,0.157,7.01
9,2023,4,29,16,20.0,8.55,10.32,1124.2,49.1,4.93,0.458,0.15,6.83
9,2023,4,29,20,19.5,8.46,8.55,1115.4,52.6,4.82,0.548,0.149,7.03
9,2023,4,30,0,19.0,8.49,8.54,1122.3,56.1,4.82,0.548,0.149,7.03
9,2023,4,30,4,18.2,8.43,7.85,1146.5,58.5,4.66,0.295,0.124,7.09
9,2023,4,30,8,17.7,8.35,8.61,1147.5,57.5,4.48,0.217,0.12,6.95
9,2023,4,30,12,19.9,8.56,11.52,1158.6,54.7,4.21,0.165,0.116,6.84
9,2023,4,30,16,21.4,8.66,12.8,1161.6,60.0,4.41,0.144,0.111,6.78
9,2023,4,30,20,20.7,8.54,10.34,1152.5,62.2,4.37,0.186,0.116,6.5
9,2023,5,1,0,20.6,8.54,9.35,1181.0,64.1,4.37,0.186,0.116,6.5
9,2023,5,1,4,19.8,8.46,8.33,1198.1,73.9,4.45,0.126,0.109,6.59
9,2023,5,1,8,19.2,8.38,8.7,1182.0,74.9,4.95,0.144,0.123,6.44
9,2023,5,1,12,21.1,8.5,10.95,1200.5,72.4,4.91,0.202,0.131,6.87
9,2023,5,1,16,22.1,8.54,11.29,1204.3,88.0,4.85,0.169,0.129,6.93
9,2023,5,1,20,21.7,8.41,8.88,1210.1,87.0,4.56,0.154,0.12,7.17
9,2023,5,2,0,21.3,8.38,8.13,1197.9,92.7,4.56,0.154,0.12,7.17
9,2023,5,2,4,20.5,8.29,7.49,1187.0,90.5,4.48,0.185,0.12,7.21
9,2023,5,2,8,20.2,8.27,8.21,1177.2,93.9,5.09,0.239,0.129,7.16
9,2023,5,2,12,21.9,8.47,10.56,1186.4,23.3,5.46,0.258,0.142,7.23
9,2023,5,2,16,23.1,8.55,10.82,1179.8,22.3,5.29,0.182,0.129,7.14
9,2023,5,2,20,22.9,8.47,9.11,1175.6,23.8,5.4,0.162,0.129,7.32
9,2023,5,3,0,22.6,8.45,8.53,1173.1,22.3,5.4,0.162,0.129,7.32
9,2023,5,3,4,21.9,8.35,7.79,1168.6,23.4,5.11,0.13,0.117,7.03
9,2023,5,3,8,21.5,8.28,8.56,1151.4,24.4,5.18,0.171,0.128,6.93
9,2023,5,3,12,23.3,8.51,9.89,1149.5,23.6,5.17,0.171,0.128,7.01
9,2023,5,3,16,24.4,8.57,10.39,1145.6,23.1,5.24,0.109,0.117,6.85
9,2023,5,3,20,24.0,8.47,8.98,1142.6,26.3,5.09,0.144,0.12,7.04
9,2023,5,4,0,23.5,8.4,8.23,1144.9,22.0,5.09,0.144,0.12,7.04
9,2023,5,4,4,22.6,8.29,7.43,1156.7,23.4,4.76,0.104,0.108,7.13
9,2023,5,4,8,22.1,8.24,7.61,1151.9,26.9,5.22,0.174,0.121,7.22
9,2023,5,4,12,22.2,8.35,8.4,1158.8,29.2,4.99,0.245,0.138,7.42
9,2023,5,4,16,22.0,8.38,7.79,1154.5,28.2,4.86,0.142,0.124,7.23
9,2023,5,4,20,21.6,8.26,6.2,1162.6,27.3,4.94,0.141,0.116,7.03
9,2023,5,5,0,21.3,8.16,5.74,1164.1,20.7,4.94,0.141,0.116,7.03
9,2023,5,5,4,20.7,8.07,5.38,1162.4,23.1,5.05,0.159,0.105,6.41
9,2023,5,5,8,20.3,8.02,5.37,1175.0,28.0,5.19,0.215,0.121,6.84
9,2023,5,5,12,20.6,8.11,6.24,1187.3,24.8,5.27,0.196,0.124,7.05
9,2023,5,5,16,20.8,8.17,7.03,1190.5,25.1,4.93,0.141,0.114,6.9
9,2023,5,5,20,20.8,8.14,6.57,1193.2,24.8,4.82,0.129,0.11,6.83
9,2023,5,6,0,20.5,8.13,6.19,1192.5,22.1,4.82,0.129,0.11,6.83
9,2023,5,6,4,20.2,7.98,5.33,1191.0,23.3,4.53,0.201,0.112,6.8
9,2023,5,6,8,19.9,7.9,5.68,1168.0,26.3,4.7,0.231,0.131,6.64
9,2023,5,6,12,21.0,8.13,7.44,1185.0,24.3,4.83,0.217,0.129,6.68
9,2023,5,6,16,22.0,8.27,8.4,1179.2,25.3,4.71,0.195,0.134,6.62
9,2023,5,6,20,21.7,8.16,6.96,1179.0,24.0,4.58,0.206,0.136,6.29
9,2023,5,7,0,21.2,8.14,6.6,1181.5,23.1,4.58,0.206,0.136,6.29
9,2023,5,7,4,20.5,8.09,6.43,1185.2,23.4,4.89,0.231,0.134,6.36
9,2023,5,7,8,20.1,8.06,7.24,1178.1,28.1,5.07,0.232,0.143,6.3
9,2023,5,7,12,21.9,8.28,9.74,1188.4,29.1,4.78,0.198,0.142,6.19
9,2023,5,7,16,23.2,8.26,9.25,1194.5,31.0,4.48,0.183,0.141,6.35
9,2023,5,7,20,22.6,8.1,7.34,1207.6,33.7,4.78,0.19,0.143,6.29
9,2023,5,8,0,22.2,8.09,7.13,1218.0,32.6,4.78,0.19,0.143,6.29
9,2023,5,8,4,21.4,8.08,7.08,1226.5,28.9,5.01,0.202,0.146,6.36
9,2023,5,8,8,20.9,8.11,7.81,1199.0,29.6,5.14,0.189,0.165,6.04
9,2023,5,8,12,23.0,8.39,10.61,1198.1,30.5,5.08,0.141,0.166,5.98
9,2023,5,8,16,24.0,8.38,10.46,1210.3,28.3,4.9,0.136,0.161,6.04
9,2023,5,8,20,23.3,8.21,8.1,1223.7,27.8,4.8,0.144,0.164,6.07
9,2023,5,9,0,23.0,8.2,7.62,1233.5,23.8,4.8,0.144,0.164,6.07
9,2023,5,9,4,22.1,8.15,7.32,1229.3,27.1,4.66,0.135,0.15,6.11
9,2023,5,9,8,21.6,8.16,8.39,1219.4,26.8,4.75,0.133,0.15,6.15
9,2023,5,9,12,23.4,8.38,11.08,1221.8,28.9,4.77,0.137,0.157,6.33
9,2023,5,9,16,23.8,8.44,10.98,1216.7,29.5,4.88,0.109,0.142,6.39
9,2023,5,10,16,24.1,8.44,10.12,1212.3,27.8,4.52,0.09,0.129,6.18
9,2023,5,10,20,24.2,8.39,8.81,1214.6,31.2,4.63,0.067,0.133,6.44
9,2023,5,11,0,23.4,8.35,8.25,1215.6,27.3,4.55,0.068,0.136,5.7
9,2023,5,11,4,22.7,8.28,8.16,1219.4,25.8,4.55,0.068,0.136,5.7
9,2023,5,11,8,22.4,8.31,9.08,1213.5,26.3,4.44,0.079,0.124,6.31
9,2023,5,11,12,24.0,8.46,11.36,1210.0,23.0,4.67,0.085,0.125,6.34
9,2023,5,11,16,24.2,8.52,10.98,1209.0,29.8,4.44,0.06,0.119,6.33
9,2023,5,11,20,23.9,8.36,7.66,1217.3,28.6,4.57,0.06,0.123,6.51
9,2023,5,12,0,23.5,8.38,7.45,1215.1,25.9,4.61,0.064,0.121,6.43
9,2023,5,12,4,22.6,8.33,7.14,1219.1,27.3,4.61,0.064,0.121,6.43
9,2023,5,12,8,22.1,8.3,7.99,1214.8,28.9,4.43,0.069,0.116,6.38
9,2023,5,12,12,23.5,8.51,11.22,1213.2,50.7,4.59,0.074,0.127,6.47
9,2023,5,12,16,23.5,8.4,8.48,1205.8,83.0,5.15,0.063,0.179,6.66
9,2023,5,12,20,23.3,8.46,8.73,1202.7,36.0,5.15,0.067,0.208,7.09
9,2023,5,13,0,22.4,8.39,9.68,1205.3,32.2,4.81,0.072,0.152,6.47
9,2023,5,13,4,21.9,8.45,8.91,1219.7,30.6,4.81,0.072,0.152,6.47
9,2023,5,13,8,21.4,8.31,6.4,1235.9,34.5,4.51,0.124,0.141,6.69
9,2023,5,13,12,23.8,8.41,7.73,1233.2,40.8,5.01,0.121,0.152,6.87
9,2023,5,13,16,25.8,8.57,11.15,1224.6,40.9,5.08,0.111,0.155,6.51
9,2023,5,13,20,25.5,8.56,12.38,1223.9,42.0,4.85,0.085,0.152,7.01
9,2023,5,14,0,24.6,8.59,13.0,1201.0,37.2,5.01,0.061,0.144,6.81
9,2023,5,14,4,23.5,8.53,9.94,1215.0,34.5,5.01,0.061,0.144,6.81
9,2023,5,14,8,23.0,8.32,5.97,1227.5,43.8,4.76,0.086,0.154,6.52
9,2023,5,14,12,25.0,8.41,7.39,1219.5,50.2,4.87,0.067,0.158,6.52
9,2023,5,14,16,26.7,8.52,10.6,1213.6,40.0,4.95,0.054,0.146,6.39
9,2023,5,14,20,26.1,8.55,12.17,1211.4,45.7,4.82,0.061,0.144,6.5
9,2023,5,15,0,25.0,8.49,12.07,1193.9,39.0,4.71,0.061,0.144,6.5
9,2023,5,15,4,24.1,8.49,10.4,1199.1,36.0,4.71,0.079,0.13,6.2
9,2023,5,15,8,23.5,8.32,6.05,1212.4,81.5,4.65,0.081,0.172,6.86
9,2023,5,15,12,25.9,8.31,8.24,1193.9,38.3,5.47,0.056,0.132,6.38
9,2023,5,15,16,28.0,8.5,11.64,1201.0,39.2,5.19,0.052,0.125,6.3
9,2023,5,15,20,27.8,8.54,12.64,1210.4,41.0,5.33,0.049,0.119,6.3
9,2023,5,16,0,27.2,8.5,14.16,1200.4,29.9,5.06,0.049,0.119,6.41
9,2023,5,16,4,26.5,8.32,13.09,1180.1,31.3,5.06,0.081,0.108,6.21
9,2023,5,16,8,26.2,8.28,11.81,1169.8,39.1,5.01,0.061,0.109,6.21
9,2023,5,16,12,27.8,8.28,10.05,1159.9,41.3,4.91,0.044,0.109,5.9
9,2023,5,17,12,26.6,8.11,8.33,1157.8,25.8,5.39,0.074,0.097,5.81
9,2023,5,17,16,26.9,8.57,14.26,1160.3,26.5,5.64,0.038,0.111,5.71
9,2023,5,17,20,26.0,8.66,17.16,1178.9,22.9,5.76,0.035,0.101,5.66
9,2023,5,18,0,25.1,8.51,15.23,1185.2,17.3,5.64,0.038,0.094,5.64
9,2023,5,18,4,24.0,8.38,11.79,1180.6,19.5,5.64,0.038,0.094,5.64
9,2023,5,18,8,23.4,8.29,8.46,1177.0,20.0,5.32,0.054,0.093,5.67
9,2023,5,18,8,23.4,8.29,8.46,1177.0,20.0,5.32,0.048,0.104,5.67
9,2023,5,18,12,25.5,8.4,9.61,1160.1,16.7,5.5,0.044,0.105,5.72
9,2023,5,18,16,27.2,8.66,15.84,1158.2,20.8,5.51,0.04,0.096,5.87
9,2023,5,18,20,26.4,8.73,12.25,1171.3,23.6,5.5,0.041,0.093,5.91
9,2023,5,19,0,25.5,8.49,15.2,1157.1,20.1,5.5,0.041,0.093,5.91
9,2023,5,19,4,24.7,8.34,12.31,1147.9,17.5,5.09,0.048,0.084,6.17
9,2023,5,19,8,24.1,8.17,9.56,1162.0,12.9,5.26,0.051,0.088,5.94
9,2023,5,19,12,23.9,7.98,7.46,1159.7,13.7,5.47,0.048,0.093,5.57
9,2023,5,19,16,23.9,8.16,10.22,1163.1,12.8,5.75,0.064,0.1,5.54
9,2023,5,19,20,23.5,8.39,12.49,1179.9,11.6,5.88,0.06,0.1,5.61
9,2023,5,20,0,22.9,8.41,11.84,1192.7,9.8,5.88,0.06,0.1,5.61
9,2023,5,20,4,22.3,8.18,8.84,1190.0,12.6,5.35,0.074,0.104,5.51
9,2023,5,20,8,21.8,8.19,8.35,1195.1,11.6,5.58,0.065,0.112,5.52
9,2023,5,20,12,21.8,8.44,10.75,1197.7,10.1,5.61,0.055,0.113,5.47
9,2023,5,20,16,21.8,8.57,12.48,1200.8,11.0,5.26,0.059,0.107,5.4
9,2023,5,20,20,20.5,8.69,13.99,1204.5,11.1,5.18,0.051,0.1,5.51
9,2023,5,21,0,19.6,8.59,13.32,1213.5,11.8,5.18,0.051,0.1,5.51
9,2023,5,21,4,18.7,8.46,12.42,1189.8,13.5,5.02,0.059,0.097,5.58
9,2023,5,21,8,18.5,8.42,11.26,1192.5,10.2,5.12,0.054,0.092,5.69
9,2023,5,21,12,20.5,8.47,11.04,1204.6,11.1,5.03,0.052,0.093,5.8
9,2023,5,21,16,22.5,8.57,13.23,1198.7,11.1,4.86,0.052,0.092,5.7
9,2023,5,21,20,22.3,8.54,12.99,1202.2,12.4,4.88,0.055,0.092,5.59
9,2023,5,22,0,21.6,8.41,11.28,1205.4,13.1,4.88,0.055,0.092,5.59
9,2023,5,22,4,20.9,8.34,10.18,1208.9,12.5,4.73,0.072,0.096,5.44
9,2023,5,22,8,20.7,8.34,10.37,1206.7,13.9,4.76,0.074,0.097,5.63
9,2023,5,22,12,23.0,8.53,13.72,1199.0,12.2,4.66,0.052,0.092,5.28
9,2023,5,22,16,23.7,8.66,15.52,1191.8,17.6,4.9,0.036,0.094,5.55
9,2023,5,22,20,23.9,8.63,17.63,1177.4,13.6,4.8,0.046,0.078,5.33
9,2023,5,23,0,23.2,8.42,18.6,1174.0,12.6,4.8,0.046,0.078,5.33
9,2023,5,23,4,22.4,8.07,21.05,1156.9,12.5,4.95,0.047,0.074,5.25
9,2023,5,23,8,22.2,8.14,18.32,1150.9,13.7,4.88,0.047,0.083,5.49
9,2023,5,24,16,26.5,8.64,18.51,1182.9,17.5,5.05,0.041,0.076,6.08
9,2023,5,25,12,24.2,8.28,13.72,1178.3,17.4,4.47,0.039,0.073,6.14
9,2023,5,25,16,25.0,8.5,16.54,1169.1,19.0,5.01,0.037,0.072,6.12
9,2023,5,25,20,24.8,8.62,20.09,1156.2,19.6,4.84,0.032,0.068,6.13
9,2023,5,26,0,24.1,8.31,15.94,1157.2,19.9,4.84,0.032,0.068,6.13
9,2023,5,26,4,23.7,8.16,13.9,1156.9,20.3,4.53,0.055,0.068,5.97
9,2023,5,26,8,23.0,8.23,14.3,1197.2,22.9,5.05,0.037,0.084,6.1
9,2023,5,26,12,24.9,8.6,15.34,1191.9,23.3,5.32,0.042,0.093,6.25
9,2023,5,26,16,26.5,8.71,22.14,1166.1,29.0,5.7,0.036,0.084,6.13
9,2023,5,26,20,25.6,8.48,17.53,1188.8,33.6,5.15,0.038,0.091,6.18
9,2023,5,27,0,25.0,8.16,17.0,1169.5,33.1,5.15,0.038,0.091,6.18
9,2023,5,27,4,24.6,8.07,10.66,1179.6,33.5,4.81,0.103,0.1,6.25
9,2023,5,27,8,24.0,7.83,4.8,1190.0,31.9,4.92,0.126,0.099,6.22
9,2023,5,27,12,24.4,7.97,6.46,1203.9,26.1,5.02,0.081,0.119,6.24
9,2023,5,27,16,25.1,8.36,10.93,1208.5,24.4,5.19,0.056,0.103,6.22
9,2023,5,27,20,24.4,8.57,13.82,1206.7,25.7,5.09,0.057,0.11,6.26
9,2023,5,28,0,23.7,8.41,12.65,1195.6,28.1,5.09,0.057,0.11,6.26
9,2023,5,28,4,23.2,8.19,8.73,1199.6,28.8,4.99,0.086,0.11,6.36
9,2023,5,28,8,23.1,8.07,5.36,1213.5,26.1,5.08,0.089,0.121,6.32
9,2023,5,28,12,25.0,8.37,9.27,1213.0,26.5,5.06,0.052,0.114,6.23
9,2023,5,28,16,27.0,8.73,16.76,1195.9,25.0,5.08,0.044,0.111,6.0
9,2023,5,28,20,27.3,8.6,20.1,1173.0,32.9,4.91,0.051,0.108,6.31
9,2023,5,29,0,26.5,8.3,17.71,1149.6,27.8,4.7,0.061,0.106,6.07
9,2023,5,29,4,25.7,8.03,11.37,1157.5,26.0,4.24,0.069,0.099,6.04
9,2023,5,29,12,27.6,8.37,11.64,1173.4,27.3,4.9,0.044,0.102,5.87
9,2023,5,29,16,29.3,8.75,19.05,1163.1,35.3,4.67,0.049,0.1,5.88
9,2023,5,29,20,28.3,8.53,21.62,1144.1,40.5,4.99,0.049,0.106,5.95
9,2023,5,30,0,27.1,8.16,19.01,1130.7,26.7,4.99,0.049,0.106,5.95
9,2023,5,30,4,26.2,7.91,11.07,1141.5,26.0,4.72,0.068,0.092,5.89
9,2023,5,30,8,25.3,7.74,4.57,1165.8,18.6,4.6,0.095,0.092,5.75
9,2023,5,30,8,25.3,7.74,4.57,1165.8,18.6,4.6,0.095,0.092,5.75
9,2023,5,30,12,25.4,7.85,5.56,1174.3,20.4,4.57,0.068,0.099,5.64
9,2023,5,30,12,25.4,7.85,5.56,1174.3,20.4,4.57,0.068,0.099,5.64
9,2023,5,30,16,26.0,8.24,10.79,1180.7,31.2,4.8,0.061,0.106,5.86
9,2023,5,30,16,26.0,8.24,10.79,1180.7,31.2,4.8,0.061,0.106,5.86
9,2023,5,30,20,25.2,8.59,15.69,1181.0,33.1,5.01,0.06,0.115,5.92
9,2023,5,30,20,25.2,8.59,15.69,1181.0,33.1,5.01,0.06,0.115,5.92
9,2023,5,31,0,24.2,8.26,11.11,1177.2,29.1,5.01,0.06,0.115,5.92
9,2023,5,31,0,24.2,8.26,11.11,1177.2,29.1,5.01,0.06,0.115,5.92
9,2023,5,31,4,23.3,8.0,6.26,1187.2,24.2,4.32,0.115,0.106,5.89
9,2023,5,31,4,23.3,8.0,6.26,1187.2,24.2,4.32,0.115,0.106,5.89
9,2023,5,31,12,24.3,8.36,10.12,1188.2,28.7,4.82,0.137,0.122,5.87
9,2023,5,31,12,24.3,8.36,10.12,1188.2,28.7,5.1,0.089,0.122,6.05
9,2023,5,31,12,24.3,8.36,10.12,1188.2,28.7,5.1,0.089,0.122,6.05
9,2023,5,31,16,25.6,8.69,17.45,1170.5,33.8,5.19,0.065,0.123,6.28
9,2023,5,31,20,25.2,8.66,18.42,1156.4,38.5,5.19,0.065,0.123,6.28
9,2023,5,31,20,25.2,8.66,18.42,1156.4,38.5,5.25,0.061,0.123,6.49
9,2023,5,31,20,25.2,8.66,18.42,1156.4,38.5,5.25,0.061,0.123,6.49
9,2023,6,1,0,24.4,8.29,12.3,1152.0,26.5,5.25,0.061,0.123,6.49
9,2023,6,1,0,24.4,8.29,12.3,1152.0,26.5,5.25,0.061,0.123,6.49
9,2023,6,1,4,23.6,8.01,6.42,1175.2,26.8,4.76,0.08,0.105,6.36
9,2023,6,1,8,23.6,8.01,5.01,1191.0,17.3,4.76,0.08,0.105,6.36
9,2023,6,1,8,23.6,8.01,5.01,1191.0,17.3,4.78,0.079,0.113,6.27
9,2023,6,1,12,26.9,8.54,13.46,1182.7,29.1,4.78,0.079,0.113,6.27
9,2023,6,1,12,26.9,8.54,13.46,1182.7,29.1,4.78,0.05,0.118,6.3
9,2023,6,1,16,28.4,8.76,23.04,1157.8,38.9,4.78,0.05,0.118,6.3
9,2023,6,1,16,28.4,8.76,23.04,1157.8,38.9,4.99,0.05,0.111,6.47
9,2023,6,2,12,26.7,8.61,15.8,1162.2,31.3,4.79,0.044,0.092,5.76
