point_id,year,month,day,hour,水温(℃),pH(无量纲),溶解氧(mg/L),电导率(μS/cm),浊度(NTU),高锰酸盐指数(mg/L),氨氮(mg/L),总磷(mg/L),总氮(mg/L)
4,2021,6,17,12,26.2,8.54,8.92,1188.2,5.4,6.31,0.139,0.046,0.91
4,2021,6,17,12,26.2,8.54,8.92,1188.2,5.4,6.31,0.139,0.046,0.91
4,2021,6,17,16,26.8,8.56,8.84,1185.1,6.6,6.92,0.139,0.066,1.11
4,2021,6,17,16,26.8,8.56,8.84,1185.1,6.6,6.94,0.078,0.084,1.16
4,2021,6,18,0,26.1,8.45,8.4,1184.6,6.5,6.41,0.054,0.049,0.88
4,2021,6,18,4,25.8,8.38,7.52,1183.5,5.2,6.36,0.048,0.044,0.82
4,2021,6,18,4,25.8,8.38,7.52,1183.5,5.2,6.22,0.048,0.046,0.87
4,2021,6,18,8,25.5,8.34,6.92,1185.4,5.2,6.08,0.074,0.047,1.06
4,2021,6,18,12,25.9,8.43,8.52,1185.6,6.0,6.38,0.034,0.048,0.88
4,2021,6,18,16,26.4,8.52,10.1,1187.2,6.9,6.38,0.025,0.048,0.88
4,2021,6,18,16,26.4,8.52,10.1,1187.2,6.9,6.54,0.025,0.045,0.85
4,2021,6,18,20,25.9,8.43,8.87,1184.8,6.6,6.52,0.059,0.045,0.89
4,2021,6,19,0,25.5,8.32,7.52,1187.1,6.0,6.52,0.059,0.045,0.89
4,2021,6,19,4,25.2,8.29,6.98,1186.6,6.7,6.11,0.055,0.043,0.91
4,2021,6,19,4,25.2,8.29,6.98,1186.6,6.7,6.02,0.055,0.044,0.9
4,2021,6,19,8,25.2,8.32,7.63,1188.5,5.6,6.01,0.07,0.042,0.94
4,2021,6,19,12,25.7,8.4,8.78,1187.6,6.4,6.27,0.027,0.044,0.83
4,2021,6,19,16,26.0,8.44,9.5,1187.5,7.0,6.18,0.029,0.043,0.88
4,2021,6,19,20,25.5,8.4,8.83,1186.7,6.9,6.18,0.029,0.041,0.84
4,2021,6,20,0,25.3,8.3,7.55,1187.8,5.8,6.18,0.029,0.041,0.84
4,2021,6,20,0,25.3,8.3,7.55,1187.8,5.8,6.18,0.029,0.041,0.84
4,2021,6,20,8,25.1,8.32,7.75,1190.0,5.1,5.82,0.039,0.04,0.86
4,2021,6,20,12,25.6,8.49,10.24,1184.3,5.7,6.3,0.025,0.042,0.81
4,2021,6,20,16,27.5,8.49,10.05,1192.5,6.3,6.3,0.025,0.042,0.81
4,2021,7,2,12,27.1,8.31,5.91,1181.4,4.5,5.39,0.096,0.036,0.9
4,2021,7,2,16,27.8,8.35,6.26,1183.5,4.7,5.39,0.096,0.036,0.9
4,2021,7,2,16,27.8,8.35,6.26,1183.5,4.7,5.28,0.06,0.032,0.88
4,2021,7,2,20,27.4,8.26,7.56,1183.9,3.7,5.4,0.074,0.038,0.89
4,2021,7,3,0,27.2,8.35,7.28,1182.2,3.4,5.4,0.074,0.038,0.89
4,2021,7,3,4,26.6,8.31,6.99,1155.7,4.0,5.4,0.074,0.038,0.89
4,2021,7,3,4,26.6,8.31,6.99,1155.7,4.0,5.38,0.113,0.04,0.92
4,2021,7,3,8,26.5,8.27,6.55,1148.3,6.1,5.32,0.134,0.04,0.94
4,2021,7,3,12,27.0,8.33,7.67,1149.1,5.6,5.32,0.106,0.041,0.87
4,2021,7,3,16,27.4,8.4,8.38,1146.4,5.4,5.45,0.106,0.041,0.87
4,2021,7,3,16,27.4,8.4,8.38,1146.4,5.4,5.45,0.082,0.039,0.85
4,2021,7,3,20,27.7,8.37,7.88,1143.5,4.4,5.25,0.079,0.036,0.83
4,2021,7,4,0,27.3,8.36,7.7,1145.7,4.7,5.25,0.079,0.036,0.83
4,2021,7,4,4,26.9,8.3,6.93,1146.5,4.4,5.25,0.079,0.036,0.83
4,2021,7,4,4,26.9,8.3,6.93,1146.5,4.4,5.28,0.091,0.04,0.94
4,2021,7,4,8,26.9,8.3,7.13,1147.1,4.3,5.3,0.09,0.04,0.91
4,2021,7,4,12,27.8,8.42,9.09,1147.8,4.1,5.3,0.06,0.036,0.84
4,2021,7,4,16,28.9,8.47,10.13,1147.4,4.7,5.32,0.06,0.036,0.84
4,2021,7,4,16,28.9,8.47,10.13,1147.4,4.7,5.55,0.038,0.037,0.92
4,2021,7,4,20,29.0,8.44,9.5,1145.9,4.4,5.28,0.042,0.034,0.85
4,2021,7,5,0,28.3,8.43,9.33,1145.1,3.9,5.28,0.042,0.034,0.85
4,2021,7,5,4,27.9,8.4,8.7,1144.6,3.7,5.28,0.042,0.034,0.85
4,2021,7,5,8,27.7,8.42,9.04,1148.4,3.6,5.36,0.04,0.038,0.86
4,2021,7,5,8,27.7,8.42,9.04,1148.4,3.6,5.36,0.039,0.038,0.88
4,2021,7,5,12,28.2,8.59,12.2,1140.2,4.6,5.62,0.025,0.04,0.85
4,2021,7,5,16,28.2,8.55,11.24,1138.1,5.0,5.62,0.025,0.038,0.83
4,2021,7,5,20,28.0,8.52,10.6,1139.8,5.0,5.58,0.025,0.038,0.83
4,2021,7,5,20,28.0,8.52,10.6,1139.8,5.0,5.54,0.025,0.036,0.79
4,2021,7,6,0,27.6,8.43,9.01,1136.8,4.1,5.54,0.025,0.036,0.79
4,2021,7,6,4,27.3,8.35,7.79,1137.6,3.9,5.54,0.053,0.038,0.85
4,2021,7,6,8,27.2,8.34,7.72,1135.2,4.0,5.4,0.053,0.038,0.85
4,2021,7,6,8,27.2,8.34,7.72,1135.2,4.0,5.2,0.065,0.037,0.89
4,2021,7,6,12,27.6,8.45,9.23,1130.8,5.2,5.46,0.048,0.038,0.84
4,2021,7,6,16,29.0,8.47,9.35,1136.1,4.0,5.11,0.04,0.033,0.95
4,2021,7,7,8,28.0,8.43,8.9,1131.4,3.1,5.29,0.035,0.038,0.85
4,2021,7,7,12,29.2,8.53,10.25,1134.3,3.3,5.26,0.035,0.036,0.84
4,2021,7,7,12,29.2,8.53,10.25,1134.3,3.3,5.24,0.035,0.034,0.81
4,2021,7,26,12,25.7,8.15,7.8,813.4,13.8,3.96,0.03,0.038,8.02
4,2021,7,26,16,25.9,8.27,8.84,814.5,12.8,4.12,0.025,0.036,8.1
4,2021,7,26,20,25.6,8.26,8.75,815.9,11.7,4.12,0.025,0.031,8.1
4,2021,7,27,0,25.8,8.25,8.6,816.1,11.1,4.89,0.025,0.031,8.06
4,2021,7,27,0,25.8,8.25,8.6,816.1,11.1,4.89,0.025,0.031,8.06
4,2021,7,27,4,25.5,8.18,7.94,816.9,11.2,3.96,0.027,0.032,8.14
4,2021,7,27,8,25.4,8.16,7.67,817.7,11.5,3.96,0.03,0.03,8.14
4,2021,7,27,12,25.4,8.28,8.53,826.1,10.8,3.76,0.03,0.03,8.34
4,2021,7,27,12,25.4,8.28,8.53,826.1,10.8,3.76,0.03,0.03,8.34
4,2021,7,27,12,25.4,8.28,8.53,826.1,10.8,3.7,0.025,0.028,8.13
4,2021,7,27,16,25.2,8.16,7.73,821.1,12.1,3.67,0.025,0.03,7.9
4,2021,7,27,20,24.8,8.19,7.76,798.2,20.2,3.67,0.108,0.042,7.76
4,2021,7,28,0,24.6,8.17,7.67,792.7,22.6,3.67,0.108,0.042,7.76
4,2021,7,28,4,24.5,8.16,7.44,766.2,22.2,3.67,0.108,0.042,7.76
4,2021,7,28,4,24.5,8.16,7.44,766.2,22.2,3.5,0.121,0.043,7.35
4,2021,7,28,8,24.5,8.16,7.46,765.0,20.3,3.52,0.118,0.041,7.47
4,2021,7,28,12,24.6,8.23,8.18,761.4,19.6,3.52,0.101,0.038,7.47
4,2021,7,28,16,24.5,8.19,8.04,746.8,19.0,3.46,0.101,0.038,7.57
4,2021,7,28,16,24.5,8.19,8.04,746.8,19.0,3.44,0.137,0.039,7.01
4,2021,7,28,20,24.7,8.26,8.86,750.6,12.7,3.63,0.104,0.034,7.07
4,2021,7,29,0,25.1,8.25,8.62,761.4,11.1,3.63,0.104,0.034,7.07
4,2021,7,29,4,24.9,8.19,7.9,755.5,9.9,3.63,0.104,0.034,7.07
4,2021,7,29,4,24.9,8.19,7.9,755.5,9.9,3.43,0.108,0.03,7.27
4,2021,7,29,8,24.8,8.26,8.78,747.5,10.3,3.55,0.074,0.033,7.26
4,2021,7,29,12,24.8,8.27,8.99,733.1,9.4,3.49,0.074,0.031,6.79
4,2021,7,29,16,24.3,8.12,7.54,716.2,10.8,3.49,0.074,0.031,6.79
4,2021,7,29,16,24.3,8.12,7.54,716.2,10.8,3.07,0.207,0.036,6.72
4,2021,7,29,20,24.2,8.14,7.89,724.3,10.8,3.25,0.241,0.042,6.98
4,2021,7,30,0,24.1,8.07,7.35,737.4,13.1,3.25,0.241,0.042,6.98
4,2021,7,30,4,24.0,8.05,7.14,742.7,13.7,3.25,0.241,0.042,6.98
4,2021,7,30,4,24.0,8.05,7.14,742.7,13.7,3.35,0.322,0.054,7.18
4,2021,7,30,8,24.0,8.05,7.29,754.6,13.0,3.24,0.322,0.052,7.29
4,2021,7,30,12,24.7,8.15,8.39,755.4,10.3,3.24,0.293,0.051,7.04
4,2021,7,30,16,25.3,8.33,10.83,749.6,9.7,3.58,0.293,0.051,7.04
4,2021,8,6,8,27.4,8.24,8.01,782.2,4.1,2.67,0.025,0.024,4.91
4,2021,8,6,8,27.4,8.24,8.01,782.2,4.1,2.76,0.025,0.021,5.09
4,2021,9,23,12,23.7,8.39,10.5,538.1,4.1,3.59,0.066,0.027,1.74
4,2021,9,23,16,23.6,8.58,11.85,535.6,4.2,3.79,0.055,0.028,1.75
4,2021,9,23,20,24.0,8.65,12.27,534.7,3.5,3.6,0.053,0.026,1.62
4,2021,9,24,0,23.8,8.64,11.96,533.4,4.3,3.6,0.053,0.026,1.62
4,2021,9,24,4,23.5,8.52,10.77,532.6,3.6,3.59,0.061,0.031,1.64
4,2021,10,28,12,14.4,8.28,10.45,815.6,5.9,2.27,0.118,0.021,3.97
4,2021,10,28,16,14.9,8.32,11.05,813.8,4.9,2.35,0.173,0.019,4.01
4,2021,10,28,20,14.7,8.29,10.55,815.2,4.2,2.31,0.137,0.018,3.94
4,2021,10,29,0,14.3,8.28,10.47,815.0,4.5,2.07,0.137,0.018,3.94
4,2021,10,29,4,14.2,8.2,9.47,816.8,6.0,2.15,0.132,0.022,3.92
4,2021,10,29,8,14.0,8.17,9.27,817.2,8.2,2.24,0.14,0.022,3.86
4,2021,10,29,12,14.3,8.25,9.95,816.6,7.1,2.2,0.12,0.025,4.08
4,2021,11,5,8,13.3,8.09,8.94,878.7,5.7,2.57,0.105,0.027,4.39
4,2021,11,5,12,13.3,8.13,9.4,913.0,5.8,2.55,0.07,0.032,4.91
4,2021,11,5,16,13.4,8.2,10.15,908.2,5.2,2.84,0.06,0.031,4.88
4,2021,11,5,20,13.4,8.16,9.7,918.7,5.2,2.95,0.058,0.028,4.92
4,2021,11,6,0,13.2,8.14,9.52,917.3,4.8,2.84,0.058,0.028,4.92
4,2021,11,6,4,13.2,8.08,8.89,928.4,4.7,2.8,0.112,0.028,5.14
4,2021,11,6,8,13.1,8.07,8.88,934.3,5.3,2.87,0.098,0.03,5.21
4,2021,11,6,12,13.1,8.05,8.72,936.3,4.9,2.84,0.133,0.034,5.36
4,2021,11,6,16,13.0,8.11,9.29,920.3,8.6,3.12,0.096,0.03,5.04
4,2021,11,6,20,12.6,8.1,9.29,918.7,10.8,2.67,0.11,0.031,4.99
4,2021,11,7,0,12.0,8.15,9.8,900.3,11.6,2.69,0.11,0.031,4.99
4,2021,11,7,4,11.6,8.15,9.82,901.7,13.4,2.54,0.094,0.031,4.74
4,2021,11,7,4,11.6,8.15,9.82,901.7,13.4,2.5,0.094,0.034,4.78
4,2021,11,7,12,10.9,8.15,9.92,902.3,10.5,2.36,0.145,0.005,4.69
4,2021,11,7,16,10.8,8.17,10.04,900.5,11.2,2.4,0.144,0.029,4.7
4,2021,11,7,20,10.4,8.17,10.08,897.7,13.2,2.4,0.13,0.029,4.7
4,2021,11,8,0,10.0,8.17,10.21,894.9,12.1,2.34,0.13,0.03,4.58
4,2021,11,8,4,9.5,8.19,10.3,886.6,12.0,2.34,0.111,0.03,4.58
4,2021,11,8,8,9.2,8.19,10.34,882.3,10.8,2.19,0.114,0.03,4.42
4,2021,11,8,12,9.2,8.21,10.64,879.3,9.1,2.12,0.108,0.028,4.27
4,2021,11,8,16,9.3,8.21,10.64,874.7,8.2,1.95,0.108,0.028,4.29
4,2021,11,8,20,9.0,8.21,10.56,873.6,10.5,2.02,0.114,0.029,4.27
4,2021,11,9,0,8.5,8.21,10.63,870.6,9.5,2.12,0.114,0.029,4.27
4,2021,11,9,4,8.4,8.21,10.6,870.2,10.0,1.97,0.139,0.03,4.31
4,2021,11,9,8,8.1,8.21,10.66,863.0,9.5,1.89,0.177,0.029,4.17
4,2021,11,9,12,8.3,8.23,10.85,865.4,8.9,1.93,0.148,0.028,4.2
4,2021,11,9,16,8.5,8.16,10.93,857.7,10.1,1.96,0.158,0.029,3.98
4,2021,11,10,0,7.8,8.21,10.99,857.9,9.6,2.0,0.177,0.029,4.12
4,2021,11,10,4,7.7,8.21,10.92,855.6,9.4,1.98,0.17,0.032,4.04
4,2021,11,10,8,7.5,8.22,11.04,856.2,9.6,1.9,0.17,0.029,4.0
4,2021,11,10,12,7.6,8.23,11.22,850.8,9.6,1.93,0.175,0.03,4.06
4,2021,11,10,16,7.7,8.24,11.33,840.9,9.1,1.88,0.169,0.03,3.92
4,2021,11,10,20,7.4,8.25,11.36,835.2,12.3,1.88,0.154,0.032,3.97
4,2021,11,11,0,7.2,8.24,11.27,840.2,10.1,2.01,0.154,0.032,3.97
4,2021,11,11,4,7.2,8.23,11.1,843.6,9.3,2.01,0.151,0.032,3.97
4,2021,11,11,12,7.2,8.25,11.35,837.7,8.7,1.9,0.153,0.029,3.97
4,2021,11,11,16,7.5,8.25,11.31,831.7,8.4,1.89,0.144,0.029,3.84
4,2021,11,11,20,7.4,8.23,11.13,830.9,7.4,1.93,0.14,0.029,3.99
4,2021,11,12,0,7.1,8.24,11.26,822.4,8.6,1.89,0.14,0.028,3.93
4,2021,11,12,4,7.0,8.22,11.01,821.8,8.1,1.89,0.123,0.029,3.91
4,2021,11,26,12,6.4,8.3,11.8,740.4,6.5,2.11,0.026,0.013,3.41
4,2021,11,26,16,6.7,8.32,12.28,737.4,3.9,2.06,0.105,0.012,3.29
4,2021,11,26,20,6.6,8.32,12.35,738.0,3.4,2.03,0.034,0.012,3.37
4,2021,11,27,0,6.4,8.29,11.78,739.0,3.5,2.03,0.034,0.012,3.37
4,2021,11,27,4,6.2,8.29,11.63,741.2,3.7,2.02,0.027,0.014,3.41
4,2021,11,27,8,6.2,8.28,11.57,736.7,3.9,1.98,0.045,0.012,3.39
4,2021,11,27,12,6.5,8.31,11.94,739.0,3.6,2.08,0.03,0.012,3.32
4,2021,11,27,16,6.7,8.32,12.19,737.8,3.5,2.14,0.028,0.013,3.31
4,2021,11,27,20,6.4,8.31,11.89,736.3,3.3,1.99,0.027,0.013,3.28
4,2021,11,28,0,6.4,8.31,11.84,736.0,3.4,1.99,0.027,0.013,3.28
4,2021,11,28,4,6.4,8.29,11.64,736.1,3.3,2.1,0.025,0.014,3.36
4,2021,11,28,8,6.2,8.29,11.68,738.5,3.3,2.04,0.025,0.012,3.27
4,2021,11,28,12,6.5,8.31,12.0,737.9,3.2,2.04,0.025,0.012,3.42
4,2021,11,28,16,6.7,8.34,12.75,734.4,3.0,2.11,0.025,0.013,3.34
4,2021,11,28,20,6.6,8.34,12.52,733.6,2.8,2.12,0.025,0.011,3.3
4,2021,11,29,0,6.5,8.32,12.21,734.3,2.9,2.12,0.025,0.011,3.3
4,2021,11,29,4,6.4,8.32,12.0,734.6,2.9,2.15,0.025,0.013,3.46
4,2021,11,29,8,6.4,8.31,11.84,735.3,3.1,2.03,0.025,0.012,3.24
4,2021,11,29,12,6.2,8.34,12.27,735.3,4.3,2.19,0.025,0.014,3.37
4,2021,11,30,8,5.7,8.3,11.78,737.2,5.0,2.2,0.025,0.014,3.22
4,2021,11,30,12,5.8,8.33,12.1,737.2,4.3,2.18,0.025,0.014,3.22
4,2021,11,30,16,5.8,8.35,12.3,736.9,4.1,2.23,0.025,0.016,3.28
4,2021,11,30,20,5.7,8.33,12.02,738.1,3.9,2.29,0.025,0.015,3.31
4,2021,11,30,20,5.7,8.33,12.02,738.1,3.9,2.29,0.025,0.015,3.31
4,2021,12,1,4,5.4,8.3,11.71,738.1,3.4,2.24,0.085,0.016,3.39
4,2021,12,1,12,5.7,8.35,12.39,738.4,3.7,2.24,0.038,0.014,3.32
4,2021,12,1,16,5.8,8.36,12.58,737.7,3.3,2.22,0.025,0.015,3.33
4,2021,12,1,20,5.7,8.34,12.32,737.0,3.2,2.2,0.025,0.013,3.23
4,2021,12,2,0,5.6,8.34,12.28,736.9,3.1,2.2,0.025,0.013,3.23
4,2021,12,2,4,5.5,8.33,12.08,737.9,3.3,2.22,0.039,0.015,3.34
4,2021,12,2,12,5.5,8.36,12.31,739.8,3.6,2.24,0.043,0.014,3.25
4,2021,12,3,12,5.4,8.36,12.39,743.3,3.4,2.3,0.025,0.015,3.4
4,2021,12,7,16,6.0,8.39,12.69,749.4,2.7,2.28,0.025,0.016,3.54
4,2021,12,7,20,5.5,8.37,12.48,750.3,2.5,2.34,0.025,0.015,3.44
4,2021,12,8,8,5.3,8.36,12.0,752.7,2.7,2.3,0.025,0.016,3.51
4,2021,12,8,12,5.5,8.37,12.19,752.9,2.6,2.28,0.025,0.016,3.6
4,2021,12,8,16,5.7,8.39,12.71,751.7,2.6,2.35,0.025,0.017,3.59
4,2021,12,8,20,5.7,8.38,12.55,751.4,2.4,2.35,0.025,0.017,3.51
4,2021,12,9,0,5.6,8.37,12.34,750.9,2.5,2.35,0.025,0.017,3.51
4,2021,12,9,4,5.5,8.37,12.25,750.6,2.5,2.29,0.025,0.015,3.5
4,2021,12,9,8,5.5,8.35,12.1,751.1,2.4,2.36,0.025,0.017,3.38
4,2021,12,9,16,5.5,8.36,12.14,753.3,2.4,2.35,0.025,0.018,3.48
4,2021,12,10,12,5.5,8.35,11.99,754.8,2.5,2.31,0.025,0.016,3.5
4,2021,12,10,16,5.7,8.37,12.31,753.4,2.4,2.24,0.025,0.016,3.6
4,2021,12,14,8,4.9,8.33,11.65,767.6,2.6,2.26,0.025,0.016,3.43
4,2021,12,14,12,5.1,8.34,11.9,768.4,2.7,2.32,0.025,0.016,3.5
4,2021,12,14,16,5.1,8.35,11.83,768.7,2.6,2.34,0.025,0.017,3.57
4,2021,12,14,20,5.2,8.33,11.64,768.9,2.4,2.2,0.025,0.017,3.61
4,2021,12,15,0,5.1,8.33,11.62,768.2,2.2,2.2,0.025,0.017,3.61
4,2021,12,15,4,5.1,8.33,11.53,768.6,2.4,2.2,0.025,0.017,3.5
4,2021,12,21,12,5.4,8.25,11.47,773.7,1.7,2.17,0.025,0.017,3.37
4,2021,12,21,16,5.5,8.25,11.44,773.1,1.6,2.2,0.025,0.016,3.37
4,2021,12,22,8,5.4,8.19,10.59,772.4,1.8,2.1,0.025,0.016,3.41
4,2021,12,22,16,5.7,8.19,10.92,771.1,1.6,2.06,0.025,0.017,3.33
4,2021,12,22,20,5.7,8.19,10.61,772.8,1.7,2.03,0.025,0.016,3.32
4,2021,12,23,0,5.7,8.2,10.74,771.1,1.6,2.13,0.025,0.016,3.32
4,2021,12,23,4,5.6,8.2,10.93,772.0,1.5,2.15,0.025,0.016,3.26
4,2021,12,23,8,5.5,8.2,10.75,772.6,1.5,2.08,0.025,0.016,3.46
4,2021,12,23,12,5.5,8.21,10.85,773.3,1.6,2.06,0.025,0.017,3.41
4,2021,12,23,16,5.5,8.21,10.92,772.8,1.6,2.23,0.025,0.016,3.27
4,2021,12,23,20,5.5,8.21,10.86,772.8,1.6,2.19,0.025,0.016,3.26
4,2021,12,24,0,5.5,8.2,10.68,772.8,1.5,2.19,0.025,0.016,3.26
4,2021,12,24,4,5.4,8.2,10.7,772.9,1.5,2.19,0.025,0.016,3.26
4,2021,12,24,12,5.4,8.23,11.1,775.1,1.5,2.26,0.025,0.016,3.43
4,2021,12,27,16,5.2,8.21,10.99,797.0,1.7,2.26,0.025,0.016,3.5
4,2021,12,27,20,5.1,8.2,10.86,797.3,1.7,2.23,0.025,0.017,3.41
4,2021,12,28,0,5.0,8.19,10.8,798.1,1.7,2.21,0.025,0.017,3.41
4,2021,12,28,4,5.1,8.2,10.85,797.5,1.6,2.21,0.025,0.017,3.5
4,2021,12,28,8,5.0,8.19,10.73,799.3,1.6,2.24,0.025,0.017,3.56
4,2021,12,28,16,5.2,8.21,10.93,798.6,1.6,2.25,0.025,0.016,3.4
4,2021,12,30,12,5.0,8.23,11.31,811.2,1.5,2.25,0.025,0.018,3.61
4,2022,1,11,8,5.2,8.09,11.32,853.9,1.1,2.48,0.025,0.018,3.66
4,2022,1,11,12,5.3,8.1,11.42,854.0,1.1,2.49,0.025,0.017,3.78
4,2022,1,11,16,5.3,8.06,11.26,856.5,1.2,2.41,0.025,0.016,3.64
4,2022,1,12,8,5.1,8.03,10.89,857.7,1.2,2.48,0.025,0.017,3.56
4,2022,1,12,12,5.0,8.06,11.39,859.4,1.1,2.35,0.025,0.018,3.69
4,2022,1,12,16,5.1,8.08,11.58,856.8,1.1,2.51,0.025,0.017,3.57
4,2022,1,14,12,5.1,8.15,11.78,872.9,1.2,2.48,0.025,0.016,3.83
4,2022,1,14,16,5.2,8.14,11.8,874.7,1.3,2.55,0.025,0.021,3.99
4,2022,1,19,8,5.0,8.1,11.87,888.8,1.2,2.6,0.025,0.019,3.81
4,2022,1,19,12,5.1,8.12,12.12,887.9,1.2,2.44,0.025,0.02,3.84
4,2022,1,19,16,5.2,8.14,12.32,887.2,1.3,2.6,0.025,0.02,3.89
4,2022,1,19,20,5.2,8.12,12.1,887.2,1.3,2.58,0.025,0.02,3.9
4,2022,1,20,0,5.1,8.11,12.02,887.5,1.3,2.58,0.025,0.02,3.9
4,2022,1,20,4,5.0,8.11,12.03,889.6,1.1,2.52,0.025,0.02,4.12
4,2022,1,20,8,5.0,8.11,11.96,889.7,1.2,2.52,0.025,0.02,4.12
4,2022,1,20,12,5.0,8.13,12.29,889.5,1.5,2.6,0.025,0.019,4.0
4,2022,1,20,16,5.1,8.13,12.27,888.9,1.2,2.66,0.025,0.02,3.82
4,2022,1,20,20,5.0,8.13,12.16,889.0,1.2,2.69,0.025,0.019,3.89
4,2022,1,21,0,5.0,8.12,12.1,889.3,1.1,2.69,0.025,0.019,3.89
4,2022,1,21,4,5.0,8.11,12.05,890.0,1.2,2.69,0.025,0.019,3.91
4,2022,1,21,8,4.8,8.12,12.04,890.0,1.0,2.7,0.025,0.019,4.06
4,2022,1,21,12,4.9,8.13,12.16,890.5,1.1,2.7,0.025,0.02,3.87
4,2022,2,10,8,5.2,8.02,11.27,955.3,1.4,2.52,0.025,0.022,3.92
4,2022,2,10,12,5.4,8.05,11.81,951.0,1.7,2.44,0.025,0.02,3.77
4,2022,2,11,16,5.4,8.08,12.28,945.8,1.1,2.38,0.025,0.019,3.77
4,2022,2,11,20,5.5,8.08,12.02,957.2,1.2,2.47,0.025,0.022,3.88
4,2022,2,12,0,5.5,8.07,11.89,964.4,1.2,2.47,0.025,0.022,3.88
4,2022,2,12,4,5.5,8.06,11.76,967.3,1.3,2.39,0.025,0.025,4.13
4,2022,2,12,16,5.5,8.09,12.26,969.4,1.7,2.42,0.025,0.021,3.95
4,2022,2,12,20,5.5,8.08,12.04,972.1,1.3,2.37,0.025,0.022,4.14
4,2022,2,13,0,5.4,8.06,11.93,972.1,1.6,2.37,0.025,0.022,4.14
4,2022,2,13,4,5.4,8.06,11.84,977.6,1.3,2.37,0.025,0.024,4.06
4,2022,2,13,8,5.2,8.05,11.8,973.6,1.2,2.44,0.025,0.025,4.06
4,2022,2,13,12,5.3,8.06,11.79,979.3,1.1,2.41,0.025,0.023,4.24
4,2022,2,13,16,5.3,8.06,11.74,978.6,1.1,2.4,0.025,0.024,4.0
4,2022,2,18,8,5.0,8.11,11.49,972.9,4.2,2.63,0.025,0.024,4.29
4,2022,2,18,12,5.0,8.14,11.63,876.6,5.5,2.62,0.025,0.026,4.35
4,2022,2,18,16,5.0,8.18,11.85,850.8,4.3,2.65,0.025,0.026,4.27
4,2022,2,18,20,4.8,8.15,11.72,983.5,4.6,2.67,0.025,0.025,4.2
4,2022,2,19,0,4.7,8.17,11.86,971.8,4.0,2.62,0.025,0.025,4.2
4,2022,2,22,12,3.3,8.39,12.92,1027.7,5.2,3.02,0.025,0.027,3.96
4,2022,2,22,12,3.3,8.39,12.92,1027.7,5.2,3.02,0.025,0.027,3.96
4,2022,2,22,16,3.6,8.58,14.46,1023.6,8.3,2.78,0.025,0.024,3.89
4,2022,2,22,16,3.6,8.58,14.46,1023.6,8.3,2.78,0.025,0.024,3.89
4,2022,2,22,20,3.6,8.53,13.98,1023.6,6.7,4.59,0.029,0.033,4.02
4,2022,2,23,0,3.4,8.43,13.1,936.9,6.2,3.85,0.029,0.033,4.12
4,2022,2,23,4,3.3,8.39,12.91,1012.3,5.1,3.85,0.025,0.034,4.12
4,2022,2,23,8,3.2,8.45,13.41,1002.5,5.2,3.04,0.025,0.029,3.95
4,2022,2,23,12,3.2,8.49,13.66,1034.3,5.9,3.21,0.025,0.029,3.84
4,2022,2,23,16,3.4,8.45,13.33,1030.3,4.3,2.75,0.025,0.024,3.66
4,2022,3,1,8,4.4,8.48,12.45,996.8,3.0,2.46,0.025,0.02,2.96
4,2022,3,1,12,4.5,8.65,14.4,972.4,2.7,2.62,0.025,0.019,2.82
4,2022,3,1,16,5.2,8.65,14.85,965.6,3.1,2.73,0.025,0.019,2.94
4,2022,3,2,8,4.8,8.55,13.12,970.9,2.4,2.39,0.025,0.018,2.99
4,2022,3,2,12,5.0,8.56,13.38,976.0,2.8,2.36,0.025,0.019,2.94
4,2022,3,7,8,5.5,8.51,12.05,977.7,4.8,2.59,0.025,0.022,2.74
4,2022,3,7,12,6.5,8.56,12.87,972.0,4.2,2.68,0.025,0.02,2.83
4,2022,3,8,8,6.1,8.53,12.1,973.0,4.3,2.58,0.025,0.021,2.78
4,2022,3,8,12,6.5,8.56,12.59,973.7,4.2,2.8,0.025,0.02,2.85
4,2022,3,8,16,7.2,8.59,13.14,973.8,4.2,2.61,0.025,0.02,2.77
4,2022,3,8,20,7.2,8.59,12.94,970.9,4.2,2.86,0.025,0.02,2.78
4,2022,3,9,0,7.3,8.57,12.71,971.4,4.3,2.97,0.025,0.023,2.71
4,2022,3,9,4,7.0,8.56,12.54,974.7,4.4,2.97,0.025,0.023,2.71
4,2022,3,9,8,7.0,8.58,12.61,975.9,4.0,3.03,0.025,0.022,2.76
4,2022,3,9,12,7.7,8.62,13.17,972.2,4.2,2.74,0.025,0.02,2.66
4,2022,3,9,16,7.8,8.67,13.82,967.4,5.0,3.01,0.025,0.022,2.74
4,2022,3,10,8,7.3,8.59,12.53,975.2,3.7,2.85,0.025,0.022,2.61
4,2022,3,10,12,8.1,8.63,12.99,966.7,3.7,2.77,0.025,0.021,2.69
4,2022,3,10,16,9.4,8.62,13.52,964.9,4.2,3.1,0.025,0.023,2.7
4,2022,3,11,8,8.7,8.55,11.98,971.0,3.5,2.85,0.025,0.022,2.52
4,2022,3,11,12,8.9,8.59,12.46,971.7,4.1,2.89,0.025,0.025,2.52
4,2022,3,11,16,8.8,8.58,12.37,971.7,4.3,3.17,0.025,0.026,2.58
4,2022,3,11,20,8.8,8.57,12.16,972.3,4.5,3.34,0.025,0.026,2.58
4,2022,3,12,16,10.0,8.6,12.66,968.4,3.9,2.86,0.025,0.023,2.47
4,2022,3,12,20,9.3,8.55,11.9,971.9,3.3,2.92,0.025,0.023,2.57
4,2022,3,13,0,8.9,8.54,11.56,975.7,3.2,2.92,0.025,0.023,2.57
4,2022,3,13,4,8.9,8.53,11.37,978.0,3.3,2.92,0.025,0.023,2.54
4,2022,3,13,8,8.8,8.54,11.56,977.6,3.4,2.93,0.025,0.023,2.58
4,2022,3,13,12,9.2,8.56,11.81,976.0,3.6,2.91,0.025,0.023,2.56
4,2022,3,13,16,9.2,8.54,11.88,975.9,3.9,2.86,0.025,0.023,2.48
4,2022,3,13,20,9.0,8.55,11.5,973.6,3.7,2.74,0.025,0.022,2.55
4,2022,3,14,0,9.0,8.53,11.34,974.3,3.9,2.74,0.025,0.022,2.55
4,2022,3,14,4,9.0,8.53,11.21,974.8,3.7,2.8,0.025,0.022,2.58
4,2022,3,14,12,9.6,8.54,11.41,973.8,4.1,2.82,0.025,0.022,2.53
4,2022,3,14,16,10.1,8.57,11.64,971.0,4.1,2.84,0.025,0.023,2.63
4,2022,3,15,8,9.3,8.51,11.08,970.4,4.1,2.79,0.025,0.021,2.48
4,2022,3,15,16,10.6,8.55,12.68,969.9,3.8,2.85,0.025,0.021,2.52
4,2022,3,16,0,10.1,8.52,11.82,973.9,3.7,2.75,0.025,0.021,2.46
4,2022,3,16,4,10.1,8.5,11.71,975.2,3.2,2.75,0.025,0.021,2.46
4,2022,3,16,12,10.8,8.58,12.78,973.8,3.8,2.74,0.025,0.021,2.58
4,2022,3,16,16,11.0,8.57,12.52,970.7,4.2,2.82,0.025,0.022,2.53
4,2022,3,16,20,10.5,8.53,12.14,972.6,4.5,2.83,0.025,0.021,2.44
4,2022,3,17,0,10.1,8.52,11.7,974.3,7.4,2.61,0.025,0.022,2.47
4,2022,3,17,4,9.8,8.5,11.59,974.9,5.4,2.61,0.025,0.022,2.47
4,2022,3,17,8,9.7,8.52,11.67,976.4,5.3,2.69,0.025,0.022,2.55
4,2022,3,17,12,9.7,8.55,11.9,974.2,7.2,2.69,0.025,0.022,2.54
4,2022,3,17,16,9.4,8.54,11.83,973.3,6.0,2.7,0.025,0.022,2.45
4,2022,3,17,20,9.2,8.5,11.67,974.8,6.7,2.81,0.025,0.022,2.56
4,2022,3,18,8,9.1,8.49,11.42,976.1,6.5,2.85,0.025,0.005,2.55
4,2022,3,18,12,9.0,8.53,11.67,975.9,5.6,2.78,0.025,0.021,2.52
4,2022,3,18,16,8.8,8.52,11.59,973.8,5.4,2.76,0.025,0.022,2.52
4,2022,3,23,12,9.4,8.57,12.13,978.7,5.7,2.87,0.025,0.02,2.44
4,2022,3,24,16,9.6,8.57,12.2,984.3,4.9,2.97,0.025,0.022,2.44
4,2022,3,24,20,9.4,8.54,11.94,983.7,4.3,2.94,0.025,0.02,2.5
4,2022,3,25,0,9.4,8.52,11.74,984.9,4.8,2.94,0.025,0.02,2.5
4,2022,3,25,4,9.2,8.53,11.53,993.9,4.5,3.07,0.025,0.022,2.54
4,2022,3,25,8,9.2,8.54,11.63,995.2,4.9,2.98,0.025,0.021,2.61
4,2022,3,25,12,9.4,8.59,12.01,992.5,4.9,3.16,0.025,0.023,2.56
4,2022,3,25,16,9.4,8.6,12.04,1000.1,5.1,3.21,0.025,0.023,2.65
4,2022,3,25,20,9.3,8.56,11.7,1004.4,5.1,3.33,0.025,0.023,2.73
4,2022,3,26,0,9.3,8.55,11.58,1003.9,5.4,3.33,0.025,0.023,2.73
4,2022,3,26,4,9.2,8.53,11.46,1004.6,5.6,3.27,0.025,0.024,2.58
4,2022,3,26,8,9.1,8.55,11.61,991.4,5.8,3.22,0.025,0.023,2.69
4,2022,3,26,12,10.2,8.59,11.98,1010.0,5.1,3.31,0.025,0.022,2.66
4,2022,3,26,16,10.2,8.58,11.82,1005.7,6.2,3.42,0.025,0.024,2.67
4,2022,3,26,20,10.1,8.57,11.64,1008.1,8.2,3.35,0.025,0.025,2.58
4,2022,3,27,0,9.6,8.53,11.56,1015.9,6.8,3.35,0.025,0.025,2.58
4,2022,3,27,4,9.4,8.5,11.33,1014.6,7.1,3.37,0.025,0.025,2.62
4,2022,3,27,8,9.4,8.53,11.44,1015.9,7.7,3.38,0.025,0.025,2.82
4,2022,3,27,12,10.0,8.54,11.59,1019.7,6.8,3.39,0.025,0.023,2.76
4,2022,3,27,16,10.8,8.59,11.76,1017.6,6.6,3.46,0.025,0.023,2.69
4,2022,3,27,20,10.6,8.57,11.72,1017.7,6.3,3.32,0.045,0.023,2.57
4,2022,3,28,0,10.2,8.53,11.41,1020.6,6.5,3.32,0.045,0.023,2.57
4,2022,3,28,4,9.8,8.52,11.37,1021.5,6.8,3.33,0.025,0.025,2.65
4,2022,3,28,8,9.8,8.52,11.37,1021.5,6.8,3.22,0.025,0.025,2.65
4,2022,3,28,12,10.5,8.58,11.8,1019.8,8.0,3.38,0.025,0.022,2.71
4,2022,3,28,16,10.8,8.6,11.99,1017.4,11.2,3.35,0.025,0.023,2.74
4,2022,3,28,20,10.5,8.56,11.55,1018.7,9.7,3.34,0.025,0.023,2.61
4,2022,3,29,0,10.5,8.54,11.33,1019.6,9.3,3.34,0.025,0.023,2.61
4,2022,3,29,4,10.4,8.52,11.19,1021.4,10.8,3.36,0.025,0.023,2.75
4,2022,3,29,12,10.5,8.6,11.84,1022.3,9.6,3.37,0.025,0.021,2.77
4,2022,3,29,16,10.6,8.6,11.75,1019.0,8.8,3.53,0.025,0.022,2.69
4,2022,3,29,20,10.6,8.59,11.74,1021.9,8.5,3.44,0.025,0.022,2.75
4,2022,3,30,0,10.5,8.57,11.56,1021.3,6.4,3.44,0.025,0.022,2.75
4,2022,3,30,4,10.5,8.58,11.72,1023.3,5.8,3.53,0.025,0.024,2.77
4,2022,3,30,12,10.5,8.57,11.58,1023.7,6.1,3.61,0.049,0.025,2.64
4,2022,3,30,16,10.9,8.59,11.6,1047.1,6.3,3.69,0.025,0.027,2.81
4,2022,3,30,20,10.9,8.56,11.33,1051.3,6.4,3.64,0.025,0.027,2.62
4,2022,3,31,0,10.9,8.53,11.16,1065.0,6.4,3.64,0.025,0.027,2.62
4,2022,3,31,4,10.7,8.51,11.13,1062.2,6.1,3.62,0.025,0.028,2.83
4,2022,3,31,8,10.6,8.53,11.28,1047.0,5.9,3.6,0.025,0.025,2.81
4,2022,3,31,12,10.9,8.52,11.36,1063.6,5.9,3.64,0.025,0.027,2.8
4,2022,3,31,16,11.2,8.5,11.27,1064.9,7.4,3.6,0.025,0.027,2.75
4,2022,3,31,20,11.2,8.48,11.17,1068.2,6.8,3.47,0.034,0.026,2.75
4,2022,4,1,0,10.9,8.48,11.19,1067.9,10.0,3.47,0.034,0.026,2.75
4,2022,4,1,4,10.8,8.45,11.0,1066.4,8.6,3.51,0.035,0.027,2.8
4,2022,4,1,12,11.3,8.51,11.53,1066.6,7.6,3.57,0.033,0.026,2.54
4,2022,4,1,16,11.7,8.52,11.43,1063.7,7.8,3.51,0.031,0.025,2.56
4,2022,4,1,20,11.6,8.5,11.37,1065.2,8.3,3.44,0.029,0.026,2.43
4,2022,4,2,0,11.4,8.48,11.14,1067.3,9.0,3.44,0.029,0.026,2.43
4,2022,4,2,4,11.2,8.47,11.03,1067.4,7.4,3.36,0.026,0.024,2.47
4,2022,4,2,8,11.1,8.48,11.15,1065.4,7.5,3.36,0.033,0.025,2.51
4,2022,4,2,16,12.9,8.51,11.23,1061.2,7.6,3.33,0.026,0.022,2.3
4,2022,4,2,20,12.5,8.51,11.15,1058.1,8.3,3.28,0.025,0.023,2.26
4,2022,4,3,0,12.1,8.48,10.89,1058.1,12.0,3.2,0.025,0.023,2.26
4,2022,4,3,4,11.7,8.48,10.92,1057.6,9.9,3.12,0.026,0.023,2.26
4,2022,4,3,8,11.6,8.5,11.11,1055.8,9.5,3.05,0.026,0.023,2.36
4,2022,4,3,12,12.3,8.51,11.02,1055.0,10.2,3.11,0.025,0.023,2.26
4,2022,4,3,16,12.6,8.46,11.31,1056.9,9.7,3.19,0.043,0.023,2.14
4,2022,4,3,20,12.5,8.5,11.28,1052.4,9.6,3.32,0.039,0.024,2.26
4,2022,4,4,0,12.4,8.49,10.96,1053.6,9.8,3.3,0.039,0.024,2.26
4,2022,4,4,4,12.1,8.48,10.83,1055.1,12.8,3.25,0.036,0.023,2.26
4,2022,4,4,8,12.1,8.47,10.89,1055.0,10.5,3.25,0.043,0.022,2.25
4,2022,4,4,12,13.0,8.54,11.53,1052.8,13.4,3.18,0.036,0.023,2.2
4,2022,4,4,16,14.0,8.56,11.61,1049.4,10.3,3.2,0.032,0.022,2.25
4,2022,4,4,20,13.4,8.54,11.16,1048.0,8.9,3.4,0.025,0.022,2.24
4,2022,4,5,0,13.4,8.51,10.88,1053.4,9.8,3.29,0.025,0.022,2.24
4,2022,4,5,4,13.3,8.49,10.64,1051.4,8.7,3.26,0.028,0.021,2.31
4,2022,4,5,8,13.1,8.52,11.0,1053.3,10.2,3.28,0.029,0.022,2.43
4,2022,4,5,12,13.7,8.54,11.3,1054.3,10.5,3.3,0.025,0.023,2.37
4,2022,4,5,16,14.4,8.57,11.54,1055.3,10.6,3.46,0.029,0.024,2.36
4,2022,4,5,20,14.5,8.53,10.85,1057.9,10.5,3.57,0.034,0.023,2.34
4,2022,4,6,0,14.1,8.52,10.79,1058.3,10.5,3.48,0.034,0.023,2.34
4,2022,4,6,4,13.8,8.5,10.55,1062.0,10.4,3.47,0.028,0.024,2.28
4,2022,4,6,8,13.4,8.5,10.72,1059.1,9.9,3.38,0.032,0.024,2.39
4,2022,4,6,12,13.8,8.54,11.08,1062.4,11.3,3.46,0.034,0.024,2.39
4,2022,4,6,16,14.4,8.56,11.19,1060.4,10.5,3.49,0.033,0.023,2.35
4,2022,4,6,20,14.2,8.54,11.05,1059.9,10.5,3.48,0.031,0.023,2.35
4,2022,4,7,8,13.3,8.5,10.6,1066.2,10.1,3.51,0.028,0.023,2.35
4,2022,4,7,12,13.9,8.55,11.24,1064.8,9.9,3.5,0.028,0.023,2.34
4,2022,4,7,16,14.9,8.59,11.66,1065.8,9.7,3.62,0.025,0.025,2.26
4,2022,4,7,20,14.7,8.56,11.06,1067.7,9.8,3.62,0.025,0.024,2.36
4,2022,4,8,0,14.7,8.53,10.74,1070.5,8.7,3.6,0.025,0.024,2.25
4,2022,4,8,4,14.4,8.52,10.44,1072.6,9.0,3.6,0.025,0.024,2.25
4,2022,4,8,8,14.2,8.54,10.62,1072.6,8.7,3.51,0.032,0.023,2.32
4,2022,4,8,12,14.9,8.59,11.58,1071.7,8.3,3.6,0.029,0.024,2.35
4,2022,4,8,16,15.6,8.62,11.58,1073.6,8.4,3.64,0.029,0.023,2.26
4,2022,4,8,20,15.5,8.6,11.25,1071.6,6.8,3.74,0.025,0.023,2.33
4,2022,4,9,0,15.4,8.58,10.77,1076.1,6.3,3.63,0.025,0.022,2.22
4,2022,4,9,4,15.2,8.56,10.67,1075.5,6.0,3.63,0.025,0.022,2.22
4,2022,4,9,8,14.9,8.54,10.35,1077.1,6.3,3.57,0.027,0.022,2.42
4,2022,4,9,12,14.8,8.62,11.22,1079.3,7.5,3.79,0.029,0.023,2.26
4,2022,4,9,20,15.9,8.62,11.12,1085.6,6.2,3.82,0.025,0.023,2.23
4,2022,4,10,0,15.8,8.58,10.55,1092.3,7.3,3.76,0.025,0.021,2.28
4,2022,4,10,4,15.6,8.57,10.47,1089.4,6.1,3.76,0.025,0.021,2.28
4,2022,4,10,8,15.5,8.58,10.62,1094.0,5.8,3.78,0.025,0.022,2.32
4,2022,4,10,16,16.1,8.69,12.34,1092.7,5.9,3.89,0.025,0.024,2.36
4,2022,4,10,20,17.0,8.68,12.39,1089.9,5.3,4.06,0.025,0.024,2.39
4,2022,4,11,0,16.6,8.67,12.27,1090.3,5.5,3.82,0.025,0.021,2.25
4,2022,4,11,4,16.5,8.61,11.39,1091.9,5.3,3.82,0.025,0.021,2.25
4,2022,4,11,8,16.4,8.59,10.59,1100.4,5.2,3.78,0.025,0.021,2.32
4,2022,4,11,12,16.2,8.64,11.37,1101.2,5.6,3.79,0.025,0.022,2.4
4,2022,4,11,16,16.2,8.6,10.45,1105.2,7.5,4.02,0.025,0.027,2.49
4,2022,4,11,20,15.9,8.57,10.07,1106.5,9.0,3.95,0.025,0.024,2.34
4,2022,4,12,0,15.6,8.55,9.88,1106.5,9.5,3.92,0.025,0.024,2.37
4,2022,4,12,4,15.2,8.51,9.61,1108.1,9.3,3.92,0.025,0.024,2.37
4,2022,4,12,8,15.0,8.51,9.66,1107.9,9.3,3.8,0.03,0.023,2.27
4,2022,4,12,12,15.7,8.58,10.47,1106.6,7.7,3.81,0.028,0.024,2.39
4,2022,4,13,0,16.2,8.58,10.46,1108.9,7.0,3.77,0.029,0.021,2.37
4,2022,4,13,4,15.8,8.55,10.1,1114.0,7.0,3.77,0.029,0.021,2.37
4,2022,4,13,8,15.5,8.54,10.03,1115.8,6.9,3.78,0.025,0.023,2.3
4,2022,4,13,12,15.9,8.59,10.66,1127.4,7.7,3.81,0.025,0.023,2.3
4,2022,4,13,16,16.3,8.62,11.07,1124.3,8.1,3.95,0.027,0.024,2.26
4,2022,4,13,20,16.2,8.61,10.77,1125.9,8.3,3.92,0.025,0.025,2.26
4,2022,4,14,0,15.8,8.58,10.2,1128.5,8.0,3.94,0.028,0.024,2.22
4,2022,4,14,4,15.6,8.55,10.1,1130.1,8.5,3.94,0.028,0.024,2.22
4,2022,4,14,8,15.4,8.57,10.13,1133.3,7.9,3.93,0.025,0.025,2.27
4,2022,4,14,12,15.9,8.6,10.5,1132.6,6.8,3.95,0.025,0.025,2.18
4,2022,4,14,16,16.3,8.63,10.71,1134.3,7.4,4.14,0.025,0.025,2.26
4,2022,4,14,20,15.9,8.62,10.47,1135.4,7.5,4.13,0.026,0.026,2.14
4,2022,4,15,8,15.0,8.6,10.18,1141.8,8.6,4.08,0.025,0.026,2.37
4,2022,4,15,12,15.3,8.62,10.41,1141.8,8.2,3.92,0.025,0.026,2.25
4,2022,4,15,16,15.8,8.64,10.28,1140.2,7.6,4.15,0.028,0.026,2.25
4,2022,4,15,20,15.9,8.68,11.36,1136.6,7.0,4.1,0.028,0.024,2.22
4,2022,4,16,0,15.5,8.65,10.71,1141.2,7.5,4.1,0.028,0.024,2.22
4,2022,4,16,4,15.2,8.62,10.41,1143.4,7.9,3.94,0.025,0.024,2.32
4,2022,4,16,8,15.0,8.61,10.2,1144.5,8.2,3.95,0.025,0.025,2.33
4,2022,4,16,12,15.6,8.65,10.8,1144.0,7.7,3.95,0.025,0.026,2.11
4,2022,4,16,12,15.6,8.65,10.8,1144.0,7.7,3.95,0.025,0.026,2.11
4,2022,4,16,12,15.6,8.65,10.8,1144.0,7.7,3.95,0.025,0.026,2.11
4,2022,4,16,12,15.6,8.65,10.8,1144.0,7.7,3.95,0.025,0.026,2.11
4,2022,4,16,12,15.6,8.65,10.8,1144.0,7.7,3.95,0.025,0.026,2.11
4,2022,4,17,12,15.8,8.7,11.27,1142.3,7.2,4.17,0.033,0.025,2.3
4,2022,4,17,16,16.0,8.75,12.06,1138.4,7.1,4.17,0.025,0.022,2.32
4,2022,4,17,20,15.9,8.74,12.0,1140.4,5.6,4.14,0.027,0.022,2.32
4,2022,4,18,0,15.7,8.69,10.98,1143.7,5.6,4.14,0.027,0.022,2.32
4,2022,4,18,4,15.5,8.67,10.7,1144.7,5.3,3.97,0.025,0.023,2.24
4,2022,4,18,8,15.5,8.68,11.04,1145.0,5.2,4.05,0.025,0.025,2.28
4,2022,4,18,12,15.6,8.65,10.64,1143.2,5.7,4.18,0.025,0.025,2.24
4,2022,4,18,16,16.8,8.74,12.53,1139.8,5.4,4.07,0.025,0.022,2.28
4,2022,4,18,20,16.8,8.74,12.15,1138.8,5.1,4.02,0.031,0.021,2.3
4,2022,4,19,0,16.5,8.72,11.51,1140.1,6.2,4.02,0.031,0.021,2.3
4,2022,4,19,4,16.2,8.7,11.64,1140.7,5.0,4.01,0.025,0.021,2.3
4,2022,4,19,8,16.0,8.71,11.76,1140.9,5.1,3.95,0.025,0.023,2.28
4,2022,4,19,12,16.9,8.73,12.3,1137.7,5.5,3.96,0.031,0.021,2.28
4,2022,4,19,16,17.7,8.76,12.73,1135.9,5.4,3.97,0.027,0.021,2.28
4,2022,4,19,20,17.0,8.68,11.17,1137.3,6.7,3.96,0.028,0.02,2.31
4,2022,4,20,0,16.9,8.68,11.27,1138.1,5.4,3.96,0.028,0.02,2.31
4,2022,4,20,4,16.7,8.65,10.69,1139.5,5.5,4.01,0.025,0.021,2.28
4,2022,4,20,8,16.6,8.63,10.35,1138.6,6.2,3.94,0.032,0.024,2.41
4,2022,4,20,12,17.7,8.5,10.0,1126.1,5.4,4.02,0.028,0.026,2.46
4,2022,4,20,16,18.3,8.73,12.86,1132.6,5.2,3.86,0.028,0.023,2.38
4,2022,4,20,20,17.7,8.68,11.54,1132.2,5.5,3.87,0.031,0.022,2.18
4,2022,4,21,0,17.7,8.67,10.95,1132.8,5.0,3.87,0.031,0.022,2.18
4,2022,4,21,4,17.4,8.64,10.51,1134.6,4.9,3.81,0.028,0.022,2.5
4,2022,4,21,8,17.4,8.63,10.38,1134.2,5.0,3.91,0.031,0.024,2.39
4,2022,4,21,12,17.8,8.65,10.82,1133.1,5.1,3.89,0.031,0.025,2.41
4,2022,4,21,16,18.6,8.69,11.71,1130.0,5.0,3.93,0.037,0.024,2.46
4,2022,4,21,20,18.1,8.63,10.66,1128.9,5.2,3.86,0.03,0.022,2.3
4,2022,4,22,0,17.4,8.57,9.59,1130.5,6.8,3.86,0.03,0.022,2.3
4,2022,4,22,4,17.0,8.54,9.15,1132.5,6.8,3.75,0.025,0.024,2.39
4,2022,4,22,8,16.9,8.57,9.68,1132.0,6.0,3.74,0.028,0.024,2.48
4,2022,4,22,12,17.9,8.66,10.67,1128.2,5.9,3.86,0.025,0.024,2.31
4,2022,4,22,16,18.8,8.69,12.12,1124.3,5.5,3.86,0.028,0.024,2.31
4,2022,4,22,20,18.0,8.63,11.04,1126.4,5.6,3.92,0.029,0.022,2.34
4,2022,4,23,0,17.7,8.62,10.5,1127.8,5.1,3.92,0.029,0.022,2.34
4,2022,4,23,4,17.5,8.57,9.89,1128.4,5.2,3.8,0.029,0.022,2.34
4,2022,4,23,8,17.4,8.6,10.46,1128.5,5.1,3.78,0.033,0.024,2.35
4,2022,4,23,12,17.9,8.64,11.16,1123.9,5.1,3.78,0.03,0.024,2.35
4,2022,4,23,16,19.0,8.69,12.21,1119.6,5.1,3.91,0.031,0.023,2.29
4,2022,4,23,20,18.6,8.64,11.11,1123.3,5.3,3.93,0.025,0.022,2.29
4,2022,4,24,0,18.5,8.61,10.72,1124.2,5.0,3.94,0.025,0.021,2.38
4,2022,4,24,4,18.3,8.58,10.18,1124.4,5.3,3.94,0.026,0.021,2.29
4,2022,4,24,12,18.6,8.65,11.68,1118.7,5.8,3.78,0.026,0.025,2.33
4,2022,4,24,16,19.4,8.79,13.28,1114.0,5.9,4.02,0.025,0.022,2.35
4,2022,4,24,20,19.1,8.72,11.47,1115.7,6.6,3.88,0.025,0.02,2.3
4,2022,4,25,8,19.0,8.68,10.6,1115.1,7.0,3.76,0.025,0.021,2.28
4,2022,4,25,12,19.7,8.69,11.44,1113.7,7.0,3.92,0.025,0.021,2.28
4,2022,4,26,12,19.2,8.63,9.73,1118.5,5.8,3.6,0.026,0.025,2.52
4,2022,4,26,16,19.5,8.65,10.26,1116.7,6.0,3.8,0.025,0.024,2.51
4,2022,4,26,20,19.0,8.62,9.61,1118.0,5.8,3.92,0.025,0.023,2.42
4,2022,4,27,0,18.6,8.59,9.23,1119.1,8.1,3.9,0.025,0.022,2.26
4,2022,4,27,4,18.4,8.58,8.97,1120.4,6.5,3.86,0.025,0.024,2.14
4,2022,4,27,8,18.2,8.57,8.94,1117.6,6.6,3.76,0.025,0.024,2.2
4,2022,4,27,12,17.9,8.58,8.8,1116.8,6.8,3.84,0.026,0.024,2.26
4,2022,4,27,16,17.8,8.58,8.78,1117.4,6.5,3.83,0.025,0.024,2.22
4,2022,4,27,20,17.6,8.54,8.52,1117.6,7.2,3.77,0.025,0.026,2.34
4,2022,4,28,0,17.5,8.52,8.38,1117.9,6.4,3.8,0.035,0.027,2.4
4,2022,4,28,4,17.3,8.52,8.3,1117.4,5.9,3.8,0.035,0.027,2.4
4,2022,4,28,8,17.2,8.53,8.41,1117.6,5.5,3.81,0.038,0.027,2.42
4,2022,4,28,12,17.8,8.59,9.47,1115.8,5.0,3.76,0.047,0.026,2.46
4,2022,4,28,16,18.1,8.65,10.29,1110.7,4.7,3.76,0.033,0.025,2.28
4,2022,4,28,20,17.7,8.66,10.86,1109.7,4.6,3.88,0.029,0.023,2.38
4,2022,4,29,0,17.4,8.59,9.84,1115.6,4.7,3.74,0.035,0.021,2.42
4,2022,4,29,4,17.3,8.55,9.29,1117.3,4.6,3.74,0.035,0.021,2.42
4,2022,4,29,8,17.2,8.54,9.39,1116.6,4.6,3.79,0.033,0.023,2.44
4,2022,4,29,12,17.8,8.66,11.28,1115.1,4.6,3.78,0.025,0.024,2.5
4,2022,4,29,16,17.8,8.73,12.69,1111.1,4.5,3.88,0.025,0.025,2.44
4,2022,4,29,20,18.0,8.73,12.82,1107.2,4.3,3.88,0.025,0.023,2.42
4,2022,4,30,0,17.3,8.6,10.41,1116.8,5.2,3.74,0.036,0.021,2.39
4,2022,4,30,4,16.9,8.56,9.8,1119.6,7.0,3.74,0.036,0.021,2.39
4,2022,4,30,8,16.7,8.56,9.8,1120.6,7.9,3.89,0.03,0.024,2.43
4,2022,4,30,12,17.2,8.58,10.28,1119.7,6.5,3.78,0.029,0.026,2.61
4,2022,4,30,16,17.8,8.64,10.83,1118.0,6.0,3.87,0.025,0.024,2.29
4,2022,4,30,20,17.4,8.63,10.73,1116.1,6.5,3.98,0.026,0.026,2.4
4,2022,5,1,0,17.0,8.59,10.03,1118.4,6.4,3.94,0.025,0.025,2.44
4,2022,5,1,4,16.7,8.56,9.66,1118.8,6.6,3.94,0.025,0.025,2.44
4,2022,5,1,8,16.6,8.6,10.25,1118.1,6.6,3.84,0.025,0.025,2.29
4,2022,5,1,12,17.7,8.64,10.86,1119.4,6.2,3.9,0.025,0.024,2.45
4,2022,5,1,16,17.3,8.65,10.97,1115.0,6.7,3.83,0.025,0.024,2.35
4,2022,5,1,20,17.2,8.63,10.87,1114.6,5.9,3.81,0.025,0.023,2.55
4,2022,5,2,0,17.0,8.58,9.57,1119.1,8.4,3.82,0.025,0.023,2.51
4,2022,5,2,4,17.0,8.55,9.18,1119.7,11.2,3.82,0.025,0.023,2.51
4,2022,5,2,8,17.0,8.54,9.34,1119.7,10.6,3.91,0.025,0.027,2.42
4,2022,5,2,12,17.8,8.58,10.3,1117.4,9.9,3.74,0.051,0.026,2.41
4,2022,5,2,16,19.2,8.68,11.98,1114.3,9.1,3.82,0.031,0.024,2.52
4,2022,5,2,20,18.2,8.54,10.0,1112.6,14.3,3.9,0.025,0.024,2.47
4,2022,5,3,0,17.8,8.5,9.54,1115.9,12.7,3.74,0.028,0.026,2.32
4,2022,5,3,4,17.5,8.5,9.37,1116.2,12.9,3.74,0.028,0.026,2.32
4,2022,5,3,8,17.4,8.51,9.51,1115.1,13.3,3.74,0.03,0.025,2.38
4,2022,5,3,12,18.0,8.53,9.96,1121.9,12.0,3.83,0.025,0.026,2.37
4,2022,5,3,16,19.7,8.56,10.25,1114.8,10.8,3.73,0.038,0.024,2.38
4,2022,5,5,8,18.9,8.44,8.59,1153.4,16.8,4.35,0.073,0.029,2.64
4,2022,5,5,8,18.9,8.44,8.59,1153.4,16.8,4.4,0.051,0.029,2.64
4,2022,5,5,16,20.7,8.5,9.63,1156.8,13.8,4.37,0.069,0.029,2.49
4,2022,5,5,16,20.7,8.5,9.63,1156.8,13.8,4.44,0.069,0.026,2.58
4,2022,5,6,0,19.6,8.46,8.52,1163.8,15.6,4.38,0.066,0.026,2.52
4,2022,5,6,4,19.4,8.45,8.38,1165.3,16.7,4.38,0.066,0.026,2.52
4,2022,5,6,8,19.2,8.44,8.36,1168.4,17.8,4.51,0.064,0.028,2.76
4,2022,5,6,12,18.9,8.42,8.59,1168.4,17.2,4.56,0.052,0.029,2.63
4,2022,5,6,16,18.6,8.43,9.11,1169.0,10.6,4.19,0.064,0.029,2.18
4,2022,5,6,20,18.3,8.44,9.11,1168.6,11.2,4.37,0.069,0.032,2.18
4,2022,5,7,0,17.7,8.45,9.17,1170.5,12.9,4.13,0.069,0.029,2.26
4,2022,5,7,4,17.2,8.45,9.24,1168.9,15.3,4.13,0.069,0.029,2.26
4,2022,5,7,8,17.0,8.47,9.5,1168.8,14.6,4.21,0.065,0.034,2.24
4,2022,5,7,12,17.2,8.49,10.16,1167.7,14.3,4.2,0.063,0.034,2.24
4,2022,5,7,16,17.3,8.52,10.48,1164.4,12.3,4.14,0.057,0.037,2.03
4,2022,5,7,20,16.9,8.48,9.82,1160.5,14.5,4.2,0.05,0.032,2.08
4,2022,5,8,0,16.7,8.48,9.58,1160.4,13.4,4.18,0.061,0.032,2.16
4,2022,5,8,4,16.4,8.48,9.46,1157.1,15.8,4.18,0.061,0.032,2.16
4,2022,5,8,8,16.3,8.48,9.61,1150.0,15.8,4.02,0.052,0.033,2.04
4,2022,5,8,12,16.1,8.47,9.76,1171.2,15.5,4.04,0.052,0.033,2.01
4,2022,5,8,16,16.0,8.48,10.26,1169.9,15.5,4.08,0.05,0.033,1.92
4,2022,5,8,20,16.0,8.52,10.86,1167.5,12.0,4.14,0.054,0.03,2.06
4,2022,5,9,0,15.7,8.47,9.79,1171.9,16.6,4.32,0.044,0.028,2.06
4,2022,5,9,4,15.5,8.47,9.72,1171.4,16.7,4.32,0.044,0.028,2.06
4,2022,5,9,8,15.5,8.49,10.03,1172.1,15.8,3.84,0.058,0.032,2.12
4,2022,5,9,12,15.8,8.52,10.75,1170.1,14.6,5.04,0.057,0.032,2.06
4,2022,5,9,16,16.8,8.55,11.1,1166.2,12.2,4.4,0.048,0.033,2.24
4,2022,5,9,20,16.7,8.55,11.02,1167.2,11.2,3.21,0.043,0.029,1.91
4,2022,5,10,0,16.3,8.52,10.05,1169.2,12.8,4.0,0.053,0.026,2.15
4,2022,5,10,4,16.2,8.51,9.73,1170.0,13.5,4.0,0.053,0.026,2.15
4,2022,5,10,8,16.0,8.5,9.7,1170.8,20.3,4.75,0.051,0.031,1.88
4,2022,5,10,12,15.9,8.48,9.64,1165.7,17.6,4.37,0.058,0.033,2.01
4,2022,5,10,12,15.9,8.48,9.64,1165.7,17.6,3.74,0.054,0.032,2.12
4,2022,5,11,8,15.4,8.46,9.85,1175.1,20.2,4.83,0.061,0.038,1.85
4,2022,5,11,12,15.8,8.48,10.43,1174.3,20.1,4.0,0.069,0.034,1.96
4,2022,5,11,16,16.6,8.5,9.96,1168.1,16.7,3.65,0.066,0.035,1.97
4,2022,5,11,20,16.5,8.5,10.39,1172.8,13.1,4.07,0.061,0.033,1.83
4,2022,5,12,0,16.1,8.48,9.75,1175.3,14.8,3.77,0.054,0.028,1.92
4,2022,5,12,4,16.0,8.5,9.69,1174.8,15.6,3.77,0.054,0.028,1.92
4,2022,5,12,8,16.0,8.51,9.77,1173.0,17.3,3.94,0.062,0.032,2.0
4,2022,5,12,12,16.8,8.5,10.07,1170.6,16.1,4.26,0.058,0.033,1.94
4,2022,5,12,16,17.4,8.57,11.25,1166.8,13.0,3.84,0.05,0.033,1.97
4,2022,5,16,8,17.6,8.55,9.28,1173.7,14.0,4.09,0.034,0.029,1.62
4,2022,5,16,16,19.9,8.6,10.45,1174.8,9.3,4.1,0.035,0.027,1.68
4,2022,5,16,20,19.0,8.6,10.16,1168.1,9.5,3.99,0.028,0.026,1.71
4,2022,5,17,8,18.3,8.58,9.39,1168.4,11.7,4.01,0.03,0.027,1.62
4,2022,5,17,12,18.8,8.6,9.87,1166.7,10.3,4.02,0.031,0.028,1.54
4,2022,5,17,12,18.8,8.6,9.87,1166.7,10.3,3.98,0.031,0.027,1.71
4,2022,5,17,20,19.1,8.59,9.8,1164.8,8.9,4.09,0.031,0.029,1.81
4,2022,5,18,0,18.7,8.58,9.37,1164.9,8.3,4.07,0.028,0.026,1.77
4,2022,5,18,4,18.4,8.57,8.87,1164.9,11.6,4.07,0.028,0.026,1.77
4,2022,5,18,8,18.4,8.59,9.26,1165.0,9.8,4.08,0.032,0.027,1.8
4,2022,5,18,12,18.5,8.59,9.6,1162.3,11.1,3.93,0.035,0.026,1.71
4,2022,5,18,16,19.6,8.64,10.73,1162.8,8.9,4.12,0.027,0.031,1.72
4,2022,5,18,20,20.0,8.6,9.9,1161.8,7.9,4.04,0.025,0.028,1.84
4,2022,5,19,0,19.5,8.59,9.49,1162.4,7.2,3.98,0.031,0.024,1.68
4,2022,5,19,4,19.1,8.58,8.73,1161.2,11.3,3.98,0.031,0.024,1.68
4,2022,5,19,8,19.1,8.59,9.25,1162.1,8.9,3.88,0.028,0.027,1.76
4,2022,5,19,12,20.0,8.57,9.4,1149.8,8.2,3.96,0.03,0.027,1.72
4,2022,5,19,16,21.1,8.64,10.52,1160.0,6.4,4.07,0.026,0.026,1.69
4,2022,5,19,20,20.2,8.58,9.43,1160.6,7.9,4.12,0.025,0.025,1.81
4,2022,5,20,0,20.0,8.57,9.15,1160.2,6.9,4.04,0.025,0.024,1.7
4,2022,5,20,4,19.7,8.56,8.69,1161.7,9.5,4.04,0.025,0.024,1.7
4,2022,5,20,8,19.7,8.58,9.04,1161.7,9.5,4.0,0.025,0.026,1.69
4,2022,5,20,12,20.7,8.59,9.37,1165.0,6.8,4.0,0.052,0.028,1.79
4,2022,5,20,16,22.8,8.62,9.95,1164.6,6.0,3.95,0.041,0.024,1.74
4,2022,5,20,20,21.4,8.58,8.85,1162.3,7.3,3.99,0.032,0.024,1.86
4,2022,5,21,0,21.1,8.55,8.8,1164.5,6.1,3.96,0.034,0.024,1.76
4,2022,5,21,4,20.6,8.56,8.67,1163.6,8.1,3.9,0.039,0.023,1.67
4,2022,5,21,8,20.6,8.58,8.86,1164.1,8.9,4.0,0.038,0.025,1.64
4,2022,5,21,12,21.4,8.59,8.98,1164.1,7.0,4.02,0.041,0.027,1.74
4,2022,5,21,16,23.7,8.66,10.01,1162.4,5.5,4.07,0.033,0.026,1.81
4,2022,5,21,20,22.5,8.59,9.18,1163.2,7.1,3.96,0.027,0.024,1.86
4,2022,5,22,0,22.2,8.56,8.66,1165.3,6.3,4.05,0.025,0.024,1.78
4,2022,5,22,4,21.7,8.55,8.18,1165.5,7.8,3.98,0.035,0.022,1.68
4,2022,5,22,8,21.7,8.58,8.68,1164.6,8.2,3.94,0.036,0.024,1.72
4,2022,5,22,12,22.6,8.61,9.54,1164.2,7.3,4.02,0.034,0.026,1.79
4,2022,5,22,16,24.1,8.64,10.0,1162.3,6.0,4.12,0.031,0.026,1.71
4,2022,5,22,20,23.2,8.59,9.36,1162.6,6.7,4.18,0.036,0.089,1.7
4,2022,5,23,0,22.9,8.57,8.91,1163.0,5.8,3.99,0.029,0.026,1.72
4,2022,5,23,4,22.4,8.55,8.21,1163.5,6.8,3.9,0.03,0.023,1.72
4,2022,5,23,8,22.3,8.58,8.57,1163.6,7.9,4.07,0.03,0.026,1.83
4,2022,5,23,12,23.2,8.6,9.59,1163.9,6.2,4.09,0.032,0.024,1.71
4,2022,5,23,16,24.1,8.66,11.07,1157.6,5.5,4.09,0.025,0.024,1.67
4,2022,5,24,8,22.5,8.56,8.47,1163.8,7.8,4.06,0.031,0.023,1.7
4,2022,5,24,12,23.6,8.6,9.66,1162.8,6.0,4.13,0.036,0.03,1.68
4,2022,5,24,16,24.1,8.64,10.36,1159.7,5.5,3.96,0.034,0.024,1.68
4,2022,5,24,20,23.5,8.6,9.46,1159.9,6.0,4.17,0.025,0.027,1.7
4,2022,5,25,0,22.8,8.56,8.43,1162.9,8.6,4.08,0.025,0.023,1.78
4,2022,5,25,4,22.3,8.56,8.16,1164.0,12.4,4.08,0.025,0.023,1.78
4,2022,5,25,12,22.5,8.41,8.76,1170.1,8.7,4.01,0.036,0.027,1.48
4,2022,5,25,16,22.7,8.6,9.8,1169.7,7.0,4.09,0.041,0.027,1.6
4,2022,5,25,20,21.9,8.58,8.96,1169.1,8.1,4.14,0.026,0.027,1.48
4,2022,5,26,0,21.8,8.54,8.44,1171.0,7.9,4.16,0.029,0.026,1.5
4,2022,5,26,4,21.6,8.55,8.51,1170.9,9.7,4.16,0.029,0.026,1.5
4,2022,5,26,8,21.6,8.57,8.48,1171.6,9.8,4.19,0.031,0.028,1.52
4,2022,5,26,12,22.5,8.6,9.13,1173.8,6.9,4.18,0.043,0.028,1.62
4,2022,5,26,16,22.6,8.63,9.35,1167.9,7.6,4.11,0.048,0.025,1.52
4,2022,5,26,20,22.5,8.61,8.87,1166.9,6.7,4.3,0.033,0.026,1.4
4,2022,5,27,0,22.1,8.57,8.4,1167.9,8.1,4.18,0.033,0.024,1.4
4,2022,5,27,4,21.9,8.56,8.37,1168.6,8.3,4.09,0.038,0.025,1.32
4,2022,5,27,8,21.9,8.59,8.59,1168.5,8.9,4.47,0.034,0.026,1.4
4,2022,5,27,16,24.3,8.7,9.69,1164.6,5.6,4.24,0.027,0.028,1.66
4,2022,5,27,20,23.1,8.63,9.46,1163.9,6.6,4.21,0.029,0.026,1.62
4,2022,5,28,0,22.9,8.59,8.64,1166.5,6.5,4.26,0.025,0.024,1.4
4,2022,5,28,4,22.6,8.57,8.51,1168.1,6.7,4.26,0.025,0.024,1.4
4,2022,5,28,8,22.6,8.59,8.8,1167.1,6.7,4.09,0.026,0.024,1.6
4,2022,5,28,12,23.0,8.64,9.79,1165.5,6.7,4.26,0.027,0.027,1.55
4,2022,5,28,16,24.8,8.68,10.02,1163.3,5.5,4.24,0.029,0.026,1.67
4,2022,5,28,20,24.2,8.69,10.52,1160.2,5.8,4.38,0.028,0.025,1.41
4,2022,5,28,20,24.2,8.69,10.52,1160.2,5.8,4.38,0.028,0.025,1.41
4,2022,5,29,0,23.7,8.61,9.18,1165.3,5.8,4.26,0.025,0.023,1.59
4,2022,5,29,4,23.5,8.56,8.15,1166.7,6.7,4.26,0.025,0.023,1.59
4,2022,5,29,8,23.4,8.57,8.28,1166.4,7.2,4.2,0.031,0.025,1.66
4,2022,5,29,12,23.2,8.59,8.48,1166.6,11.7,4.32,0.025,0.031,1.72
4,2022,5,29,16,23.4,8.62,9.0,1166.0,9.6,4.25,0.032,0.03,1.43
4,2022,5,29,20,22.8,8.59,8.54,1165.9,12.3,4.33,0.027,0.031,1.56
4,2022,5,30,0,22.5,8.55,7.9,1165.8,11.5,4.37,0.025,0.03,1.66
4,2022,5,30,4,22.2,8.54,7.76,1164.9,12.1,4.37,0.025,0.03,1.66
4,2022,5,30,8,22.2,8.56,8.17,1165.8,9.5,4.22,0.036,0.03,1.48
4,2022,5,30,12,23.5,8.62,9.32,1167.0,7.3,4.21,0.037,0.03,1.46
4,2022,5,30,16,23.7,8.65,9.98,1164.3,6.5,4.18,0.03,0.027,1.34
4,2022,5,30,16,23.7,8.65,9.98,1164.3,6.5,4.18,0.025,0.028,1.38
4,2022,5,30,20,23.4,8.64,9.83,1160.9,6.2,4.16,0.029,0.024,1.43
4,2022,5,31,0,22.6,8.63,9.31,1160.5,10.3,4.16,0.029,0.024,1.43
4,2022,5,31,8,22.0,8.56,8.29,1161.7,9.4,4.24,0.03,0.026,1.46
4,2022,5,31,12,22.3,8.62,9.3,1156.6,8.5,4.17,0.031,0.029,1.33
4,2022,5,31,16,23.2,8.63,9.54,1158.0,6.4,4.21,0.05,0.028,1.31
4,2022,5,31,16,23.2,8.63,9.54,1158.0,6.4,4.19,0.033,0.025,1.47
4,2022,6,1,0,22.6,8.61,9.01,1156.5,5.6,4.1,0.028,0.023,1.52
4,2022,6,1,0,22.6,8.61,9.01,1156.5,5.6,4.1,0.028,0.023,1.52
4,2022,6,1,8,22.2,8.51,7.86,1158.0,8.7,4.11,0.03,0.025,1.49
4,2022,6,1,12,23.0,8.57,8.76,1154.7,7.0,4.1,0.04,0.028,1.59
4,2022,6,1,16,24.0,8.65,9.98,1154.1,6.5,4.07,0.032,0.027,1.56
4,2022,6,1,20,23.6,8.67,10.21,1152.0,5.5,4.16,0.03,0.026,1.64
4,2022,6,2,0,23.1,8.6,9.01,1154.0,5.5,4.12,0.029,0.023,1.47
4,2022,6,2,0,23.1,8.6,9.01,1154.0,5.5,4.12,0.029,0.023,1.47
4,2022,6,2,8,22.6,8.59,8.7,1154.0,8.1,4.15,0.03,0.024,1.36
4,2022,6,2,12,23.5,8.6,9.2,1155.6,7.4,4.24,0.025,0.031,1.52
4,2022,6,2,16,24.6,8.64,9.07,1158.0,6.3,4.27,0.025,0.03,1.56
4,2022,6,2,20,23.9,8.64,9.14,1151.1,6.6,4.36,0.038,0.028,1.83
4,2022,6,3,0,23.6,8.59,8.67,1152.0,5.6,4.03,0.041,0.024,1.81
4,2022,6,3,4,23.3,8.55,8.41,1152.2,6.1,4.03,0.041,0.024,1.81
4,2022,6,3,8,23.1,8.56,8.44,1151.5,6.7,4.16,0.044,0.025,1.72
4,2022,6,3,12,23.3,8.61,8.58,1149.0,7.4,4.24,0.04,0.028,1.79
4,2022,6,3,16,24.7,8.64,8.98,1150.0,6.4,4.25,0.033,0.03,1.75
4,2022,6,3,20,24.1,8.58,8.56,1150.0,6.9,4.28,0.032,0.027,1.81
4,2022,6,4,0,23.5,8.54,8.44,1151.1,9.1,4.18,0.041,0.026,1.76
4,2022,6,4,4,23.4,8.53,8.19,1152.3,10.0,4.18,0.041,0.026,1.76
4,2022,6,4,8,23.3,8.51,7.7,1152.6,9.4,4.29,0.045,0.028,1.75
4,2022,6,4,12,23.6,8.55,8.45,1155.1,9.2,4.15,0.062,0.029,1.61
4,2022,6,4,16,24.6,8.57,8.73,1152.9,7.0,4.3,0.047,0.028,1.71
4,2022,6,4,20,24.7,8.57,9.09,1153.6,6.5,4.4,0.035,0.028,1.68
4,2022,6,5,0,24.0,8.51,8.12,1157.3,7.0,4.29,0.034,0.026,1.57
4,2022,6,5,4,23.6,8.49,7.62,1159.0,8.4,4.29,0.034,0.026,1.57
4,2022,6,5,8,23.6,8.53,8.12,1159.9,10.8,4.39,0.047,0.027,1.85
4,2022,6,5,12,24.0,8.55,8.6,1162.0,10.0,4.37,0.048,0.031,1.7
4,2022,6,5,16,24.4,8.58,9.25,1162.3,9.9,4.54,0.039,0.031,1.75
4,2022,6,5,20,23.7,8.55,8.55,1162.7,12.7,4.47,0.032,0.03,1.71
4,2022,6,6,0,23.5,8.53,8.17,1163.4,14.8,4.61,0.084,0.032,1.71
4,2022,6,6,4,23.1,8.54,7.81,1164.0,14.1,4.61,0.084,0.032,1.71
4,2022,6,6,8,23.0,8.55,8.03,1163.5,13.3,4.54,0.053,0.033,1.59
4,2022,6,6,8,23.0,8.55,8.03,1163.5,13.3,4.54,0.053,0.033,1.59
4,2022,6,6,12,22.9,8.57,8.58,1163.4,10.7,4.33,0.054,0.031,1.61
4,2022,6,6,16,23.1,8.57,8.99,1163.2,9.5,4.43,0.053,0.029,1.62
4,2022,6,6,20,22.6,8.55,8.58,1162.5,10.6,4.4,0.047,0.028,1.6
4,2022,6,7,0,22.5,8.55,8.17,1163.4,10.7,4.55,0.052,0.029,1.54
4,2022,6,7,4,22.5,8.53,7.86,1163.4,10.5,4.55,0.052,0.029,1.54
4,2022,6,7,8,22.4,8.57,8.34,1161.7,10.2,4.31,0.051,0.031,1.72
4,2022,6,7,12,23.2,8.63,9.75,1161.1,8.0,4.41,0.047,0.029,1.54
4,2022,6,7,16,23.8,8.71,11.55,1157.8,7.2,4.44,0.048,0.029,1.71
4,2022,6,7,20,22.9,8.62,9.48,1158.3,7.7,4.59,0.045,0.028,1.76
4,2022,6,8,0,22.5,8.56,8.55,1159.9,7.5,4.3,0.04,0.024,1.58
4,2022,6,8,4,22.3,8.52,7.83,1161.3,9.5,4.3,0.041,0.024,1.58
4,2022,6,8,12,22.5,8.58,8.86,1158.9,10.4,4.36,0.058,0.03,1.66
4,2022,6,8,16,23.0,8.64,9.69,1156.9,8.8,4.32,0.039,0.03,1.76
4,2022,6,9,0,22.6,8.58,8.69,1157.4,8.9,4.28,0.044,0.026,1.54
4,2022,6,9,4,22.4,8.55,8.19,1157.6,9.7,4.28,0.044,0.026,1.54
4,2022,6,9,8,22.3,8.52,7.84,1157.7,10.9,4.26,0.044,0.027,1.72
4,2022,6,9,12,22.3,8.53,8.03,1157.3,9.7,4.29,0.053,0.03,1.6
4,2022,6,9,12,22.3,8.53,8.03,1157.3,9.7,4.23,0.049,0.027,1.68
4,2022,6,9,16,22.4,8.56,8.29,1154.7,9.5,4.22,0.055,0.026,1.68
4,2022,6,9,20,22.4,8.58,8.46,1156.1,7.5,4.22,0.04,0.025,1.65
4,2022,6,10,0,22.0,8.52,7.8,1155.9,8.4,4.22,0.04,0.025,1.65
4,2022,6,10,4,21.8,8.52,7.93,1154.7,10.2,4.2,0.051,0.028,1.69
4,2022,6,10,8,21.8,8.53,8.27,1153.5,12.4,4.27,0.038,0.031,1.68
4,2022,6,10,12,22.5,8.57,9.02,1154.8,9.8,4.26,0.056,0.03,1.71
4,2022,6,10,16,22.9,8.58,10.31,1152.0,6.6,4.32,0.038,0.028,1.71
4,2022,6,10,20,22.9,8.58,9.14,1151.0,6.6,4.04,0.042,0.027,1.66
4,2022,6,11,0,22.6,8.55,8.82,1150.9,6.7,4.04,0.042,0.027,1.66
4,2022,6,11,4,22.4,8.54,8.32,1150.8,7.6,4.11,0.041,0.028,1.7
4,2022,6,11,8,22.4,8.53,8.28,1150.9,7.1,4.26,0.046,0.031,1.64
4,2022,6,11,12,22.6,8.59,9.31,1148.5,7.0,4.23,0.042,0.029,1.75
4,2022,6,11,16,23.2,8.62,10.11,1149.0,5.9,4.18,0.041,0.026,1.64
4,2022,6,11,20,22.9,8.56,8.78,1140.8,5.6,4.07,0.077,0.026,1.78
4,2022,6,12,0,22.5,8.55,8.4,1142.0,7.5,4.07,0.077,0.026,1.78
4,2022,6,12,4,22.4,8.52,8.32,1141.4,6.9,4.14,0.059,0.028,1.87
4,2022,6,12,8,22.3,8.5,8.35,1142.9,7.4,4.09,0.051,0.03,1.64
4,2022,6,12,12,22.4,8.52,8.31,1144.0,7.4,3.81,0.049,0.027,1.61
4,2022,6,12,16,23.5,8.58,8.58,1142.8,5.4,4.18,0.038,0.026,1.84
4,2022,6,12,20,23.0,8.52,8.52,1140.7,6.0,4.34,0.044,0.027,1.79
4,2022,6,13,0,22.8,8.48,8.38,1142.2,5.8,4.34,0.044,0.027,1.79
4,2022,6,13,4,22.6,8.45,8.03,1143.6,7.3,4.07,0.096,0.031,1.8
4,2022,6,13,8,22.5,8.46,8.11,1143.1,6.8,4.12,0.091,0.034,1.78
4,2022,6,13,12,22.6,8.49,8.43,1140.9,5.8,3.99,0.085,0.029,1.89
4,2022,6,13,16,22.7,8.52,8.51,1139.9,5.5,4.06,0.081,0.028,1.84
4,2022,6,13,20,22.8,8.53,8.59,1139.9,3.9,3.99,0.073,0.024,1.79
4,2022,6,14,0,22.5,8.52,8.47,1140.3,4.1,3.99,0.073,0.024,1.79
4,2022,6,14,4,22.4,8.49,8.1,1140.4,7.3,4.01,0.074,0.028,1.8
4,2022,6,14,8,22.4,8.53,8.32,1139.4,7.3,4.17,0.068,0.03,1.6
4,2022,6,14,16,23.5,8.62,9.57,1137.0,5.3,4.17,0.037,0.03,1.65
4,2022,6,14,20,23.4,8.64,10.06,1135.5,4.1,4.09,0.035,0.026,1.99
4,2022,6,15,0,22.9,8.57,9.07,1136.2,5.1,4.09,0.035,0.026,1.99
4,2022,6,15,4,22.7,8.55,8.54,1136.7,6.3,3.97,0.039,0.026,1.74
4,2022,6,15,8,22.6,8.55,8.43,1137.1,6.4,3.97,0.039,0.026,1.74
4,2022,6,15,12,23.5,8.64,10.23,1135.8,5.5,4.22,0.045,0.031,1.69
4,2022,6,15,16,24.2,8.66,10.67,1133.0,5.0,4.13,0.041,0.028,1.51
4,2022,6,15,20,24.0,8.66,10.3,1130.9,5.2,4.18,0.034,0.025,1.72
4,2022,6,16,0,23.6,8.65,9.94,1133.7,4.6,4.14,0.035,0.023,1.74
4,2022,6,16,4,23.5,8.63,9.47,1134.3,4.2,4.14,0.035,0.023,1.74
4,2022,6,16,12,23.9,8.74,12.06,1130.1,4.7,4.21,0.044,0.028,1.54
4,2022,6,16,16,24.2,8.83,13.59,1122.8,5.5,4.4,0.044,0.027,1.73
4,2022,6,16,20,24.7,8.74,12.83,1125.3,5.8,4.62,0.041,0.026,1.78
4,2022,6,17,0,25.0,8.67,11.92,1124.4,7.0,4.45,0.04,0.025,1.46
4,2022,6,17,4,24.7,8.63,11.58,1123.3,7.2,4.45,0.04,0.025,1.46
4,2022,6,17,8,24.6,8.64,11.92,1122.3,7.3,4.34,0.034,0.023,1.76
4,2022,6,17,12,24.9,8.67,9.76,1120.1,6.4,4.19,0.042,0.025,1.63
4,2022,6,17,16,25.9,8.7,12.44,1119.4,5.6,4.59,0.031,0.026,1.6
4,2022,6,17,20,26.1,8.66,9.57,1119.0,4.8,4.66,0.033,0.024,1.49
4,2022,6,18,0,25.8,8.64,10.53,1119.0,4.1,4.4,0.034,0.024,1.42
4,2022,6,18,4,25.4,8.61,10.24,1119.3,4.1,4.4,0.034,0.024,1.42
4,2022,6,18,8,25.4,8.64,9.26,1118.1,3.5,4.24,0.078,0.023,1.53
4,2022,6,18,12,26.0,8.66,9.84,1116.2,3.6,4.28,0.041,0.024,1.49
4,2022,6,18,16,26.6,8.62,10.4,1116.2,3.6,4.32,0.05,0.024,1.27
4,2022,6,18,20,27.0,8.59,9.27,1117.9,3.7,4.37,0.044,0.024,1.5
4,2022,6,19,0,26.6,8.6,10.87,1117.2,3.2,4.21,0.048,0.024,1.46
4,2022,6,19,4,26.4,8.56,9.42,1096.1,3.3,4.21,0.048,0.024,1.46
4,2022,6,19,8,26.3,8.58,10.19,1111.5,3.0,4.16,0.053,0.023,1.42
4,2022,6,19,12,27.3,8.59,9.85,1119.7,3.4,4.22,0.053,0.024,1.37
4,2022,6,19,16,27.8,8.52,9.52,1120.1,3.7,4.31,0.052,0.024,1.66
4,2022,6,19,20,27.8,8.58,9.63,1121.3,4.1,4.56,0.045,0.031,1.2
4,2022,6,20,0,27.3,8.57,8.49,1124.2,3.6,4.55,0.087,0.027,1.27
4,2022,6,20,4,27.1,8.51,7.96,1123.7,3.7,4.55,0.087,0.027,1.27
4,2022,6,20,8,27.0,8.56,8.58,1122.5,3.4,4.29,0.068,0.026,1.37
4,2022,6,20,12,27.8,8.56,8.98,1123.4,3.6,4.22,0.064,0.026,1.37
4,2022,6,20,16,28.4,8.59,8.95,1124.4,4.1,4.26,0.066,0.028,1.32
4,2022,6,20,20,28.3,8.58,8.74,1124.5,4.1,4.49,0.033,0.027,1.48
4,2022,6,21,0,28.2,8.56,8.28,1129.9,3.8,4.44,0.035,0.027,1.64
4,2022,6,21,4,27.8,8.54,8.05,1128.6,4.0,4.44,0.035,0.027,1.64
4,2022,6,21,8,27.7,8.55,8.1,1128.5,4.8,4.4,0.047,0.027,1.51
4,2022,6,21,12,28.2,8.6,8.71,1131.2,4.5,4.56,0.046,0.03,1.46
4,2022,6,22,8,27.3,8.53,7.61,1132.2,4.9,5.25,0.061,0.031,1.77
4,2022,6,22,12,27.3,8.56,7.84,1129.1,4.9,4.77,0.059,0.032,1.68
4,2022,6,22,16,27.2,8.54,7.48,1130.2,4.9,4.8,0.113,0.031,1.55
4,2022,6,22,20,27.1,8.52,7.26,1128.7,5.1,4.69,0.058,0.03,1.75
4,2022,6,23,0,27.0,8.49,6.86,1128.2,5.8,4.72,0.058,0.03,1.75
4,2022,6,23,4,26.7,8.45,6.57,1128.9,6.1,4.72,0.084,0.032,1.83
4,2022,6,23,8,26.6,8.46,6.88,1130.7,6.0,4.59,0.085,0.031,1.71
4,2022,6,23,12,27.4,8.5,7.51,1128.3,5.5,4.58,0.086,0.031,1.96
4,2022,6,23,16,29.0,8.55,8.03,1125.9,5.1,4.6,0.063,0.029,1.45
4,2022,7,4,12,26.9,8.41,7.25,975.6,5.8,3.62,0.22,0.037,1.43
4,2022,7,4,16,27.1,8.5,8.42,975.1,5.9,3.62,0.193,0.037,1.43
4,2022,7,11,8,28.1,8.68,9.9,827.5,3.8,3.62,0.049,0.027,1.46
4,2022,7,11,12,28.7,8.86,13.06,833.5,3.9,3.64,0.071,0.029,1.46
4,2022,7,11,16,28.6,8.92,13.73,831.8,4.3,3.9,0.032,0.031,1.35
4,2022,7,13,8,27.0,8.31,5.98,906.3,5.3,3.5,0.169,0.032,1.58
4,2022,7,13,12,28.3,8.45,7.45,904.1,4.3,3.58,0.142,0.033,1.46
4,2022,7,13,16,29.5,8.65,9.56,903.9,4.3,3.53,0.142,0.03,1.57
4,2022,7,18,12,29.8,8.54,9.37,983.4,5.2,3.4,0.072,0.024,1.18
4,2022,7,18,16,30.8,8.64,11.11,979.1,5.1,3.75,0.035,0.025,1.1
4,2022,7,19,20,29.8,8.72,12.61,972.0,6.8,3.8,0.033,0.028,0.76
4,2022,7,20,12,29.5,8.56,9.24,969.0,5.5,3.78,0.034,0.038,1.09
4,2022,7,20,16,30.0,8.65,10.98,961.2,5.7,3.65,0.082,0.026,0.79
4,2022,7,21,8,28.6,8.47,7.47,964.7,5.9,3.64,0.044,0.027,0.83
4,2022,7,21,12,29.0,8.58,9.51,963.7,5.7,3.69,0.035,0.024,0.7
4,2022,7,22,8,29.0,8.59,10.05,966.0,6.7,3.5,0.042,0.023,0.71
4,2022,7,22,12,29.5,8.63,10.95,962.5,6.5,3.52,0.045,0.023,0.78
4,2022,7,22,20,29.3,8.67,11.94,964.4,6.1,3.52,0.037,0.023,0.53
4,2022,7,23,0,28.9,8.55,9.1,967.0,6.1,3.65,0.037,0.022,0.83
4,2022,7,23,4,28.6,8.45,7.52,968.8,6.6,3.65,0.037,0.022,0.83
4,2022,7,23,8,28.4,8.43,7.28,971.7,5.9,3.6,0.059,0.024,0.82
4,2022,7,23,12,29.6,8.58,9.9,979.8,5.7,3.53,0.061,0.025,0.94
4,2022,7,23,16,30.7,8.65,10.89,975.9,5.1,3.71,0.036,0.026,0.78
4,2022,7,23,20,29.6,8.64,10.62,986.5,5.9,3.52,0.039,0.022,0.88
4,2022,7,24,0,29.4,8.6,9.74,975.6,5.5,3.6,0.031,0.022,0.59
4,2022,7,24,4,29.0,8.58,9.4,972.5,5.4,3.5,0.037,0.022,0.5
4,2022,7,24,8,28.9,8.58,9.45,979.5,5.3,3.53,0.042,0.022,0.83
4,2022,7,24,12,29.4,8.6,9.03,986.3,5.2,3.5,0.039,0.024,0.66
4,2022,7,24,16,30.9,8.69,9.79,985.3,4.8,3.56,0.04,0.024,0.68
4,2022,7,24,20,30.2,8.67,9.52,992.4,5.3,3.55,0.037,0.022,0.69
4,2022,7,25,0,29.9,8.63,9.79,994.3,4.9,3.69,0.037,0.023,0.67
4,2022,7,25,4,29.4,8.58,9.25,991.3,5.0,3.67,0.039,0.024,0.61
4,2022,7,25,12,29.7,8.6,10.63,1001.7,5.0,3.56,0.036,0.024,0.75
4,2022,7,25,20,30.1,8.7,11.46,1013.3,3.8,3.91,0.025,0.025,0.67
4,2022,7,26,0,29.6,8.61,8.86,1016.6,3.8,3.88,0.025,0.029,0.89
4,2022,7,26,4,29.3,8.54,8.4,1019.8,3.5,3.84,0.026,0.027,0.78
4,2022,7,26,8,29.2,8.53,8.28,1018.0,3.6,3.71,0.032,0.026,0.69
4,2022,7,26,12,29.8,8.55,8.35,1018.8,3.3,3.74,0.025,0.026,0.78
4,2022,7,26,16,30.9,8.64,9.95,1021.9,3.5,3.82,0.025,0.026,0.87
4,2022,7,26,20,29.9,8.54,8.04,1023.8,3.9,3.92,0.055,0.028,0.86
4,2022,7,27,0,29.6,8.49,7.71,1015.4,4.3,4.1,0.055,0.026,0.82
4,2022,7,27,4,29.3,8.45,7.44,1008.1,4.7,3.77,0.057,0.026,0.73
4,2022,7,27,8,29.2,8.38,6.63,1008.4,4.3,3.53,0.065,0.026,0.98
4,2022,7,27,12,28.9,8.35,6.28,1006.3,4.5,3.61,0.076,0.028,0.99
4,2022,7,27,16,28.9,8.36,6.48,1005.6,4.3,3.66,0.078,0.028,0.78
4,2022,7,27,20,28.7,8.2,4.92,1009.1,4.5,3.63,0.11,0.029,0.94
4,2022,7,27,20,28.7,8.2,4.92,1009.1,4.5,3.5,0.11,0.03,0.88
4,2022,7,28,0,28.5,8.14,4.25,1007.5,5.2,3.64,0.129,0.032,0.92
4,2022,7,28,4,28.3,8.17,4.33,1006.0,4.9,3.62,0.122,0.031,0.82
4,2022,11,1,12,12.9,8.49,10.64,1259.2,6.5,4.26,0.047,0.03,0.87
4,2022,11,1,16,13.1,8.51,10.8,1256.4,6.2,4.22,0.051,0.028,0.85
4,2022,11,2,12,12.7,8.49,10.66,1260.9,5.9,4.24,0.046,0.03,0.84
4,2022,11,2,20,12.7,8.47,10.42,1261.4,5.0,4.25,0.04,0.03,0.85
4,2022,11,3,0,12.6,8.46,10.32,1261.2,4.6,4.1,0.037,0.025,0.84
4,2022,11,3,4,12.5,8.43,9.93,1263.0,5.0,4.07,0.05,0.024,0.83
4,2022,11,3,8,12.4,8.44,10.11,1261.8,5.2,4.01,0.045,0.024,0.84
4,2022,11,3,12,12.7,8.47,10.53,1261.4,4.8,4.1,0.05,0.026,0.84
4,2022,11,3,16,13.0,8.52,11.04,1257.1,4.3,4.11,0.041,0.005,0.83
4,2022,11,3,20,12.7,8.5,10.71,1259.7,4.1,4.06,0.036,0.023,0.85
4,2022,11,4,0,12.4,8.45,10.24,1263.0,5.6,4.1,0.036,0.024,0.82
4,2022,11,4,4,12.2,8.42,9.88,1266.5,6.7,4.1,0.034,0.024,0.82
4,2022,11,4,8,12.0,8.46,10.32,1265.5,5.2,4.05,0.045,0.026,0.84
4,2022,11,4,12,12.6,8.51,11.0,1263.7,5.2,4.07,0.032,0.024,0.85
4,2022,11,4,16,12.9,8.54,11.4,1259.3,4.4,4.23,0.032,0.027,0.87
4,2022,11,4,20,12.6,8.52,11.03,1261.4,3.7,4.14,0.028,0.025,0.89
4,2022,11,5,0,12.2,8.48,10.48,1251.0,5.6,3.95,0.028,0.024,0.85
4,2022,11,5,4,11.9,8.46,10.29,1270.8,5.5,3.95,0.041,0.024,0.85
4,2022,11,5,8,11.7,8.46,10.46,1271.2,7.4,4.08,0.039,0.026,1.01
4,2022,11,5,12,12.2,8.52,11.24,1270.1,4.8,4.22,0.029,0.027,0.94
4,2022,11,5,16,12.7,8.55,11.47,1267.2,4.3,4.08,0.038,0.027,0.94
4,2022,11,5,20,12.1,8.49,10.7,1269.9,4.5,4.1,0.033,0.026,0.96
4,2022,11,6,0,11.8,8.49,10.53,1261.0,5.6,4.23,0.033,0.025,0.97
4,2022,11,6,4,11.6,8.48,10.44,1267.8,6.3,4.23,0.032,0.025,0.97
4,2022,11,6,8,11.4,8.47,10.46,1276.7,5.5,4.04,0.041,0.025,1.04
4,2022,11,6,12,11.6,8.51,10.91,1275.5,4.7,4.18,0.03,0.027,1.01
4,2022,11,6,16,11.6,8.51,10.79,1273.2,5.4,4.15,0.033,0.028,0.99
4,2022,11,6,20,11.5,8.49,10.58,1273.8,5.0,4.07,0.037,0.026,1.0
4,2022,11,7,0,11.3,8.49,10.7,1258.0,6.3,4.08,0.037,0.025,0.98
4,2022,11,7,4,11.2,8.49,10.44,1273.2,4.6,4.08,0.035,0.025,0.98
4,2022,11,7,8,10.9,8.5,10.58,1272.2,6.0,3.98,0.037,0.026,1.0
4,2022,11,7,12,11.3,8.45,10.62,1326.9,5.9,4.03,0.043,0.026,0.96
4,2022,11,7,16,11.3,8.52,11.0,1316.6,5.7,3.99,0.046,0.024,0.96
4,2022,11,7,20,11.3,8.52,10.88,1315.4,4.8,4.15,0.025,0.025,1.02
4,2022,11,8,0,11.0,8.52,10.82,1318.3,4.2,3.96,0.025,0.022,0.95
4,2022,11,8,4,10.8,8.5,10.68,1317.0,4.4,3.96,0.033,0.022,0.95
4,2022,11,8,8,10.6,8.51,10.74,1314.8,6.0,3.91,0.036,0.023,0.9
4,2022,11,8,12,10.9,8.54,11.16,1314.8,5.8,3.95,0.035,0.025,0.91
4,2022,11,8,16,11.4,8.58,11.69,1310.5,4.3,4.03,0.041,0.027,0.91
4,2022,11,8,20,11.0,8.53,11.03,1310.7,4.2,3.83,0.03,0.024,0.93
4,2022,11,9,0,10.8,8.51,10.78,1310.6,4.4,3.83,0.03,0.023,0.94
4,2022,11,9,4,10.6,8.52,10.7,1312.0,4.4,3.83,0.03,0.023,0.94
4,2022,11,9,8,10.4,8.52,10.8,1310.6,5.4,3.78,0.041,0.022,0.92
4,2022,11,9,12,10.6,8.55,11.21,1309.8,5.2,4.02,0.029,0.023,0.92
4,2022,11,9,16,10.7,8.53,11.01,1308.9,4.8,3.85,0.034,0.026,0.91
4,2022,11,9,20,10.8,8.52,10.87,1307.9,3.6,3.83,0.031,0.024,0.92
4,2022,11,10,0,10.7,8.51,10.79,1306.6,3.5,3.85,0.031,0.021,0.92
4,2022,11,10,4,10.5,8.51,10.72,1306.8,3.4,3.85,0.028,0.021,0.92
4,2022,11,10,8,10.4,8.52,10.87,1306.5,3.9,3.88,0.035,0.021,0.94
4,2022,11,10,12,10.8,8.54,11.26,1304.4,4.2,3.9,0.031,0.022,0.93
4,2022,11,10,16,10.8,8.54,11.16,1298.5,4.2,3.91,0.035,0.022,0.94
4,2022,11,10,20,11.0,8.52,11.0,1302.0,3.9,3.91,0.038,0.022,0.92
4,2022,11,11,0,10.9,8.52,10.86,1302.4,3.4,3.83,0.038,0.021,0.92
4,2022,11,11,4,10.9,8.51,10.73,1301.8,3.2,3.83,0.035,0.021,0.92
4,2022,11,11,8,10.9,8.51,10.7,1302.8,3.1,3.8,0.04,0.02,0.91
4,2022,11,11,12,10.9,8.35,10.8,1298.6,3.1,3.96,0.026,0.022,0.97
4,2022,11,11,16,11.0,8.56,10.6,1306.1,4.4,3.96,0.03,0.022,0.97
4,2022,11,11,20,10.9,8.56,10.63,1308.7,2.8,3.93,0.027,0.024,0.94
4,2022,11,12,0,10.8,8.56,10.56,1306.0,3.0,3.94,0.027,0.023,0.94
4,2022,11,12,4,10.6,8.55,10.58,1303.8,6.0,3.94,0.027,0.023,0.94
4,2022,11,12,8,10.5,8.55,10.54,1303.5,6.0,3.94,0.035,0.025,0.96
4,2022,11,12,12,10.5,8.56,10.73,1299.5,7.5,3.94,0.031,0.027,0.92
4,2022,11,12,16,10.5,8.57,10.75,1298.1,5.7,3.84,0.025,0.026,0.93
4,2022,11,12,20,10.2,8.55,10.61,1295.2,6.3,3.89,0.031,0.026,0.92
4,2022,11,13,0,10.1,8.55,10.65,1298.2,6.3,3.9,0.031,0.026,0.92
4,2022,11,13,4,9.9,8.54,10.55,1296.5,5.7,3.9,0.036,0.026,0.92
4,2022,11,13,8,9.7,8.55,10.59,1299.6,5.2,3.84,0.04,0.027,0.93
4,2022,11,13,12,10.1,8.6,11.34,1296.2,4.6,3.86,0.044,0.025,0.91
4,2022,11,13,16,10.2,8.59,11.28,1291.8,4.5,3.86,0.046,0.026,0.93
4,2022,11,13,20,10.0,8.55,10.82,1293.6,4.5,4.02,0.057,0.005,0.93
4,2022,11,14,0,9.8,8.53,10.54,1278.9,4.6,3.86,0.057,0.005,0.96
4,2022,11,14,4,9.6,8.53,10.5,1293.9,4.8,3.86,0.127,0.005,0.96
4,2022,11,14,8,9.4,8.53,10.64,1294.1,4.7,3.98,0.1,0.029,1.03
4,2022,11,14,12,10.0,8.55,11.07,1287.5,4.3,3.94,0.164,0.033,1.06
4,2022,11,14,16,10.1,8.58,11.34,1284.2,3.7,3.98,0.133,0.031,1.06
4,2022,11,14,16,10.1,8.58,11.34,1284.2,3.7,3.98,0.133,0.031,1.06
4,2022,11,14,20,10.0,8.55,11.0,1286.0,3.3,3.86,0.14,0.03,1.07
4,2022,11,15,0,9.7,8.53,10.8,1286.0,3.4,3.86,0.14,0.03,1.07
4,2022,11,15,4,9.3,8.52,10.71,1286.2,3.7,3.84,0.167,0.032,1.09
4,2022,11,15,8,9.2,8.52,10.77,1285.2,4.6,4.0,0.178,0.033,1.06
4,2022,11,15,12,9.7,8.57,11.33,1283.9,4.0,3.96,0.169,0.032,1.09
4,2022,11,15,16,10.1,8.58,11.51,1281.8,3.6,4.01,0.165,0.031,1.1
4,2022,11,16,12,9.3,8.57,11.17,1282.5,3.8,4.0,0.151,0.03,0.98
4,2022,11,16,16,9.3,8.56,11.12,1280.8,3.9,3.95,0.148,0.03,0.98
4,2022,11,16,20,9.4,8.56,11.15,1282.2,2.8,3.78,0.13,0.029,0.95
4,2022,11,17,0,9.2,8.54,10.88,1285.1,2.7,3.8,0.144,0.027,0.98
4,2022,11,17,4,8.9,8.55,10.89,1286.1,3.0,3.92,0.139,0.027,1.0
4,2022,11,17,8,8.8,8.56,10.94,1286.4,3.7,3.76,0.121,0.027,0.94
4,2022,11,17,12,9.0,8.58,11.26,1285.6,3.7,3.98,0.11,0.027,0.94
4,2022,11,17,20,9.3,8.59,11.38,1280.3,2.8,3.95,0.094,0.03,0.91
4,2022,11,18,0,9.0,8.57,11.02,1283.1,3.1,3.82,0.101,0.026,0.9
4,2022,11,18,4,8.8,8.57,11.01,1283.4,3.0,3.82,0.085,0.025,0.9
4,2022,11,18,8,8.7,8.57,11.0,1285.7,3.7,3.8,0.085,0.024,0.9
4,2022,11,18,12,8.9,8.59,11.36,1286.6,3.3,3.96,0.075,0.025,0.88
4,2022,11,18,16,8.9,8.58,11.09,1287.1,3.0,3.81,0.072,0.025,0.88
4,2022,11,18,20,9.0,8.58,11.08,1286.7,2.9,3.73,0.081,0.025,0.86
4,2022,11,19,0,8.9,8.57,10.98,1287.7,2.9,3.75,0.072,0.023,0.88
4,2022,11,19,4,8.8,8.56,10.82,1290.2,2.9,3.76,0.067,0.023,0.86
4,2022,11,19,8,8.8,8.57,10.92,1289.1,3.3,3.79,0.059,0.005,0.82
4,2022,11,19,12,9.0,8.6,11.31,1286.7,3.7,3.76,0.062,0.024,0.83
4,2022,11,19,16,9.6,8.61,11.52,1284.3,3.1,3.71,0.049,0.024,0.82
4,2022,11,19,20,9.2,8.58,10.92,1285.7,3.2,3.74,0.047,0.023,0.83
4,2022,11,20,0,9.0,8.58,10.99,1289.3,3.0,3.66,0.055,0.022,0.81
4,2022,11,20,4,8.9,8.57,10.88,1290.5,3.2,3.74,0.046,0.021,0.82
4,2022,11,20,8,8.8,8.58,10.94,1291.5,3.2,3.78,0.032,0.022,0.84
4,2022,11,20,12,8.8,8.59,11.14,1290.7,3.2,3.84,0.037,0.02,0.82
4,2022,11,20,16,8.8,8.57,10.88,1291.0,3.2,3.81,0.036,0.023,0.81
4,2022,11,20,20,8.8,8.56,10.75,1291.7,3.7,3.9,0.034,0.022,0.82
4,2022,11,21,0,8.8,8.55,10.75,1291.4,3.8,3.71,0.041,0.021,0.8
4,2022,11,21,4,8.8,8.56,10.78,1290.2,4.1,3.71,0.041,0.021,0.8
4,2022,11,21,12,9.0,8.59,11.29,1288.8,4.3,3.78,0.025,0.021,0.82
4,2022,11,21,16,9.0,8.58,11.23,1284.6,3.6,3.77,0.025,0.021,0.79
4,2022,11,21,20,8.9,8.57,11.01,1288.2,3.3,3.71,0.025,0.02,0.76
4,2022,11,21,20,8.9,8.57,11.01,1288.2,3.3,3.71,0.025,0.02,0.76
4,2022,11,22,4,8.7,8.56,10.89,1292.2,3.7,3.75,0.025,0.02,0.8
4,2022,11,22,8,8.6,8.56,10.87,1295.4,3.8,3.88,0.032,0.02,0.79
4,2022,11,22,12,9.2,8.59,11.5,1292.9,3.6,3.82,0.025,0.02,0.79
4,2022,11,22,16,9.3,8.6,11.48,1287.4,3.5,3.83,0.028,0.02,0.79
4,2022,11,22,20,9.0,8.56,11.07,1291.3,3.4,3.74,0.031,0.019,0.79
4,2022,11,23,0,8.8,8.55,10.98,1295.6,3.6,3.74,0.031,0.019,0.79
4,2022,11,23,4,8.6,8.55,10.94,1297.3,4.3,3.75,0.032,0.02,0.8
4,2022,11,23,8,8.5,8.56,11.06,1297.7,4.2,3.83,0.048,0.02,0.82
4,2022,11,23,12,8.8,8.59,11.58,1296.0,3.7,3.78,0.047,0.021,0.83
4,2022,11,23,16,9.3,8.61,11.91,1291.9,3.3,3.84,0.041,0.02,0.82
4,2022,11,23,20,9.2,8.58,11.35,1294.7,2.9,3.81,0.034,0.02,0.82
4,2022,11,24,0,8.9,8.57,11.18,1295.9,3.0,3.81,0.034,0.02,0.82
4,2022,11,24,4,8.6,8.55,11.02,1300.6,3.5,3.76,0.037,0.02,0.85
4,2022,11,24,8,8.5,8.56,11.05,1301.7,4.0,3.75,0.037,0.02,0.83
4,2022,11,24,12,8.6,8.56,11.06,1307.2,3.0,3.8,0.044,0.021,0.91
4,2022,11,24,16,9.2,8.46,11.18,1283.4,3.0,3.67,0.038,0.022,0.89
4,2022,11,24,20,8.8,8.56,11.19,1308.9,2.7,3.61,0.044,0.02,0.91
4,2022,11,25,0,8.6,8.56,11.06,1309.0,2.6,3.61,0.044,0.02,0.91
4,2022,11,25,4,8.5,8.54,10.87,1312.8,2.5,3.66,0.045,0.02,0.9
4,2022,11,25,8,8.4,8.55,10.94,1310.7,4.4,3.87,0.04,0.021,0.93
4,2022,11,25,12,8.5,8.56,11.08,1314.8,4.7,3.72,0.032,0.021,0.94
4,2022,11,25,12,8.5,8.56,11.08,1314.8,4.7,3.72,0.032,0.021,0.94
4,2022,11,25,16,8.6,8.57,11.08,1308.9,4.3,3.72,0.038,0.02,0.95
4,2022,11,25,20,8.2,8.56,11.02,1310.5,4.0,3.67,0.025,0.02,0.92
4,2022,11,26,0,8.0,8.55,10.94,1315.1,4.0,3.67,0.025,0.02,0.92
4,2022,11,26,4,7.7,8.55,10.96,1319.3,4.4,3.64,0.025,0.021,0.9
4,2022,11,26,8,7.5,8.56,10.94,1320.8,3.9,4.34,0.03,0.021,0.92
4,2022,11,26,12,7.8,8.59,11.36,1318.7,3.9,4.29,0.026,0.021,0.89
4,2022,11,26,16,7.8,8.6,11.5,1312.4,4.0,4.29,0.026,0.021,0.89
4,2022,11,28,8,7.0,8.57,10.87,1329.0,2.8,3.84,0.025,0.019,0.87
4,2022,11,28,12,7.1,8.59,11.26,1328.7,3.5,4.15,0.028,0.02,0.91
4,2022,11,28,16,7.1,8.59,11.31,1327.8,3.6,4.02,0.025,0.019,0.88
4,2022,11,29,8,5.5,8.61,11.41,1346.9,4.8,4.4,0.025,0.021,0.87
4,2022,11,29,12,5.4,8.61,11.47,1350.3,4.8,4.31,0.025,0.022,0.82
4,2022,11,29,16,5.2,8.61,11.52,1341.4,4.0,4.28,0.025,0.021,0.81
4,2022,11,29,20,4.8,8.61,11.51,1349.9,4.2,4.14,0.025,0.022,0.84
4,2022,11,30,0,4.5,8.61,11.5,1356.8,3.8,4.14,0.025,0.022,0.84
4,2022,11,30,4,4.2,8.61,11.5,1362.3,3.6,4.2,0.025,0.022,0.89
4,2022,11,30,8,3.8,8.62,11.59,1366.7,3.8,4.5,0.025,0.02,0.88
4,2022,11,30,12,3.8,8.63,11.8,1368.8,3.6,4.23,0.025,0.022,0.9
4,2022,11,30,16,3.9,8.63,11.81,1361.5,3.1,4.34,0.025,0.022,0.86
4,2022,11,30,20,3.5,8.63,11.82,1368.1,3.1,4.2,0.025,0.021,0.87
4,2022,12,1,0,3.5,8.63,11.74,1372.4,2.8,4.2,0.025,0.021,0.87
4,2022,12,1,4,3.3,8.62,11.68,1377.5,2.9,4.03,0.025,0.021,0.93
4,2022,12,1,12,3.4,8.64,11.96,1366.9,2.7,3.65,0.025,0.021,0.79
4,2022,12,1,16,3.6,8.63,11.99,1349.9,4.3,3.92,0.027,0.022,0.92
4,2022,12,2,0,3.5,8.63,11.96,1359.0,2.8,3.93,0.025,0.02,0.9
4,2022,12,2,4,3.5,8.63,11.99,1361.9,2.7,3.88,0.027,0.019,0.89
4,2022,12,2,8,3.5,8.63,12.03,1363.2,2.7,3.86,0.025,0.019,0.94
4,2022,12,2,12,3.8,8.66,12.37,1359.1,2.7,3.98,0.025,0.019,0.93
4,2022,12,2,16,3.8,8.64,12.19,1355.2,2.6,3.72,0.025,0.022,0.91
4,2022,12,2,20,3.8,8.62,11.87,1356.3,2.7,3.71,0.025,0.018,0.94
4,2022,12,3,0,3.8,8.62,11.87,1359.9,2.5,3.71,0.025,0.018,0.94
4,2022,12,3,4,3.7,8.62,11.9,1362.2,2.4,4.02,0.025,0.02,0.93
4,2022,12,3,8,3.6,8.63,11.98,1364.7,2.4,4.32,0.025,0.019,0.97
4,2022,12,3,12,3.8,8.64,12.27,1363.7,2.4,3.89,0.025,0.019,0.92
4,2022,12,3,16,3.9,8.63,12.18,1357.7,2.4,4.08,0.025,0.018,0.94
4,2022,12,3,20,3.9,8.62,11.98,1358.2,2.3,3.84,0.025,0.019,0.96
4,2022,12,4,0,3.8,8.62,11.99,1362.0,2.2,3.84,0.025,0.019,0.96
4,2022,12,4,4,3.8,8.62,12.04,1364.3,2.1,4.08,0.025,0.019,0.94
4,2022,12,4,8,3.8,8.62,12.12,1369.3,2.1,4.08,0.025,0.018,0.94
4,2022,12,4,12,3.9,8.64,12.52,1364.8,2.2,3.88,0.025,0.019,0.93
4,2022,12,4,16,4.1,8.63,12.33,1358.5,2.1,3.88,0.025,0.019,0.92
4,2022,12,4,20,4.1,8.62,12.11,1359.4,2.0,3.85,0.025,0.019,0.96
4,2022,12,5,0,3.9,8.62,12.16,1363.5,2.0,3.85,0.025,0.019,0.96
4,2022,12,5,4,3.9,8.61,12.16,1365.2,2.1,4.06,0.025,0.018,0.94
4,2022,12,5,8,3.9,8.62,12.21,1370.7,2.0,4.04,0.025,0.018,0.92
4,2022,12,5,12,4.1,8.64,12.5,1367.5,2.0,4.04,0.025,0.019,0.94
4,2022,12,5,16,4.2,8.63,12.37,1362.2,1.9,4.18,0.025,0.018,0.96
4,2022,12,6,0,4.1,8.61,12.14,1364.7,1.8,3.86,0.025,0.018,0.9
4,2022,12,6,4,4.1,8.61,12.14,1367.7,1.9,3.96,0.025,0.019,0.95
4,2022,12,6,8,4.1,8.61,12.19,1371.2,1.9,3.89,0.025,0.021,0.98
4,2022,12,6,12,4.4,8.64,12.54,1367.0,1.8,4.05,0.025,0.018,0.88
4,2022,12,6,16,4.4,8.63,12.42,1364.6,1.8,4.03,0.025,0.018,0.94
4,2022,12,6,20,4.4,8.61,12.23,1364.7,1.8,4.09,0.025,0.018,0.94
4,2022,12,7,0,4.3,8.6,12.12,1366.1,1.7,4.09,0.025,0.018,0.94
4,2022,12,7,4,4.2,8.6,12.19,1371.2,1.7,4.09,0.061,0.018,0.94
4,2022,12,7,8,4.2,8.61,12.26,1369.0,1.8,3.9,0.025,0.017,0.99
4,2022,12,7,12,4.5,8.64,12.69,1365.8,1.7,4.0,0.025,0.018,0.92
4,2022,12,7,16,4.7,8.62,12.48,1363.5,1.8,4.15,0.025,0.017,0.94
4,2022,12,7,20,4.5,8.61,12.29,1365.0,1.7,4.05,0.025,0.018,0.94
4,2022,12,8,0,4.5,8.6,12.18,1367.8,1.6,4.05,0.025,0.018,0.94
4,2022,12,8,4,4.5,8.6,12.18,1366.5,1.5,4.04,0.025,0.018,0.91
4,2022,12,8,8,4.4,8.6,12.25,1368.5,1.6,4.08,0.025,0.018,0.93
4,2022,12,8,12,4.8,8.64,12.66,1364.2,1.6,4.08,0.025,0.018,0.93
4,2022,12,8,16,4.9,8.63,12.56,1358.9,1.4,4.05,0.025,0.018,0.94
4,2022,12,8,20,4.8,8.61,12.38,1365.0,1.5,3.98,0.025,0.018,0.93
4,2022,12,9,0,4.7,8.61,12.36,1363.9,1.4,3.98,0.025,0.018,0.93
4,2022,12,9,4,4.7,8.6,12.29,1366.0,1.4,4.03,0.025,0.017,0.93
4,2022,12,9,8,4.6,8.61,12.34,1369.4,1.4,3.94,0.025,0.017,0.94
4,2022,12,9,12,4.9,8.63,12.73,1368.1,1.4,4.24,0.025,0.018,0.91
4,2022,12,9,16,5.1,8.63,12.65,1360.2,1.3,3.96,0.025,0.018,0.92
4,2022,12,9,20,4.9,8.62,12.61,1367.0,1.4,3.98,0.025,0.018,0.91
4,2022,12,10,0,4.8,8.62,12.58,1366.2,1.3,3.98,0.025,0.018,0.91
4,2022,12,10,4,4.7,8.63,12.61,1368.5,1.3,4.06,0.025,0.02,0.95
4,2022,12,10,8,4.7,8.63,12.59,1371.7,1.3,4.06,0.025,0.017,0.96
4,2022,12,10,12,5.0,8.67,13.37,1356.0,1.2,4.07,0.025,0.017,0.92
4,2022,12,10,16,5.3,8.65,12.96,1358.8,1.4,4.06,0.025,0.017,0.94
4,2022,12,10,20,5.1,8.63,12.65,1367.3,1.6,3.97,0.025,0.018,0.96
4,2022,12,11,0,5.0,8.64,12.8,1363.1,1.5,3.97,0.025,0.018,0.96
4,2022,12,11,4,5.0,8.64,12.77,1369.7,1.5,3.9,0.025,0.017,0.97
4,2022,12,11,8,4.8,8.63,12.8,1378.0,1.4,4.0,0.025,0.018,0.96
4,2022,12,11,12,5.1,8.67,13.18,1367.3,1.3,3.99,0.025,0.017,0.98
4,2022,12,11,16,5.2,8.66,13.08,1366.8,1.3,3.94,0.025,0.02,0.96
4,2022,12,11,20,5.1,8.65,13.0,1363.3,1.4,3.91,0.025,0.021,0.9
4,2022,12,12,0,5.1,8.65,12.87,1367.5,1.5,3.91,0.025,0.021,0.9
4,2022,12,12,4,5.0,8.65,13.03,1362.0,1.3,3.86,0.025,0.018,0.94
4,2022,12,12,8,5.0,8.65,12.9,1359.9,1.3,3.98,0.025,0.018,0.98
4,2022,12,12,12,5.1,8.68,13.45,1358.8,1.2,4.06,0.025,0.017,0.98
4,2022,12,12,16,5.2,8.42,13.34,1363.3,1.3,4.19,0.025,0.02,0.95
4,2022,12,12,20,5.2,8.48,13.1,1366.0,1.3,4.06,0.025,0.018,0.91
4,2022,12,13,0,5.0,8.64,13.15,1366.7,1.2,4.06,0.025,0.018,0.91
4,2022,12,13,4,4.8,8.49,13.06,1372.6,1.3,4.0,0.025,0.018,0.92
4,2022,12,13,8,4.8,8.47,13.09,1374.8,1.3,3.97,0.025,0.018,0.9
4,2022,12,13,12,5.0,8.42,13.49,1373.4,1.4,4.08,0.025,0.017,0.91
4,2022,12,13,16,5.1,8.39,13.43,1368.0,1.4,3.85,0.025,0.017,0.92
4,2022,12,13,20,5.0,8.38,13.13,1371.8,1.5,3.88,0.025,0.017,0.9
4,2022,12,14,0,4.8,8.36,13.16,1373.4,1.4,3.88,0.025,0.017,0.9
4,2022,12,14,4,4.8,8.35,13.06,1375.8,1.4,4.16,0.025,0.018,0.91
4,2022,12,14,8,4.8,8.34,13.0,1378.0,1.5,4.04,0.025,0.016,0.93
4,2022,12,14,12,5.0,8.38,13.37,1365.4,1.5,3.99,0.025,0.017,0.88
4,2022,12,14,16,5.1,8.37,13.2,1373.3,1.5,4.04,0.025,0.017,0.9
4,2022,12,14,20,5.0,8.35,12.98,1367.6,1.5,3.9,0.025,0.017,0.97
4,2022,12,15,0,5.0,8.31,12.97,1376.9,1.5,3.9,0.025,0.017,0.97
4,2022,12,15,4,4.8,8.31,12.97,1369.8,1.6,3.97,0.025,0.016,0.91
4,2022,12,15,8,4.7,8.34,12.97,1381.0,1.6,4.28,0.025,0.017,0.94
4,2022,12,15,12,5.0,8.32,13.47,1378.5,1.7,4.12,0.025,0.018,0.87
4,2022,12,15,16,5.1,8.3,13.31,1372.4,1.7,3.93,0.025,0.018,0.9
4,2022,12,15,20,5.0,8.28,13.01,1385.4,1.7,3.93,0.025,0.017,0.89
4,2022,12,16,0,4.9,8.3,13.14,1382.2,1.6,3.93,0.025,0.017,0.89
4,2022,12,16,4,4.8,8.29,13.16,1378.2,1.8,4.21,0.025,0.019,0.91
4,2022,12,16,8,4.8,8.42,13.1,1382.8,1.7,3.99,0.025,0.018,0.91
4,2022,12,16,12,4.9,8.43,13.57,1382.9,1.9,4.07,0.025,0.017,1.02
4,2022,12,16,16,5.0,8.39,13.3,1377.5,1.8,4.16,0.025,0.017,0.88
4,2022,12,16,20,4.8,8.37,13.16,1380.0,2.1,4.2,0.025,0.018,0.9
4,2022,12,17,0,4.6,8.39,13.2,1387.7,2.1,4.2,0.025,0.018,0.9
4,2022,12,17,4,4.5,8.39,13.07,1393.9,2.3,4.17,0.025,0.02,0.91
4,2022,12,17,8,4.6,8.44,13.08,1391.8,1.9,4.2,0.025,0.017,0.92
4,2022,12,17,12,4.7,8.42,13.32,1389.9,1.8,4.14,0.025,0.018,0.89
4,2022,12,17,16,4.8,8.46,13.28,1383.5,1.7,4.04,0.025,0.018,0.91
4,2022,12,17,20,4.7,8.47,13.32,1389.6,1.7,4.26,0.025,0.018,0.89
4,2022,12,18,0,4.6,8.5,13.25,1389.2,1.6,4.26,0.025,0.018,0.89
4,2022,12,18,4,4.6,8.43,13.17,1391.7,1.9,4.02,0.025,0.018,0.88
4,2022,12,18,8,4.6,8.42,12.34,1391.4,2.0,4.21,0.025,0.017,0.87
4,2022,12,18,12,4.8,8.45,14.06,1388.2,1.6,4.24,0.025,0.017,0.9
4,2022,12,18,16,5.0,8.47,13.36,1380.6,1.6,4.27,0.025,0.017,0.91
4,2022,12,18,20,4.8,8.38,13.14,1386.0,1.7,4.22,0.025,0.018,0.9
4,2022,12,19,0,4.7,8.38,12.93,1388.1,1.6,4.22,0.025,0.018,0.9
4,2022,12,19,4,4.7,8.37,13.58,1387.1,1.7,4.17,0.025,0.018,0.9
4,2022,12,19,8,4.5,8.37,13.49,1393.1,1.7,4.19,0.025,0.017,0.92
4,2022,12,19,12,4.8,8.42,13.74,1388.9,1.7,4.2,0.025,0.018,0.94
4,2022,12,19,16,5.0,8.38,13.48,1381.2,1.8,4.2,0.025,0.017,0.92
4,2022,12,19,20,4.8,8.37,13.25,1387.5,2.2,4.34,0.025,0.017,0.87
4,2022,12,20,0,4.8,8.37,13.55,1386.9,2.0,4.34,0.025,0.017,0.87
4,2022,12,20,4,4.6,8.37,13.45,1391.1,1.6,4.12,0.025,0.018,0.91
4,2022,12,20,8,4.7,8.37,13.45,1393.3,1.8,4.35,0.025,0.018,0.91
4,2022,12,20,12,4.8,8.4,13.74,1388.8,1.9,4.25,0.025,0.016,0.88
4,2022,12,20,16,5.0,8.39,13.39,1388.4,1.7,4.16,0.025,0.017,0.94
4,2022,12,20,20,4.8,8.39,13.51,1387.3,1.8,4.27,0.025,0.018,0.87
4,2022,12,21,0,4.7,8.42,13.57,1392.2,1.8,4.27,0.025,0.018,0.87
4,2022,12,21,4,4.7,8.4,13.27,1389.4,1.7,4.16,0.025,0.018,0.92
4,2022,12,21,8,4.7,8.41,13.33,1391.4,1.9,4.34,0.025,0.018,1.02
4,2022,12,21,12,5.0,8.43,13.51,1388.2,1.9,4.36,0.025,0.017,0.88
4,2022,12,21,16,4.9,8.42,14.05,1383.9,1.9,4.25,0.025,0.017,0.89
4,2022,12,21,20,4.8,8.41,13.6,1391.7,1.8,4.18,0.025,0.017,0.9
4,2022,12,22,0,4.6,8.41,13.54,1392.2,1.7,4.18,0.025,0.017,0.9
4,2022,12,22,4,4.5,8.42,13.71,1397.2,1.8,4.36,0.025,0.018,0.96
4,2022,12,22,8,4.5,8.42,13.53,1395.6,2.0,4.36,0.025,0.017,0.9
4,2022,12,22,8,4.5,8.42,13.53,1395.6,2.0,4.34,0.025,0.017,0.9
4,2022,12,22,12,4.8,8.44,12.58,1395.8,1.9,4.34,0.025,0.016,0.9
4,2022,12,22,12,4.8,8.44,12.58,1395.8,1.9,4.16,0.025,0.016,0.9
4,2022,12,22,16,4.8,8.42,12.7,1392.7,1.8,4.16,0.025,0.018,0.94
4,2022,12,22,20,4.8,8.41,13.79,1391.3,1.8,4.31,0.025,0.018,0.86
4,2022,12,23,0,4.7,8.46,13.46,1391.1,1.9,4.24,0.025,0.018,0.86
4,2022,12,23,4,4.6,8.42,13.5,1394.8,1.9,4.26,0.025,0.018,0.93
4,2022,12,23,8,4.6,8.42,13.41,1397.4,1.8,4.02,0.025,0.021,0.91
4,2022,12,23,12,4.8,8.43,13.12,1398.6,1.8,4.25,0.025,0.021,0.93
4,2022,12,23,16,5.0,8.41,14.34,1386.2,2.0,4.16,0.025,0.017,0.92
4,2022,12,23,20,4.8,8.41,13.78,1396.4,2.0,3.94,0.025,0.017,0.91
4,2022,12,24,0,4.8,8.42,13.77,1393.5,1.9,4.19,0.025,0.017,0.91
4,2022,12,24,4,4.6,8.42,14.25,1395.3,2.0,4.25,0.025,0.017,0.88
4,2022,12,24,8,4.6,8.42,14.24,1400.0,1.9,4.05,0.025,0.018,0.89
4,2022,12,24,12,4.9,8.44,14.08,1388.6,1.9,4.3,0.025,0.017,0.87
4,2022,12,24,16,5.0,8.44,13.98,1388.6,1.8,4.08,0.025,0.016,0.91
4,2022,12,24,20,4.8,8.43,13.97,1389.5,2.0,4.09,0.025,0.017,0.89
4,2022,12,25,0,4.8,8.43,13.91,1392.1,1.8,4.12,0.025,0.017,0.89
4,2022,12,25,4,4.6,8.42,13.99,1398.2,1.9,4.05,0.025,0.017,0.92
4,2022,12,25,8,4.7,8.44,13.96,1399.7,2.1,4.11,0.025,0.017,0.9
4,2022,12,25,12,4.8,8.45,14.49,1397.4,1.9,4.22,0.025,0.017,0.86
4,2022,12,25,16,4.8,8.45,14.4,1394.2,2.1,4.18,0.025,0.018,0.89
4,2022,12,25,20,4.8,8.48,12.89,1390.1,4.5,4.28,0.038,0.017,0.89
4,2022,12,26,0,4.7,8.44,13.6,1399.8,2.0,4.18,0.038,0.017,0.89
4,2022,12,26,4,4.6,8.5,14.09,1401.7,1.9,4.27,0.025,0.017,0.89
4,2022,12,26,8,4.6,8.41,14.12,1402.8,2.0,4.16,0.025,0.019,0.91
4,2022,12,26,12,4.8,8.45,14.45,1397.4,2.0,4.12,0.025,0.018,0.89
4,2022,12,26,16,5.0,8.46,14.3,1393.9,2.0,4.11,0.025,0.018,0.88
4,2022,12,26,20,4.8,8.41,14.19,1396.6,2.3,4.12,0.025,0.018,0.9
4,2022,12,27,0,4.7,8.41,14.28,1400.0,2.1,4.12,0.025,0.018,0.9
4,2022,12,27,4,4.6,8.42,13.86,1402.0,2.5,4.14,0.025,0.018,0.92
4,2022,12,27,8,4.6,8.41,14.35,1405.0,2.0,4.18,0.025,0.018,0.89
4,2022,12,27,12,4.8,8.42,14.63,1402.7,2.1,4.1,0.025,0.017,0.86
4,2022,12,27,16,5.0,8.43,14.41,1395.3,2.1,4.24,0.025,0.017,0.98
4,2022,12,27,20,4.8,8.46,12.94,1391.6,2.1,4.39,0.025,0.018,0.9
4,2022,12,28,0,4.8,8.47,14.55,1395.6,1.9,4.39,0.025,0.018,0.9
4,2022,12,28,4,4.7,8.46,14.37,1403.9,1.9,4.18,0.025,0.017,0.86
4,2022,12,28,8,4.6,8.45,14.29,1402.9,2.1,4.27,0.025,0.018,0.92
4,2022,12,28,12,4.8,8.46,14.51,1397.6,2.1,4.22,0.025,0.017,0.94
4,2022,12,28,16,5.0,8.46,14.47,1395.1,2.1,4.14,0.025,0.017,0.88
4,2022,12,28,20,5.0,8.46,13.57,1402.0,4.5,4.21,0.025,0.017,0.9
4,2022,12,29,0,4.8,8.47,14.27,1396.1,2.2,4.21,0.025,0.017,0.9
4,2022,12,29,4,4.6,8.46,14.35,1402.8,2.1,4.32,0.025,0.005,0.89
4,2022,12,29,8,4.7,8.46,14.65,1400.1,2.1,4.23,0.025,0.018,0.91
4,2022,12,29,12,5.0,8.49,14.52,1391.6,2.6,4.43,0.025,0.018,0.87
4,2022,12,29,16,5.0,8.48,14.53,1397.2,2.6,4.28,0.025,0.018,0.88
4,2022,12,29,20,4.9,8.47,13.82,1403.6,3.4,4.31,0.025,0.018,0.88
4,2022,12,30,0,4.8,8.47,14.54,1393.2,2.3,4.31,0.025,0.018,0.88
4,2022,12,30,4,4.8,8.47,14.38,1399.3,2.2,4.32,0.025,0.018,0.88
4,2022,12,30,8,4.8,8.46,14.16,1403.6,2.4,4.46,0.025,0.019,0.88
4,2022,12,30,12,4.9,8.48,14.41,1389.0,2.8,4.18,0.025,0.019,0.89
4,2022,12,30,16,5.1,8.48,14.53,1392.9,2.5,4.25,0.025,0.019,0.92
4,2022,12,30,20,5.0,8.48,14.41,1398.7,2.7,4.33,0.025,0.005,0.89
4,2022,12,31,0,4.8,8.47,14.27,1403.8,2.7,4.33,0.025,0.005,0.89
4,2022,12,31,4,4.8,8.46,14.31,1397.9,3.8,4.15,0.025,0.018,0.91
4,2022,12,31,8,4.8,8.46,14.13,1404.0,2.5,4.19,0.025,0.018,0.9
4,2022,12,31,12,5.0,8.47,14.48,1400.7,2.5,4.22,0.025,0.018,0.86
4,2022,12,31,16,5.1,8.47,14.33,1391.9,2.3,4.26,0.025,0.018,0.88
4,2022,12,31,20,5.0,8.47,14.42,1399.6,2.5,4.23,0.025,0.018,0.87
4,2023,1,1,0,4.8,8.47,14.45,1384.9,2.6,4.23,0.025,0.018,0.87
4,2023,1,1,4,4.8,8.47,14.47,1392.7,2.5,4.2,0.025,0.017,0.9
4,2023,1,1,8,4.8,8.46,14.24,1398.5,2.6,4.28,0.025,0.018,0.86
4,2023,1,1,12,5.0,8.48,14.63,1400.5,2.4,4.17,0.025,0.017,0.84
4,2023,1,1,16,5.1,8.48,14.52,1390.9,2.3,4.31,0.025,0.018,0.9
4,2023,1,1,20,5.0,8.48,14.39,1397.4,2.4,4.33,0.025,0.018,0.9
4,2023,1,2,0,4.9,8.47,14.44,1394.8,2.5,4.33,0.025,0.018,0.9
4,2023,1,2,4,4.8,8.47,14.42,1389.9,2.5,4.26,0.025,0.018,0.88
4,2023,1,2,8,4.8,8.46,14.31,1397.9,2.6,4.33,0.025,0.019,0.9
4,2023,1,2,12,5.0,8.48,14.94,1398.0,2.6,4.24,0.025,0.019,0.86
4,2023,1,2,16,5.1,8.48,14.66,1394.1,2.4,4.31,0.025,0.019,0.86
4,2023,1,2,20,5.0,8.47,14.5,1397.4,2.3,4.27,0.025,0.018,0.89
4,2023,1,3,0,4.9,8.46,14.71,1401.0,2.5,4.27,0.025,0.018,0.89
4,2023,1,3,4,4.8,8.46,14.65,1398.8,2.4,4.2,0.025,0.019,0.89
4,2023,1,3,8,4.8,8.46,13.87,1403.5,2.4,4.2,0.025,0.019,0.89
4,2023,1,3,12,5.1,8.46,14.34,1402.9,2.7,4.26,0.025,0.018,0.88
4,2023,1,3,16,5.1,8.46,14.5,1395.5,2.5,4.35,0.025,0.018,0.88
4,2023,1,3,20,5.0,8.46,14.39,1398.3,2.6,4.25,0.025,0.018,0.88
4,2023,1,4,0,5.0,8.45,13.67,1404.3,2.6,4.25,0.025,0.018,0.88
4,2023,1,4,4,4.8,8.45,14.36,1400.0,2.7,4.25,0.025,0.018,0.87
4,2023,1,4,8,4.8,8.45,13.7,1327.4,4.7,4.26,0.025,0.019,0.94
4,2023,1,4,12,5.1,8.46,14.43,1392.2,2.5,4.18,0.025,0.018,0.84
4,2023,1,4,16,5.1,8.45,14.63,1395.7,2.9,4.28,0.025,0.02,0.85
4,2023,1,4,20,5.0,8.46,14.21,1397.0,2.5,4.22,0.025,0.018,0.86
4,2023,1,5,0,4.9,8.46,14.41,1400.4,2.6,4.22,0.025,0.018,0.86
4,2023,1,5,4,4.8,8.45,14.53,1402.8,2.4,4.26,0.025,0.02,0.83
4,2023,1,5,8,4.8,8.45,14.47,1400.5,2.4,4.27,0.025,0.019,0.85
4,2023,1,5,12,5.1,8.46,14.52,1383.6,5.9,4.26,0.028,0.02,0.88
4,2023,1,5,16,5.1,8.45,15.24,1401.6,2.7,4.39,0.025,0.02,0.88
4,2023,1,5,20,5.1,8.44,14.15,1377.1,4.9,4.21,0.026,0.019,0.85
4,2023,1,6,0,4.9,8.45,14.94,1404.7,2.5,4.32,0.025,0.02,0.88
4,2023,1,6,4,4.9,8.44,14.88,1405.1,2.5,4.27,0.025,0.021,0.83
4,2023,1,6,8,4.8,8.41,14.77,1408.4,2.4,4.25,0.026,0.02,0.87
4,2023,1,6,12,5.0,8.43,15.25,1406.1,2.5,4.33,0.025,0.02,0.82
4,2023,1,6,16,5.1,8.43,15.13,1401.6,2.5,4.29,0.032,0.019,0.86
4,2023,1,6,20,5.1,8.42,15.1,1401.7,2.9,4.43,0.031,0.02,0.85
4,2023,1,7,0,4.9,8.42,15.08,1404.2,2.6,4.31,0.025,0.021,0.85
4,2023,1,7,4,5.0,8.45,15.08,1404.1,2.6,4.33,0.028,0.021,0.86
4,2023,1,7,8,5.1,8.43,14.26,1406.9,4.8,4.31,0.029,0.021,0.93
4,2023,1,7,12,5.0,8.45,15.38,1403.4,2.6,4.39,0.029,0.02,0.82
4,2023,1,7,16,5.2,8.44,15.02,1392.8,2.5,4.16,0.028,0.02,0.83
4,2023,1,7,20,5.1,8.43,14.83,1401.3,2.6,4.29,0.03,0.019,0.85
4,2023,1,8,0,5.1,8.41,14.67,1401.6,2.8,4.18,0.027,0.019,0.84
4,2023,1,8,4,5.1,8.4,14.56,1403.5,2.6,4.26,0.025,0.019,0.83
4,2023,1,8,8,5.0,8.4,14.74,1402.9,2.5,4.4,0.028,0.019,0.86
4,2023,1,8,12,5.2,8.42,15.02,1398.1,2.2,4.24,0.025,0.019,0.8
4,2023,1,8,16,5.4,8.42,14.92,1392.6,2.2,4.22,0.025,0.017,0.84
4,2023,1,8,20,5.2,8.41,14.74,1394.2,2.3,4.13,0.025,0.018,0.8
4,2023,1,9,0,5.2,8.44,14.64,1400.2,2.5,4.07,0.026,0.019,0.83
4,2023,1,9,4,5.1,8.45,14.58,1400.4,2.2,4.26,0.052,0.018,0.84
4,2023,1,9,8,5.1,8.41,14.59,1403.5,2.1,4.27,0.032,0.019,0.84
4,2023,1,9,12,5.2,8.43,14.88,1402.3,2.0,4.11,0.029,0.016,0.78
4,2023,1,9,16,5.5,8.4,14.7,1390.9,1.9,4.12,0.03,0.017,0.84
4,2023,1,9,20,5.5,8.4,13.86,1337.4,4.3,4.28,0.027,0.019,0.8
4,2023,1,10,4,5.2,8.39,14.29,1403.3,2.4,4.2,0.033,0.02,0.82
4,2023,1,10,8,5.1,8.34,14.42,1399.7,2.3,4.2,0.025,0.018,0.84
4,2023,1,10,12,5.4,8.42,14.74,1390.8,2.3,4.31,0.029,0.018,0.85
4,2023,1,10,16,5.4,8.41,14.25,1374.5,2.1,4.16,0.033,0.018,0.92
4,2023,1,10,16,5.4,8.41,14.25,1374.5,2.1,4.16,0.028,0.018,0.92
4,2023,1,10,20,5.4,8.42,14.1,1389.0,2.1,4.39,0.031,0.02,0.82
4,2023,1,11,0,5.2,8.41,13.84,1391.1,2.4,4.35,0.031,0.018,0.81
4,2023,1,11,4,5.2,8.41,13.68,1391.8,2.4,4.34,0.026,0.018,0.85
4,2023,1,11,8,5.2,8.41,13.79,1379.4,2.4,4.13,0.029,0.018,0.81
4,2023,1,11,12,5.3,8.43,14.08,1389.3,2.4,4.36,0.025,0.019,0.83
4,2023,1,11,16,5.4,8.43,13.68,1396.8,4.0,4.26,0.028,0.005,0.79
4,2023,1,11,20,5.4,8.44,13.88,1386.3,2.5,4.5,0.029,0.016,0.83
4,2023,1,12,0,5.2,8.42,13.91,1389.9,2.4,4.38,0.029,0.018,0.82
4,2023,1,12,4,5.2,8.4,13.76,1388.0,2.2,4.38,0.025,0.018,0.82
4,2023,1,12,8,5.2,8.4,13.81,1388.5,2.1,4.16,0.027,0.018,0.83
4,2023,1,12,12,5.2,8.42,13.9,1385.8,2.3,4.23,0.025,0.019,0.86
4,2023,1,12,16,5.2,8.42,13.68,1386.1,2.3,4.38,0.025,0.018,0.83
4,2023,1,12,20,5.1,8.43,13.75,1392.6,2.3,4.26,0.026,0.018,0.82
4,2023,1,13,0,5.2,8.44,13.46,1393.4,2.2,7.6,0.026,0.018,0.81
4,2023,1,13,4,5.1,8.44,13.7,1390.9,2.1,7.6,0.025,0.018,0.81
4,2023,1,13,8,5.1,8.4,13.46,1392.1,2.1,4.49,0.026,0.019,0.82
4,2023,1,13,12,5.2,8.41,13.66,1389.6,2.2,4.39,0.025,0.019,0.84
4,2023,1,13,16,5.4,8.4,13.2,1360.6,4.7,4.39,0.025,0.018,0.82
4,2023,1,13,20,5.1,8.38,13.31,1390.7,2.2,4.45,0.027,0.005,0.8
4,2023,1,14,0,5.1,8.38,13.32,1392.7,2.3,4.27,0.027,0.018,0.8
4,2023,1,14,4,5.1,8.38,13.07,1373.8,4.1,4.27,0.03,0.018,0.8
4,2023,1,14,8,5.0,8.38,13.25,1393.4,2.0,4.42,0.031,0.018,0.81
4,2023,1,14,12,5.0,8.39,13.67,1388.5,1.9,4.28,0.025,0.018,0.84
4,2023,1,14,16,5.2,8.39,13.56,1389.8,1.8,4.43,0.034,0.018,0.84
4,2023,1,14,20,5.0,8.38,13.36,1384.3,1.9,4.46,0.033,0.017,0.84
4,2023,1,15,0,5.3,8.38,12.85,1396.7,3.8,4.3,0.033,0.017,0.81
4,2023,1,15,4,5.0,8.38,13.51,1397.5,2.3,4.3,0.032,0.017,0.81
4,2023,1,15,8,5.0,8.41,13.88,1397.2,1.8,4.39,0.04,0.018,0.83
4,2023,1,15,12,5.1,8.44,14.33,1394.3,1.8,4.34,0.031,0.017,0.85
4,2023,1,15,16,5.1,8.44,14.32,1383.2,1.9,4.38,0.025,0.016,0.84
4,2023,1,15,20,5.1,8.42,13.87,1394.4,2.1,4.44,0.036,0.017,0.83
4,2023,1,16,0,5.1,8.41,13.93,1393.5,2.2,4.26,0.036,0.018,0.82
4,2023,1,16,4,5.0,8.41,13.95,1394.7,2.1,4.26,0.025,0.018,0.82
4,2023,1,16,12,5.1,8.43,13.95,1391.3,2.2,4.44,0.025,0.017,0.84
4,2023,1,16,16,5.2,8.41,14.04,1389.9,2.2,4.35,0.059,0.018,0.81
4,2023,1,16,20,5.1,8.42,13.74,1391.9,2.2,4.44,0.036,0.018,0.86
4,2023,1,17,0,5.1,8.42,13.32,1367.1,4.6,4.52,0.036,0.018,0.82
4,2023,1,17,4,5.0,8.41,13.52,1394.1,2.2,4.52,0.038,0.018,0.82
4,2023,1,17,8,5.0,8.41,13.61,1393.4,2.2,4.27,0.033,0.018,0.82
4,2023,1,17,12,5.0,8.42,13.79,1394.9,1.9,4.39,0.025,0.018,0.83
4,2023,1,17,16,5.1,8.41,14.02,1406.3,2.3,4.3,0.025,0.016,0.82
4,2023,1,17,20,5.1,8.42,13.65,1407.5,2.1,4.42,0.03,0.017,0.81
4,2023,1,18,0,4.9,8.42,13.83,1407.6,2.1,4.4,0.03,0.018,0.86
4,2023,1,18,4,5.0,8.41,13.66,1408.8,2.3,4.4,0.032,0.018,0.86
4,2023,1,18,8,4.9,8.41,13.74,1411.0,2.2,4.6,0.027,0.018,0.79
4,2023,1,18,12,5.1,8.42,13.67,1407.0,2.1,4.08,0.028,0.018,0.84
4,2023,1,18,16,5.1,8.43,13.68,1401.0,2.3,4.48,0.028,0.018,0.8
4,2023,1,18,20,5.1,8.42,13.6,1406.3,2.3,4.42,0.026,0.018,0.82
4,2023,1,19,0,5.0,8.41,13.61,1409.6,2.4,4.38,0.026,0.018,0.83
4,2023,1,19,4,4.9,8.42,13.91,1409.8,2.2,4.38,0.03,0.018,0.83
4,2023,1,19,8,5.0,8.42,13.57,1408.9,2.2,4.32,0.028,0.018,0.78
4,2023,1,28,8,4.5,8.41,13.22,1418.3,1.7,4.55,0.03,0.018,0.83
4,2023,1,28,12,4.8,8.42,13.51,1414.5,1.9,4.36,0.027,0.016,0.8
4,2023,1,28,16,5.0,8.42,13.27,1408.4,1.7,4.31,0.032,0.016,0.84
4,2023,1,28,20,4.8,8.41,13.36,1412.1,2.1,4.44,0.025,0.019,0.81
4,2023,1,29,0,4.8,8.41,13.14,1411.6,2.0,4.44,0.025,0.019,0.81
4,2023,1,29,4,4.8,8.41,13.55,1413.0,2.0,4.75,0.027,0.018,0.79
4,2023,1,29,8,4.7,8.4,13.28,1415.6,1.8,4.43,0.027,0.018,0.86
4,2023,1,29,12,5.0,8.42,13.57,1409.0,2.0,4.48,0.025,0.018,0.8
4,2023,1,29,16,5.0,8.44,13.25,1404.8,2.3,4.5,0.026,0.018,0.87
4,2023,1,29,20,5.1,8.44,13.27,1406.9,2.0,4.3,0.03,0.018,0.82
4,2023,1,30,4,4.9,8.42,13.16,1409.0,1.9,4.4,0.03,0.019,0.86
4,2023,1,30,8,4.8,8.41,13.2,1409.2,2.0,4.47,0.031,0.02,0.85
4,2023,1,30,12,5.1,8.42,13.36,1396.8,1.9,4.49,0.03,0.019,0.8
4,2023,1,30,16,5.1,8.42,13.24,1389.8,2.0,4.52,0.027,0.019,0.88
4,2023,1,30,20,5.1,8.41,13.18,1401.9,1.8,4.35,0.028,0.019,0.79
4,2023,1,31,0,5.1,8.39,12.75,1403.3,2.1,4.35,0.028,0.019,0.79
4,2023,1,31,4,5.1,8.39,12.85,1404.6,2.0,4.46,0.025,0.019,0.83
4,2023,1,31,8,5.0,8.39,12.86,1404.0,2.2,4.5,0.032,0.019,0.8
4,2023,1,31,12,5.2,8.41,13.2,1398.4,2.0,4.17,0.025,0.018,0.79
4,2023,1,31,16,5.5,8.41,12.93,1393.3,2.2,4.26,0.027,0.018,0.8
4,2023,1,31,20,5.2,8.39,12.93,1389.4,2.1,4.3,0.025,0.019,0.8
4,2023,2,1,0,5.1,8.39,12.91,1401.8,2.0,4.3,0.025,0.019,0.8
4,2023,2,1,4,5.1,8.39,12.78,1403.1,2.7,4.34,0.025,0.021,0.84
4,2023,2,1,8,5.1,8.39,12.94,1404.3,2.0,4.48,0.034,0.02,0.8
4,2023,2,1,12,5.2,8.4,13.14,1401.7,1.9,4.2,0.029,0.017,0.77
4,2023,2,1,16,5.4,8.39,12.87,1396.0,1.9,4.33,0.029,0.018,0.8
4,2023,2,1,20,5.4,8.39,12.77,1395.7,2.3,4.46,0.027,0.02,0.76
4,2023,2,2,0,5.4,8.38,12.78,1401.8,1.9,4.46,0.027,0.02,0.76
4,2023,2,2,4,5.2,8.38,12.58,1399.2,1.9,4.44,0.031,0.02,0.83
4,2023,2,2,8,5.1,8.38,12.6,1399.2,1.7,4.33,0.031,0.019,0.82
4,2023,2,2,12,5.2,8.43,12.82,1399.3,1.9,4.19,0.032,0.018,0.8
4,2023,2,2,16,5.3,8.46,12.92,1398.1,1.8,4.22,0.025,0.018,0.78
4,2023,2,2,20,5.2,8.45,12.58,1401.1,1.9,4.33,0.033,0.02,0.8
4,2023,2,3,0,5.2,8.41,12.26,1403.0,2.1,4.33,0.033,0.02,0.8
4,2023,2,3,4,5.1,8.38,12.42,1402.7,2.1,4.24,0.033,0.02,0.95
4,2023,2,3,8,5.1,8.38,12.47,1402.1,2.0,4.41,0.031,0.02,0.78
4,2023,2,3,12,5.2,8.4,12.76,1400.7,2.2,4.46,0.032,0.019,0.78
4,2023,2,3,16,5.4,8.4,12.5,1398.5,2.0,4.42,0.026,0.018,0.83
4,2023,2,3,20,5.2,8.37,12.28,1399.2,2.2,4.51,0.038,0.022,0.82
4,2023,2,4,0,5.2,8.37,12.29,1402.6,2.5,4.51,0.038,0.022,0.82
4,2023,2,4,4,5.2,8.37,12.25,1402.1,2.4,4.7,0.032,0.022,0.83
4,2023,2,4,8,5.1,8.37,12.38,1403.6,2.5,4.43,0.027,0.02,0.84
4,2023,2,4,12,5.4,8.39,12.53,1399.0,2.2,4.21,0.039,0.02,0.83
4,2023,2,4,16,5.7,8.39,12.42,1392.9,2.3,4.14,0.035,0.019,0.8
4,2023,2,4,20,5.5,8.37,12.23,1391.0,2.0,4.32,0.03,0.02,0.82
4,2023,2,5,0,5.4,8.38,12.31,1396.1,2.1,4.32,0.03,0.02,0.82
4,2023,2,5,4,5.4,8.38,12.24,1394.6,2.1,4.56,0.033,0.02,0.76
4,2023,2,5,8,5.3,8.4,12.45,1399.8,2.2,4.56,0.028,0.02,0.76
4,2023,2,5,12,5.2,8.43,12.6,1388.7,2.1,4.25,0.025,0.019,0.74
4,2023,2,5,16,5.5,8.41,12.38,1385.1,2.0,4.31,0.035,0.018,0.82
4,2023,2,5,20,5.4,8.37,12.2,1392.0,2.2,4.36,0.032,0.021,0.85
4,2023,2,6,0,5.2,8.37,12.23,1387.8,2.2,4.36,0.032,0.021,0.85
4,2023,2,6,4,5.2,8.37,12.15,1386.4,2.2,4.27,0.033,0.021,0.8
4,2023,2,6,8,5.2,8.37,12.32,1393.0,2.1,4.37,0.033,0.02,0.84
4,2023,2,6,12,5.4,8.42,12.5,1389.0,1.9,3.96,0.034,0.018,0.73
4,2023,2,6,16,5.7,8.4,12.39,1380.1,2.3,4.16,0.025,0.019,0.77
4,2023,2,6,20,5.5,8.4,12.22,1383.6,2.1,4.15,0.033,0.02,0.77
4,2023,2,7,0,5.5,8.39,12.12,1383.7,1.9,4.15,0.033,0.02,0.77
4,2023,2,7,4,5.5,8.37,12.3,1398.5,1.9,4.42,0.037,0.021,0.78
4,2023,2,7,8,5.5,8.36,12.32,1392.8,1.8,4.45,0.033,0.02,0.81
4,2023,2,7,12,5.5,8.4,12.43,1385.3,1.7,4.46,0.041,0.022,0.85
4,2023,2,7,16,5.9,8.36,13.13,1385.7,1.9,4.25,0.038,0.019,0.77
4,2023,2,7,20,5.7,8.35,12.86,1393.7,1.9,4.25,0.039,0.019,0.77
4,2023,2,8,0,5.7,8.35,12.76,1390.5,2.5,4.25,0.039,0.019,0.77
4,2023,2,8,4,5.6,8.35,12.78,1393.1,2.2,4.25,0.038,0.022,0.84
4,2023,2,8,8,5.6,8.35,12.87,1389.1,2.1,4.3,0.036,0.02,0.8
4,2023,2,8,12,5.8,8.37,13.32,1385.6,2.1,4.06,0.06,0.019,0.77
4,2023,2,8,16,6.0,8.35,12.93,1378.3,2.0,4.04,0.037,0.018,0.78
4,2023,2,8,20,5.7,8.35,12.92,1377.9,2.1,4.14,0.04,0.02,0.81
4,2023,2,9,0,5.8,8.35,12.79,1386.3,2.3,4.14,0.04,0.02,0.81
4,2023,2,9,4,5.7,8.34,12.76,1384.8,2.2,4.36,0.032,0.023,0.83
4,2023,2,9,12,5.7,8.36,13.07,1388.8,2.0,4.28,0.041,0.019,0.76
4,2023,2,9,16,5.7,8.36,13.05,1381.6,2.0,4.11,0.036,0.02,0.78
4,2023,2,9,20,5.8,8.35,12.38,1369.4,4.1,4.22,0.038,0.021,0.8
4,2023,2,10,0,5.5,8.35,12.89,1385.1,2.0,4.22,0.038,0.021,0.8
4,2023,2,10,4,5.7,8.35,12.38,1379.9,4.5,4.22,0.032,0.005,0.77
4,2023,2,10,8,5.6,8.37,12.4,1363.6,4.1,4.49,0.036,0.021,0.88
4,2023,2,10,12,5.8,8.37,13.05,1380.8,2.1,4.12,0.028,0.021,0.75
4,2023,2,10,16,5.8,8.38,12.64,1375.5,4.6,4.06,0.032,0.02,0.75
4,2023,2,10,20,5.8,8.4,12.72,1376.8,2.8,4.16,0.045,0.02,0.74
4,2023,2,11,0,5.7,8.39,12.77,1377.9,2.4,4.16,0.045,0.02,0.74
4,2023,2,11,4,5.8,8.39,12.7,1382.0,2.3,4.31,0.037,0.022,0.83
4,2023,2,11,8,5.8,8.39,12.24,1354.6,4.1,4.17,0.033,0.021,0.85
4,2023,2,11,12,6.5,8.4,12.19,1317.7,3.2,4.24,0.032,0.021,0.85
4,2023,2,11,16,6.0,8.37,12.26,1342.2,4.2,4.21,0.037,0.021,0.72
4,2023,2,11,20,5.8,8.37,12.56,1389.1,2.2,4.21,0.033,0.021,0.76
4,2023,2,12,0,6.0,8.36,12.09,1368.2,3.8,4.21,0.033,0.021,0.76
4,2023,2,12,4,5.7,8.37,12.31,1386.3,2.0,4.18,0.034,0.022,0.79
4,2023,2,12,8,5.7,8.37,12.38,1390.0,1.9,4.54,0.03,0.022,0.79
4,2023,2,12,12,5.8,8.34,12.16,1394.4,3.2,4.49,0.034,0.021,0.83
4,2023,2,12,16,6.0,8.35,12.24,1329.8,4.4,4.52,0.029,0.022,0.81
4,2023,2,12,20,5.7,8.35,12.54,1389.1,2.1,4.25,0.03,0.021,0.79
4,2023,2,13,0,5.8,8.35,12.22,1364.0,3.8,4.25,0.03,0.021,0.79
4,2023,2,13,4,5.8,8.34,12.12,1393.1,3.7,4.68,0.032,0.021,0.81
4,2023,2,13,8,5.8,8.34,11.93,1387.3,4.4,4.55,0.028,0.021,0.85
4,2023,2,13,12,6.1,8.35,12.28,1391.2,3.5,4.22,0.035,0.019,0.75
4,2023,2,13,20,6.2,8.38,12.28,1385.4,1.9,4.33,0.035,0.021,0.77
4,2023,2,14,0,6.2,8.38,12.38,1392.9,4.2,4.33,0.035,0.021,0.77
4,2023,2,14,4,6.1,8.39,12.34,1374.6,3.7,4.28,0.039,0.021,0.83
4,2023,2,14,8,6.1,8.38,12.54,1379.5,3.6,4.21,0.036,0.02,0.78
4,2023,2,14,12,6.3,8.4,12.73,1331.0,3.9,4.24,0.029,0.018,0.8
4,2023,2,14,16,6.4,8.39,12.6,1366.6,3.7,4.41,0.027,0.023,0.81
4,2023,2,14,20,6.2,8.38,12.27,1371.3,5.0,4.36,0.04,0.022,0.78
4,2023,2,15,0,6.2,8.34,12.21,1349.6,4.8,4.36,0.04,0.022,0.78
4,2023,2,15,4,6.1,8.36,12.37,1385.9,4.6,4.28,0.042,0.022,0.8
4,2023,2,15,8,6.1,8.36,12.35,1385.0,4.2,4.41,0.038,0.021,0.8
4,2023,2,15,12,6.4,8.4,12.76,1381.3,4.6,4.35,0.036,0.018,0.75
4,2023,2,15,16,6.4,8.46,13.4,1327.4,5.3,4.4,0.044,0.021,0.76
4,2023,2,15,20,6.0,8.4,12.96,1355.2,5.0,4.2,0.039,0.022,0.82
4,2023,2,16,0,6.2,8.38,12.68,1362.2,5.0,4.2,0.039,0.022,0.82
4,2023,2,16,4,6.1,8.38,12.67,1364.3,4.7,4.24,0.035,0.021,0.82
4,2023,2,16,8,6.0,8.38,12.61,1371.2,4.4,4.25,0.034,0.02,0.83
4,2023,2,16,12,7.0,8.25,12.59,1332.2,5.0,4.32,0.036,0.005,0.86
4,2023,2,16,16,6.5,8.4,13.03,1360.7,5.0,4.48,0.033,0.018,0.73
4,2023,2,16,20,6.1,8.42,13.45,1351.2,2.2,4.49,0.04,0.021,0.77
4,2023,2,17,0,6.3,8.43,12.82,1360.9,4.6,4.49,0.04,0.021,0.77
4,2023,2,17,4,6.2,8.45,12.7,1331.1,4.5,4.6,0.028,0.021,0.8
4,2023,2,17,8,6.0,8.39,12.82,1365.4,4.4,4.42,0.036,0.02,0.8
4,2023,2,17,12,6.3,8.4,12.87,1359.8,4.8,4.31,0.032,0.021,0.75
4,2023,2,17,16,6.4,8.43,12.81,1362.1,4.2,4.32,0.035,0.02,0.73
4,2023,2,17,20,6.1,8.42,12.88,1362.3,4.0,4.45,0.03,0.02,0.78
4,2023,2,18,0,6.1,8.4,12.85,1367.6,4.3,4.45,0.03,0.02,0.78
4,2023,2,18,4,6.1,8.4,12.72,1366.0,4.6,4.55,0.034,0.021,0.77
4,2023,2,18,8,6.1,8.4,12.7,1369.7,5.0,4.46,0.026,0.022,0.79
4,2023,2,18,12,6.1,8.43,12.91,1367.3,4.4,4.37,0.026,0.022,0.76
4,2023,2,18,16,6.2,8.43,12.9,1368.1,4.8,4.43,0.025,0.021,0.75
4,2023,2,18,20,6.0,8.43,12.88,1340.6,4.2,4.44,0.028,0.022,0.77
4,2023,2,19,0,6.1,8.43,13.12,1374.7,3.9,4.44,0.028,0.022,0.77
4,2023,2,19,4,6.1,8.42,13.03,1372.6,4.4,4.67,0.029,0.021,0.77
4,2023,2,19,8,6.0,8.44,13.03,1372.4,4.4,4.53,0.031,0.02,0.78
4,2023,2,19,12,6.2,8.43,12.62,1354.4,4.5,4.34,0.028,0.019,0.81
4,2023,2,19,16,6.7,8.43,12.94,1356.1,4.6,4.6,0.03,0.021,0.76
4,2023,2,19,20,6.1,8.41,12.8,1364.2,4.6,4.65,0.027,0.022,0.8
4,2023,2,20,0,6.2,8.42,12.66,1362.9,4.4,4.65,0.027,0.022,0.8
4,2023,2,20,4,6.2,8.44,12.97,1365.8,4.2,4.77,0.027,0.022,0.8
4,2023,2,20,8,6.1,8.42,12.89,1356.1,4.7,4.67,0.029,0.021,0.83
4,2023,2,20,12,6.5,8.43,13.12,1356.0,4.2,4.67,0.025,0.021,0.83
4,2023,2,20,16,7.1,8.45,13.44,1357.1,4.7,4.19,0.031,0.018,0.8
4,2023,2,20,20,6.6,8.43,13.02,1351.3,3.5,4.64,0.028,0.019,0.8
4,2023,2,21,0,6.3,8.42,12.95,1350.2,3.3,4.7,0.028,0.02,0.82
4,2023,2,21,4,6.0,8.42,12.94,1347.0,4.7,4.7,0.029,0.02,0.82
4,2023,2,21,8,6.0,8.42,12.9,1351.9,3.4,4.68,0.031,0.022,0.79
4,2023,2,21,12,6.5,8.45,13.28,1351.5,3.7,4.54,0.028,0.02,0.83
4,2023,2,21,16,6.7,8.46,13.36,1350.3,3.9,4.5,0.025,0.019,0.78
4,2023,2,21,20,6.5,8.45,13.12,1348.3,3.8,4.41,0.025,0.02,0.76
4,2023,2,22,0,6.2,8.44,12.89,1350.3,4.4,4.47,0.025,0.02,0.76
4,2023,2,22,4,6.1,8.43,12.76,1334.3,4.4,4.47,0.025,0.022,0.79
4,2023,2,22,8,6.0,8.44,12.33,1348.6,4.2,4.55,0.025,0.019,0.81
4,2023,2,22,12,6.7,8.45,13.13,1348.9,4.6,4.37,0.025,0.018,0.82
4,2023,2,22,16,7.2,8.48,13.4,1340.9,5.0,4.38,0.025,0.021,0.8
4,2023,2,22,20,6.7,8.47,13.13,1345.9,5.0,4.41,0.025,0.022,0.77
4,2023,2,23,0,6.4,8.46,12.95,1340.9,3.8,4.6,0.025,0.022,0.77
4,2023,2,23,4,6.3,8.44,12.68,1344.2,4.8,4.6,0.025,0.022,0.76
4,2023,2,23,8,6.2,8.45,12.66,1345.4,4.3,4.49,0.025,0.02,0.82
4,2023,2,23,12,6.7,8.47,13.19,1342.6,4.3,4.52,0.025,0.019,0.86
4,2023,2,23,16,7.6,8.49,13.4,1329.7,4.8,4.45,0.026,0.02,0.81
4,2023,2,23,20,7.0,8.46,13.02,1332.6,5.1,4.49,0.025,0.028,0.78
4,2023,2,24,0,6.7,8.46,12.97,1336.5,4.9,4.47,0.025,0.028,0.78
4,2023,2,24,4,6.4,8.46,12.9,1332.9,4.8,4.47,0.025,0.022,0.81
4,2023,2,24,8,6.2,8.45,12.79,1298.9,3.6,4.78,0.028,0.021,0.84
4,2023,2,24,12,6.7,8.46,13.08,1312.7,3.7,4.54,0.025,0.019,0.78
4,2023,2,24,16,7.8,8.48,13.17,1327.4,5.3,4.54,0.025,0.019,0.79
4,2023,2,24,20,7.4,8.48,13.42,1324.3,5.1,4.6,0.025,0.021,0.77
4,2023,2,25,0,6.9,8.48,13.3,1323.4,4.9,5.08,0.025,0.021,0.77
4,2023,2,25,4,6.5,8.47,13.06,1307.6,3.8,5.08,0.025,0.023,0.74
4,2023,2,25,8,6.4,8.46,13.06,1334.8,4.2,4.42,0.025,0.018,0.77
4,2023,2,25,12,7.1,8.5,13.64,1312.1,4.9,4.41,0.025,0.018,0.74
4,2023,2,25,16,7.4,8.5,13.39,1281.8,4.9,4.49,0.025,0.018,0.73
4,2023,2,25,20,7.2,8.49,13.18,1320.0,5.1,4.64,0.059,0.023,0.72
4,2023,2,26,0,6.7,8.46,12.92,1334.2,5.3,4.67,0.059,0.023,0.72
4,2023,2,26,4,6.6,8.44,12.63,1334.6,5.5,4.67,0.026,0.022,0.7
4,2023,2,26,8,6.4,8.44,12.61,1324.6,5.9,4.58,0.025,0.02,0.76
4,2023,2,26,12,7.1,8.46,12.81,1328.1,4.9,4.47,0.025,0.018,0.73
4,2023,2,26,16,7.4,8.46,12.92,1333.4,5.8,4.31,0.025,0.02,0.69
4,2023,2,26,20,7.4,8.47,12.88,1329.6,6.2,4.4,0.028,0.023,0.7
4,2023,2,27,0,7.0,8.42,12.33,1340.0,5.2,4.81,0.028,0.023,0.7
4,2023,2,27,4,6.8,8.46,12.03,1336.2,7.0,4.81,0.026,0.026,1.07
4,2023,2,27,8,6.6,8.46,12.05,1331.0,6.5,4.84,0.036,0.026,1.27
4,2023,2,27,12,7.2,8.47,12.3,1300.2,6.4,4.7,0.077,0.005,1.35
4,2023,2,27,20,7.5,8.46,12.22,1308.4,6.7,5.01,0.158,0.031,1.66
4,2023,2,28,0,6.9,8.39,11.83,1309.9,6.5,5.01,0.158,0.031,1.66
4,2023,2,28,4,6.7,8.33,11.67,1295.4,6.6,4.88,0.346,0.033,2.12
4,2023,2,28,12,6.7,8.26,11.56,1272.8,7.4,4.18,0.311,0.027,1.74
4,2023,2,28,16,7.0,8.27,11.66,1236.0,8.4,4.02,0.287,0.028,1.71
4,2023,2,28,20,6.4,8.23,11.51,1208.3,7.2,3.68,0.223,0.024,1.57
4,2023,3,1,0,6.1,8.21,11.44,1221.6,7.0,3.68,0.223,0.024,1.57
4,2023,3,1,4,5.1,8.22,11.61,1176.8,5.5,2.9,0.155,0.017,1.55
4,2023,3,1,8,5.5,8.21,11.58,1198.4,7.0,3.09,0.17,0.019,1.57
4,2023,3,1,16,5.5,8.22,11.67,1132.1,8.0,2.91,0.148,0.019,1.57
4,2023,3,1,20,5.0,8.23,11.72,1145.7,6.6,2.87,0.132,0.017,1.64
4,2023,3,2,0,4.7,8.23,11.75,1174.1,5.8,2.87,0.132,0.017,1.64
4,2023,3,2,4,4.8,8.22,11.7,1170.2,5.6,2.91,0.127,0.016,1.66
4,2023,3,2,8,4.8,8.23,11.78,1161.9,6.2,2.8,0.135,0.015,1.65
4,2023,3,2,16,5.5,8.26,11.77,1152.8,7.0,2.49,0.107,0.02,1.65
4,2023,3,2,20,5.7,8.24,11.69,1177.9,6.1,2.68,0.106,0.019,1.66
4,2023,3,3,0,5.2,8.24,11.67,1188.7,6.8,2.68,0.106,0.019,1.66
4,2023,3,3,4,5.0,8.24,11.64,1198.1,5.7,2.72,0.091,0.019,1.68
4,2023,3,3,8,5.0,8.25,11.66,1207.4,6.9,2.89,0.086,0.019,1.69
4,2023,3,3,12,5.8,8.27,11.78,1209.8,5.7,2.58,0.079,0.017,1.56
4,2023,3,3,16,6.4,8.27,11.73,1200.2,5.1,2.92,0.082,0.005,1.64
4,2023,3,3,20,6.1,8.25,11.59,1206.8,5.9,2.73,0.085,0.018,1.62
4,2023,3,4,0,5.7,8.25,11.53,1196.3,5.8,2.73,0.085,0.018,1.62
4,2023,3,4,4,5.4,8.24,11.48,1219.0,6.2,3.2,0.07,0.019,1.53
4,2023,3,4,8,5.4,8.26,11.62,1212.6,5.3,3.26,0.071,0.018,1.57
4,2023,3,4,12,6.1,8.27,11.75,1235.8,5.5,3.03,0.067,0.018,1.51
4,2023,3,4,16,6.8,8.28,11.7,1235.2,5.7,2.91,0.072,0.018,1.51
4,2023,3,4,20,6.7,8.26,11.61,1229.3,8.4,3.48,0.073,0.02,1.49
4,2023,3,5,0,6.2,8.26,11.49,1183.0,5.6,3.48,0.073,0.02,1.49
4,2023,3,5,4,6.0,8.27,11.58,1219.6,6.3,3.02,0.07,0.019,1.53
4,2023,3,5,8,5.8,8.25,11.53,1244.9,5.5,3.3,0.069,0.019,1.51
4,2023,3,5,12,6.5,8.28,11.68,1265.5,6.3,3.41,0.061,0.019,1.48
4,2023,3,5,16,7.0,8.28,11.79,1207.2,5.3,2.7,0.058,0.019,1.52
4,2023,3,5,20,6.9,8.26,11.46,1258.0,6.1,3.32,0.065,0.019,1.43
4,2023,3,6,0,6.7,8.25,11.46,1255.2,5.4,3.32,0.065,0.019,1.43
4,2023,3,6,4,6.5,8.25,11.4,1274.9,4.7,3.26,0.058,0.018,1.46
4,2023,3,6,8,6.6,8.26,11.37,1286.9,5.5,3.48,0.066,0.02,1.42
4,2023,3,6,12,7.8,8.28,11.54,1305.4,5.8,3.52,0.059,0.018,1.43
4,2023,3,6,16,8.9,8.27,11.72,1283.1,3.1,3.5,0.058,0.021,1.45
4,2023,3,6,20,7.9,8.26,11.2,1276.5,5.1,3.59,0.068,0.02,1.39
4,2023,3,7,0,7.9,8.25,11.28,1271.2,5.4,3.59,0.068,0.02,1.39
4,2023,3,7,4,7.5,8.25,11.18,1303.1,5.6,3.49,0.058,0.019,1.44
4,2023,3,7,8,7.4,8.25,11.16,1310.7,5.5,3.74,0.06,0.02,1.45
4,2023,3,7,12,7.9,8.29,11.46,1333.1,5.7,3.73,0.069,0.02,1.47
4,2023,3,7,20,8.5,8.25,11.19,1300.7,5.6,3.53,0.06,0.021,1.41
4,2023,3,8,0,8.5,8.25,11.12,1325.4,5.6,3.53,0.06,0.021,1.41
4,2023,3,8,4,8.3,8.25,11.04,1320.5,5.4,3.7,0.058,0.02,1.4
4,2023,3,8,8,8.2,8.25,11.09,1278.6,4.6,3.71,0.057,0.02,1.43
4,2023,3,8,12,8.9,8.29,11.39,1301.6,5.5,3.66,0.061,0.02,1.37
4,2023,3,8,16,9.2,8.28,11.21,1323.4,6.5,3.75,0.052,0.02,1.36
4,2023,3,8,20,8.9,8.27,11.0,1333.7,6.1,3.79,0.057,0.02,1.36
4,2023,3,9,0,8.8,8.25,10.88,1329.1,5.0,3.79,0.057,0.02,1.36
4,2023,3,9,4,8.8,8.26,10.8,1340.0,3.7,3.91,0.046,0.02,1.32
4,2023,3,9,8,8.8,8.27,11.06,1332.0,5.6,3.8,0.045,0.02,1.38
4,2023,3,9,12,9.5,8.3,11.34,1312.4,5.6,3.85,0.047,0.018,1.36
4,2023,3,9,16,10.3,8.31,11.38,1339.1,6.0,3.91,0.044,0.02,1.32
4,2023,3,9,20,9.9,8.29,10.98,1314.7,5.5,3.8,0.042,0.025,1.33
4,2023,3,10,0,9.6,8.29,10.86,1347.8,5.3,3.8,0.042,0.025,1.33
4,2023,3,10,4,9.3,8.29,10.78,1341.3,5.3,3.62,0.043,0.019,1.35
4,2023,3,10,8,9.3,8.31,10.87,1351.6,6.3,3.94,0.039,0.018,1.35
4,2023,3,10,12,10.1,8.32,11.16,1356.4,5.9,3.84,0.036,0.019,1.34
4,2023,3,10,16,10.2,8.29,10.82,1346.7,7.3,3.84,0.036,0.021,1.32
4,2023,3,10,20,9.8,8.29,10.83,1345.2,7.6,3.84,0.032,0.021,1.34
4,2023,3,11,0,9.6,8.3,10.77,1353.1,5.4,3.84,0.032,0.021,1.34
4,2023,3,11,4,9.6,8.31,10.79,1356.3,8.2,3.87,0.025,0.021,1.34
4,2023,3,11,8,9.4,8.32,10.88,1352.6,8.1,3.96,0.025,0.02,1.32
4,2023,3,11,12,9.6,8.34,11.05,1347.9,7.0,3.85,0.026,0.021,1.32
4,2023,3,11,16,9.7,8.34,11.07,1348.0,8.0,3.88,0.025,0.02,1.38
4,2023,3,11,20,9.6,8.3,10.93,1356.4,7.9,3.93,0.025,0.021,1.32
4,2023,3,12,0,9.3,8.31,10.96,1337.4,8.3,3.93,0.025,0.021,1.32
4,2023,3,12,4,8.9,8.32,11.0,1335.0,10.1,3.94,0.025,0.022,1.36
4,2023,3,12,8,8.6,8.32,11.03,1342.3,9.6,4.2,0.027,0.022,1.39
4,2023,3,12,12,8.8,8.32,11.09,1346.7,8.5,3.87,0.025,0.022,1.34
4,2023,3,12,20,8.6,8.43,11.13,1241.3,7.5,3.87,0.025,0.021,1.38
4,2023,3,13,0,8.4,8.44,11.06,1353.7,6.6,3.87,0.025,0.021,1.38
4,2023,3,13,4,8.1,8.48,11.07,1321.6,7.3,3.76,0.025,0.02,1.41
4,2023,3,13,8,7.9,8.51,11.09,1326.2,6.9,3.92,0.025,0.02,1.42
4,2023,3,13,12,8.4,8.12,11.21,1336.7,6.6,3.88,0.03,0.021,1.43
4,2023,3,13,16,8.4,8.23,11.49,1356.5,7.1,3.9,0.028,0.021,1.42
4,2023,3,13,20,8.1,8.2,11.09,1371.9,6.1,3.92,0.035,0.02,1.38
4,2023,3,14,0,7.8,8.2,11.03,1374.3,6.0,3.92,0.035,0.02,1.38
4,2023,3,14,4,7.7,8.2,10.97,1372.3,6.6,3.86,0.034,0.02,1.45
4,2023,3,14,8,7.6,8.22,11.14,1381.6,6.9,3.8,0.033,0.02,1.48
4,2023,3,14,12,7.8,8.25,11.49,1373.0,6.3,4.01,0.03,0.019,1.46
4,2023,3,14,16,7.9,8.21,11.36,1369.3,5.4,3.98,0.027,0.02,1.48
4,2023,3,14,20,7.7,8.21,11.3,1296.4,6.9,3.86,0.026,0.021,1.51
4,2023,3,15,0,7.5,8.21,11.29,1346.6,7.1,3.86,0.026,0.021,1.51
4,2023,3,15,4,7.4,8.23,11.26,1368.5,7.2,3.86,0.027,0.02,1.54
4,2023,3,15,8,7.2,8.24,11.37,1319.0,5.9,3.9,0.026,0.019,1.55
4,2023,3,15,12,7.5,8.23,11.4,1344.1,6.4,3.92,0.028,0.02,1.55
4,2023,3,15,16,7.7,8.23,11.44,1368.0,6.3,3.78,0.028,0.02,1.56
4,2023,3,15,20,7.6,8.23,11.4,1369.3,6.2,3.94,0.028,0.019,1.5
4,2023,3,16,0,7.4,8.21,11.31,1372.7,6.2,3.94,0.028,0.019,1.5
4,2023,3,16,4,7.1,8.23,11.33,1365.5,6.2,3.76,0.025,0.02,1.57
4,2023,3,16,8,7.1,8.24,11.46,1365.1,6.6,4.09,0.025,0.02,1.55
4,2023,3,16,12,7.5,8.25,11.63,1373.7,5.9,3.88,0.025,0.02,1.54
4,2023,3,16,20,7.9,8.26,11.58,1359.3,6.1,3.82,0.025,0.02,1.53
4,2023,3,17,0,7.4,8.24,11.5,1365.9,5.1,3.82,0.025,0.02,1.53
4,2023,3,17,4,7.2,8.25,11.37,1373.7,5.4,3.75,0.025,0.018,1.54
4,2023,3,17,8,7.2,8.26,11.54,1366.1,5.2,3.77,0.027,0.018,1.56
4,2023,3,17,12,7.3,8.28,11.79,1373.2,6.4,3.76,0.032,0.018,1.58
4,2023,3,17,16,7.7,8.27,11.91,1366.3,4.2,3.74,0.025,0.019,1.59
4,2023,3,17,20,7.7,8.24,11.6,1362.2,4.7,3.67,0.029,0.018,1.54
4,2023,3,18,0,7.2,8.23,11.55,1352.5,5.1,3.67,0.029,0.018,1.54
4,2023,3,18,4,7.0,8.22,11.45,1375.9,5.2,3.66,0.026,0.02,1.56
4,2023,3,18,8,7.0,8.24,11.52,1350.8,5.6,3.86,0.028,0.019,1.58
4,2023,3,18,16,8.9,8.24,11.74,1299.9,5.1,3.8,0.031,0.02,1.58
4,2023,3,18,20,8.2,8.22,11.5,1317.1,5.1,4.03,0.025,0.019,1.64
4,2023,3,19,0,7.8,8.21,11.48,1278.7,4.7,4.03,0.025,0.019,1.64
4,2023,3,19,4,7.6,8.24,11.25,1312.3,5.9,4.05,0.026,0.021,1.65
4,2023,3,19,8,7.5,8.25,11.4,1305.3,5.0,4.42,0.025,0.02,1.71
4,2023,3,19,16,8.4,8.25,11.54,1312.0,6.3,4.49,0.025,0.02,1.71
4,2023,3,19,20,8.5,8.24,11.35,1305.6,6.1,4.9,0.03,0.024,1.72
4,2023,3,20,0,8.2,8.22,11.24,1306.4,6.2,4.9,0.03,0.024,1.72
4,2023,3,20,4,8.1,8.21,11.11,1312.0,6.4,4.25,0.028,0.022,1.77
4,2023,3,20,8,8.0,8.2,11.12,1311.4,6.6,4.19,0.031,0.023,1.86
4,2023,3,20,12,8.5,8.23,11.42,1304.1,6.4,4.12,0.025,0.022,1.82
4,2023,3,20,16,8.9,8.2,11.07,1297.2,6.8,4.38,0.029,0.022,1.93
4,2023,3,20,20,9.0,8.18,11.12,1300.0,6.5,4.02,0.026,0.021,1.87
4,2023,3,21,0,8.8,8.17,11.06,1300.0,6.3,4.02,0.026,0.021,1.87
4,2023,3,21,4,8.6,8.17,10.98,1291.1,6.3,3.76,0.031,0.023,1.91
4,2023,3,21,8,8.5,8.19,11.19,1296.2,4.3,3.92,0.026,0.022,1.92
4,2023,3,21,12,8.9,8.2,11.27,1298.6,6.3,3.94,0.037,0.021,1.93
4,2023,3,21,16,9.8,8.2,11.18,1294.9,6.0,3.99,0.033,0.021,1.88
4,2023,3,21,20,9.6,8.18,10.97,1299.1,4.7,3.92,0.033,0.03,1.92
4,2023,3,22,0,9.4,8.17,10.85,1299.4,5.5,3.92,0.033,0.03,1.92
4,2023,3,22,4,9.0,8.18,10.99,1296.3,5.5,3.87,0.03,0.023,1.94
4,2023,3,22,8,8.9,8.18,11.0,1288.3,5.5,4.46,0.04,0.024,1.98
4,2023,3,22,12,9.4,8.18,11.13,1292.3,5.5,3.8,0.035,0.024,1.93
4,2023,3,22,16,9.7,8.19,11.1,1293.8,7.4,3.97,0.028,0.024,1.95
4,2023,3,22,20,9.5,8.18,10.98,1300.9,7.7,4.14,0.028,0.023,1.85
4,2023,3,23,0,9.3,8.18,10.85,1304.4,6.2,4.14,0.028,0.023,1.85
4,2023,3,23,4,9.2,8.16,10.8,1232.3,6.7,4.3,0.035,0.023,1.92
4,2023,3,23,8,9.0,8.19,11.02,1301.6,6.7,4.2,0.039,0.023,1.93
4,2023,3,23,12,9.6,8.21,11.16,1294.9,7.0,4.05,0.032,0.023,1.9
4,2023,3,23,16,9.5,8.22,11.08,1300.0,6.8,4.24,0.039,0.024,1.92
4,2023,3,23,20,9.4,8.2,10.98,1299.2,6.5,4.04,0.035,0.023,1.91
4,2023,3,24,0,9.3,8.2,10.92,1310.4,5.8,4.04,0.035,0.023,1.91
4,2023,3,24,4,9.2,8.2,10.85,1305.4,5.8,4.05,0.038,0.023,2.02
4,2023,3,24,8,9.2,8.22,11.13,1312.6,6.1,4.28,0.039,0.024,2.06
4,2023,3,24,12,9.4,8.26,11.52,1305.0,5.9,4.0,0.034,0.024,1.97
4,2023,3,24,12,9.4,8.26,11.52,1305.0,5.9,4.0,0.034,0.024,1.97
4,2023,3,24,12,9.4,8.26,11.52,1305.0,5.9,4.0,0.034,0.024,1.97
4,2023,3,24,12,9.4,8.26,11.52,1305.0,5.9,4.0,0.034,0.024,1.97
4,2023,3,25,12,9.6,8.2,11.36,1293.8,6.8,4.34,0.034,0.024,2.03
4,2023,3,25,16,10.2,8.2,11.17,1299.8,6.6,4.12,0.029,0.024,1.92
4,2023,3,25,20,9.8,8.19,11.07,1292.0,5.7,4.42,0.03,0.023,1.95
4,2023,3,26,0,9.6,8.17,10.97,1302.7,5.8,4.42,0.03,0.023,1.95
4,2023,3,26,4,9.3,8.18,10.99,1305.2,5.5,4.22,0.027,0.023,1.93
4,2023,3,26,8,9.0,8.21,11.15,1320.9,5.7,4.36,0.027,0.023,1.96
4,2023,3,26,12,9.8,8.25,11.44,1314.1,5.9,4.1,0.025,0.023,2.0
4,2023,3,26,16,10.4,8.26,11.44,1311.4,5.1,4.17,0.027,0.022,1.99
4,2023,3,26,20,10.2,8.23,11.16,1309.3,5.2,3.98,0.027,0.022,2.01
4,2023,3,27,0,10.1,8.22,11.06,1314.8,6.0,3.98,0.027,0.022,2.01
4,2023,3,27,4,9.8,8.22,10.97,1315.1,5.2,3.96,0.028,0.022,1.95
4,2023,3,27,8,9.8,8.23,11.14,1316.3,5.5,3.96,0.027,0.022,1.96
4,2023,3,27,12,10.4,8.27,11.39,1309.6,5.0,4.3,0.028,0.022,1.94
4,2023,3,27,16,10.9,8.26,11.16,1306.7,5.8,3.92,0.025,0.023,1.97
4,2023,3,27,20,11.0,8.25,11.03,1304.6,5.9,4.18,0.026,0.022,1.98
4,2023,3,28,0,10.8,8.23,10.84,1309.9,5.7,4.18,0.026,0.022,1.98
4,2023,3,28,4,10.5,8.23,10.85,1310.3,4.7,4.4,0.026,0.025,1.96
4,2023,3,28,8,10.4,8.25,11.09,1312.2,5.2,3.86,0.026,0.02,1.98
4,2023,3,28,12,10.8,8.28,11.51,1308.5,5.2,3.94,0.026,0.022,1.94
4,2023,3,28,16,11.7,8.29,11.43,1303.5,5.8,4.09,0.025,0.02,1.93
4,2023,3,28,20,11.6,8.26,10.97,1303.0,5.3,4.11,0.026,0.023,2.02
4,2023,3,29,0,11.6,8.23,10.8,1305.1,2.9,4.11,0.026,0.023,2.02
4,2023,3,29,8,11.3,8.23,10.98,1307.0,3.1,4.0,0.027,0.02,1.98
4,2023,3,29,8,11.3,8.23,10.98,1307.0,3.1,3.78,0.03,0.02,2.04
4,2023,3,29,16,13.0,8.24,11.74,1298.2,4.6,4.12,0.039,0.023,2.06
4,2023,3,29,20,12.8,8.23,11.02,1223.6,6.0,4.32,0.028,0.021,2.02
4,2023,3,29,20,12.8,8.23,11.02,1223.6,6.0,4.26,0.026,0.021,1.96
4,2023,3,30,0,12.6,8.21,10.71,1298.5,3.1,4.26,0.026,0.021,1.96
4,2023,3,30,8,12.4,8.23,10.73,1297.6,5.1,4.04,0.027,0.021,2.07
4,2023,3,30,12,12.9,8.26,10.82,1292.2,3.1,3.95,0.032,0.021,2.04
4,2023,3,30,16,14.0,8.27,11.5,1290.4,4.2,3.79,0.029,0.02,2.02
4,2023,3,30,20,13.5,8.25,10.86,1255.9,6.3,4.39,0.027,0.022,1.97
4,2023,3,31,0,13.3,8.21,10.51,1289.0,3.2,4.18,0.025,0.021,2.01
4,2023,3,31,4,13.1,8.2,10.38,1288.9,4.0,4.18,0.025,0.021,2.01
4,2023,3,31,8,13.1,8.23,10.62,1288.4,5.6,4.24,0.025,0.02,1.98
4,2023,3,31,12,13.8,8.24,10.7,1258.8,6.2,4.05,0.031,0.02,2.05
4,2023,3,31,16,14.0,8.25,10.7,1275.6,4.5,4.05,0.026,0.021,2.06
4,2023,3,31,20,13.9,8.22,10.27,1220.3,6.2,4.13,0.025,0.021,2.02
4,2023,4,1,0,13.7,8.21,10.17,1279.2,5.7,4.17,0.031,0.021,2.04
4,2023,4,1,4,13.5,8.19,10.0,1279.7,3.8,4.17,0.031,0.021,2.04
4,2023,4,1,8,13.5,8.22,10.34,1235.2,5.4,3.89,0.025,0.02,2.03
4,2023,4,1,12,14.2,8.24,10.46,1270.9,5.8,3.67,0.032,0.02,2.1
4,2023,4,1,16,14.5,8.26,10.91,1272.4,4.4,3.83,0.03,0.02,2.03
4,2023,4,1,20,14.4,8.21,10.09,1272.4,3.8,4.1,0.028,0.021,2.02
4,2023,4,2,0,14.3,8.19,9.88,1274.6,3.3,3.95,0.033,0.02,2.05
4,2023,4,2,4,14.2,8.18,9.87,1230.9,4.9,3.95,0.033,0.02,2.05
4,2023,4,2,8,14.2,8.21,10.08,1275.6,5.5,4.19,0.032,0.02,2.07
4,2023,4,2,12,14.3,8.2,10.11,1263.4,5.5,3.94,0.034,0.02,2.06
4,2023,4,2,16,14.3,8.21,10.18,1256.7,5.7,3.93,0.029,0.019,2.02
4,2023,4,2,20,14.3,8.19,9.83,1273.3,3.8,3.84,0.031,0.02,2.08
4,2023,4,3,0,14.2,8.18,9.75,1272.9,3.5,3.7,0.029,0.02,2.04
4,2023,4,3,4,14.0,8.17,9.58,1273.4,3.6,3.7,0.029,0.02,2.04
4,2023,4,3,8,13.9,8.16,9.84,1272.4,3.6,3.88,0.032,0.02,2.04
4,2023,4,3,12,14.0,8.19,10.29,1273.3,4.1,3.74,0.038,0.02,2.06
4,2023,4,3,16,14.0,8.17,10.34,1276.5,5.4,3.59,0.04,0.02,2.07
4,2023,4,3,20,13.9,8.15,9.86,1276.6,5.1,3.67,0.044,0.021,2.11
4,2023,4,4,0,13.8,8.14,9.77,1275.8,5.2,3.61,0.043,0.02,2.04
4,2023,4,4,4,13.6,8.14,9.75,1277.0,5.3,3.52,0.047,0.021,2.04
4,2023,4,4,8,13.5,8.13,9.6,1276.9,4.2,3.64,0.044,0.02,2.06
4,2023,4,4,12,13.4,8.14,10.03,1276.2,6.4,3.39,0.049,0.021,2.07
4,2023,4,4,16,13.3,8.14,9.96,1273.6,5.1,3.47,0.042,0.02,2.1
4,2023,4,4,20,13.0,8.14,9.84,1274.7,6.1,3.99,0.049,0.022,2.13
4,2023,4,5,0,12.9,8.1,9.47,1275.3,5.3,3.54,0.055,0.023,2.11
4,2023,4,5,4,12.7,8.1,9.55,1274.7,4.9,3.52,0.059,0.021,2.04
4,2023,4,5,8,12.6,8.1,9.64,1275.5,4.6,3.47,0.056,0.022,2.07
4,2023,4,5,12,13.0,8.15,10.37,1272.9,6.4,3.85,0.061,0.023,2.07
4,2023,4,5,16,13.5,8.2,10.96,1270.9,4.0,3.58,0.061,0.022,1.99
4,2023,4,5,20,13.4,8.13,10.03,1271.3,5.5,3.4,0.054,0.021,2.01
4,2023,4,6,0,13.0,8.11,9.72,1272.3,3.8,3.52,0.06,0.022,1.97
4,2023,4,6,4,12.9,8.11,9.92,1273.9,5.3,3.27,0.058,0.02,2.01
4,2023,4,6,8,12.6,8.12,9.98,1265.0,6.3,3.32,0.059,0.022,2.07
4,2023,4,6,12,12.9,8.13,10.14,1270.2,5.3,3.48,0.067,0.023,2.08
4,2023,4,6,16,13.4,8.16,10.39,1268.9,5.6,3.68,0.083,0.028,2.04
4,2023,4,7,0,12.4,8.14,10.06,1239.6,8.2,3.4,0.086,0.026,2.01
4,2023,4,7,4,12.3,8.13,9.99,1267.0,7.7,3.36,0.085,0.026,2.02
4,2023,4,7,8,12.2,8.15,10.34,1264.6,6.6,3.4,0.08,0.025,2.03
4,2023,4,7,12,12.9,8.18,10.4,1268.3,7.4,3.44,0.083,0.025,2.12
4,2023,4,7,16,13.1,8.19,10.43,1265.4,9.4,3.32,0.08,0.025,2.01
4,2023,4,7,20,12.7,8.21,10.38,1262.4,9.7,3.3,0.076,0.027,1.97
4,2023,4,8,0,12.5,8.19,10.14,1260.8,8.3,3.37,0.061,0.026,1.93
4,2023,4,8,4,12.3,8.19,10.18,1264.5,7.7,3.32,0.056,0.025,1.96
4,2023,4,8,8,12.3,8.21,10.39,1264.8,7.7,3.28,0.056,0.024,1.91
4,2023,4,8,12,13.3,8.26,10.84,1260.9,7.1,3.34,0.047,0.023,1.98
4,2023,4,8,16,13.6,8.25,10.82,1259.5,6.2,3.28,0.045,0.023,1.93
4,2023,4,8,20,13.4,8.22,10.16,1259.7,8.0,3.3,0.043,0.024,1.95
4,2023,4,9,0,13.0,8.22,10.21,1261.4,5.4,3.31,0.043,0.022,1.93
4,2023,4,9,4,12.9,8.2,10.04,1262.3,7.3,3.29,0.039,0.023,1.92
4,2023,4,9,8,12.9,8.23,10.34,1263.5,6.6,3.24,0.037,0.022,1.95
4,2023,4,9,12,13.8,8.29,11.17,1262.4,6.5,3.46,0.036,0.022,1.94
4,2023,4,9,16,14.3,8.31,11.36,1256.6,6.8,3.26,0.034,0.022,1.92
4,2023,4,9,20,14.0,8.28,10.63,1259.6,6.3,3.3,0.034,0.023,1.92
4,2023,4,10,0,13.9,8.24,10.28,1258.9,3.7,3.32,0.034,0.022,1.93
4,2023,4,10,4,13.8,8.22,9.92,1261.9,5.4,3.3,0.032,0.022,1.97
4,2023,4,10,8,13.7,8.24,10.19,1260.8,5.9,3.3,0.034,0.021,1.95
4,2023,4,10,12,14.3,8.25,10.55,1257.5,3.5,3.47,0.03,0.022,1.93
4,2023,4,10,16,14.8,8.3,11.14,1255.1,4.5,3.43,0.028,0.021,1.97
4,2023,4,10,20,14.9,8.27,10.24,1258.1,7.9,3.32,0.028,0.022,1.97
4,2023,4,11,0,14.4,8.26,9.9,1258.7,9.8,3.3,0.028,0.023,1.98
4,2023,4,11,4,13.9,8.24,9.77,1261.4,10.0,3.38,0.032,0.024,1.92
4,2023,4,11,8,13.5,8.24,9.8,1262.0,10.4,3.38,0.039,0.026,1.92
4,2023,4,11,12,13.8,8.24,9.84,1262.0,8.6,3.5,0.039,0.024,1.93
4,2023,4,11,16,14.2,8.25,10.02,1259.7,10.0,3.38,0.036,0.024,1.91
4,2023,4,11,20,13.9,8.22,9.75,1260.1,9.8,3.41,0.039,0.025,1.9
4,2023,4,12,0,13.6,8.22,9.8,1261.2,8.9,3.32,0.032,0.024,1.92
4,2023,4,12,4,13.5,8.21,9.69,1262.5,7.8,3.34,0.04,0.024,1.91
4,2023,4,12,8,13.5,8.23,10.03,1262.7,8.2,3.28,0.04,0.024,1.9
4,2023,4,12,12,14.0,8.26,10.52,1256.9,6.3,3.44,0.04,0.023,1.94
4,2023,4,12,16,15.0,8.48,10.66,1277.8,6.8,3.37,0.036,0.023,1.9
4,2023,4,12,20,14.4,8.45,9.89,1274.9,5.9,3.09,0.036,0.024,1.87
4,2023,4,12,20,14.4,8.45,9.89,1274.9,5.9,2.99,0.038,0.023,1.9
4,2023,4,16,20,14.4,8.44,10.26,1289.4,9.7,3.17,0.037,0.026,1.87
4,2023,4,17,0,13.9,8.41,10.1,1286.5,9.1,2.95,0.037,0.026,1.87
4,2023,4,17,8,13.8,8.38,9.95,1291.1,8.4,2.93,0.031,0.023,1.88
4,2023,4,17,12,14.3,8.39,10.1,1291.8,5.0,3.16,0.025,0.021,1.84
4,2023,4,17,16,15.2,8.39,10.35,1292.0,4.4,2.95,0.025,0.023,1.83
4,2023,4,17,20,15.3,8.38,10.34,1291.4,3.6,3.06,0.025,0.021,1.86
4,2023,4,18,0,15.2,8.36,10.18,1292.6,3.8,3.08,0.025,0.021,1.86
4,2023,4,18,4,14.7,8.32,9.75,1294.1,4.1,3.14,0.031,0.02,1.8
4,2023,4,18,8,14.6,8.32,9.92,1296.6,4.3,2.94,0.035,0.02,1.84
4,2023,4,18,12,15.9,8.36,10.4,1294.5,4.5,3.0,0.03,0.02,1.86
4,2023,4,18,16,16.3,8.34,10.41,1297.5,5.3,3.02,0.025,0.02,1.87
4,2023,4,18,16,16.3,8.34,10.41,1297.5,5.3,3.08,0.025,0.02,1.87
4,2023,4,18,16,16.3,8.34,10.41,1297.5,5.3,3.08,0.025,0.02,1.87
4,2023,4,18,16,16.3,8.34,10.41,1297.5,5.3,3.08,0.025,0.02,1.87
4,2023,4,21,4,15.2,8.32,9.02,1311.6,5.8,3.77,0.036,0.024,1.87
4,2023,4,21,8,15.0,8.3,9.16,1313.0,6.2,3.77,0.042,0.005,1.89
4,2023,4,21,12,15.4,8.3,9.37,1314.3,4.9,3.86,0.037,0.021,1.87
4,2023,4,21,16,15.9,8.35,10.13,1311.2,4.9,3.83,0.032,0.022,1.83
4,2023,4,21,20,15.0,8.31,9.57,1314.5,5.2,3.89,0.036,0.022,1.86
4,2023,4,22,0,14.6,8.27,9.73,1318.1,5.1,3.89,0.036,0.022,1.86
4,2023,4,22,4,14.4,8.27,9.83,1306.9,34.8,3.8,0.037,0.022,1.88
4,2023,4,22,8,14.3,8.28,9.59,1319.8,5.7,3.74,0.044,0.022,1.9
4,2023,4,22,12,14.4,8.31,9.96,1319.8,4.7,4.02,0.038,0.022,1.87
4,2023,4,22,16,14.9,8.32,10.32,1317.3,4.2,3.77,0.035,0.02,1.86
4,2023,4,22,20,14.5,8.32,10.25,1317.4,4.4,3.97,0.036,0.021,1.87
4,2023,4,23,0,14.2,8.32,10.09,1319.2,3.9,3.97,0.036,0.021,1.87
4,2023,4,23,4,13.9,8.32,9.99,1319.9,4.2,3.88,0.034,0.021,1.87
4,2023,4,23,8,13.8,8.31,10.0,1320.4,5.0,3.91,0.031,0.022,1.9
4,2023,4,23,12,14.2,8.34,10.27,1318.7,43.5,3.91,0.026,0.02,1.87
4,2023,4,23,16,14.4,8.36,10.98,1317.8,4.2,3.99,0.034,0.021,1.84
4,2023,4,24,16,14.3,8.37,10.85,1319.3,6.7,3.85,0.026,0.02,1.92
4,2023,4,24,20,14.0,8.37,10.53,1319.6,7.4,3.86,0.026,0.02,1.85
4,2023,4,25,0,13.6,8.36,10.46,1317.9,6.1,3.86,0.026,0.02,1.85
4,2023,4,25,4,13.6,8.36,10.26,1317.1,6.4,3.85,0.025,0.02,1.84
4,2023,4,25,8,13.6,8.42,10.29,1313.6,6.2,3.8,0.025,0.021,1.85
4,2023,4,25,12,14.3,8.44,10.46,1311.1,7.5,3.92,0.025,0.021,1.81
4,2023,4,25,16,14.7,8.44,10.7,1307.9,6.9,3.92,0.025,0.021,1.81
4,2023,4,25,20,14.3,8.43,10.32,1308.3,6.4,3.76,0.025,0.02,1.78
4,2023,4,26,0,14.2,8.44,10.11,1306.6,7.6,3.76,0.025,0.02,1.78
4,2023,4,26,4,14.0,8.46,9.95,1308.9,6.4,3.74,0.025,0.02,1.74
4,2023,4,26,8,14.2,8.48,9.98,1309.8,6.2,3.58,0.027,0.02,1.78
4,2023,4,26,12,14.6,8.49,10.54,1310.2,6.9,3.58,0.026,0.02,1.76
4,2023,4,26,16,14.7,8.41,10.04,1307.9,7.2,3.77,0.025,0.02,1.72
4,2023,4,26,20,14.7,8.46,10.32,1309.3,6.5,3.9,0.025,0.02,1.7
4,2023,4,27,0,14.5,8.43,9.84,1311.4,5.6,3.9,0.025,0.02,1.7
4,2023,4,27,4,14.4,8.44,9.76,1311.3,6.1,3.75,0.025,0.02,1.72
4,2023,4,27,8,14.4,8.48,10.0,1310.7,6.2,3.69,0.025,0.021,1.71
4,2023,4,27,12,14.5,8.5,9.99,1307.7,6.8,3.79,0.025,0.02,1.71
4,2023,4,27,16,15.2,8.51,10.8,1307.4,5.7,3.79,0.025,0.019,1.7
4,2023,4,27,20,15.0,8.5,10.39,1308.2,5.4,3.78,0.025,0.018,1.67
4,2023,4,28,0,14.9,8.49,10.18,1305.3,5.3,3.78,0.025,0.018,1.67
4,2023,4,28,4,14.7,8.45,9.72,1306.2,5.7,3.78,0.03,0.018,1.66
4,2023,4,28,8,14.8,8.47,9.96,1306.5,5.4,3.69,0.028,0.018,1.7
4,2023,4,28,12,15.6,8.49,10.55,1305.6,6.1,3.83,0.026,0.018,1.68
4,2023,4,28,16,16.0,8.49,10.48,1302.9,5.4,3.82,0.025,0.018,1.69
4,2023,4,28,20,15.4,8.45,9.92,1302.4,5.8,3.8,0.025,0.02,1.69
4,2023,4,29,0,15.0,8.45,9.79,1304.3,6.9,3.8,0.025,0.02,1.69
4,2023,4,29,4,14.8,8.44,9.49,1304.7,6.2,3.8,0.026,0.02,1.64
4,2023,4,29,8,14.8,8.44,9.65,1305.2,6.3,3.74,0.03,0.021,1.68
4,2023,4,29,12,15.7,8.48,10.26,1303.3,6.3,3.95,0.025,0.022,1.66
4,2023,4,29,16,16.3,8.48,10.31,1298.1,7.5,3.89,0.027,0.02,1.64
4,2023,4,29,20,15.9,8.47,10.18,1300.2,5.6,3.8,0.025,0.019,1.65
4,2023,4,30,0,15.4,8.44,9.84,1299.4,5.3,3.8,0.025,0.019,1.65
4,2023,4,30,4,15.2,8.42,9.59,1296.9,6.0,3.88,0.057,0.023,1.7
4,2023,4,30,8,15.2,8.46,9.66,1293.8,6.0,3.86,0.064,0.024,1.7
4,2023,4,30,12,16.4,8.44,10.1,1298.5,5.7,3.75,0.05,0.022,1.68
4,2023,4,30,16,15.9,8.46,10.15,1291.0,5.9,3.93,0.05,0.023,1.72
4,2023,4,30,20,16.2,8.47,10.42,1290.5,5.9,3.87,0.048,0.022,1.67
4,2023,5,1,0,15.8,8.43,9.72,1289.7,5.3,3.87,0.048,0.022,1.67
4,2023,5,1,4,15.7,8.42,9.54,1290.3,5.2,3.83,0.042,0.021,1.65
4,2023,5,1,8,15.7,8.45,9.77,1290.3,5.4,3.89,0.034,0.022,1.69
4,2023,5,1,12,16.8,8.47,10.31,1291.9,5.6,3.87,0.033,0.021,1.64
4,2023,5,1,16,17.3,8.51,11.06,1287.1,5.6,3.62,0.052,0.02,1.63
4,2023,5,1,20,17.1,8.49,10.56,1286.5,5.1,3.89,0.03,0.018,1.62
4,2023,5,2,0,16.9,8.46,9.9,1289.3,5.1,3.89,0.03,0.018,1.62
4,2023,5,2,4,16.8,8.45,9.82,1289.7,5.0,3.94,0.028,0.019,1.67
4,2023,5,2,8,16.8,8.44,9.59,1291.6,4.7,3.87,0.032,0.018,1.65
4,2023,5,2,12,17.5,8.47,10.07,1293.4,5.7,3.82,0.025,0.02,1.59
4,2023,5,2,16,19.1,8.5,10.75,1289.7,6.0,3.93,0.029,0.02,1.59
4,2023,5,2,20,18.4,8.46,9.84,1290.5,5.3,3.86,0.025,0.017,1.61
4,2023,5,3,0,18.3,8.45,9.7,1290.3,5.2,3.86,0.025,0.017,1.61
4,2023,5,3,4,17.9,8.39,9.01,1291.0,5.1,3.82,0.028,0.019,1.6
4,2023,5,3,8,17.9,8.38,8.61,1292.5,5.3,3.9,0.033,0.018,1.59
4,2023,5,3,12,19.5,8.43,9.76,1293.9,5.8,4.07,0.025,0.019,1.57
4,2023,5,3,16,19.8,8.5,10.46,1287.7,6.1,3.81,0.028,0.018,1.57
4,2023,5,3,20,19.5,8.48,10.26,1287.4,5.7,3.93,0.026,0.019,1.59
4,2023,5,4,0,19.3,8.43,9.04,1289.5,5.2,3.93,0.026,0.019,1.59
4,2023,5,4,4,19.1,8.43,8.86,1289.2,5.3,3.77,0.03,0.019,1.58
4,2023,5,4,8,18.9,8.44,8.64,1288.5,5.6,3.89,0.031,0.019,1.61
4,2023,5,4,12,18.9,8.42,8.57,1289.4,6.0,3.96,0.03,0.02,1.54
4,2023,5,4,16,19.0,8.43,8.89,1287.6,6.2,3.87,0.028,0.022,1.59
4,2023,5,4,20,18.9,8.39,8.55,1287.3,6.0,3.77,0.032,0.018,1.62
4,2023,5,5,0,18.8,8.37,8.35,1288.9,5.6,3.77,0.032,0.018,1.62
4,2023,5,5,4,18.8,8.35,8.24,1288.6,5.9,3.86,0.038,0.019,1.59
4,2023,5,5,8,18.6,8.31,8.12,1290.1,6.0,3.89,0.038,0.019,1.6
4,2023,5,5,16,18.6,8.27,8.69,1295.4,7.2,4.01,0.051,0.019,1.67
4,2023,5,5,20,18.5,8.28,8.66,1295.8,6.8,4.13,0.052,0.019,1.62
4,2023,5,6,0,18.3,8.28,8.78,1296.9,6.7,4.13,0.052,0.019,1.62
4,2023,5,6,4,18.0,8.28,8.65,1298.3,6.9,4.08,0.047,0.021,1.61
4,2023,5,6,8,17.8,8.3,8.75,1299.3,8.3,4.03,0.052,0.021,1.59
4,2023,5,6,12,18.1,8.31,8.93,1297.3,7.1,3.9,0.048,0.02,1.6
4,2023,5,6,16,18.5,8.34,9.42,1298.3,6.8,3.99,0.043,0.021,1.58
4,2023,5,6,20,18.6,8.34,9.19,1297.9,6.7,3.82,0.047,0.02,1.55
4,2023,5,7,0,18.2,8.33,9.18,1297.7,6.4,3.82,0.047,0.02,1.55
4,2023,5,7,4,17.8,8.31,9.0,1299.6,6.8,3.92,0.042,0.018,1.58
4,2023,5,7,8,17.7,8.33,9.13,1300.0,7.4,3.97,0.038,0.019,1.58
4,2023,5,7,12,17.9,8.4,9.43,1296.8,7.8,3.92,0.039,0.021,1.56
4,2023,5,7,16,18.8,8.41,10.22,1295.2,7.9,4.04,0.037,0.02,1.57
4,2023,5,7,20,18.6,8.41,9.74,1296.6,7.6,3.98,0.029,0.02,1.64
4,2023,5,8,0,18.4,8.41,9.41,1296.4,7.5,3.98,0.029,0.02,1.64
4,2023,5,8,4,18.2,8.41,9.24,1295.3,7.0,3.9,0.036,0.019,1.55
4,2023,5,8,8,18.2,8.44,9.2,1294.3,7.8,3.92,0.033,0.02,1.61
4,2023,5,8,12,19.3,8.43,9.17,1204.6,10.0,4.11,0.03,0.018,1.56
4,2023,5,8,16,20.5,8.46,10.39,1292.1,8.3,4.05,0.032,0.02,1.55
4,2023,5,8,20,19.9,8.47,10.34,1289.3,7.7,3.96,0.025,0.018,1.52
4,2023,5,9,0,19.3,8.43,9.5,1289.9,8.0,3.96,0.025,0.018,1.52
4,2023,5,9,4,18.9,8.44,9.18,1288.4,7.4,3.88,0.027,0.019,1.56
4,2023,5,9,8,18.9,8.45,9.27,1287.4,8.2,4.0,0.026,0.019,1.53
4,2023,5,9,12,19.6,8.46,9.65,1286.5,8.9,3.96,0.026,0.02,1.51
4,2023,5,9,16,20.4,8.51,10.28,1283.0,8.7,3.94,0.025,0.02,1.5
4,2023,5,10,16,21.2,8.51,10.66,1279.2,8.9,3.82,0.025,0.018,1.49
4,2023,5,10,20,20.6,8.48,10.1,1276.1,8.4,3.97,0.025,0.019,1.51
4,2023,5,11,0,20.1,8.45,9.59,1276.6,8.9,3.9,0.025,0.018,1.5
4,2023,5,11,4,19.9,8.42,8.87,1275.9,8.7,3.9,0.025,0.018,1.5
4,2023,5,11,8,19.8,8.44,9.05,1275.2,8.9,3.86,0.027,0.018,1.57
4,2023,5,11,12,20.4,8.47,9.82,1275.1,10.0,4.11,0.025,0.02,1.5
4,2023,5,11,16,20.6,8.49,10.25,1272.2,9.5,3.93,0.025,0.019,1.45
4,2023,5,11,20,20.1,8.44,9.17,1272.8,9.6,4.04,0.025,0.019,1.45
4,2023,5,12,0,19.9,8.43,8.91,1272.6,9.1,3.96,0.025,0.019,1.47
4,2023,5,12,4,19.6,8.41,8.76,1272.6,10.2,3.96,0.025,0.018,1.47
4,2023,5,12,8,19.6,8.38,8.42,1273.6,10.1,3.82,0.026,0.019,1.48
4,2023,5,12,12,20.1,8.2,8.95,1271.5,5.0,4.01,0.03,0.019,1.49
4,2023,5,12,16,20.2,8.45,9.61,1270.8,4.9,3.69,0.03,0.02,1.57
4,2023,5,12,20,20.1,8.45,9.31,1271.6,4.6,3.81,0.025,0.018,1.59
4,2023,5,13,0,19.6,8.4,8.97,1271.3,4.3,3.74,0.025,0.018,1.47
4,2023,5,13,4,19.3,8.38,8.65,1272.0,4.2,3.74,0.025,0.018,1.47
4,2023,5,13,8,19.3,8.37,8.55,1273.1,4.6,3.65,0.031,0.019,1.49
4,2023,5,13,12,20.4,8.37,8.79,1272.9,4.5,3.69,0.03,0.018,1.48
4,2023,5,13,16,21.7,8.44,10.0,1269.8,4.5,3.65,0.026,0.018,1.44
4,2023,5,13,20,20.7,8.41,9.61,1267.3,4.6,3.71,0.027,0.018,1.48
4,2023,5,14,0,20.2,8.37,9.15,1267.8,4.6,3.6,0.027,0.018,1.45
4,2023,5,14,4,20.0,8.39,8.7,1265.8,4.4,3.6,0.031,0.018,1.45
4,2023,5,14,8,19.9,8.4,8.96,1264.4,4.3,3.58,0.034,0.019,1.46
4,2023,5,14,12,20.6,8.42,9.09,1263.1,4.8,3.68,0.025,0.02,1.5
4,2023,5,14,16,21.6,8.46,10.11,1260.9,4.7,3.87,0.031,0.019,1.48
4,2023,5,14,20,21.4,8.44,9.83,1259.1,4.6,3.69,0.035,0.018,1.46
4,2023,5,15,0,21.1,8.42,9.34,1260.0,4.2,3.91,0.035,0.018,1.47
4,2023,5,15,4,20.7,8.38,8.63,1259.2,4.1,3.91,0.037,0.018,1.47
4,2023,5,15,8,20.6,8.37,8.61,1258.8,4.2,3.6,0.036,0.018,1.45
4,2023,5,15,12,21.4,8.4,9.1,1256.7,5.0,3.73,0.026,0.018,1.49
4,2023,5,15,16,22.9,8.45,9.73,1257.3,4.3,3.69,0.025,0.018,1.47
4,2023,5,15,20,22.6,8.42,9.62,1253.0,4.5,3.67,0.026,0.018,1.45
4,2023,5,16,0,22.2,8.4,9.06,1253.2,4.4,3.62,0.026,0.018,1.46
4,2023,5,16,4,21.9,8.36,8.42,1253.2,4.3,3.62,0.025,0.018,1.46
4,2023,5,16,8,21.9,8.33,8.24,1254.3,4.2,3.65,0.036,0.018,1.46
4,2023,5,16,12,22.8,8.39,9.12,1252.0,5.0,3.62,0.025,0.018,1.4
4,2023,5,17,12,23.0,8.35,8.83,1251.5,4.0,3.81,0.037,0.018,1.49
4,2023,5,17,16,23.1,8.43,9.74,1244.0,5.1,3.69,0.032,0.02,1.39
4,2023,5,17,20,22.7,8.41,9.43,1243.9,5.3,3.78,0.025,0.021,1.4
4,2023,5,18,0,22.4,8.34,8.5,1245.5,5.3,3.82,0.027,0.019,1.41
4,2023,5,18,4,22.2,8.3,7.95,1246.1,4.7,3.82,0.027,0.019,1.41
4,2023,5,18,8,22.2,8.32,8.25,1246.6,4.9,3.7,0.038,0.02,1.42
4,2023,5,18,8,22.2,8.32,8.25,1246.6,4.9,3.7,0.036,0.027,1.42
4,2023,5,18,12,23.1,8.4,9.72,1244.9,6.5,3.75,0.028,0.022,1.38
4,2023,5,18,16,23.3,8.41,9.84,1240.9,6.0,3.87,0.031,0.022,1.36
4,2023,5,18,20,22.9,8.39,9.56,1240.6,5.3,3.68,0.036,0.021,1.39
4,2023,5,19,0,22.6,8.32,8.56,1242.5,5.1,3.68,0.036,0.021,1.39
4,2023,5,19,4,22.4,8.3,8.28,1238.3,5.9,3.63,0.042,0.021,1.44
4,2023,5,19,8,22.2,8.32,8.04,1243.4,5.0,3.71,0.047,0.024,1.47
4,2023,5,19,12,22.0,8.33,7.97,1242.6,5.1,3.8,0.052,0.023,1.42
4,2023,5,19,16,21.9,8.32,7.85,1241.1,5.2,3.67,0.058,0.022,1.43
4,2023,5,19,20,21.8,8.3,7.63,1241.9,4.9,3.65,0.068,0.021,1.42
4,2023,5,20,0,21.6,8.29,7.66,1241.8,4.9,3.65,0.068,0.021,1.42
4,2023,5,20,4,21.0,8.27,7.78,1241.4,6.3,3.67,0.072,0.025,1.47
4,2023,5,20,8,20.6,8.25,8.34,1229.1,7.9,3.7,0.078,0.025,1.46
4,2023,5,20,12,20.6,8.27,8.44,1242.6,7.6,3.63,0.076,0.023,1.43
4,2023,5,20,16,20.2,8.26,8.56,1234.0,8.2,3.72,0.078,0.024,1.47
4,2023,5,20,20,19.9,8.24,8.56,1231.7,8.3,3.74,0.083,0.024,1.48
4,2023,5,21,0,19.4,8.25,8.72,1231.0,9.1,3.74,0.083,0.024,1.48
4,2023,5,21,4,18.9,8.25,8.7,1228.9,9.0,3.84,0.112,0.027,1.51
4,2023,5,21,8,18.6,8.28,8.7,1242.8,8.6,3.71,0.117,0.025,1.48
4,2023,5,21,12,19.0,8.31,8.89,1237.7,7.9,3.71,0.107,0.023,1.47
4,2023,5,21,16,19.6,8.33,8.96,1248.1,6.3,3.74,0.098,0.024,1.5
4,2023,5,21,20,19.5,8.36,9.21,1234.4,7.7,3.73,0.085,0.022,1.46
4,2023,5,22,0,18.8,8.34,8.97,1247.1,7.4,3.73,0.085,0.022,1.46
4,2023,5,22,4,18.3,8.36,8.96,1242.9,7.4,3.69,0.06,0.023,1.49
4,2023,5,22,8,18.4,8.4,9.0,1241.7,9.2,3.72,0.052,0.023,1.48
4,2023,5,22,12,19.4,8.37,8.92,1225.3,7.9,3.72,0.054,0.022,1.43
4,2023,5,22,16,20.8,8.44,9.4,1222.5,7.6,3.86,0.036,0.023,1.45
4,2023,5,22,20,20.5,8.45,9.61,1246.1,8.0,3.65,0.036,0.02,1.44
4,2023,5,23,0,19.7,8.39,8.92,1247.1,6.3,3.65,0.036,0.02,1.44
4,2023,5,23,4,19.4,8.43,8.87,1249.6,6.9,3.83,0.04,0.021,1.47
4,2023,5,23,8,19.5,8.44,8.97,1232.0,6.4,3.75,0.027,0.022,1.45
4,2023,5,24,16,21.5,8.51,9.44,1246.8,7.7,3.77,0.025,0.019,1.36
4,2023,5,25,12,21.4,8.48,9.81,1252.7,5.2,3.71,0.025,0.02,1.35
4,2023,5,25,16,21.4,8.49,10.05,1250.7,6.1,3.94,0.025,0.024,1.31
4,2023,5,25,20,21.4,8.48,10.12,1249.4,5.5,3.79,0.025,0.02,1.3
4,2023,5,26,0,21.0,8.44,9.35,1250.9,5.1,3.79,0.025,0.02,1.3
4,2023,5,26,4,20.7,8.38,8.41,1251.2,5.8,3.73,0.027,0.02,1.28
4,2023,5,26,8,20.7,8.37,8.54,1252.7,6.2,3.74,0.026,0.02,1.28
4,2023,5,26,12,22.0,8.43,9.51,1252.9,5.4,3.74,0.025,0.021,1.26
4,2023,5,26,16,23.0,8.47,10.12,1250.0,5.6,3.94,0.025,0.028,1.39
4,2023,5,26,20,22.2,8.43,9.65,1248.9,5.4,3.75,0.042,0.021,1.32
4,2023,5,27,0,21.8,8.39,9.05,1249.0,5.1,3.8,0.046,0.021,1.31
4,2023,5,27,4,21.6,8.32,8.14,1248.9,5.2,3.8,0.058,0.021,1.33
4,2023,5,27,8,21.4,8.34,8.27,1226.4,7.2,3.69,0.085,0.024,1.45
4,2023,5,27,12,21.6,8.38,8.59,1212.9,6.6,3.78,0.058,0.021,1.39
4,2023,5,27,16,21.6,8.37,8.51,1233.7,6.6,3.87,0.055,0.019,1.28
4,2023,5,27,20,21.6,8.38,8.65,1206.7,6.6,3.68,0.058,0.019,1.29
4,2023,5,28,0,21.3,8.35,8.48,1169.4,6.5,3.75,0.051,0.018,1.31
4,2023,5,28,4,21.2,8.31,8.24,1241.1,6.8,3.74,0.05,0.021,1.31
4,2023,5,28,8,21.2,8.3,8.31,1245.4,7.5,3.69,0.05,0.022,1.3
4,2023,5,28,12,22.4,8.31,8.44,1232.4,6.4,3.72,0.058,0.02,1.32
4,2023,5,28,16,23.7,8.38,8.84,1239.5,6.8,3.69,0.046,0.017,1.37
4,2023,5,28,20,23.2,8.39,8.92,1243.8,7.7,3.74,0.05,0.018,1.23
4,2023,5,29,0,22.6,8.34,8.63,1228.4,6.3,3.65,0.053,0.018,1.29
4,2023,5,29,4,22.2,8.33,8.32,1247.0,6.9,3.7,0.048,0.019,1.29
4,2023,5,29,12,23.1,8.39,9.05,1249.3,8.0,3.87,0.026,0.025,1.28
4,2023,5,29,16,24.6,8.44,9.48,1242.4,8.0,3.79,0.028,0.019,1.22
4,2023,5,29,20,24.0,8.44,9.31,1201.0,7.2,3.75,0.025,0.019,1.24
4,2023,5,30,0,23.5,8.39,8.82,1246.5,7.4,3.68,0.025,0.018,1.19
4,2023,5,30,4,23.1,8.36,8.27,1164.3,7.0,3.68,0.035,0.018,1.25
4,2023,5,30,8,22.9,8.36,8.2,1235.9,7.6,4.05,0.045,0.037,1.44
4,2023,5,30,12,22.9,8.35,8.31,1235.0,8.6,4.05,0.045,0.037,1.44
4,2023,5,30,12,22.9,8.35,8.31,1235.0,8.6,3.7,0.038,0.022,1.26
4,2023,5,30,16,23.0,8.37,8.51,1241.5,7.6,3.7,0.038,0.022,1.26
4,2023,5,30,16,23.0,8.37,8.51,1241.5,7.6,3.72,0.03,0.021,1.22
4,2023,5,30,20,22.9,8.39,8.61,1234.3,7.0,3.72,0.03,0.021,1.22
4,2023,5,30,20,22.9,8.39,8.61,1234.3,7.0,3.66,0.026,0.019,1.22
4,2023,5,31,0,22.6,8.35,8.35,1242.5,7.4,3.66,0.026,0.019,1.22
4,2023,5,31,0,22.6,8.35,8.35,1242.5,7.4,3.66,0.026,0.019,1.22
4,2023,5,31,4,22.3,8.29,7.96,1234.1,8.2,3.66,0.026,0.019,1.22
4,2023,5,31,4,22.3,8.29,7.96,1234.1,8.2,3.72,0.045,0.02,1.28
4,2023,5,31,8,22.2,8.28,8.04,1244.6,8.9,3.72,0.045,0.02,1.28
4,2023,5,31,12,22.8,8.32,8.36,1225.7,7.2,3.74,0.052,0.022,1.28
4,2023,5,31,12,22.8,8.32,8.36,1225.7,7.2,3.85,0.032,0.019,1.25
4,2023,5,31,16,23.2,8.37,8.46,1243.9,8.5,3.85,0.032,0.019,1.25
4,2023,5,31,16,23.2,8.37,8.46,1243.9,8.5,3.85,0.033,0.019,1.2
4,2023,5,31,20,22.5,8.35,8.55,1243.8,8.1,3.85,0.033,0.019,1.2
4,2023,5,31,20,22.5,8.35,8.55,1243.8,8.1,3.67,0.033,0.018,1.25
4,2023,6,1,0,22.2,8.33,8.5,1247.1,7.1,3.67,0.033,0.018,1.25
4,2023,6,1,0,22.2,8.33,8.5,1247.1,7.1,3.67,0.033,0.018,1.25
4,2023,6,1,4,21.7,8.27,8.18,1237.5,8.7,3.67,0.033,0.018,1.25
4,2023,6,1,4,21.7,8.27,8.18,1237.5,8.7,3.69,0.041,0.02,1.29
4,2023,6,1,8,21.7,8.3,8.32,1219.3,8.5,3.69,0.041,0.02,1.29
4,2023,6,1,8,21.7,8.3,8.32,1219.3,8.5,3.67,0.042,0.02,1.27
4,2023,6,1,12,22.4,8.26,8.11,1232.0,8.4,3.67,0.042,0.02,1.27
4,2023,6,1,12,22.4,8.26,8.11,1232.0,8.4,3.77,0.046,0.019,1.27
4,2023,6,1,16,22.6,8.35,8.61,1238.3,9.0,3.77,0.046,0.019,1.27
4,2023,6,1,16,22.6,8.35,8.61,1238.3,9.0,3.83,0.029,0.021,1.31
4,2023,6,2,12,21.4,8.38,8.67,1250.0,10.8,3.8,0.025,0.022,1.26
