point_id,year,month,day,hour,水温(℃),pH(无量纲),溶解氧(mg/L),电导率(μS/cm),浊度(NTU),高锰酸盐指数(mg/L),氨氮(mg/L),总磷(mg/L),总氮(mg/L)
14,2022,1,11,8,2.4,8.33,12.9,538.4,3.3,1.34,0.025,0.005,4.71
14,2022,1,11,12,2.5,8.34,12.68,536.7,3.9,1.25,0.025,0.005,4.7
14,2022,1,11,16,2.5,8.33,12.83,536.3,3.0,1.29,0.025,0.005,4.67
14,2022,1,12,8,2.7,8.29,12.5,522.0,3.0,1.31,0.025,0.005,4.4
14,2022,1,12,12,2.8,8.2,12.52,519.8,2.8,1.31,0.025,0.005,4.35
14,2022,1,12,16,2.7,8.21,12.53,520.3,3.3,1.61,0.025,0.005,4.35
14,2022,1,14,12,2.6,8.21,12.59,524.2,3.4,1.22,0.025,0.005,4.46
14,2022,1,14,16,2.6,8.21,12.59,523.3,3.6,1.24,0.025,0.005,4.45
14,2022,1,19,8,2.4,8.22,12.82,530.2,3.1,1.11,0.025,0.005,4.69
14,2022,1,19,12,2.4,8.23,12.82,529.9,2.9,1.2,0.025,0.005,4.6
14,2022,1,19,16,2.6,8.23,12.83,525.7,2.5,1.27,0.025,0.005,4.61
14,2022,1,19,20,2.5,8.23,12.82,526.3,2.7,1.19,0.025,0.005,4.6
14,2022,1,20,0,2.5,8.22,12.74,525.6,3.0,1.19,0.025,0.005,4.6
14,2022,1,20,4,2.5,8.22,12.75,524.7,2.9,1.21,0.025,0.005,4.51
14,2022,1,20,8,2.6,8.22,12.73,525.1,2.2,1.2,0.025,0.005,4.5
14,2022,1,20,12,2.6,8.22,12.71,524.0,2.7,1.27,0.025,0.005,4.53
14,2022,1,20,16,2.6,8.22,12.7,523.4,2.6,1.18,0.025,0.005,4.49
14,2022,1,20,20,2.5,8.22,12.77,526.2,2.9,1.37,0.025,0.005,4.55
14,2022,1,21,0,2.6,8.22,12.74,524.8,2.9,1.37,0.025,0.005,4.55
14,2022,1,21,4,2.5,8.22,12.83,526.8,2.7,1.33,0.025,0.005,4.58
14,2022,1,21,8,2.6,8.22,12.71,525.8,2.8,1.41,0.025,0.005,4.53
14,2022,1,21,12,2.5,8.22,12.8,527.2,2.7,1.35,0.025,0.005,4.59
14,2022,1,24,8,2.7,8.21,12.43,516.2,2.7,1.43,0.025,0.005,4.35
14,2022,1,24,12,2.7,8.21,12.44,515.8,2.6,1.51,0.025,0.005,4.26
14,2022,1,24,16,2.7,8.21,12.39,514.4,2.4,1.56,0.025,0.005,4.16
14,2022,2,10,8,3.3,8.38,12.54,502.3,2.5,1.51,0.025,0.005,4.07
14,2022,2,10,12,3.4,8.38,12.59,502.6,2.3,1.58,0.025,0.005,4.07
14,2022,2,11,8,3.3,8.41,12.6,502.6,2.5,1.5,0.025,0.005,4.07
14,2022,2,11,12,3.6,8.34,12.6,500.4,2.5,1.59,0.025,0.005,4.08
14,2022,2,11,16,3.4,8.3,12.67,502.2,2.7,1.46,0.025,0.005,4.06
14,2022,2,11,20,3.4,8.29,12.68,503.1,2.2,1.43,0.025,0.005,4.1
14,2022,2,12,0,3.4,8.3,12.7,504.0,2.5,1.43,0.025,0.005,4.1
14,2022,2,12,4,3.4,8.29,12.73,504.3,2.4,1.58,0.025,0.005,4.11
14,2022,2,12,8,3.4,8.29,12.68,503.6,2.4,1.5,0.025,0.005,4.1
14,2022,2,12,12,3.4,8.3,12.61,503.4,2.4,1.57,0.025,0.005,4.1
14,2022,2,12,16,3.4,8.31,12.78,503.4,2.6,1.4,0.025,0.005,4.13
14,2022,2,12,20,3.3,8.3,12.77,504.8,2.4,1.4,0.025,0.005,4.12
14,2022,2,13,0,3.4,8.3,12.75,504.4,2.4,1.4,0.025,0.005,4.12
14,2022,2,13,4,3.4,8.3,12.67,504.0,2.5,1.9,0.025,0.005,4.1
14,2022,2,13,8,3.3,8.31,12.71,504.9,2.2,1.4,0.025,0.005,4.13
14,2022,2,13,12,3.3,8.31,12.71,506.0,2.2,1.4,0.025,0.005,4.15
14,2022,2,13,16,3.3,8.32,12.68,505.2,2.2,1.45,0.025,0.005,4.12
14,2022,2,13,20,3.4,8.31,12.66,505.3,2.4,1.35,0.025,0.005,4.14
14,2022,2,14,0,3.4,8.31,12.64,505.2,2.1,1.35,0.025,0.005,4.14
14,2022,2,14,4,3.3,8.3,12.67,504.3,2.5,1.48,0.025,0.005,4.11
14,2022,2,18,8,2.9,8.31,12.37,496.5,2.4,1.55,0.025,0.005,3.96
14,2022,2,18,12,3.0,8.31,12.33,488.8,2.1,1.79,0.025,0.005,3.82
14,2022,2,18,16,3.0,8.2,12.23,484.6,2.2,2.03,0.025,0.005,3.68
14,2022,2,18,20,3.1,8.2,12.24,479.4,2.3,2.67,0.025,0.005,3.5
14,2022,2,19,0,3.1,8.21,12.13,475.6,2.0,2.67,0.025,0.005,3.5
14,2022,2,19,4,3.2,8.2,12.21,478.0,1.9,2.04,0.025,0.005,3.4
14,2022,2,19,8,3.2,8.2,12.16,474.8,1.7,2.23,0.025,0.005,3.27
14,2022,2,22,12,3.0,8.25,12.41,484.2,2.3,1.88,0.025,0.005,3.65
14,2022,2,22,12,3.0,8.25,12.41,484.2,2.3,1.88,0.025,0.005,3.65
14,2022,2,22,16,3.1,8.25,12.41,484.1,2.2,2.02,0.025,0.005,3.67
14,2022,2,22,16,3.1,8.25,12.41,484.1,2.2,2.02,0.025,0.005,3.67
14,2022,2,22,20,3.0,8.26,12.39,485.7,2.1,1.94,0.025,0.005,3.65
14,2022,2,23,0,3.0,8.26,12.41,485.9,2.1,1.83,0.025,0.005,3.73
14,2022,2,23,4,3.0,8.25,12.4,487.1,2.2,1.83,0.025,0.005,3.73
14,2022,2,23,8,3.0,8.25,12.4,489.0,1.8,1.77,0.025,0.005,3.75
14,2022,2,23,12,3.1,8.25,12.41,488.8,1.8,1.78,0.025,0.005,3.83
14,2022,2,23,16,3.0,8.26,12.41,493.1,1.9,1.67,0.025,0.005,3.93
14,2022,3,1,8,3.1,8.29,12.68,502.8,2.3,1.57,0.025,0.005,4.27
14,2022,3,1,12,3.1,8.3,12.72,502.7,2.3,1.42,0.025,0.005,4.27
14,2022,3,1,16,3.1,8.3,12.81,504.3,2.8,1.35,0.025,0.005,4.3
14,2022,3,2,8,3.0,8.29,12.73,505.7,2.3,1.34,0.025,0.005,4.34
14,2022,3,2,12,3.2,8.3,12.69,504.2,2.0,1.56,0.025,0.005,4.35
14,2022,3,7,8,3.4,8.33,13.01,501.9,2.0,1.4,0.025,0.005,4.23
14,2022,3,7,12,3.5,8.34,12.91,500.1,2.4,1.51,0.025,0.005,4.21
14,2022,3,8,8,3.5,8.34,12.98,500.5,2.2,1.85,0.025,0.005,4.26
14,2022,3,8,12,3.8,8.35,13.09,495.6,2.4,1.39,0.025,0.005,4.24
14,2022,3,8,16,3.6,8.35,13.21,498.9,2.1,1.44,0.025,0.005,4.22
14,2022,3,8,20,3.6,8.35,13.15,500.4,2.4,1.42,0.025,0.005,4.22
14,2022,3,9,0,3.5,8.35,13.18,501.0,2.4,1.44,0.025,0.005,4.22
14,2022,3,9,4,3.6,8.36,13.27,500.3,2.5,1.44,0.025,0.005,4.22
14,2022,3,9,8,3.6,8.36,13.25,500.2,2.3,1.33,0.025,0.005,4.27
14,2022,3,9,12,3.7,8.37,13.38,499.4,2.6,1.4,0.025,0.005,4.28
14,2022,3,9,16,3.7,8.38,13.28,497.9,2.4,1.39,0.025,0.005,4.34
14,2022,3,10,8,3.7,8.36,13.11,499.3,1.7,1.42,0.025,0.005,4.29
14,2022,3,10,12,3.7,8.39,13.29,499.2,2.6,1.43,0.025,0.005,4.22
14,2022,3,10,16,3.8,8.39,13.43,497.4,2.8,1.62,0.025,0.005,3.74
14,2022,3,11,8,3.8,8.4,13.46,497.7,2.6,1.64,0.025,0.005,4.19
14,2022,3,11,12,3.8,8.42,13.69,497.7,2.5,1.62,0.025,0.005,4.21
14,2022,3,11,16,3.9,8.43,13.67,497.8,2.8,1.67,0.025,0.005,4.22
14,2022,3,11,20,3.8,8.42,13.69,498.3,2.5,1.67,0.025,0.005,4.22
14,2022,3,12,16,4.2,8.39,13.11,489.4,3.2,1.49,0.025,0.005,4.23
14,2022,3,12,20,4.3,8.37,12.64,485.2,2.8,1.36,0.025,0.005,4.23
14,2022,3,13,0,4.3,8.35,12.6,481.3,3.1,1.36,0.025,0.005,4.23
14,2022,3,13,4,4.4,8.35,12.53,480.3,3.5,1.35,0.025,0.005,4.26
14,2022,3,13,8,4.7,8.32,11.92,472.9,3.2,1.2,0.025,0.005,4.2
14,2022,3,13,12,4.8,8.32,12.03,473.2,3.1,1.23,0.025,0.005,4.22
14,2022,3,13,16,4.7,8.35,12.47,475.3,3.2,1.26,0.025,0.005,4.21
14,2022,3,13,20,5.0,8.33,12.05,470.0,3.2,1.23,0.025,0.005,4.22
14,2022,3,14,0,5.2,8.32,11.8,467.6,3.4,1.23,0.025,0.005,4.22
14,2022,3,14,4,5.1,8.32,11.85,469.4,3.4,1.43,0.025,0.005,4.18
14,2022,3,14,8,5.3,8.33,12.02,465.6,3.4,1.25,0.025,0.005,4.19
14,2022,3,14,12,5.5,8.33,11.96,463.5,3.7,1.28,0.025,0.005,4.17
14,2022,3,14,16,5.5,8.34,12.22,461.8,3.2,1.34,0.025,0.005,4.16
14,2022,3,15,8,5.4,8.33,12.1,463.7,3.6,1.29,0.025,0.005,4.16
14,2022,3,15,16,5.6,8.32,12.25,462.8,3.7,1.44,0.025,0.005,4.19
14,2022,3,16,0,5.6,8.33,12.33,462.3,3.8,1.39,0.025,0.005,4.15
14,2022,3,16,0,5.6,8.33,12.33,462.3,3.8,1.39,0.025,0.005,4.15
14,2022,3,16,12,5.8,8.33,12.15,461.2,4.0,1.35,0.025,0.005,4.13
14,2022,3,16,16,5.8,8.33,12.12,460.7,4.2,1.36,0.025,0.005,4.12
14,2022,3,16,20,5.7,8.33,12.25,462.4,4.1,1.37,0.025,0.005,4.15
14,2022,3,17,0,5.8,8.33,12.11,460.4,4.1,1.37,0.025,0.005,4.16
14,2022,3,17,4,5.8,8.34,12.18,460.2,3.8,1.37,0.025,0.005,4.16
14,2022,3,17,8,5.9,8.33,12.06,459.1,3.9,1.23,0.025,0.005,4.15
14,2022,3,17,12,5.9,8.32,11.85,459.1,4.5,1.23,0.025,0.005,4.13
14,2022,3,17,16,5.9,8.32,11.82,459.9,4.1,1.38,0.025,0.005,4.12
14,2022,3,17,20,5.9,8.32,11.81,460.4,3.9,1.22,0.025,0.005,4.11
14,2022,3,18,8,5.9,8.31,11.53,458.7,4.4,1.41,0.025,0.005,4.11
14,2022,3,18,12,6.2,8.32,11.0,446.5,4.8,1.25,0.025,0.005,4.0
14,2022,3,18,16,6.1,8.28,11.23,455.8,4.8,1.43,0.025,0.005,4.06
14,2022,3,23,12,6.2,8.25,10.41,457.6,6.4,1.37,0.025,0.005,4.0
14,2022,3,24,12,6.6,8.32,11.06,460.3,5.7,1.47,0.025,0.005,4.07
14,2022,3,24,20,6.7,8.35,11.2,457.9,5.4,1.31,0.025,0.005,4.06
14,2022,3,25,0,6.7,8.33,11.13,458.7,5.5,1.31,0.025,0.005,4.06
14,2022,3,25,4,6.7,8.33,11.09,462.0,6.5,1.48,0.025,0.005,4.07
14,2022,3,25,8,6.7,8.34,11.09,459.1,5.9,1.42,0.025,0.005,4.08
14,2022,3,25,12,6.8,8.34,11.15,460.3,5.5,1.49,0.025,0.005,4.1
14,2022,3,25,16,6.9,8.35,11.23,459.2,5.5,1.47,0.025,0.005,4.05
14,2022,3,25,20,6.9,8.34,11.22,458.8,5.0,1.49,0.025,0.005,4.04
14,2022,3,26,0,6.8,8.35,11.18,460.1,5.8,1.49,0.025,0.005,4.04
14,2022,3,26,4,6.7,8.3,10.9,461.3,6.4,1.43,0.025,0.005,4.12
14,2022,3,26,8,6.6,8.3,10.91,462.4,6.1,1.41,0.025,0.005,4.11
14,2022,3,26,12,6.8,8.3,10.81,458.9,6.9,1.42,0.025,0.005,4.02
14,2022,3,26,16,7.0,8.37,11.18,448.8,5.3,1.54,0.025,0.005,4.06
14,2022,3,26,20,6.6,8.32,11.11,455.6,6.1,1.38,0.025,0.005,4.03
14,2022,3,27,0,6.6,8.33,11.19,453.6,5.3,1.38,0.025,0.005,4.03
14,2022,3,27,4,6.4,8.33,11.25,450.7,4.6,1.66,0.025,0.005,3.91
14,2022,3,27,8,6.3,8.32,11.28,451.1,4.5,1.5,0.025,0.005,3.91
14,2022,3,27,12,6.5,8.31,11.17,452.4,6.1,1.51,0.025,0.005,3.97
14,2022,3,27,16,7.1,8.34,11.23,450.1,5.7,1.49,0.025,0.005,3.99
14,2022,3,27,20,6.7,8.34,11.31,448.9,4.4,1.58,0.025,0.005,3.93
14,2022,3,28,0,6.4,8.34,11.48,450.0,4.0,1.58,0.025,0.005,3.93
14,2022,3,28,4,6.7,8.33,11.22,451.9,4.9,1.37,0.025,0.005,3.88
14,2022,3,28,8,6.8,8.33,11.08,453.3,5.6,1.42,0.025,0.005,4.04
14,2022,3,28,12,6.8,8.34,11.14,454.9,6.2,1.49,0.025,0.005,3.99
14,2022,3,28,16,7.2,8.34,11.3,449.5,6.9,1.46,0.025,0.005,4.0
14,2022,3,28,20,6.8,8.35,11.41,450.4,5.0,1.71,0.025,0.005,3.83
14,2022,3,29,0,6.9,8.34,11.3,452.8,6.6,1.71,0.025,0.005,3.83
14,2022,3,29,4,6.9,8.33,11.26,453.5,6.4,1.66,0.025,0.005,3.87
14,2022,3,29,8,7.0,8.32,11.28,453.7,6.3,1.46,0.025,0.005,3.97
14,2022,3,29,12,9.2,8.3,11.11,429.3,5.9,1.65,0.025,0.005,4.04
14,2022,3,29,16,9.4,8.29,11.12,427.5,6.4,1.6,0.025,0.005,4.1
14,2022,3,29,20,9.3,8.3,11.1,430.2,6.2,1.51,0.025,0.005,4.05
14,2022,3,30,0,9.6,8.29,11.06,431.6,6.3,1.51,0.025,0.005,4.05
14,2022,3,30,4,9.6,8.29,11.06,429.4,5.8,1.79,0.025,0.005,4.02
14,2022,3,30,8,9.5,8.29,11.1,432.2,6.1,1.47,0.025,0.005,3.97
14,2022,3,30,12,9.6,8.29,11.11,433.5,5.8,1.45,0.025,0.005,4.04
14,2022,3,30,16,9.3,8.27,11.07,432.4,5.8,1.41,0.025,0.005,4.02
14,2022,3,30,20,9.9,8.3,11.06,437.2,6.1,1.62,0.025,0.005,4.02
14,2022,3,31,0,9.7,8.29,11.06,433.0,6.1,1.62,0.025,0.005,4.02
14,2022,3,31,4,9.8,8.28,10.99,439.2,7.4,1.69,0.025,0.005,4.03
14,2022,3,31,8,9.7,8.29,10.96,437.0,8.4,1.45,0.025,0.005,4.09
14,2022,3,31,12,9.8,8.28,10.97,438.4,8.5,1.53,0.025,0.005,4.08
14,2022,3,31,16,10.3,8.3,11.01,434.8,7.8,1.69,0.025,0.005,3.96
14,2022,3,31,20,9.9,8.29,11.12,432.8,7.6,1.7,0.025,0.005,3.95
14,2022,4,1,0,9.8,8.28,11.1,437.2,7.7,1.7,0.025,0.005,3.95
14,2022,4,1,4,9.9,8.29,10.97,437.3,7.7,1.66,0.025,0.005,4.0
14,2022,4,2,16,9.6,8.25,10.82,434.4,8.5,1.76,0.025,0.005,4.09
14,2022,4,2,20,9.3,8.26,10.9,438.0,7.0,1.73,0.025,0.005,4.02
14,2022,4,3,0,9.4,8.26,10.91,439.5,7.2,1.73,0.025,0.005,4.02
14,2022,4,3,4,9.6,8.27,10.94,443.6,6.6,1.65,0.025,0.005,4.02
14,2022,4,3,8,9.6,8.27,10.99,439.8,6.3,1.64,0.025,0.005,3.92
14,2022,4,3,12,9.7,8.28,11.01,435.2,6.7,1.78,0.025,0.005,3.87
14,2022,4,3,16,10.2,8.27,10.94,435.1,7.2,1.96,0.025,0.005,3.88
14,2022,4,3,20,10.2,8.28,11.03,437.4,6.8,1.79,0.025,0.005,3.85
14,2022,4,4,0,10.2,8.28,11.03,439.1,6.7,1.79,0.025,0.005,3.85
14,2022,4,4,4,10.2,8.27,11.0,438.2,5.8,1.57,0.025,0.005,3.86
14,2022,4,4,8,10.1,8.27,10.98,439.6,5.7,1.62,0.025,0.005,3.89
14,2022,4,4,12,10.4,8.28,10.94,441.1,6.4,1.54,0.025,0.005,3.93
14,2022,4,4,16,10.7,8.26,10.83,439.3,6.9,1.82,0.025,0.005,4.03
14,2022,4,4,20,10.6,8.27,10.86,439.9,7.4,1.77,0.025,0.005,3.93
14,2022,4,5,0,10.7,8.27,10.85,440.4,6.9,1.77,0.025,0.005,3.93
14,2022,4,5,4,10.8,8.27,10.82,440.2,7.1,1.84,0.025,0.005,4.07
14,2022,4,5,8,10.8,8.27,10.88,447.4,6.5,1.59,0.025,0.005,4.04
14,2022,4,5,12,10.8,8.28,10.97,436.9,6.2,1.59,0.025,0.005,3.84
14,2022,4,5,16,10.8,8.26,10.86,430.4,6.8,1.99,0.025,0.005,3.77
14,2022,4,5,20,10.8,8.27,10.96,436.2,6.1,1.93,0.025,0.005,3.84
14,2022,4,6,0,10.8,8.28,10.95,438.1,6.4,1.93,0.025,0.005,3.84
14,2022,4,6,4,10.5,8.27,10.96,438.8,6.2,1.85,0.025,0.005,3.79
14,2022,4,6,8,10.6,8.24,10.76,438.9,6.7,1.73,0.025,0.005,3.85
14,2022,4,6,12,10.8,8.24,10.76,446.3,7.0,1.65,0.025,0.005,3.88
14,2022,4,6,16,11.6,8.28,10.8,439.3,7.2,1.82,0.025,0.005,3.89
14,2022,4,6,20,11.3,8.28,10.85,440.9,6.7,1.76,0.025,0.005,3.86
14,2022,4,7,8,11.4,8.26,10.68,441.4,7.0,1.86,0.025,0.005,3.97
14,2022,4,7,12,11.5,8.26,10.59,441.3,7.0,1.69,0.025,0.005,3.91
14,2022,4,7,16,11.3,8.27,10.77,436.2,6.9,1.68,0.025,0.005,3.87
14,2022,4,7,20,11.3,8.23,10.55,438.4,9.6,1.9,0.025,0.005,3.79
14,2022,4,8,0,11.8,8.23,10.33,440.0,10.5,1.91,0.025,0.005,3.86
14,2022,4,8,4,11.2,8.21,10.42,436.4,8.9,1.91,0.025,0.005,3.86
14,2022,4,8,8,11.1,8.22,10.36,439.1,8.5,1.87,0.025,0.005,3.83
14,2022,4,8,12,8.8,8.21,10.57,462.0,8.6,1.81,0.025,0.005,3.85
14,2022,4,8,16,9.2,8.2,10.48,469.9,9.2,1.86,0.025,0.005,3.79
14,2022,4,8,20,10.5,8.27,10.76,470.3,7.4,1.93,0.025,0.005,3.9
14,2022,4,9,0,10.6,8.28,10.83,468.0,6.8,1.52,0.025,0.005,3.94
14,2022,4,9,4,10.3,8.27,10.81,464.2,6.5,1.52,0.025,0.005,3.94
14,2022,4,9,8,10.5,8.27,10.84,465.7,5.8,2.2,0.025,0.005,3.89
14,2022,4,9,12,9.5,8.25,10.74,457.6,6.3,1.75,0.025,0.005,3.79
14,2022,4,9,20,9.2,8.17,10.24,468.3,8.6,2.09,0.025,0.005,3.71
14,2022,4,10,0,11.1,8.27,10.61,468.0,7.0,2.09,0.025,0.005,3.8
14,2022,4,10,4,10.1,8.21,10.27,455.3,7.0,2.09,0.025,0.005,3.8
14,2022,4,10,8,9.2,8.18,10.29,458.4,7.2,2.05,0.025,0.005,3.76
14,2022,4,10,12,9.0,8.15,10.14,459.2,8.0,1.86,0.025,0.005,3.71
14,2022,4,10,16,9.5,8.17,10.14,462.8,7.0,1.99,0.025,0.005,3.7
14,2022,4,10,20,11.5,8.26,10.61,474.7,6.4,1.75,0.025,0.005,3.77
14,2022,4,11,0,11.8,8.28,10.54,466.9,5.9,1.77,0.025,0.005,3.83
14,2022,4,11,4,9.9,8.17,10.1,464.4,6.8,1.77,0.025,0.005,3.83
14,2022,4,11,8,8.9,8.16,10.18,458.3,6.1,2.26,0.025,0.005,3.75
14,2022,4,11,12,8.3,8.23,10.85,447.3,4.6,1.8,0.025,0.005,3.62
14,2022,4,11,16,7.6,8.26,11.3,446.6,4.9,2.07,0.025,0.005,3.39
14,2022,4,11,20,8.9,8.3,11.18,450.9,5.5,2.46,0.025,0.005,3.21
14,2022,4,12,0,8.5,8.26,10.97,443.4,6.6,2.36,0.025,0.005,3.36
14,2022,4,12,4,8.8,8.27,11.02,454.1,6.0,2.36,0.025,0.005,3.36
14,2022,4,12,8,8.7,8.29,11.15,449.8,5.3,2.38,0.025,0.005,3.39
14,2022,4,12,12,8.5,8.28,11.22,451.6,4.9,2.14,0.025,0.005,3.35
14,2022,4,12,16,7.2,8.24,11.14,445.3,6.7,2.29,0.025,0.005,3.3
14,2022,4,12,20,7.5,8.25,11.11,446.5,6.4,2.41,0.025,0.005,3.19
14,2022,4,13,0,9.5,8.28,11.01,457.8,5.8,2.61,0.025,0.005,3.21
14,2022,4,13,4,10.3,8.3,10.92,457.6,5.5,2.61,0.025,0.005,3.21
14,2022,4,13,8,10.9,8.32,10.94,456.8,4.9,2.26,0.025,0.005,3.44
14,2022,4,13,12,11.0,8.33,11.11,457.6,6.4,1.83,0.025,0.005,3.48
14,2022,4,13,16,10.9,8.33,11.14,454.1,6.3,1.87,0.025,0.005,3.47
14,2022,4,13,20,10.8,8.33,11.1,454.6,5.2,2.24,0.025,0.005,3.44
14,2022,4,14,0,10.8,8.33,11.04,453.8,5.2,2.52,0.025,0.005,3.43
14,2022,4,14,4,10.8,8.32,11.04,454.8,4.9,2.52,0.025,0.005,3.43
14,2022,4,14,8,9.9,8.23,10.63,459.9,7.4,2.37,0.025,0.005,3.41
14,2022,4,14,12,9.4,8.28,10.88,450.8,6.2,2.16,0.025,0.005,3.44
14,2022,4,14,16,8.2,8.22,10.7,445.3,7.1,2.25,0.025,0.005,3.37
14,2022,4,14,20,8.8,8.28,10.97,447.3,5.8,2.39,0.025,0.005,3.22
14,2022,4,15,8,10.1,8.31,10.81,454.5,6.0,2.7,0.025,0.005,3.2
14,2022,4,15,12,10.0,8.3,10.68,455.9,6.9,2.16,0.025,0.005,3.42
14,2022,4,15,16,10.3,8.31,10.77,455.8,6.5,2.36,0.025,0.005,3.4
14,2022,4,15,20,10.1,8.3,10.76,451.6,6.4,2.4,0.025,0.005,3.4
14,2022,4,16,0,8.7,8.22,10.6,457.1,11.3,2.4,0.025,0.005,3.4
14,2022,4,16,4,9.5,8.28,10.83,458.9,6.8,2.27,0.025,0.005,3.33
14,2022,4,16,8,9.3,8.28,10.75,454.6,8.4,2.21,0.025,0.005,3.37
14,2022,4,16,12,8.7,8.28,10.81,452.2,6.7,2.37,0.025,0.005,3.25
14,2022,4,16,16,9.0,8.28,10.87,451.1,6.1,2.38,0.025,0.005,3.28
14,2022,4,16,20,8.6,8.28,10.79,450.1,6.1,2.46,0.025,0.005,3.26
14,2022,4,17,0,10.0,8.3,10.92,453.1,5.1,2.46,0.025,0.005,3.26
14,2022,4,17,0,10.0,8.3,10.92,453.1,5.1,2.46,0.025,0.005,3.26
14,2022,4,17,12,9.0,8.28,10.77,449.5,5.6,2.25,0.025,0.005,3.23
14,2022,4,17,16,7.7,8.23,10.57,444.7,7.5,2.25,0.025,0.005,3.23
14,2022,4,17,20,7.7,8.22,10.6,449.2,7.7,2.75,0.025,0.005,3.18
14,2022,4,18,0,10.4,8.33,10.86,454.8,5.1,2.75,0.025,0.005,3.18
14,2022,4,18,4,10.8,8.35,10.99,455.2,3.9,2.42,0.025,0.005,3.31
14,2022,4,18,8,11.2,8.37,11.03,454.3,3.8,2.19,0.025,0.005,3.33
14,2022,4,18,12,11.0,8.36,11.12,460.3,3.9,2.12,0.025,0.005,3.37
14,2022,4,18,16,8.5,8.22,10.5,447.7,8.1,2.35,0.025,0.005,3.22
14,2022,4,18,20,11.2,8.36,10.91,456.4,5.3,2.41,0.025,0.005,3.32
14,2022,4,19,0,11.8,8.37,10.94,456.1,4.6,2.41,0.025,0.005,3.32
14,2022,4,19,4,11.8,8.36,10.87,457.6,4.3,2.43,0.025,0.005,3.34
14,2022,4,19,8,11.9,8.37,10.81,456.7,4.2,2.1,0.025,0.005,3.33
14,2022,4,19,12,11.8,8.36,10.91,458.5,4.6,1.5,0.025,0.005,3.22
14,2022,4,19,16,12.2,8.35,10.96,462.5,5.7,1.89,0.025,0.005,3.27
14,2022,4,19,20,13.0,8.39,10.94,456.6,4.3,2.01,0.025,0.005,3.31
14,2022,4,20,0,13.0,8.39,11.05,455.1,3.1,2.01,0.025,0.005,3.31
14,2022,4,20,4,13.0,8.39,10.85,454.4,2.7,2.1,0.025,0.005,3.24
14,2022,4,20,8,13.0,8.37,10.92,455.6,4.3,1.8,0.025,0.005,3.24
14,2022,4,20,12,13.1,8.36,10.68,457.3,6.9,2.13,0.025,0.005,3.31
14,2022,4,20,16,13.5,8.38,10.72,459.0,6.3,2.21,0.025,0.005,3.3
14,2022,4,20,20,14.0,8.4,10.75,457.9,4.9,2.04,0.025,0.005,3.29
14,2022,4,21,0,13.9,8.39,10.59,455.8,5.2,2.04,0.025,0.005,3.29
14,2022,4,21,4,13.7,8.39,10.57,454.5,4.6,2.22,0.025,0.005,3.26
14,2022,4,21,8,13.9,8.39,10.47,457.1,5.9,1.56,0.025,0.005,3.29
14,2022,4,21,12,14.1,8.4,10.66,456.5,6.0,1.87,0.025,0.005,3.3
14,2022,4,21,16,14.1,8.4,10.63,456.9,6.1,2.0,0.025,0.005,3.28
14,2022,4,21,20,15.2,8.43,10.41,460.6,7.7,1.92,0.025,0.005,3.32
14,2022,4,21,20,15.2,8.43,10.41,460.6,7.7,1.92,0.025,0.005,3.32
14,2022,4,22,4,13.3,8.32,10.27,461.1,9.9,2.24,0.025,0.005,3.31
14,2022,4,22,8,13.4,8.35,10.4,458.0,6.9,1.82,0.025,0.005,3.27
14,2022,4,22,12,13.2,8.37,10.61,452.1,5.6,1.73,0.025,0.005,3.27
14,2022,4,22,16,13.5,8.38,10.49,455.4,6.2,2.08,0.025,0.005,3.28
14,2022,4,22,20,14.1,8.39,10.4,456.5,6.9,2.18,0.025,0.005,3.32
14,2022,4,23,0,14.2,8.39,10.36,455.1,5.3,2.18,0.025,0.005,3.32
14,2022,4,23,4,14.2,8.39,10.44,455.5,5.0,2.18,0.025,0.005,3.24
14,2022,4,23,8,13.1,8.29,9.93,454.2,7.7,1.79,0.025,0.005,3.26
14,2022,4,23,12,14.4,8.38,10.2,458.4,6.1,1.79,0.025,0.005,3.26
14,2022,4,23,16,14.8,8.4,10.34,457.9,6.0,2.09,0.025,0.005,3.27
14,2022,4,23,20,14.6,8.41,10.43,456.2,4.9,2.17,0.025,0.005,3.23
14,2022,4,24,0,14.7,8.39,10.2,456.6,6.9,2.2,0.025,0.005,3.27
14,2022,4,24,4,14.4,8.38,10.3,456.7,5.3,2.13,0.025,0.005,3.24
14,2022,4,24,8,13.8,8.35,10.05,452.8,6.1,2.06,0.025,0.005,3.21
14,2022,4,24,12,14.0,8.37,10.16,455.2,4.9,2.15,0.025,0.005,3.24
14,2022,4,24,16,13.9,8.33,9.92,457.4,8.5,2.25,0.025,0.005,3.24
14,2022,4,24,20,15.2,8.4,10.13,457.6,7.3,2.16,0.025,0.005,3.26
14,2022,4,25,8,12.9,8.33,10.32,449.7,4.8,2.23,0.025,0.005,3.23
14,2022,4,25,12,13.1,8.35,10.49,451.3,4.7,2.2,0.025,0.005,3.68
14,2022,4,25,16,15.3,8.34,9.94,461.4,8.0,2.26,0.025,0.005,3.4
14,2022,4,25,20,15.9,8.43,10.24,455.0,4.2,2.19,0.025,0.005,3.48
14,2022,4,26,0,16.0,8.41,10.01,456.0,5.2,2.26,0.025,0.005,3.37
14,2022,4,26,4,14.6,8.3,9.24,448.4,14.1,2.15,0.025,0.005,3.28
14,2022,4,26,8,14.0,8.31,9.87,452.9,7.0,2.27,0.025,0.005,3.48
14,2022,4,26,12,12.9,8.32,10.5,453.2,5.4,2.05,0.025,0.005,3.37
14,2022,4,26,16,12.2,8.35,10.54,444.5,5.9,2.38,0.025,0.005,3.36
14,2022,4,26,20,11.9,8.36,10.78,444.9,5.0,2.47,0.025,0.005,3.32
14,2022,4,27,0,14.0,8.41,10.72,450.2,4.6,2.39,0.025,0.005,3.19
14,2022,4,27,4,14.3,8.4,10.62,453.0,4.8,2.3,0.025,0.005,3.19
14,2022,4,27,8,13.3,8.27,9.82,452.9,6.4,2.1,0.025,0.005,3.23
14,2022,4,27,12,12.2,8.28,10.18,453.5,5.3,2.04,0.025,0.005,3.26
14,2022,4,27,16,12.2,8.23,9.97,457.8,5.2,2.36,0.025,0.005,3.44
14,2022,4,27,20,12.0,8.25,10.14,454.2,6.3,2.39,0.025,0.005,3.25
14,2022,4,28,0,10.6,8.05,9.25,454.2,7.1,2.45,0.025,0.005,3.22
14,2022,4,28,4,9.9,8.06,9.45,451.0,6.9,2.45,0.025,0.005,3.22
14,2022,4,28,8,13.5,8.32,9.85,455.5,5.2,2.21,0.025,0.005,3.21
14,2022,4,28,12,13.8,8.34,9.82,452.8,5.3,1.87,0.025,0.005,3.33
14,2022,4,28,16,13.5,8.31,9.86,451.2,6.0,2.07,0.025,0.005,3.38
14,2022,4,28,20,14.8,8.41,9.95,450.7,4.6,2.25,0.025,0.005,3.31
14,2022,4,29,0,14.8,8.41,9.88,449.6,4.1,2.23,0.025,0.005,3.27
14,2022,4,29,4,14.5,8.33,9.62,449.2,6.4,2.23,0.025,0.005,3.27
14,2022,4,29,8,12.9,8.17,9.27,445.9,11.5,2.21,0.025,0.005,3.35
14,2022,4,29,12,14.2,8.29,9.52,450.5,8.2,2.21,0.025,0.005,3.38
14,2022,4,29,16,14.9,8.42,9.94,447.0,5.1,2.01,0.025,0.005,3.3
14,2022,4,29,20,14.7,8.38,9.79,446.8,5.3,2.21,0.025,0.005,3.3
14,2022,4,30,0,15.0,8.41,9.97,448.7,5.0,1.76,0.025,0.005,3.41
14,2022,4,30,4,14.7,8.38,9.78,448.4,5.9,1.76,0.025,0.005,3.41
14,2022,4,30,8,14.6,8.38,9.77,447.2,5.1,2.16,0.025,0.005,3.25
14,2022,4,30,12,13.7,8.41,10.47,442.3,4.0,2.16,0.025,0.005,3.22
14,2022,4,30,16,12.8,8.4,10.66,441.4,3.9,2.54,0.025,0.005,3.11
14,2022,4,30,20,13.6,8.42,10.51,443.7,4.3,2.68,0.025,0.005,3.14
14,2022,5,1,0,12.8,8.41,10.61,440.8,3.3,2.55,0.025,0.005,3.11
14,2022,5,1,4,12.1,8.32,10.43,441.7,4.4,2.55,0.025,0.005,3.11
14,2022,5,1,8,13.0,8.4,10.54,445.4,3.3,2.51,0.025,0.005,3.15
14,2022,5,1,12,13.2,8.39,10.41,445.1,4.6,2.4,0.025,0.005,3.21
14,2022,5,1,16,12.8,8.28,9.91,446.3,6.4,2.06,0.025,0.005,3.14
14,2022,5,1,20,14.0,8.44,10.38,446.6,5.4,2.48,0.025,0.005,3.07
14,2022,5,2,0,14.1,8.41,10.22,445.0,4.9,2.44,0.025,0.005,3.08
14,2022,5,2,4,13.3,8.35,10.1,441.2,5.3,2.44,0.025,0.005,3.08
14,2022,5,2,8,13.7,8.39,10.21,446.5,4.4,2.43,0.025,0.005,3.12
14,2022,5,2,12,13.6,8.36,10.11,444.6,5.0,2.26,0.025,0.005,3.12
14,2022,5,2,16,13.8,8.38,10.25,446.4,6.9,2.46,0.025,0.005,3.1
14,2022,5,2,20,14.9,8.46,10.35,447.5,5.2,2.45,0.025,0.005,3.11
14,2022,5,3,0,14.8,8.46,10.38,445.8,4.1,2.22,0.025,0.005,3.11
14,2022,5,3,4,14.8,8.44,10.08,447.0,4.9,2.22,0.025,0.005,3.11
14,2022,5,3,8,14.9,8.43,10.1,448.3,4.2,2.27,0.025,0.005,3.15
14,2022,5,3,12,15.1,8.46,10.2,448.1,4.1,1.99,0.025,0.005,3.24
14,2022,5,3,16,15.2,8.49,10.49,445.7,4.2,2.37,0.025,0.005,3.15
14,2022,5,5,8,16.8,8.44,9.64,449.0,4.9,2.29,0.025,0.005,3.11
14,2022,5,5,12,17.0,8.45,10.09,458.0,4.7,1.95,0.025,0.005,3.07
14,2022,5,5,16,17.4,8.45,9.77,456.5,6.6,2.23,0.025,0.005,3.29
14,2022,5,5,20,17.2,8.46,9.88,460.8,6.4,2.12,0.025,0.005,3.13
14,2022,5,6,0,17.1,8.45,9.85,461.3,5.5,2.32,0.025,0.005,3.24
14,2022,5,6,4,15.8,8.32,9.36,461.6,6.7,2.32,0.025,0.005,3.24
14,2022,5,6,8,15.5,8.32,9.46,460.4,5.4,2.29,0.025,0.005,3.04
14,2022,5,6,12,15.3,8.36,9.69,465.7,5.5,2.15,0.025,0.005,3.11
14,2022,5,6,16,15.3,8.41,10.02,458.5,4.9,2.17,0.025,0.005,3.22
14,2022,5,6,20,16.5,8.4,9.69,465.2,5.0,2.45,0.025,0.005,3.06
14,2022,5,7,0,16.4,8.42,9.85,461.1,4.8,1.81,0.025,0.005,3.06
14,2022,5,7,4,14.2,8.25,9.57,460.2,4.9,1.81,0.025,0.005,3.06
14,2022,5,7,8,14.7,8.32,9.74,468.2,4.6,2.45,0.025,0.005,3.07
14,2022,5,7,12,16.0,8.37,9.62,463.6,4.7,2.01,0.025,0.005,3.08
14,2022,5,7,16,15.8,8.38,9.77,464.1,4.5,1.9,0.025,0.005,3.08
14,2022,5,7,16,15.8,8.38,9.77,464.1,4.5,2.26,0.025,0.005,3.09
14,2022,5,8,0,16.6,8.44,9.75,463.6,4.4,2.47,0.025,0.005,3.04
14,2022,5,8,4,16.5,8.42,9.62,463.2,3.7,2.47,0.025,0.005,3.04
14,2022,5,8,8,16.2,8.32,9.25,464.8,7.3,2.19,0.025,0.005,2.98
14,2022,5,8,12,16.4,8.36,9.38,465.7,5.7,2.09,0.025,0.005,3.12
14,2022,5,8,16,16.5,8.39,9.45,464.8,5.3,1.86,0.025,0.005,3.09
14,2022,5,8,20,16.5,8.41,9.61,464.7,4.4,2.32,0.025,0.005,3.04
14,2022,5,9,0,16.6,8.43,9.72,464.4,3.8,1.82,0.025,0.005,2.96
14,2022,5,9,4,16.6,8.42,9.65,465.3,4.2,1.82,0.025,0.005,2.96
14,2022,5,9,8,16.0,8.34,9.37,464.4,4.7,1.72,0.025,0.005,2.94
14,2022,5,9,12,15.6,8.39,9.76,463.7,3.9,1.97,0.025,0.005,3.09
14,2022,5,9,16,15.2,8.4,9.94,462.4,4.4,2.13,0.025,0.005,3.04
14,2022,5,9,20,16.2,8.31,9.18,467.2,6.7,2.57,0.025,0.005,2.97
14,2022,5,10,0,16.6,8.36,9.38,465.7,5.5,2.17,0.025,0.005,3.0
14,2022,5,10,4,16.3,8.29,9.02,464.9,5.4,2.17,0.025,0.005,3.0
14,2022,5,10,8,16.4,8.33,9.2,465.9,4.8,2.31,0.025,0.005,2.97
14,2022,5,10,12,16.5,8.36,9.26,466.9,3.8,1.98,0.025,0.005,3.04
14,2022,5,10,12,16.5,8.36,9.26,466.9,3.8,1.95,0.025,0.005,3.13
14,2022,5,11,8,16.3,8.29,8.88,466.4,5.6,2.37,0.025,0.005,3.03
14,2022,5,11,12,16.1,8.33,9.17,466.7,5.1,1.88,0.025,0.005,3.02
14,2022,5,11,16,15.9,8.33,9.25,465.2,5.2,1.94,0.025,0.005,3.17
14,2022,5,11,20,16.2,8.25,8.77,467.9,7.1,1.98,0.025,0.005,2.97
14,2022,5,12,0,16.5,8.33,9.16,467.4,5.4,1.92,0.025,0.005,2.99
14,2022,5,12,4,16.6,8.32,9.02,467.8,6.0,1.92,0.025,0.005,2.99
14,2022,5,12,8,16.5,8.31,9.02,468.5,5.7,1.98,0.025,0.005,2.92
14,2022,5,12,12,16.6,8.34,9.15,466.8,5.8,1.64,0.025,0.005,2.97
14,2022,5,12,16,16.8,8.32,9.86,465.4,6.1,1.8,0.025,0.005,2.97
14,2022,5,16,8,15.8,8.37,10.14,462.4,4.2,2.29,0.025,0.005,2.88
14,2022,5,16,16,15.7,8.36,10.21,461.0,6.5,2.55,0.025,0.005,2.93
14,2022,5,16,20,16.8,8.42,10.54,464.7,4.8,2.36,0.025,0.005,2.88
14,2022,5,17,8,17.2,8.49,10.62,460.9,3.2,2.45,0.025,0.005,2.86
14,2022,5,17,12,17.5,8.52,10.87,460.4,3.2,2.01,0.025,0.005,2.95
14,2022,5,17,16,17.5,8.53,11.12,460.3,4.8,2.5,0.025,0.005,3.01
14,2022,5,17,20,17.7,8.51,10.68,462.4,4.8,2.1,0.025,0.005,2.96
14,2022,5,18,0,17.7,8.5,10.9,461.9,4.2,2.48,0.025,0.005,2.95
14,2022,5,18,4,17.0,8.41,10.19,462.6,4.6,2.48,0.025,0.005,2.95
14,2022,5,18,8,16.6,8.36,9.82,462.2,4.2,2.43,0.025,0.005,2.85
14,2022,5,18,12,16.3,8.38,10.15,460.7,4.5,2.13,0.025,0.005,2.94
14,2022,5,18,16,16.7,8.45,10.27,460.9,4.9,2.37,0.025,0.005,2.97
14,2022,5,18,20,17.0,8.43,10.38,464.0,5.4,2.47,0.025,0.005,2.86
14,2022,5,19,0,17.0,8.42,10.22,463.8,5.1,2.17,0.025,0.005,2.9
14,2022,5,19,4,17.1,8.4,10.09,464.4,5.2,2.17,0.025,0.005,2.9
14,2022,5,19,8,17.2,8.43,10.34,463.2,4.2,2.31,0.025,0.005,2.92
14,2022,5,19,12,17.1,8.42,10.02,462.6,26.5,1.88,0.025,0.005,2.96
14,2022,5,19,16,17.8,8.46,10.39,463.1,5.2,2.45,0.025,0.005,2.93
14,2022,5,19,20,19.0,8.47,9.81,466.6,5.4,2.42,0.025,0.005,2.87
14,2022,5,20,0,18.1,8.42,9.93,465.2,5.2,2.29,0.025,0.005,2.96
14,2022,5,20,4,16.8,8.32,9.95,462.6,9.0,2.29,0.025,0.005,2.96
14,2022,5,20,8,16.0,8.27,9.86,459.9,7.7,2.49,0.025,0.005,2.96
14,2022,5,20,12,16.2,8.32,10.13,458.7,5.9,2.42,0.025,0.005,2.92
14,2022,5,20,16,16.9,8.35,10.31,461.3,6.4,2.71,0.025,0.005,2.88
14,2022,5,20,20,17.4,8.37,10.29,463.5,5.2,2.55,0.025,0.005,2.94
14,2022,5,21,0,17.3,8.36,10.3,463.0,5.8,2.5,0.025,0.005,2.85
14,2022,5,21,4,16.8,8.31,10.04,462.9,5.5,2.42,0.025,0.005,2.8
14,2022,5,21,8,16.4,8.36,10.51,457.6,4.0,2.54,0.025,0.005,2.83
14,2022,5,21,12,15.7,8.37,10.77,456.0,4.1,2.22,0.025,0.005,2.87
14,2022,5,21,16,17.4,8.42,10.99,462.8,5.2,2.71,0.025,0.005,3.02
14,2022,5,21,20,18.2,8.44,10.99,462.7,4.6,2.51,0.025,0.005,2.91
14,2022,5,22,0,17.6,8.42,10.76,462.1,6.3,2.03,0.025,0.005,2.96
14,2022,5,22,4,17.2,8.47,11.35,458.2,3.9,2.45,0.025,0.005,3.01
14,2022,5,22,8,16.8,8.44,11.18,457.6,3.6,2.67,0.025,0.005,2.81
14,2022,5,22,12,16.3,8.45,11.38,456.6,3.6,2.58,0.025,0.005,2.98
14,2022,5,22,16,16.8,8.44,11.18,459.8,5.4,2.87,0.025,0.005,3.05
14,2022,5,22,20,17.8,8.54,11.96,457.1,4.0,2.79,0.025,0.005,3.05
14,2022,5,23,0,17.4,8.52,11.79,456.6,3.9,2.7,0.025,0.005,2.93
14,2022,5,23,4,16.6,8.49,11.74,455.5,4.1,2.65,0.025,0.005,2.94
14,2022,5,23,8,16.8,8.42,11.11,458.6,4.0,2.71,0.025,0.005,2.86
14,2022,5,23,12,16.4,8.44,11.4,455.9,4.2,2.81,0.025,0.005,2.87
14,2022,5,23,16,18.0,8.54,12.1,457.3,4.3,2.76,0.025,0.005,3.26
14,2022,5,24,8,21.5,8.49,10.57,464.2,3.0,2.63,0.025,0.005,2.77
14,2022,5,24,12,18.9,8.54,11.58,455.7,3.6,2.13,0.025,0.005,2.8
14,2022,5,24,16,21.2,8.51,10.77,463.4,4.7,2.42,0.025,0.005,2.86
14,2022,5,24,20,20.8,8.48,10.78,460.6,7.2,2.22,0.025,0.005,2.77
14,2022,5,25,0,18.1,8.41,10.74,458.2,6.6,2.53,0.025,0.005,3.01
14,2022,5,25,4,21.9,8.48,10.11,465.7,4.5,2.53,0.025,0.005,3.01
14,2022,5,25,8,21.5,8.48,10.1,464.6,4.7,2.1,0.025,0.005,2.9
14,2022,5,25,12,19.0,8.36,10.06,458.7,9.6,1.83,0.025,0.005,2.86
14,2022,5,25,16,16.3,8.35,10.21,458.6,6.3,2.67,0.025,0.005,2.42
14,2022,5,25,20,15.9,8.31,10.18,459.3,5.5,2.48,0.025,0.005,2.48
14,2022,5,26,0,18.4,8.47,10.21,460.6,5.3,2.65,0.025,0.005,2.48
14,2022,5,26,4,20.3,8.5,9.51,464.2,4.7,2.65,0.025,0.005,2.48
14,2022,5,26,8,18.5,8.43,10.03,461.0,6.1,2.31,0.025,0.005,2.45
14,2022,5,26,12,18.2,8.45,10.5,458.1,6.2,2.41,0.025,0.005,2.42
14,2022,5,26,16,16.8,8.28,9.77,458.6,6.9,2.57,0.025,0.005,2.45
14,2022,5,26,20,16.1,8.23,9.81,461.4,7.4,2.73,0.025,0.005,2.58
14,2022,5,27,0,17.0,8.33,10.23,461.9,7.6,2.6,0.025,0.005,2.53
14,2022,5,27,4,19.3,8.52,11.23,458.9,4.3,2.55,0.025,0.005,2.52
14,2022,5,27,8,18.1,8.5,11.69,457.7,5.2,2.39,0.025,0.005,2.49
14,2022,5,27,16,18.6,8.48,11.0,460.0,5.5,2.52,0.025,0.005,2.41
14,2022,5,27,20,19.7,8.5,11.09,459.8,4.9,2.46,0.025,0.005,2.42
14,2022,5,28,0,20.2,8.5,10.84,457.7,5.0,2.31,0.025,0.005,2.45
14,2022,5,28,4,21.0,8.49,9.41,460.0,4.5,2.31,0.025,0.005,2.45
14,2022,5,28,8,20.8,8.49,10.8,459.2,4.3,2.13,0.025,0.005,2.51
14,2022,5,28,12,21.2,8.53,10.57,458.8,4.3,2.41,0.025,0.005,2.36
14,2022,5,28,16,21.2,8.54,10.74,458.2,4.9,2.13,0.025,0.005,2.6
14,2022,5,28,20,22.0,8.54,10.74,458.2,4.8,2.4,0.025,0.005,2.59
14,2022,5,28,20,22.0,8.54,10.54,456.9,4.8,2.4,0.025,0.005,2.59
14,2022,5,29,0,22.1,8.53,10.58,455.9,3.7,2.42,0.025,0.005,2.35
14,2022,5,29,4,22.0,8.52,10.25,455.9,3.9,2.42,0.025,0.005,2.35
14,2022,5,29,8,22.3,8.52,10.2,455.4,3.4,2.4,0.025,0.005,2.64
14,2022,5,29,12,22.2,8.5,10.35,456.8,6.4,2.56,0.025,0.005,2.32
14,2022,5,29,16,22.4,8.52,10.51,457.9,6.9,2.04,0.025,0.005,2.52
14,2022,5,29,20,21.6,8.5,10.76,457.0,5.1,2.33,0.025,0.005,2.47
14,2022,5,30,0,20.1,8.43,10.35,457.4,5.8,2.49,0.025,0.005,2.45
14,2022,5,30,4,20.8,8.43,10.0,459.2,6.5,2.49,0.025,0.005,2.45
14,2022,5,30,8,20.8,8.46,10.18,459.9,5.3,2.44,0.025,0.005,2.46
14,2022,5,30,12,20.0,8.35,9.26,459.0,6.8,2.46,0.025,0.005,2.52
14,2022,5,30,16,21.8,8.53,10.51,459.4,5.4,2.63,0.025,0.005,2.33
14,2022,5,30,16,21.8,8.53,10.51,459.4,5.4,2.45,0.025,0.005,2.47
14,2022,5,30,20,19.4,8.3,9.36,456.0,7.4,2.66,0.025,0.005,2.55
14,2022,5,31,0,18.4,8.25,9.36,460.0,7.5,2.66,0.025,0.005,2.55
14,2022,5,31,8,19.8,8.44,10.41,456.2,5.1,2.32,0.025,0.005,2.45
14,2022,5,31,12,18.1,8.38,10.69,454.3,6.1,2.52,0.025,0.005,2.41
14,2022,5,31,16,20.3,8.54,11.32,457.4,5.1,2.64,0.025,0.005,2.57
14,2022,5,31,16,20.3,8.54,11.32,457.4,5.1,2.33,0.025,0.005,2.48
14,2022,6,1,0,20.8,8.52,10.87,461.2,5.5,2.41,0.025,0.005,2.48
14,2022,6,1,0,20.8,8.52,10.87,461.2,5.5,2.41,0.025,0.005,2.48
14,2022,6,1,8,20.5,8.46,10.33,456.3,5.0,2.47,0.025,0.005,2.4
14,2022,6,1,12,19.4,8.44,9.81,457.4,35.7,2.46,0.025,0.005,2.54
14,2022,6,1,16,20.6,8.55,11.22,459.1,5.9,2.84,0.025,0.005,2.44
14,2022,6,1,20,22.0,8.58,10.66,458.5,5.1,2.67,0.025,0.005,2.61
14,2022,6,2,0,22.4,8.57,11.32,456.7,5.3,2.52,0.025,0.005,2.4
14,2022,6,2,0,22.4,8.57,11.32,456.7,5.3,2.52,0.025,0.005,2.4
14,2022,6,2,8,21.5,8.49,10.44,455.6,5.1,2.41,0.025,0.005,2.37
14,2022,6,2,12,21.2,8.53,11.08,453.4,5.4,2.51,0.025,0.005,2.48
14,2022,6,2,16,21.2,8.55,11.0,454.5,6.3,2.47,0.025,0.005,2.61
14,2022,6,2,20,22.5,8.56,11.21,453.3,6.4,2.62,0.025,0.005,2.33
14,2022,6,3,0,22.5,8.54,10.78,453.1,5.3,2.66,0.025,0.005,2.56
14,2022,6,3,4,22.4,8.52,10.53,451.2,4.6,2.66,0.025,0.005,2.56
14,2022,6,3,8,22.4,8.51,10.4,451.7,4.3,2.61,0.025,0.005,2.29
14,2022,6,3,12,22.8,8.54,10.76,454.5,4.8,2.59,0.025,0.005,2.32
14,2022,6,3,16,23.1,8.58,11.64,451.4,4.6,2.45,0.025,0.005,2.34
14,2022,6,3,20,23.2,8.56,11.12,450.3,5.0,2.47,0.025,0.005,2.36
14,2022,6,4,0,23.3,8.53,11.19,449.8,4.7,2.58,0.025,0.005,2.34
14,2022,6,4,4,23.5,8.5,10.79,450.5,4.8,2.58,0.025,0.005,2.34
14,2022,6,4,8,23.2,8.47,10.31,450.4,4.9,2.54,0.025,0.005,2.44
14,2022,6,4,12,22.1,8.4,9.8,452.2,5.9,2.57,0.025,0.005,2.34
14,2022,6,4,16,21.6,8.32,9.14,457.4,7.7,2.67,0.025,0.005,2.37
14,2022,6,4,20,22.7,8.42,9.9,455.4,5.1,2.73,0.025,0.005,2.37
14,2022,6,5,0,22.9,8.39,9.63,456.1,5.7,2.46,0.025,0.005,2.27
14,2022,6,5,4,23.8,8.45,10.21,452.2,4.7,2.46,0.025,0.005,2.27
14,2022,6,5,8,23.3,8.4,9.72,451.9,3.9,2.47,0.025,0.005,2.25
14,2022,6,5,12,22.3,8.37,9.61,454.3,4.7,2.66,0.025,0.005,2.35
14,2022,6,5,16,22.6,8.42,10.26,449.8,5.9,2.56,0.025,0.005,2.31
14,2022,6,5,20,21.2,8.36,9.99,456.7,5.2,2.6,0.025,0.005,2.24
14,2022,6,6,0,21.5,8.44,10.58,452.1,5.2,2.53,0.025,0.005,2.25
14,2022,6,6,4,21.2,8.47,10.35,451.5,6.0,2.53,0.025,0.005,2.25
14,2022,6,6,8,20.6,8.39,10.2,452.3,6.3,2.75,0.025,0.005,2.3
14,2022,6,6,8,20.6,8.39,10.2,452.3,6.3,2.75,0.025,0.005,2.3
14,2022,6,6,12,18.6,8.27,9.65,454.0,7.2,2.91,0.025,0.005,2.31
14,2022,6,6,16,19.8,8.42,10.61,457.4,6.4,3.03,0.025,0.005,2.44
14,2022,6,6,20,19.7,8.29,9.39,457.6,7.9,2.57,0.025,0.005,2.28
14,2022,6,7,0,19.3,8.19,8.83,457.8,7.2,2.51,0.025,0.005,2.3
14,2022,6,7,4,21.1,8.41,9.71,459.7,5.4,2.51,0.025,0.005,2.3
14,2022,6,7,8,21.0,8.42,9.83,456.1,4.9,2.45,0.025,0.005,2.31
14,2022,6,7,12,21.0,8.45,10.15,457.2,5.2,2.63,0.025,0.005,2.38
14,2022,6,7,16,21.4,8.46,10.13,458.4,7.7,2.62,0.025,0.005,2.29
14,2022,6,7,20,22.3,8.53,10.53,450.3,4.4,2.33,0.025,0.005,2.22
14,2022,6,8,0,22.3,8.52,10.22,450.5,4.9,2.43,0.025,0.005,2.19
14,2022,6,8,4,22.4,8.51,10.05,449.0,4.8,2.52,0.025,0.005,2.2
14,2022,6,8,8,22.4,8.51,9.88,448.6,4.0,2.53,0.025,0.005,2.2
14,2022,6,8,12,22.4,8.52,9.84,448.2,4.1,2.62,0.025,0.005,2.2
14,2022,6,8,16,22.6,8.55,10.8,447.6,4.6,2.64,0.025,0.005,2.2
14,2022,6,8,20,22.9,8.55,10.61,447.6,4.3,2.71,0.025,0.005,2.15
14,2022,6,9,0,22.8,8.52,10.39,447.2,4.6,2.69,0.025,0.005,2.21
14,2022,6,9,4,22.7,8.5,10.11,448.2,5.2,2.69,0.025,0.005,2.21
14,2022,6,9,8,22.6,8.51,10.08,447.2,4.4,2.44,0.025,0.005,2.15
14,2022,6,9,12,22.6,8.53,10.54,469.7,4.4,2.5,0.025,0.005,2.19
14,2022,6,9,12,22.6,8.53,10.54,469.7,4.4,2.77,0.025,0.005,2.21
14,2022,6,9,16,22.7,8.52,10.33,470.3,4.0,2.6,0.025,0.005,2.18
14,2022,6,9,20,22.6,8.53,10.63,469.6,3.3,2.78,0.025,0.005,2.15
14,2022,6,10,0,22.6,8.52,10.04,470.0,3.6,2.78,0.025,0.005,2.15
14,2022,6,10,4,22.5,8.49,9.72,470.1,4.6,2.74,0.025,0.005,2.16
14,2022,6,10,8,22.5,8.49,10.12,469.7,4.7,2.51,0.025,0.005,2.17
14,2022,6,10,12,22.7,8.49,9.82,470.1,5.2,2.69,0.025,0.005,2.15
14,2022,6,10,16,22.5,8.44,9.72,472.7,7.0,2.91,0.025,0.005,2.18
14,2022,6,10,20,22.5,8.45,9.71,472.9,7.8,2.87,0.025,0.005,2.16
14,2022,6,11,0,23.0,8.5,10.04,471.9,5.4,2.87,0.025,0.005,2.16
14,2022,6,11,4,23.0,8.49,9.91,471.1,5.8,2.7,0.025,0.005,2.2
14,2022,6,11,8,23.0,8.49,9.92,471.1,5.0,2.69,0.025,0.005,2.17
14,2022,6,11,12,23.0,8.47,9.78,472.8,4.9,2.67,0.025,0.005,2.17
14,2022,6,11,16,23.0,8.48,9.86,472.4,5.1,2.88,0.025,0.005,2.15
14,2022,6,11,20,23.0,8.49,9.67,471.1,5.0,2.64,0.025,0.005,2.18
14,2022,6,12,0,22.9,8.47,9.36,470.9,5.3,2.64,0.025,0.005,2.18
14,2022,6,12,4,22.8,8.46,9.45,471.1,5.7,2.62,0.025,0.005,2.18
14,2022,6,12,8,22.8,8.46,9.35,470.9,5.0,2.48,0.025,0.005,2.16
14,2022,6,12,12,22.8,8.46,9.34,471.0,5.6,2.61,0.025,0.005,2.15
14,2022,6,12,16,22.9,8.45,9.25,472.1,7.0,2.62,0.025,0.005,2.16
14,2022,6,12,20,22.7,8.44,9.12,469.4,10.6,2.68,0.025,0.005,2.19
14,2022,6,13,0,22.6,8.43,9.02,470.6,7.8,2.68,0.025,0.005,2.19
14,2022,6,13,4,22.5,8.42,8.87,471.2,7.4,2.69,0.025,0.005,2.18
14,2022,6,13,8,22.5,8.41,8.79,471.5,8.2,2.49,0.025,0.005,2.24
14,2022,6,13,12,22.5,8.42,8.8,471.3,7.0,2.77,0.025,0.005,2.36
14,2022,6,13,16,22.5,8.37,8.48,473.0,8.9,2.69,0.025,0.005,2.19
14,2022,6,13,20,22.5,8.38,8.54,472.6,7.7,2.63,0.025,0.005,2.49
14,2022,6,14,0,22.4,8.38,8.55,472.8,7.1,2.63,0.025,0.005,2.49
14,2022,6,14,4,22.3,8.37,8.42,473.4,8.0,2.72,0.025,0.005,2.35
14,2022,6,14,8,22.3,8.36,8.28,473.0,8.9,2.42,0.025,0.005,2.23
14,2022,6,14,12,22.9,8.37,8.44,473.4,7.6,2.59,0.025,0.005,2.29
14,2022,6,14,16,22.2,8.31,8.06,475.2,7.5,2.45,0.025,0.005,2.25
14,2022,6,14,20,22.1,8.26,8.23,475.9,12.6,2.66,0.085,0.005,2.29
14,2022,6,15,0,22.3,8.37,8.34,472.7,7.9,2.66,0.085,0.005,2.29
14,2022,6,15,4,22.4,8.34,8.18,474.5,8.1,2.54,0.025,0.005,2.24
14,2022,6,15,8,22.4,8.33,8.07,475.0,8.3,2.54,0.025,0.005,2.24
14,2022,6,15,12,22.6,8.36,8.37,474.9,7.2,2.33,0.025,0.005,2.23
14,2022,6,15,16,23.0,8.45,9.07,472.5,6.3,2.56,0.025,0.005,2.2
14,2022,6,15,20,23.2,8.48,9.34,470.4,7.2,2.73,0.025,0.005,2.22
14,2022,6,16,0,23.2,8.49,9.54,468.7,5.9,2.67,0.025,0.005,2.27
14,2022,6,16,4,23.2,8.47,9.28,469.1,7.0,2.67,0.025,0.005,2.27
14,2022,6,16,8,23.2,8.47,9.37,469.0,6.2,2.67,0.025,0.005,2.21
14,2022,6,16,12,23.3,8.44,9.0,469.8,9.3,2.61,0.025,0.005,2.25
14,2022,6,16,16,23.3,8.45,9.19,470.9,10.2,2.83,0.025,0.005,2.22
14,2022,6,16,20,23.5,8.49,9.47,470.1,8.3,2.86,0.025,0.005,2.25
14,2022,6,17,0,23.8,8.5,9.69,470.2,9.0,2.83,0.025,0.005,2.21
14,2022,6,17,4,23.9,8.49,9.63,469.3,8.6,2.83,0.025,0.005,2.21
14,2022,6,17,8,23.4,8.43,8.98,470.6,8.7,2.85,0.025,0.005,2.19
14,2022,6,17,12,23.4,8.41,8.83,471.7,8.8,2.54,0.025,0.005,2.22
14,2022,6,17,16,23.6,8.47,9.4,470.9,9.3,2.7,0.025,0.005,2.24
14,2022,6,17,20,23.9,8.45,9.27,472.4,10.6,2.77,0.025,0.005,2.23
14,2022,6,18,0,23.9,8.37,8.71,473.7,13.0,2.69,0.025,0.005,2.16
14,2022,6,18,4,24.3,8.45,9.42,471.0,10.7,2.69,0.025,0.005,2.16
14,2022,6,18,8,23.5,8.26,7.87,478.7,13.2,2.74,0.025,0.005,2.18
14,2022,6,18,12,23.4,8.26,7.98,485.4,7.3,2.19,0.025,0.005,2.16
14,2022,6,18,16,23.5,8.28,8.61,480.3,7.1,2.66,0.025,0.005,2.16
14,2022,6,18,20,23.5,8.27,8.78,481.2,7.6,2.57,0.025,0.005,2.15
14,2022,6,19,0,24.0,8.27,8.54,484.3,10.3,2.55,0.025,0.005,2.16
14,2022,6,19,4,23.9,8.23,8.4,483.4,12.8,2.55,0.025,0.005,2.16
14,2022,6,19,8,23.8,8.21,7.86,483.8,9.2,2.51,0.025,0.005,2.72
14,2022,6,19,12,24.5,8.26,8.28,484.3,8.4,2.47,0.025,0.005,2.13
14,2022,6,19,16,26.2,8.47,10.81,473.5,5.2,2.42,0.025,0.005,2.1
14,2022,6,19,20,26.2,8.43,10.29,469.6,9.6,2.36,0.025,0.005,2.07
14,2022,6,20,0,24.8,8.15,7.56,482.2,13.8,2.59,0.025,0.005,2.16
14,2022,6,20,4,24.2,8.12,7.15,485.9,10.6,2.59,0.025,0.005,2.16
14,2022,6,20,8,23.8,8.18,7.44,481.1,10.5,2.24,0.025,0.005,2.14
14,2022,6,20,12,24.0,8.22,7.66,480.2,6.6,2.44,0.025,0.005,2.09
14,2022,6,20,16,26.8,8.45,10.35,467.5,5.1,2.48,0.025,0.005,2.13
14,2022,6,20,20,27.2,8.5,10.75,463.5,3.6,2.8,0.025,0.005,2.14
14,2022,6,21,0,25.0,8.12,7.23,480.8,9.0,2.61,0.025,0.005,2.14
14,2022,6,21,4,24.0,8.16,7.52,482.4,6.2,2.61,0.025,0.005,2.14
14,2022,6,21,8,24.1,8.3,8.39,476.5,4.0,2.13,0.025,0.005,2.1
14,2022,6,21,12,23.9,8.3,8.44,475.9,4.7,2.32,0.025,0.005,2.1
14,2022,6,22,8,23.1,8.1,6.85,480.3,6.2,2.57,0.025,0.005,2.21
14,2022,6,22,12,23.3,8.16,7.42,479.4,5.4,2.25,0.025,0.005,2.16
14,2022,6,22,16,24.0,8.13,7.26,480.4,7.7,2.45,0.025,0.005,2.13
14,2022,6,22,20,24.0,8.16,7.65,478.4,7.2,2.3,0.025,0.005,2.15
14,2022,6,23,0,23.8,8.32,8.85,471.4,6.0,2.56,0.025,0.005,2.18
14,2022,6,23,4,23.5,8.14,7.28,478.4,7.1,2.56,0.025,0.005,2.18
14,2022,6,23,8,23.0,8.07,6.58,478.5,6.8,2.39,0.025,0.005,2.15
14,2022,6,23,12,23.1,8.16,7.23,476.4,5.1,2.06,0.025,0.005,2.19
14,2022,6,23,16,23.3,8.12,7.08,480.3,8.6,2.41,0.025,0.005,2.15
14,2022,7,4,12,26.7,8.44,8.77,474.7,8.9,1.85,0.025,0.005,2.4
14,2022,7,4,16,26.7,8.36,8.13,478.8,11.7,1.85,0.025,0.005,2.4
14,2022,7,11,8,27.6,8.5,8.77,461.8,6.4,2.16,0.025,0.005,2.25
14,2022,7,11,12,27.7,8.47,8.62,464.2,8.8,2.1,0.025,0.005,2.25
14,2022,7,13,8,26.8,8.2,6.91,472.9,6.6,1.88,0.025,0.005,2.32
14,2022,7,13,12,26.9,8.25,6.83,471.0,10.9,2.03,0.025,0.005,2.29
14,2022,7,13,16,27.0,8.26,7.52,471.3,9.8,1.83,0.025,0.005,2.25
14,2022,7,18,12,28.6,8.51,8.38,462.8,7.4,1.87,0.025,0.005,2.08
14,2022,7,18,16,28.6,8.5,8.36,463.2,8.7,1.89,0.025,0.005,2.11
14,2022,7,19,20,28.4,8.27,7.31,465.9,9.0,2.03,0.025,0.005,2.12
14,2022,7,20,8,28.3,8.32,7.8,464.4,9.9,2.01,0.025,0.005,2.06
14,2022,7,20,12,28.4,8.3,7.77,464.5,13.9,2.04,0.025,0.005,2.07
14,2022,7,20,16,28.7,8.36,8.2,462.1,8.9,2.19,0.025,0.005,2.09
14,2022,7,21,8,28.1,8.35,8.01,461.4,9.0,2.08,0.025,0.005,2.11
14,2022,7,21,12,28.4,8.34,8.23,461.6,6.9,2.26,0.025,0.005,2.12
14,2022,7,22,8,29.0,8.4,8.6,457.7,8.6,2.25,0.025,0.005,2.12
14,2022,7,22,12,29.0,8.38,8.42,457.7,10.0,2.08,0.025,0.005,2.12
14,2022,7,22,16,29.1,8.38,8.38,460.0,12.9,2.2,0.025,0.005,2.11
14,2022,7,22,20,29.1,8.42,8.72,457.9,7.9,2.33,0.025,0.005,2.11
14,2022,7,23,0,28.9,8.38,8.35,458.6,11.5,2.24,0.025,0.005,2.1
14,2022,7,23,4,28.6,8.37,8.08,458.7,9.1,2.24,0.025,0.005,2.1
14,2022,7,23,8,28.5,8.34,7.79,460.3,17.9,2.28,0.025,0.005,2.1
14,2022,7,23,12,28.6,8.31,7.64,459.9,12.8,2.08,0.025,0.005,2.1
14,2022,7,23,16,28.8,8.3,7.51,460.9,16.2,2.11,0.025,0.005,2.08
14,2022,7,23,20,28.9,8.33,7.79,460.6,12.9,2.33,0.025,0.005,2.12
14,2022,7,24,0,29.1,8.41,8.47,457.5,9.5,2.32,0.025,0.005,2.08
14,2022,7,24,4,28.9,8.4,8.24,457.8,8.9,2.04,0.025,0.005,2.06
14,2022,7,24,8,28.7,8.34,7.84,459.0,13.7,2.07,0.025,0.005,2.07
14,2022,7,24,12,28.7,8.29,7.76,460.6,14.3,2.2,0.025,0.005,2.08
14,2022,7,24,16,29.0,8.32,7.79,460.3,16.6,2.18,0.025,0.005,2.07
14,2022,7,24,20,29.0,8.38,8.06,458.3,9.6,2.22,0.025,0.005,2.05
14,2022,7,25,0,28.9,8.34,7.74,459.3,13.2,2.11,0.025,0.005,2.04
14,2022,7,25,4,28.7,8.34,7.69,459.0,10.9,2.15,0.025,0.005,2.06
14,2022,7,25,12,28.6,8.33,7.77,459.5,10.5,2.11,0.025,0.005,2.04
14,2022,7,25,16,28.8,8.35,7.78,459.9,9.8,2.1,0.025,0.005,2.0
14,2022,7,25,20,28.8,8.31,7.48,460.4,12.9,2.18,0.025,0.005,2.0
14,2022,7,26,0,28.7,8.35,7.82,459.1,10.7,2.29,0.025,0.005,1.99
14,2022,7,26,4,28.6,8.36,7.79,458.4,8.4,2.21,0.025,0.005,1.99
14,2022,7,26,8,28.6,8.35,7.85,457.9,7.8,2.16,0.025,0.005,2.01
14,2022,7,26,12,28.8,8.4,8.23,457.6,8.4,2.07,0.025,0.005,2.02
14,2022,7,26,16,28.8,8.4,8.38,469.9,10.1,2.2,0.025,0.005,2.0
14,2022,7,26,20,29.1,8.43,8.7,456.5,12.9,2.37,0.025,0.005,2.01
14,2022,7,27,0,28.9,8.4,8.33,456.6,10.7,2.48,0.025,0.005,2.06
14,2022,7,27,4,28.9,8.36,7.99,455.7,9.7,2.35,0.025,0.005,2.02
14,2022,7,27,8,28.8,8.35,7.79,456.1,10.5,2.23,0.025,0.005,1.99
14,2022,7,27,12,28.9,8.34,7.92,454.3,12.7,2.36,0.025,0.005,2.0
14,2022,7,27,16,29.0,8.41,8.39,453.2,10.8,2.44,0.025,0.005,1.99
14,2022,7,27,20,28.8,8.38,8.14,452.6,11.4,2.46,0.025,0.005,2.01
14,2022,7,27,20,28.8,8.38,8.14,452.6,11.4,2.31,0.025,0.005,2.0
14,2022,7,28,0,28.6,8.37,7.94,452.8,12.5,2.42,0.025,0.005,2.0
14,2022,7,28,4,28.4,8.35,7.69,452.9,12.5,2.35,0.025,0.005,2.0
14,2022,11,1,12,12.7,8.43,10.24,452.6,5.8,2.43,0.025,0.005,1.79
14,2022,11,1,16,12.8,8.44,10.35,461.2,5.1,2.5,0.025,0.005,1.8
14,2022,11,2,12,12.7,8.42,10.22,452.2,4.4,2.43,0.025,0.005,1.77
14,2022,11,2,20,12.6,8.43,10.45,453.1,5.3,2.46,0.025,0.005,1.74
14,2022,11,3,0,12.7,8.42,10.21,452.4,4.7,2.57,0.025,0.005,1.77
14,2022,11,3,4,12.6,8.42,10.15,451.8,3.4,2.57,0.025,0.005,1.77
14,2022,11,3,8,12.6,8.41,10.09,451.6,4.1,2.5,0.025,0.005,1.73
14,2022,11,3,12,12.5,8.42,10.24,452.7,4.7,2.47,0.025,0.005,1.74
14,2022,11,3,16,13.0,8.45,10.29,451.3,4.0,2.44,0.025,0.005,1.75
14,2022,11,3,20,12.8,8.45,10.37,450.9,4.4,2.55,0.025,0.005,1.74
14,2022,11,4,0,12.5,8.43,10.47,451.9,4.7,2.52,0.025,0.005,1.74
14,2022,11,4,4,12.2,8.42,10.28,452.0,4.4,2.52,0.025,0.005,1.74
14,2022,11,4,8,12.1,8.41,10.28,452.9,5.0,2.5,0.025,0.005,1.73
14,2022,11,4,12,12.0,8.42,10.71,427.8,4.5,2.52,0.025,0.005,1.75
14,2022,11,6,16,12.1,8.31,10.31,427.3,7.8,2.47,0.025,0.005,2.19
14,2022,11,6,20,12.1,8.31,10.34,426.1,6.2,2.4,0.025,0.005,1.85
14,2022,11,7,0,12.1,8.3,10.23,425.7,3.0,2.49,0.025,0.005,1.75
14,2022,11,7,4,12.0,8.3,10.23,426.2,3.4,2.49,0.025,0.005,1.75
14,2022,11,7,8,11.7,8.29,10.21,426.3,5.2,2.47,0.025,0.005,1.72
14,2022,11,7,12,12.0,8.32,10.43,429.0,5.8,2.49,0.025,0.005,1.77
14,2022,11,7,16,12.1,8.35,10.52,427.4,5.0,2.44,0.025,0.005,1.75
14,2022,11,7,20,12.0,8.34,10.44,426.0,3.3,2.44,0.025,0.005,1.75
14,2022,11,8,0,11.7,8.31,10.36,426.4,5.7,2.5,0.025,0.005,1.73
14,2022,11,8,4,11.6,8.3,10.22,427.2,3.8,2.5,0.025,0.005,1.73
14,2022,11,8,8,11.3,8.31,10.4,428.4,3.7,2.51,0.025,0.005,1.74
14,2022,11,8,12,11.5,8.31,10.43,430.2,6.9,2.5,0.025,0.005,1.79
14,2022,11,8,16,11.6,8.35,10.68,428.3,5.5,2.4,0.025,0.005,1.79
14,2022,11,8,20,11.4,8.34,10.53,428.4,4.1,2.53,0.025,0.005,1.74
14,2022,11,9,0,11.6,8.33,10.42,427.4,3.9,2.47,0.025,0.005,1.75
14,2022,11,9,4,11.6,8.32,10.4,426.9,4.0,2.47,0.025,0.005,1.75
14,2022,11,9,8,11.4,8.32,10.38,428.4,3.2,2.43,0.025,0.005,1.72
14,2022,11,9,12,11.5,8.32,10.5,427.5,4.4,2.48,0.025,0.005,1.73
14,2022,11,9,16,11.7,8.35,10.65,428.3,5.4,2.42,0.025,0.005,1.78
14,2022,11,9,20,11.8,8.34,10.58,427.2,3.2,2.52,0.025,0.005,1.76
14,2022,11,10,0,11.7,8.33,10.47,426.6,3.9,2.6,0.025,0.005,1.69
14,2022,11,10,4,11.6,8.32,10.45,427.8,3.9,2.6,0.025,0.005,1.69
14,2022,11,10,8,11.4,8.32,10.46,427.9,6.0,2.41,0.025,0.005,1.75
14,2022,11,10,12,11.2,8.36,10.84,428.6,12.8,2.43,0.025,0.005,1.74
14,2022,11,10,16,11.5,8.36,10.87,429.3,4.4,2.44,0.025,0.005,1.83
14,2022,11,10,20,11.4,8.35,10.69,428.6,11.4,2.46,0.025,0.005,1.77
14,2022,11,11,0,11.6,8.33,10.55,427.8,6.1,2.46,0.025,0.005,1.74
14,2022,11,11,4,11.6,8.32,10.56,427.5,5.0,2.46,0.025,0.005,1.74
14,2022,11,11,8,11.6,8.31,10.39,427.8,2.9,2.47,0.025,0.005,1.72
14,2022,11,11,12,11.7,8.31,10.47,427.6,3.6,2.4,0.025,0.005,1.71
14,2022,11,11,16,12.0,8.31,10.37,426.0,3.0,2.36,0.025,0.005,1.7
14,2022,11,11,20,12.1,8.3,10.29,424.7,4.0,2.51,0.025,0.005,1.69
14,2022,11,12,0,12.2,8.3,10.22,423.8,3.6,2.45,0.025,0.005,1.7
14,2022,11,12,4,12.0,8.29,10.22,423.8,4.0,2.45,0.025,0.005,1.7
14,2022,11,12,8,11.5,8.28,10.45,425.8,5.8,2.43,0.025,0.005,1.74
14,2022,11,12,12,11.1,8.31,10.7,432.5,4.1,2.43,0.025,0.005,1.8
14,2022,11,12,16,11.1,8.31,10.78,431.9,4.9,2.29,0.025,0.005,1.95
14,2022,11,12,20,10.8,8.3,10.84,432.7,4.2,2.33,0.025,0.005,1.97
14,2022,11,13,0,10.6,8.29,10.75,434.7,4.7,2.33,0.025,0.005,1.96
14,2022,11,13,4,10.2,8.29,10.87,435.3,5.1,2.33,0.025,0.005,1.96
14,2022,11,13,8,9.9,8.28,11.15,438.7,4.9,2.3,0.025,0.005,2.02
14,2022,11,13,12,10.4,8.3,10.95,437.9,5.6,2.14,0.025,0.005,2.09
14,2022,11,13,16,10.9,8.32,10.79,430.1,4.2,2.21,0.025,0.005,2.07
14,2022,11,13,20,10.8,8.31,10.66,428.6,3.7,2.35,0.025,0.005,1.91
14,2022,11,14,0,10.9,8.31,10.56,426.4,3.2,2.32,0.025,0.005,1.81
14,2022,11,14,4,10.8,8.3,10.51,426.8,3.0,2.32,0.025,0.005,1.81
14,2022,11,14,8,10.7,8.29,10.52,427.6,3.2,2.4,0.025,0.005,1.77
14,2022,11,14,12,10.8,8.31,10.65,427.5,3.3,2.38,0.025,0.005,1.82
14,2022,11,14,16,10.8,8.34,10.8,426.6,4.6,2.46,0.025,0.005,1.82
14,2022,11,14,16,10.8,8.34,10.8,426.6,4.6,2.46,0.025,0.005,1.82
14,2022,11,14,20,10.7,8.34,10.76,427.0,3.6,2.62,0.025,0.005,1.8
14,2022,11,15,0,10.8,8.31,10.66,425.8,6.1,2.62,0.025,0.005,1.8
14,2022,11,15,4,10.6,8.31,10.54,426.6,3.4,2.47,0.025,0.005,1.74
14,2022,11,15,8,10.6,8.3,10.52,427.7,5.1,2.39,0.025,0.005,1.79
14,2022,11,15,12,10.7,8.32,10.64,427.1,5.8,2.41,0.025,0.005,1.81
14,2022,11,15,16,11.2,8.34,10.69,424.3,8.1,2.41,0.025,0.005,1.75
14,2022,11,16,12,10.9,8.32,10.62,426.5,4.5,2.42,0.025,0.005,1.74
14,2022,11,16,16,10.7,8.35,10.85,427.6,6.3,2.45,0.025,0.005,1.76
14,2022,11,16,20,10.6,8.34,10.77,425.6,3.6,2.45,0.025,0.005,1.78
14,2022,11,17,0,10.5,8.33,10.65,427.1,3.6,2.51,0.025,0.005,1.79
14,2022,11,17,4,10.3,8.32,10.76,427.6,3.3,2.39,0.025,0.005,1.77
14,2022,11,17,8,10.2,8.31,10.62,428.0,3.6,2.38,0.025,0.005,1.8
14,2022,11,17,12,10.4,8.32,10.8,429.1,3.8,2.4,0.025,0.005,1.77
14,2022,11,17,16,10.2,8.35,10.83,428.9,4.3,2.4,0.025,0.005,1.81
14,2022,11,17,20,10.2,8.33,10.85,429.0,2.9,2.46,0.025,0.005,1.82
14,2022,11,18,0,10.1,8.33,10.81,429.1,3.4,2.46,0.025,0.005,1.82
14,2022,11,18,4,10.0,8.32,10.77,429.8,3.4,2.38,0.025,0.005,1.81
14,2022,11,18,8,9.8,8.31,10.76,432.3,3.7,2.38,0.025,0.005,1.84
14,2022,11,18,12,9.7,8.32,10.97,433.4,4.3,2.37,0.025,0.005,1.89
14,2022,11,18,16,9.6,8.33,11.02,433.1,4.3,2.33,0.025,0.005,1.96
14,2022,11,18,16,9.6,8.33,11.02,433.1,4.3,2.33,0.025,0.005,1.97
14,2022,11,19,0,10.5,8.3,10.65,430.1,3.0,2.34,0.025,0.005,1.92
14,2022,11,19,4,10.7,8.29,10.51,428.2,2.9,2.44,0.025,0.005,1.81
14,2022,11,19,8,10.9,8.29,10.42,426.8,2.8,2.41,0.025,0.005,1.8
14,2022,11,19,12,11.1,8.3,10.45,427.5,2.9,2.52,0.025,0.005,1.77
14,2022,11,19,16,11.1,8.33,10.61,425.6,3.4,2.43,0.025,0.005,1.75
14,2022,11,19,20,10.9,8.31,10.61,426.3,3.3,2.43,0.025,0.005,1.75
14,2022,11,20,0,10.8,8.31,10.61,426.3,2.5,2.46,0.025,0.005,1.77
14,2022,11,20,4,10.7,8.3,10.48,427.1,2.6,2.49,0.025,0.005,1.76
14,2022,11,20,8,10.6,8.29,10.46,428.3,2.8,2.42,0.025,0.005,1.74
14,2022,11,20,12,10.4,8.29,10.54,428.9,2.8,2.47,0.025,0.005,1.74
14,2022,11,20,16,10.4,8.29,10.51,429.2,3.1,2.42,0.025,0.005,1.82
14,2022,11,20,20,10.2,8.29,10.61,431.2,3.0,2.44,0.025,0.005,1.83
14,2022,11,21,0,10.2,8.28,10.54,430.7,2.9,2.41,0.025,0.005,1.83
14,2022,11,21,4,10.1,8.27,10.51,430.9,3.3,2.41,0.025,0.005,1.83
14,2022,11,21,12,9.8,8.3,10.8,431.6,3.2,2.34,0.025,0.005,1.89
14,2022,11,21,16,9.7,8.32,10.97,433.6,3.3,2.25,0.025,0.005,1.95
14,2022,11,21,20,9.8,8.3,10.73,431.0,3.4,2.38,0.025,0.005,1.88
14,2022,11,22,0,9.6,8.3,10.68,432.0,3.0,2.38,0.025,0.005,1.88
14,2022,11,22,4,9.6,8.29,10.76,431.3,3.6,2.18,0.025,0.005,1.89
14,2022,11,22,8,9.4,8.3,10.65,432.6,3.4,2.19,0.025,0.005,1.89
14,2022,11,22,12,9.2,8.3,10.77,434.4,3.4,2.34,0.025,0.005,1.95
14,2022,11,22,16,9.3,8.32,10.91,434.4,3.9,2.37,0.025,0.005,1.94
14,2022,11,22,20,9.7,8.29,10.57,430.2,3.1,2.27,0.025,0.005,1.81
14,2022,11,23,0,9.6,8.28,10.51,430.6,2.8,2.27,0.025,0.005,1.81
14,2022,11,23,4,9.5,8.28,10.62,431.0,2.9,2.37,0.025,0.005,1.83
14,2022,11,23,8,9.3,8.28,10.72,432.9,3.2,2.19,0.025,0.005,1.9
14,2022,11,23,12,9.2,8.29,10.89,436.8,3.3,2.18,0.025,0.005,2.04
14,2022,11,23,16,8.9,8.32,10.86,436.9,3.4,2.17,0.025,0.005,2.05
14,2022,11,23,20,9.4,8.29,10.59,432.9,3.9,2.2,0.025,0.005,1.94
14,2022,11,24,0,9.4,8.27,10.56,432.0,3.3,2.2,0.025,0.005,1.94
14,2022,11,24,4,9.4,8.25,10.4,432.7,3.8,2.35,0.025,0.005,1.88
14,2022,11,24,8,9.4,8.26,10.55,433.9,3.3,2.3,0.025,0.005,1.89
14,2022,11,24,12,9.2,8.27,10.64,435.4,3.6,2.15,0.025,0.005,2.0
14,2022,11,24,16,9.1,8.27,10.6,436.9,4.0,2.3,0.025,0.005,2.01
14,2022,11,24,20,9.6,8.25,10.43,432.3,3.3,2.2,0.025,0.005,1.88
14,2022,11,25,0,9.8,8.24,10.31,430.6,2.9,2.2,0.025,0.005,1.88
14,2022,11,25,4,10.0,8.21,10.3,430.3,2.9,2.34,0.025,0.005,1.79
14,2022,11,25,8,9.9,8.22,10.12,431.0,3.3,2.28,0.025,0.005,1.81
14,2022,11,25,12,9.0,8.26,10.61,439.0,2.8,2.26,0.025,0.005,1.94
14,2022,11,25,12,9.0,8.26,10.61,439.0,2.8,2.26,0.025,0.005,1.94
14,2022,11,25,16,8.6,8.28,10.93,456.3,3.0,2.26,0.025,0.005,2.07
14,2022,11,25,20,8.0,8.28,11.02,463.3,4.7,2.14,0.025,0.005,2.25
14,2022,11,26,0,8.2,8.27,10.9,459.3,3.5,2.14,0.025,0.005,2.25
14,2022,11,26,4,7.6,8.27,11.07,466.8,3.8,2.19,0.025,0.005,2.34
14,2022,11,26,8,7.7,8.26,10.95,464.3,3.7,2.08,0.025,0.005,2.23
14,2022,11,26,12,8.0,8.27,11.02,460.4,3.4,2.29,0.025,0.005,2.16
14,2022,11,26,16,8.1,8.27,10.9,458.4,3.3,2.29,0.025,0.005,2.16
14,2022,11,28,8,6.7,8.27,11.13,473.2,3.5,1.7,0.025,0.005,2.43
14,2022,11,28,12,6.7,8.28,11.22,474.5,3.7,1.73,0.025,0.005,2.45
14,2022,11,28,16,6.7,8.29,11.32,474.8,3.7,1.79,0.025,0.005,2.46
14,2022,11,29,8,6.1,8.27,11.25,474.6,4.0,1.69,0.025,0.005,2.36
14,2022,12,1,20,6.2,8.25,11.01,461.2,6.1,1.99,0.025,0.005,2.0
14,2022,12,2,0,5.7,8.25,11.03,464.4,4.4,1.99,0.025,0.005,2.0
14,2022,12,2,4,5.7,8.24,11.02,464.1,4.8,1.99,0.025,0.005,2.0
14,2022,12,2,8,5.4,8.25,11.17,465.4,4.1,1.85,0.025,0.005,2.04
14,2022,12,2,12,4.8,8.28,11.45,476.9,13.1,1.9,0.025,0.005,2.37
14,2022,12,2,16,4.5,8.29,11.5,483.8,6.7,1.59,0.025,0.005,2.49
14,2022,12,2,20,4.1,8.3,11.71,490.9,5.8,1.59,0.025,0.005,2.49
14,2022,12,3,0,4.6,8.28,11.44,482.0,8.3,1.46,0.025,0.005,2.65
14,2022,12,3,12,4.2,8.32,11.82,486.6,3.8,1.46,0.025,0.005,2.58
14,2022,12,3,16,4.1,8.37,11.75,485.2,3.4,1.6,0.025,0.005,2.55
14,2022,12,3,20,3.8,8.38,11.83,489.8,3.4,1.59,0.025,0.005,2.56
14,2022,12,4,0,3.6,8.38,11.82,491.6,3.2,1.59,0.025,0.005,2.56
14,2022,12,4,4,3.0,8.39,12.16,505.8,2.9,1.59,0.025,0.005,2.56
14,2022,12,4,8,3.0,8.39,12.1,502.8,2.9,1.39,0.025,0.005,2.73
14,2022,12,4,12,3.1,8.4,12.17,507.2,2.9,1.39,0.025,0.005,2.73
14,2022,12,4,16,3.2,8.4,12.21,505.8,3.0,1.22,0.025,0.005,2.82
14,2022,12,4,20,3.7,8.38,11.8,487.3,3.3,1.22,0.025,0.005,2.82
14,2022,12,5,0,3.4,8.38,11.82,491.7,3.1,1.45,0.025,0.005,2.49
14,2022,12,5,4,3.2,8.38,11.84,494.9,3.2,1.47,0.025,0.005,2.59
14,2022,12,5,8,3.3,8.38,11.75,492.1,3.1,1.44,0.025,0.005,2.52
14,2022,12,5,12,3.4,8.21,11.79,490.5,3.2,1.48,0.025,0.005,2.54
14,2022,12,5,16,3.3,8.22,11.89,493.7,3.2,1.43,0.025,0.005,2.64
14,2022,12,5,20,3.3,8.23,11.88,495.2,3.1,1.45,0.025,0.005,2.65
14,2022,12,6,0,3.2,8.22,11.87,494.0,3.0,1.45,0.025,0.005,2.65
14,2022,12,6,4,3.0,8.22,11.87,496.1,2.9,1.45,0.025,0.005,2.65
14,2022,12,6,8,2.6,8.23,12.02,503.0,2.8,1.41,0.025,0.005,2.73
14,2022,12,6,12,3.4,8.23,11.85,491.8,2.9,1.15,0.025,0.005,2.69
14,2022,12,6,16,3.3,8.23,12.03,501.4,2.8,1.12,0.025,0.005,2.76
14,2022,12,6,20,3.2,8.23,11.85,495.8,2.8,1.52,0.025,0.005,2.63
14,2022,12,7,0,3.1,8.23,12.01,501.1,2.8,1.52,0.025,0.005,2.63
14,2022,12,7,4,3.1,8.23,12.01,499.4,2.8,1.52,0.025,0.005,2.68
14,2022,12,7,8,3.4,8.22,11.71,490.4,2.8,1.9,0.025,0.005,2.51
14,2022,12,7,12,3.4,8.23,11.75,490.3,2.8,1.86,0.025,0.005,2.51
14,2022,12,7,16,3.3,8.24,12.0,497.0,2.6,1.51,0.025,0.005,2.65
14,2022,12,7,20,3.2,8.23,11.84,493.2,2.8,1.89,0.025,0.005,2.57
14,2022,12,8,0,3.5,8.22,11.71,488.0,2.8,1.89,0.025,0.005,2.57
14,2022,12,8,4,3.1,8.23,11.85,494.8,2.5,1.96,0.025,0.005,2.56
14,2022,12,8,8,3.0,8.22,12.09,507.6,2.6,1.52,0.025,0.005,2.73
14,2022,12,8,12,3.3,8.22,12.05,505.0,3.0,1.66,0.025,0.005,2.75
14,2022,12,8,16,3.1,8.23,12.25,513.4,2.6,1.64,0.025,0.005,2.89
14,2022,12,8,20,3.3,8.22,11.99,504.5,2.7,1.34,0.025,0.005,2.72
14,2022,12,9,0,2.8,8.23,12.32,518.5,2.4,1.34,0.025,0.005,2.72
14,2022,12,9,4,2.9,8.22,12.21,514.1,2.5,1.29,0.025,0.005,2.83
14,2022,12,9,8,2.8,8.22,12.26,516.8,2.5,1.32,0.025,0.005,2.88
14,2022,12,9,12,3.0,8.22,12.23,515.4,2.2,1.26,0.025,0.005,2.85
14,2022,12,9,16,3.4,8.22,12.16,475.0,2.4,1.33,0.025,0.005,2.8
14,2022,12,9,20,3.1,8.22,12.15,486.6,2.6,1.59,0.025,0.005,2.81
14,2022,12,10,0,3.1,8.21,12.15,487.3,3.0,1.59,0.025,0.005,2.81
14,2022,12,10,4,3.0,8.22,12.24,491.4,2.6,1.29,0.025,0.005,2.84
14,2022,12,10,8,2.5,8.22,12.58,506.0,2.2,1.1,0.025,0.005,2.99
14,2022,12,10,12,3.1,8.21,12.1,482.8,2.4,1.32,0.025,0.005,2.72
14,2022,12,10,16,2.9,8.22,12.3,492.0,2.2,1.35,0.025,0.005,2.82
14,2022,12,10,20,3.0,8.22,12.15,485.9,2.4,1.36,0.025,0.005,2.76
14,2022,12,11,0,2.7,8.22,12.29,492.8,2.5,1.36,0.025,0.005,2.76
14,2022,12,11,4,2.6,8.22,12.34,493.8,2.3,1.21,0.025,0.005,2.85
14,2022,12,11,8,2.5,8.22,12.34,497.0,2.5,1.21,0.025,0.005,2.85
14,2022,12,11,12,2.9,8.22,12.17,483.7,2.4,1.27,0.025,0.005,2.7
14,2022,12,11,16,2.8,8.22,12.09,485.3,2.6,1.56,0.025,0.005,2.71
14,2022,12,11,20,2.8,8.21,12.06,484.3,2.4,1.34,0.025,0.005,2.69
14,2022,12,12,0,2.8,8.21,12.09,485.8,2.6,1.34,0.025,0.005,2.69
14,2022,12,12,4,2.7,8.21,12.07,486.7,2.5,1.65,0.025,0.005,2.69
14,2022,12,12,8,2.2,8.22,12.54,505.8,2.1,1.13,0.025,0.005,2.88
14,2022,12,12,12,2.6,8.22,12.45,501.8,2.2,1.12,0.025,0.005,2.89
14,2022,12,12,16,2.6,8.22,12.29,494.9,2.7,1.24,0.025,0.005,2.82
14,2022,12,12,20,2.7,8.22,12.15,489.2,2.2,1.22,0.025,0.005,2.74
14,2022,12,13,0,2.5,8.22,12.17,489.6,2.4,1.22,0.025,0.005,2.74
14,2022,12,13,4,2.4,8.22,12.28,495.0,2.4,1.51,0.025,0.005,2.8
14,2022,12,13,8,2.3,8.22,12.35,495.5,2.6,1.22,0.025,0.005,2.8
14,2022,12,13,12,2.4,8.22,12.28,491.6,2.6,1.28,0.025,0.005,2.74
14,2022,12,13,16,2.2,8.22,12.33,494.2,2.6,1.23,0.025,0.005,2.78
14,2022,12,13,20,2.1,8.22,12.35,495.3,2.5,1.31,0.025,0.005,2.75
14,2022,12,14,0,2.0,8.21,12.35,495.0,2.6,1.31,0.025,0.005,2.75
14,2022,12,14,4,2.0,8.21,12.31,494.6,2.6,1.32,0.025,0.005,2.72
14,2022,12,14,8,1.9,8.21,12.23,493.0,2.5,1.34,0.025,0.005,2.67
14,2022,12,14,12,1.9,8.22,12.31,494.7,2.4,1.36,0.025,0.005,2.69
14,2022,12,14,16,2.2,8.21,12.26,493.4,2.8,1.31,0.025,0.005,2.69
14,2022,12,14,20,2.2,8.21,12.2,494.1,2.6,1.25,0.025,0.005,2.67
14,2022,12,15,0,2.2,8.21,12.15,490.2,2.5,1.25,0.025,0.005,2.67
14,2022,12,15,4,2.2,8.21,12.21,493.6,2.5,1.39,0.025,0.005,2.68
14,2022,12,15,8,1.9,8.21,12.36,501.0,2.2,1.32,0.025,0.005,2.7
14,2022,12,15,12,2.0,8.22,12.41,500.9,2.1,1.28,0.025,0.005,2.74
14,2022,12,15,16,2.0,8.22,12.48,503.0,2.1,1.25,0.025,0.005,2.76
14,2022,12,15,20,2.0,8.22,12.48,502.0,2.3,1.26,0.025,0.005,2.77
14,2022,12,16,0,1.9,8.22,12.64,507.8,2.2,1.26,0.025,0.005,2.77
14,2022,12,16,4,1.8,8.22,12.53,506.1,2.1,1.02,0.025,0.005,2.8
14,2022,12,16,8,1.8,8.22,12.64,509.3,2.0,1.24,0.025,0.005,2.83
14,2022,12,16,12,2.0,8.22,12.57,507.3,2.2,1.0,0.025,0.005,2.83
14,2022,12,16,16,2.1,8.22,12.52,505.6,2.0,1.16,0.025,0.005,2.82
14,2022,12,16,20,2.2,8.21,12.45,502.7,2.2,1.25,0.025,0.005,2.77
14,2022,12,17,0,2.1,8.21,12.44,505.2,2.1,1.25,0.025,0.005,2.77
14,2022,12,17,4,2.0,8.21,12.55,509.2,1.9,1.2,0.025,0.005,2.82
14,2022,12,17,8,2.0,8.21,12.51,508.2,1.9,1.18,0.025,0.005,2.78
14,2022,12,17,12,2.2,8.21,12.45,506.3,2.2,1.2,0.025,0.005,2.78
14,2022,12,17,16,2.2,8.21,12.46,507.3,2.0,1.25,0.025,0.005,2.8
14,2022,12,17,20,2.2,8.2,12.44,505.9,2.0,1.18,0.025,0.005,2.81
14,2022,12,18,0,2.0,8.2,12.51,510.8,2.1,1.18,0.025,0.005,2.81
14,2022,12,18,4,2.0,8.2,12.5,512.2,1.8,1.15,0.025,0.005,2.84
14,2022,12,18,8,2.0,8.2,12.47,513.0,2.0,1.18,0.025,0.005,2.85
14,2022,12,18,12,2.0,8.21,12.56,514.6,1.9,1.19,0.025,0.005,2.89
14,2022,12,18,16,2.1,8.21,12.47,512.1,1.9,1.21,0.025,0.005,2.85
14,2022,12,18,20,2.0,8.21,12.57,513.7,2.0,1.08,0.025,0.005,2.87
14,2022,12,19,0,2.0,8.21,12.55,514.1,1.9,1.08,0.025,0.005,2.87
14,2022,12,19,4,1.8,8.21,12.56,514.8,1.9,1.09,0.025,0.005,2.87
14,2022,12,19,8,1.7,8.21,12.74,521.8,1.6,0.9,0.025,0.005,2.96
14,2022,12,19,12,2.0,8.21,12.73,519.8,3.2,0.92,0.025,0.005,2.95
14,2022,12,19,16,2.1,8.21,12.61,516.1,2.3,1.01,0.025,0.005,2.91
14,2022,12,19,20,2.1,8.21,12.61,516.3,5.0,0.98,0.025,0.005,2.91
14,2022,12,20,0,2.1,8.21,12.63,516.4,1.9,0.98,0.025,0.005,2.91
14,2022,12,20,4,2.1,8.21,12.56,515.7,2.6,1.06,0.025,0.005,2.88
14,2022,12,20,8,2.0,8.2,12.6,515.8,2.2,1.25,0.025,0.005,2.87
14,2022,12,20,12,1.8,8.21,12.7,524.9,5.5,1.08,0.025,0.005,2.89
14,2022,12,20,16,2.2,8.2,12.41,510.0,2.4,1.37,0.025,0.005,2.71
14,2022,12,20,20,2.3,8.2,12.33,505.9,1.8,1.46,0.025,0.005,2.67
14,2022,12,21,0,2.3,8.16,11.84,483.2,1.8,1.46,0.025,0.005,2.67
14,2022,12,21,4,2.2,8.17,11.85,485.3,1.7,1.7,0.025,0.005,2.31
14,2022,12,21,8,2.0,8.17,12.0,489.7,1.7,1.69,0.025,0.005,2.36
14,2022,12,21,12,2.4,8.18,11.98,489.4,2.1,1.63,0.025,0.005,2.39
14,2022,12,21,16,2.5,8.19,12.04,489.3,3.2,1.48,0.025,0.005,2.46
14,2022,12,21,20,2.5,8.18,11.91,484.4,2.0,1.54,0.025,0.005,2.39
14,2022,12,22,0,2.3,8.17,11.96,487.2,2.0,1.54,0.025,0.005,2.39
14,2022,12,22,4,2.3,8.16,11.82,475.4,1.7,1.78,0.025,0.005,2.21
14,2022,12,22,8,2.2,8.16,11.88,479.8,1.6,1.77,0.025,0.005,2.2
14,2022,12,22,8,2.2,8.16,11.88,479.8,1.6,1.77,0.025,0.005,2.2
14,2022,12,22,12,2.4,8.17,11.75,473.8,2.2,1.7,0.025,0.005,2.15
14,2022,12,22,12,2.4,8.17,11.75,473.8,2.2,1.7,0.025,0.005,2.15
14,2022,12,22,16,2.4,8.17,11.91,479.0,1.6,1.77,0.025,0.005,2.19
14,2022,12,22,20,2.5,8.17,11.86,476.3,2.2,1.82,0.025,0.005,2.18
14,2022,12,23,0,2.5,8.17,11.88,474.3,3.7,1.82,0.025,0.005,2.18
14,2022,12,23,4,2.5,8.17,11.8,474.2,1.9,1.64,0.025,0.005,2.2
14,2022,12,23,8,2.0,8.17,11.98,483.3,5.0,1.62,0.025,0.005,2.23
14,2022,12,23,12,2.4,8.18,11.9,476.4,2.2,1.67,0.025,0.005,2.26
14,2022,12,23,16,2.4,8.18,11.89,477.9,2.8,1.72,0.025,0.005,2.18
14,2022,12,23,20,2.4,8.17,11.91,475.8,1.8,1.72,0.025,0.005,2.18
14,2022,12,24,0,2.3,8.17,11.96,479.5,1.7,1.78,0.025,0.005,2.18
14,2022,12,24,4,2.2,8.17,12.07,486.2,2.6,1.96,0.025,0.005,2.23
14,2022,12,24,8,2.1,8.17,12.12,490.7,2.9,1.6,0.025,0.005,2.28
14,2022,12,24,12,2.4,8.18,12.05,483.8,2.1,1.55,0.025,0.005,2.31
14,2022,12,24,16,2.4,8.18,12.09,486.6,1.9,1.52,0.025,0.005,2.36
14,2022,12,24,20,2.5,8.18,12.0,481.9,2.5,1.69,0.025,0.005,2.29
14,2022,12,25,0,2.5,8.18,12.07,484.1,2.8,1.69,0.025,0.005,2.29
14,2022,12,25,4,2.4,8.18,11.99,482.4,1.8,1.63,0.025,0.005,2.31
14,2022,12,25,8,2.4,8.18,11.98,482.7,2.3,1.58,0.025,0.005,2.29
14,2022,12,25,12,2.4,8.19,12.11,487.6,3.2,1.5,0.025,0.005,2.4
14,2022,12,25,16,2.4,8.19,12.13,489.0,2.2,1.5,0.025,0.005,2.37
14,2022,12,25,20,2.4,8.18,12.11,487.3,1.7,1.54,0.025,0.005,2.36
14,2022,12,26,0,2.4,8.18,12.09,486.6,2.1,1.54,0.025,0.005,2.36
14,2022,12,26,4,1.9,8.17,12.14,488.8,1.7,1.65,0.025,0.005,2.28
14,2022,12,26,8,1.9,8.17,12.18,492.3,1.7,1.62,0.025,0.005,2.29
14,2022,12,26,12,2.2,8.18,12.18,491.8,1.7,1.7,0.025,0.005,2.34
14,2022,12,26,16,2.2,8.18,12.17,493.4,1.6,1.72,0.025,0.005,2.35
14,2022,12,26,20,2.3,8.19,12.26,494.2,1.8,1.59,0.025,0.005,2.4
14,2022,12,27,0,2.2,8.18,12.23,494.5,1.9,1.59,0.025,0.005,2.4
14,2022,12,27,4,2.2,8.18,12.18,492.6,3.1,1.6,0.025,0.005,2.36
14,2022,12,27,8,2.0,8.17,12.11,489.9,1.5,1.61,0.025,0.005,2.22
14,2022,12,27,12,2.3,8.18,12.17,488.5,1.4,1.76,0.025,0.005,2.23
14,2022,12,27,16,2.4,8.18,12.05,482.0,3.2,1.76,0.025,0.005,2.22
14,2022,12,27,20,2.4,8.18,12.07,481.8,3.8,1.58,0.025,0.005,2.2
14,2022,12,28,0,2.4,8.18,12.12,482.8,3.4,1.58,0.025,0.005,2.2
14,2022,12,28,4,2.4,8.18,11.95,480.1,3.8,1.71,0.025,0.005,2.21
14,2022,12,28,8,2.1,8.18,12.03,483.4,1.6,1.61,0.025,0.005,2.23
14,2022,12,28,12,2.5,8.18,12.04,481.5,2.1,1.63,0.025,0.005,2.23
14,2022,12,28,16,2.4,8.18,12.07,486.3,1.6,1.62,0.025,0.005,2.24
14,2022,12,28,20,2.3,8.18,12.1,487.3,2.2,1.67,0.025,0.005,2.23
14,2022,12,29,0,2.2,8.17,12.06,484.9,2.2,1.67,0.025,0.005,2.23
14,2022,12,29,4,2.3,8.18,11.95,477.4,4.9,2.12,0.025,0.005,2.17
14,2022,12,29,8,2.3,8.17,11.98,480.4,2.1,1.86,0.025,0.005,2.2
14,2022,12,29,12,2.3,8.17,12.06,482.2,5.3,1.8,0.025,0.005,2.18
14,2022,12,29,16,2.4,8.17,12.06,483.2,2.0,1.85,0.025,0.005,2.18
14,2022,12,29,20,2.4,8.17,12.1,485.2,1.7,1.81,0.025,0.005,2.19
14,2022,12,30,0,2.0,8.17,12.29,494.9,3.1,1.81,0.025,0.005,2.19
14,2022,12,30,4,2.4,8.18,11.94,479.2,1.5,1.93,0.025,0.005,2.18
14,2022,12,30,8,2.3,8.18,12.0,480.5,2.2,1.9,0.025,0.005,2.16
14,2022,12,30,12,2.5,8.18,12.05,482.0,1.7,1.65,0.025,0.005,2.19
14,2022,12,30,16,2.5,8.18,12.11,486.2,1.7,1.66,0.025,0.005,2.19
14,2022,12,30,20,2.3,8.18,12.16,488.5,1.7,1.7,0.025,0.005,2.21
14,2022,12,31,0,2.3,8.18,12.09,484.3,2.0,1.7,0.025,0.005,2.21
14,2022,12,31,4,2.5,8.18,12.0,480.8,2.0,1.9,0.025,0.005,2.19
14,2022,12,31,8,2.5,8.18,11.95,478.5,1.5,1.87,0.025,0.005,2.18
14,2022,12,31,12,2.7,8.19,11.97,478.8,2.2,1.75,0.025,0.005,2.19
14,2022,12,31,16,2.7,8.19,12.01,478.1,1.5,1.7,0.025,0.005,2.15
14,2022,12,31,20,2.6,8.19,11.98,478.7,1.4,1.75,0.025,0.005,2.18
14,2023,1,1,0,2.5,8.18,12.01,481.3,1.8,1.75,0.025,0.005,2.18
14,2023,1,1,4,2.6,8.18,11.99,478.5,2.8,1.72,0.025,0.005,2.18
14,2023,1,1,8,2.6,8.18,11.97,477.3,1.9,1.86,0.025,0.005,2.16
14,2023,1,1,12,2.8,8.19,12.03,478.4,1.9,1.87,0.025,0.005,2.18
14,2023,1,1,16,2.8,8.19,12.04,478.7,1.5,1.79,0.025,0.005,2.15
14,2023,1,1,20,2.7,8.18,11.99,478.8,2.0,1.66,0.025,0.005,2.19
14,2023,1,2,0,2.5,8.18,12.11,484.6,1.4,1.66,0.025,0.005,2.19
14,2023,1,2,4,2.4,8.18,12.06,482.8,1.6,1.8,0.025,0.005,2.19
14,2023,1,2,8,2.5,8.18,12.1,481.9,1.5,1.82,0.025,0.005,2.18
14,2023,1,2,12,2.7,8.19,12.09,479.8,3.6,1.8,0.025,0.005,2.19
14,2023,1,2,16,2.8,8.19,12.1,481.2,1.3,1.79,0.025,0.005,2.19
14,2023,1,2,20,2.6,8.18,12.15,485.4,1.3,1.7,0.025,0.005,2.18
14,2023,1,3,0,2.5,8.18,12.11,484.5,1.6,1.7,0.025,0.005,2.18
14,2023,1,3,4,2.5,8.18,12.02,483.3,1.4,1.88,0.025,0.005,2.21
14,2023,1,4,4,2.0,8.2,12.53,507.8,1.3,1.29,0.025,0.005,2.51
14,2023,1,4,8,2.0,8.19,12.47,505.2,1.5,1.52,0.025,0.005,2.45
14,2023,1,4,12,2.2,8.2,12.46,504.4,1.9,1.5,0.025,0.005,2.43
14,2023,1,4,16,2.4,8.2,12.41,499.4,1.2,1.53,0.025,0.005,2.49
14,2023,1,4,20,2.3,8.19,12.4,498.8,1.4,1.57,0.025,0.005,2.42
14,2023,1,5,0,2.3,8.2,12.34,494.6,1.5,1.57,0.025,0.005,2.42
14,2023,1,5,4,2.2,8.2,12.41,500.2,2.0,1.55,0.025,0.005,2.39
14,2023,1,5,8,2.1,8.2,12.45,502.8,2.2,1.58,0.025,0.005,2.42
14,2023,1,5,12,2.2,8.21,12.62,509.3,1.2,1.38,0.025,0.005,2.51
14,2023,1,5,16,2.2,8.2,12.47,504.1,1.3,1.59,0.025,0.005,2.4
14,2023,1,5,20,2.1,8.21,12.56,506.9,1.6,1.39,0.025,0.005,2.53
14,2023,1,6,0,2.1,8.21,12.51,507.1,1.8,1.45,0.025,0.005,2.49
14,2023,1,6,4,2.0,8.22,12.55,509.1,2.0,1.33,0.025,0.005,2.56
14,2023,1,6,8,1.8,8.22,12.69,516.1,1.8,1.21,0.025,0.005,2.67
14,2023,1,6,12,2.1,8.22,12.55,509.0,1.1,1.31,0.025,0.005,2.58
14,2023,1,6,16,2.1,8.22,12.57,509.6,1.5,1.29,0.025,0.005,2.57
14,2023,1,6,20,1.8,8.23,12.82,520.2,1.8,1.07,0.025,0.005,2.77
14,2023,1,7,0,1.8,8.22,12.77,519.1,1.4,1.08,0.025,0.005,2.73
14,2023,1,7,4,1.8,8.22,12.75,517.9,1.4,1.12,0.025,0.005,2.71
14,2023,1,7,8,1.7,8.23,12.87,523.2,2.0,1.04,0.025,0.005,2.79
14,2023,1,7,12,1.7,8.23,12.92,525.1,1.6,0.93,0.025,0.005,2.86
14,2023,1,7,16,1.8,8.23,12.97,527.2,1.8,1.0,0.025,0.005,2.87
14,2023,1,7,20,1.7,8.23,12.98,528.5,1.3,0.92,0.025,0.005,2.89
14,2023,1,8,0,1.6,8.23,13.03,529.3,1.4,0.87,0.025,0.005,2.92
14,2023,1,8,4,1.6,8.24,13.03,531.6,1.3,0.81,0.025,0.005,2.95
14,2023,1,8,8,1.5,8.24,13.11,535.3,1.9,0.83,0.025,0.005,3.0
14,2023,1,8,12,1.6,8.24,13.16,535.8,1.5,0.98,0.025,0.005,3.04
14,2023,1,8,16,1.7,8.24,13.18,535.2,1.3,0.86,0.025,0.005,3.02
14,2023,1,8,20,1.6,8.24,13.19,536.6,1.4,0.73,0.025,0.005,3.06
14,2023,1,9,0,1.5,8.24,13.25,537.9,1.4,0.72,0.025,0.005,3.08
14,2023,1,9,4,1.4,8.24,13.29,539.0,1.5,1.04,0.025,0.005,3.11
14,2023,1,9,8,1.4,8.24,13.33,540.5,1.3,0.9,0.025,0.005,3.12
14,2023,1,9,12,1.6,8.25,13.28,538.4,1.4,1.0,0.025,0.005,3.14
14,2023,1,9,16,1.6,8.25,13.29,536.9,1.6,0.88,0.025,0.005,3.12
14,2023,1,9,20,1.6,8.25,13.32,536.5,1.4,1.05,0.025,0.005,3.11
14,2023,1,10,4,1.4,8.25,13.36,540.0,1.5,0.83,0.025,0.005,3.12
14,2023,1,10,8,1.3,8.25,13.33,539.6,1.5,1.12,0.025,0.005,3.18
14,2023,1,10,12,1.6,8.25,13.3,539.0,1.4,0.95,0.025,0.005,3.14
14,2023,1,10,16,1.5,8.25,13.31,536.9,1.5,0.78,0.025,0.005,3.14
14,2023,1,10,16,1.5,8.25,13.31,536.9,1.5,0.78,0.025,0.005,3.14
14,2023,1,10,20,1.4,8.25,13.25,537.3,1.4,1.07,0.025,0.005,3.17
14,2023,1,11,0,1.3,8.25,13.27,538.7,1.5,1.01,0.025,0.005,3.19
14,2023,1,11,4,1.3,8.25,13.28,537.7,1.5,1.13,0.025,0.005,3.16
14,2023,1,11,8,1.3,8.25,13.22,535.2,1.2,0.7,0.025,0.005,3.18
14,2023,1,11,12,2.0,8.24,12.81,517.8,1.3,1.17,0.025,0.005,3.14
14,2023,1,11,16,2.0,8.15,12.78,519.7,1.5,1.19,0.025,0.005,3.16
14,2023,1,11,20,1.9,8.16,13.03,520.6,1.6,1.16,0.025,0.005,3.14
14,2023,1,12,0,1.9,8.16,13.01,519.7,1.3,0.93,0.025,0.005,3.14
14,2023,1,12,4,1.8,8.16,12.95,519.2,1.6,0.93,0.025,0.005,3.14
14,2023,1,12,8,1.8,8.16,13.02,518.0,1.2,1.01,0.025,0.005,3.18
14,2023,1,12,12,1.7,8.17,13.0,517.9,1.7,0.76,0.025,0.005,3.17
14,2023,1,12,16,1.7,8.17,12.97,516.9,1.8,0.74,0.025,0.005,3.16
14,2023,1,12,20,1.6,8.17,12.92,516.1,2.6,0.73,0.025,0.005,3.17
14,2023,1,13,0,1.6,8.17,12.99,516.0,1.4,0.81,0.025,0.005,3.16
14,2023,1,13,4,1.6,8.17,12.96,514.0,1.6,0.81,0.025,0.005,3.16
14,2023,1,13,8,1.6,8.17,12.97,513.6,2.1,1.19,0.025,0.005,3.16
14,2023,1,13,12,1.6,8.17,12.97,512.4,1.2,1.1,0.025,0.005,3.15
14,2023,1,13,16,1.6,8.17,13.0,510.5,1.3,1.07,0.025,0.005,3.13
14,2023,1,13,20,1.6,8.16,12.99,511.9,1.6,1.04,0.025,0.005,3.13
14,2023,1,14,0,1.5,8.17,12.98,511.3,1.0,1.02,0.025,0.005,3.14
14,2023,1,14,4,1.4,8.17,13.06,509.5,1.6,1.02,0.025,0.005,3.14
14,2023,1,14,8,1.4,8.17,13.05,509.6,1.1,0.78,0.025,0.005,3.14
14,2023,1,14,12,1.4,8.17,13.08,509.6,1.2,0.8,0.025,0.005,3.13
14,2023,1,14,16,1.5,8.17,13.02,508.4,1.4,0.83,0.025,0.005,3.12
14,2023,1,14,20,1.5,8.17,13.04,508.7,1.3,0.78,0.025,0.005,3.14
14,2023,1,15,0,1.5,8.17,13.04,508.7,1.2,0.77,0.025,0.005,3.12
14,2023,1,15,4,1.4,8.17,13.06,510.8,1.3,0.77,0.025,0.005,3.12
14,2023,1,15,8,1.4,8.16,12.98,510.0,1.3,1.13,0.025,0.005,3.11
14,2023,1,15,12,1.6,8.16,12.98,509.3,1.2,0.97,0.025,0.005,3.12
14,2023,1,15,16,1.6,8.16,13.04,511.0,1.1,0.86,0.025,0.005,3.1
14,2023,1,15,20,1.5,8.16,12.96,511.0,1.1,1.09,0.025,0.005,3.14
14,2023,1,16,0,1.5,8.16,12.92,509.8,1.3,0.99,0.025,0.005,3.14
14,2023,1,16,4,1.4,8.15,12.82,508.3,1.1,0.99,0.025,0.005,3.14
14,2023,1,16,8,1.4,8.15,12.85,508.5,1.3,1.15,0.025,0.005,3.08
14,2023,1,16,12,1.6,8.15,12.92,509.7,1.2,0.93,0.025,0.005,3.11
14,2023,1,16,16,1.6,8.15,12.85,509.5,1.1,0.99,0.025,0.005,3.13
14,2023,1,16,20,1.5,8.14,12.77,507.8,1.2,0.77,0.025,0.005,3.14
14,2023,1,17,0,1.5,8.14,12.75,507.6,1.1,0.95,0.025,0.005,3.11
14,2023,1,17,4,1.4,8.14,12.76,507.0,1.1,0.95,0.025,0.005,3.11
14,2023,1,17,8,1.4,8.13,12.76,506.6,1.3,0.85,0.025,0.005,3.1
14,2023,1,17,12,1.6,8.14,12.76,505.9,1.1,0.8,0.025,0.005,3.12
14,2023,1,17,16,1.6,8.13,12.77,506.2,1.0,0.71,0.025,0.005,3.09
14,2023,1,17,20,1.6,8.14,12.77,504.6,1.3,0.77,0.025,0.005,3.13
14,2023,1,18,0,1.6,8.13,12.76,503.6,1.2,0.92,0.025,0.005,3.11
14,2023,1,18,4,1.5,8.13,12.71,504.3,1.1,0.92,0.025,0.005,3.11
14,2023,1,18,8,1.4,8.13,12.83,504.5,1.3,0.94,0.025,0.005,3.08
14,2023,1,18,12,1.7,8.13,12.73,504.3,1.2,0.8,0.025,0.005,3.11
14,2023,1,18,16,1.7,8.14,12.83,504.8,1.4,1.02,0.025,0.005,3.11
14,2023,1,18,20,1.6,8.14,12.84,505.2,1.4,1.19,0.025,0.005,3.11
14,2023,1,19,0,1.6,8.14,12.9,505.1,1.3,0.97,0.025,0.005,3.11
14,2023,1,19,4,1.6,8.13,12.88,505.7,1.2,0.97,0.025,0.005,3.11
14,2023,1,19,8,1.5,8.14,12.79,505.6,1.6,0.87,0.025,0.005,3.12
14,2023,1,19,12,1.6,8.13,12.89,504.4,1.7,0.88,0.025,0.005,3.13
14,2023,1,28,8,2.8,8.12,12.08,472.4,1.4,1.84,0.025,0.005,2.17
14,2023,1,28,12,3.5,8.12,11.91,450.8,5.3,1.72,0.025,0.005,2.19
14,2023,1,28,16,3.1,8.12,12.19,474.8,1.2,1.77,0.025,0.005,2.21
14,2023,1,28,20,3.0,8.12,12.13,475.0,1.0,1.76,0.025,0.005,2.21
14,2023,1,29,0,2.9,8.12,12.15,475.2,1.0,1.76,0.025,0.005,2.21
14,2023,1,29,4,2.8,8.13,12.25,482.3,2.4,1.69,0.025,0.005,2.35
14,2023,1,29,8,2.7,8.13,12.29,483.8,1.7,1.56,0.025,0.005,2.36
14,2023,1,29,12,2.8,8.14,12.45,491.3,1.6,1.39,0.025,0.005,2.54
14,2023,1,29,16,2.8,8.14,12.45,490.3,1.4,1.52,0.025,0.005,2.49
14,2023,1,29,20,2.8,8.13,12.35,485.0,1.5,1.57,0.025,0.005,2.4
14,2023,1,30,4,2.7,8.14,12.34,485.9,1.6,1.66,0.025,0.005,2.45
14,2023,1,30,8,2.8,8.14,12.23,479.9,1.6,1.61,0.025,0.005,2.34
14,2023,1,30,12,3.0,8.14,12.35,483.0,1.6,1.51,0.025,0.005,2.37
14,2023,1,30,16,3.0,8.13,12.18,478.5,1.4,1.77,0.025,0.005,2.25
14,2023,1,30,20,3.0,8.13,12.11,477.1,1.0,1.76,0.025,0.005,2.23
14,2023,1,31,0,2.9,8.12,12.14,477.5,1.3,1.76,0.025,0.005,2.23
14,2023,1,31,4,2.9,8.13,12.1,476.6,1.4,2.0,0.025,0.005,2.26
14,2023,1,31,8,2.8,8.12,12.1,477.2,1.1,2.06,0.025,0.005,2.25
14,2023,1,31,12,3.1,8.13,12.11,475.4,1.0,1.72,0.025,0.005,2.22
14,2023,1,31,16,3.1,8.13,12.18,478.6,1.2,1.78,0.025,0.005,2.23
14,2023,1,31,20,3.0,8.13,12.18,478.8,1.6,1.85,0.025,0.005,2.27
14,2023,2,1,0,2.9,8.12,12.23,478.6,1.6,1.85,0.025,0.005,2.27
14,2023,2,1,4,3.0,8.12,12.08,471.9,1.5,1.97,0.025,0.005,2.18
14,2023,2,1,8,2.8,8.12,12.19,475.8,1.4,1.99,0.025,0.005,2.22
14,2023,2,1,12,3.2,8.13,12.26,474.2,4.7,1.75,0.025,0.005,2.2
14,2023,2,1,16,3.2,8.13,12.26,474.7,1.2,1.96,0.025,0.005,2.23
14,2023,2,1,20,3.2,8.13,12.24,473.5,1.4,1.86,0.025,0.005,2.26
14,2023,2,2,0,2.9,8.12,12.21,474.8,1.2,1.86,0.025,0.005,2.26
14,2023,2,2,4,3.0,8.12,12.14,471.2,1.2,1.65,0.025,0.005,2.16
14,2023,2,2,8,2.8,8.12,12.16,472.2,1.5,2.0,0.025,0.005,2.19
14,2023,2,2,12,3.1,8.13,12.18,472.9,1.2,1.99,0.025,0.005,2.18
14,2023,2,2,16,2.7,8.15,12.37,487.3,1.0,1.39,0.025,0.005,2.49
14,2023,2,2,20,2.2,8.16,12.74,514.4,1.6,0.88,0.025,0.005,3.0
14,2023,2,3,0,2.1,8.16,12.72,514.4,1.5,0.88,0.025,0.005,3.0
14,2023,2,3,4,2.0,8.16,12.72,516.0,1.4,0.8,0.025,0.005,3.01
14,2023,2,3,8,1.8,8.16,12.83,521.1,1.7,0.99,0.025,0.005,3.09
14,2023,2,3,12,2.0,8.17,12.91,522.6,1.6,0.71,0.025,0.005,3.15
14,2023,2,3,16,2.2,8.17,12.82,520.2,1.6,1.04,0.025,0.005,3.12
14,2023,2,3,20,2.0,8.17,12.82,521.2,1.5,1.12,0.025,0.005,3.13
14,2023,2,4,0,1.9,8.17,12.85,521.0,1.8,1.12,0.025,0.005,3.13
14,2023,2,4,4,1.9,8.17,12.86,518.2,1.4,0.85,0.025,0.005,3.09
14,2023,2,4,8,1.8,8.17,12.85,516.7,1.7,0.72,0.025,0.005,3.09
14,2023,2,4,12,2.1,8.17,13.55,515.4,3.2,1.02,0.025,0.005,3.15
14,2023,2,4,16,2.1,8.18,13.5,515.0,1.2,1.05,0.025,0.005,3.14
14,2023,2,4,20,2.1,8.18,13.55,514.8,1.5,0.98,0.025,0.005,3.16
14,2023,2,5,0,2.0,8.18,13.55,514.6,1.2,0.98,0.025,0.005,3.16
14,2023,2,5,4,1.9,8.18,13.56,512.2,1.4,0.96,0.025,0.005,3.14
14,2023,2,5,8,1.8,8.18,13.53,513.8,1.2,0.96,0.025,0.005,3.14
14,2023,2,5,12,1.9,8.19,13.69,509.7,1.2,1.07,0.025,0.005,3.09
14,2023,2,5,16,2.0,8.19,13.61,508.6,1.1,1.1,0.025,0.005,3.11
14,2023,2,5,20,2.0,8.18,13.56,508.6,1.3,0.91,0.025,0.005,3.09
14,2023,2,6,0,2.0,8.18,13.65,508.4,1.6,0.91,0.025,0.005,3.09
14,2023,2,6,4,1.9,8.18,13.73,508.1,1.3,0.73,0.025,0.005,3.08
14,2023,2,6,8,1.8,8.19,13.62,508.2,1.3,0.81,0.025,0.005,3.08
14,2023,2,6,12,2.1,8.19,13.75,506.7,1.2,1.12,0.025,0.005,3.08
14,2023,2,6,16,2.1,8.19,13.7,505.0,1.5,1.13,0.025,0.005,3.06
14,2023,2,6,20,2.0,8.18,13.71,504.9,1.4,0.9,0.025,0.005,3.05
14,2023,2,7,0,1.9,8.19,13.66,505.1,1.8,0.9,0.025,0.005,3.05
14,2023,2,7,4,1.9,8.18,13.74,503.4,1.2,1.17,0.025,0.005,3.04
14,2023,2,7,8,1.8,8.19,13.71,504.4,1.2,0.96,0.025,0.005,3.04
14,2023,2,7,12,2.0,8.19,13.75,503.5,1.8,1.07,0.025,0.005,3.05
14,2023,2,7,16,2.1,8.19,13.67,502.5,1.1,0.85,0.025,0.005,3.03
14,2023,2,7,20,2.1,8.19,13.67,502.5,1.1,0.85,0.025,0.005,3.03
14,2023,2,7,20,2.1,8.19,13.67,502.5,1.1,0.85,0.025,0.005,3.03
14,2023,2,8,4,2.1,8.19,13.67,502.5,1.1,0.73,0.025,0.005,3.03
14,2023,2,8,8,1.9,8.19,13.69,501.2,1.5,0.72,0.025,0.005,3.03
14,2023,2,8,12,2.1,8.19,13.7,498.7,1.2,0.72,0.025,0.005,3.04
14,2023,2,8,16,2.1,8.19,13.65,498.5,1.3,0.75,0.025,0.005,3.03
14,2023,2,8,20,2.1,8.19,13.65,498.3,1.4,1.09,0.025,0.005,3.03
14,2023,2,9,0,2.0,8.19,13.63,498.0,1.3,1.09,0.025,0.005,3.03
14,2023,2,9,4,2.0,8.19,13.61,498.8,1.4,0.77,0.025,0.005,3.03
14,2023,2,9,8,1.9,8.19,13.65,498.2,1.4,1.14,0.025,0.005,3.03
14,2023,2,9,12,1.9,8.19,13.57,498.4,1.2,1.12,0.025,0.005,3.05
14,2023,2,9,16,1.9,8.19,13.65,498.2,1.2,0.91,0.025,0.005,3.03
14,2023,2,9,20,1.8,8.19,13.64,498.3,1.2,0.97,0.025,0.005,3.05
14,2023,2,10,0,1.8,8.19,13.58,497.5,1.0,0.97,0.025,0.005,3.05
14,2023,2,10,4,1.8,8.19,13.56,497.8,1.3,0.96,0.025,0.005,3.05
14,2023,2,10,8,1.7,8.19,13.62,498.6,1.0,0.99,0.025,0.005,3.06
14,2023,2,10,12,1.8,8.2,13.61,497.0,1.2,0.81,0.025,0.005,3.06
14,2023,2,10,16,1.8,8.2,13.6,496.9,1.3,0.75,0.025,0.005,3.1
14,2023,2,10,20,1.7,8.2,13.59,496.8,1.1,0.81,0.025,0.005,3.06
14,2023,2,11,0,1.6,8.2,13.59,496.9,1.0,0.81,0.025,0.005,3.06
14,2023,2,11,4,1.6,8.2,13.63,496.7,1.1,1.06,0.025,0.005,3.06
14,2023,2,11,8,1.6,8.19,13.53,496.4,1.1,0.81,0.025,0.005,3.07
14,2023,2,11,12,1.6,8.2,13.61,495.6,1.3,0.85,0.025,0.005,3.06
14,2023,2,11,16,1.5,8.2,13.56,494.6,1.4,0.79,0.025,0.005,3.09
14,2023,2,11,20,1.5,8.2,13.61,495.7,1.6,1.03,0.025,0.005,3.07
14,2023,2,12,0,1.4,8.2,13.48,495.8,1.2,1.03,0.025,0.005,3.07
14,2023,2,12,4,1.5,8.2,13.58,495.1,1.2,0.72,0.025,0.005,3.06
14,2023,2,12,8,1.4,8.2,13.56,495.1,1.4,0.91,0.025,0.005,3.07
14,2023,2,12,12,1.4,8.19,13.53,494.3,1.4,1.02,0.025,0.005,3.06
14,2023,2,12,16,1.4,8.19,13.54,494.1,1.4,0.83,0.025,0.005,3.09
14,2023,2,12,20,1.3,8.19,13.52,494.3,1.3,1.14,0.025,0.005,3.05
14,2023,2,13,0,1.3,8.19,13.5,494.3,1.3,1.14,0.025,0.005,3.05
14,2023,2,13,4,1.2,8.19,13.48,494.2,1.4,1.1,0.025,0.005,3.06
14,2023,2,13,8,1.2,8.19,13.45,494.2,1.1,0.96,0.025,0.005,3.07
14,2023,2,13,12,1.3,8.19,13.46,493.1,1.2,0.71,0.025,0.005,3.08
14,2023,2,13,20,1.2,8.19,13.43,493.1,1.2,1.06,0.025,0.005,3.07
14,2023,2,14,0,1.2,8.19,13.38,493.2,1.2,1.06,0.025,0.005,3.07
14,2023,2,14,4,1.2,8.18,13.37,492.4,1.2,1.1,0.025,0.005,3.04
14,2023,2,14,8,1.2,8.18,13.33,492.8,1.2,0.96,0.025,0.005,3.06
14,2023,2,14,12,1.2,8.18,13.36,492.2,1.1,0.81,0.025,0.005,3.08
14,2023,2,14,16,1.2,8.18,13.35,492.4,1.1,0.86,0.025,0.005,3.04
14,2023,2,14,20,1.2,8.18,13.29,491.9,1.0,0.86,0.025,0.005,3.04
14,2023,2,15,0,1.2,8.17,13.31,491.8,1.3,0.86,0.025,0.005,3.04
14,2023,2,15,4,1.1,8.18,13.3,492.0,1.0,1.17,0.025,0.005,3.02
14,2023,2,15,8,1.1,8.17,13.3,491.7,1.2,0.96,0.025,0.005,3.02
14,2023,2,15,12,1.2,8.17,13.25,490.7,1.2,1.07,0.025,0.005,3.0
14,2023,2,15,16,1.1,8.17,13.35,491.7,1.1,1.08,0.025,0.005,3.06
14,2023,2,15,20,1.1,8.17,13.28,491.3,1.0,0.95,0.025,0.005,3.05
14,2023,2,16,0,1.2,8.16,13.27,490.6,1.0,0.95,0.025,0.005,3.05
14,2023,2,16,4,1.1,8.16,13.23,490.9,1.1,0.97,0.025,0.005,3.02
14,2023,2,16,8,1.1,8.16,13.26,491.3,1.1,0.85,0.025,0.005,3.03
14,2023,2,16,12,1.2,8.16,13.27,490.2,1.1,0.91,0.025,0.005,3.03
14,2023,2,16,16,1.2,8.16,13.23,489.2,1.1,1.1,0.025,0.005,3.04
14,2023,2,16,20,1.2,8.16,13.27,489.8,1.0,0.73,0.025,0.005,3.0
14,2023,2,17,0,1.2,8.16,13.27,489.9,1.0,0.73,0.025,0.005,3.0
14,2023,2,17,4,1.1,8.16,13.3,489.4,1.2,1.01,0.025,0.005,3.03
14,2023,2,17,8,1.2,8.17,13.3,488.7,1.2,0.81,0.025,0.005,3.03
14,2023,2,17,12,1.2,8.17,13.32,488.2,1.1,1.11,0.025,0.005,3.03
14,2023,2,17,16,1.2,8.17,13.37,488.9,1.1,1.13,0.025,0.005,3.03
14,2023,2,17,20,1.2,8.17,13.3,488.8,1.1,0.86,0.025,0.005,3.04
14,2023,2,18,0,1.2,8.18,13.37,488.6,1.4,0.86,0.025,0.005,3.04
14,2023,2,18,4,1.2,8.18,13.31,488.7,1.2,0.97,0.025,0.005,3.01
14,2023,2,18,8,1.2,8.18,13.34,489.0,1.2,0.83,0.025,0.005,3.04
14,2023,2,18,12,1.2,8.17,13.34,487.6,1.2,0.77,0.025,0.005,3.01
14,2023,2,18,16,1.2,8.18,13.37,488.4,1.2,1.17,0.025,0.005,3.04
14,2023,2,18,20,1.2,8.18,13.43,488.8,1.1,0.99,0.025,0.005,3.03
14,2023,2,19,0,1.2,8.19,13.44,488.9,1.2,0.99,0.025,0.005,3.03
14,2023,2,19,4,1.1,8.19,13.45,488.7,1.2,0.81,0.025,0.005,3.04
14,2023,2,19,8,1.2,8.18,13.42,489.2,1.3,0.96,0.025,0.005,3.05
14,2023,2,19,12,1.2,8.2,13.49,489.2,1.2,0.97,0.025,0.005,3.03
14,2023,2,19,16,1.3,8.19,13.46,488.6,1.1,0.94,0.025,0.005,3.06
14,2023,2,19,20,1.2,8.19,13.46,489.7,1.1,0.92,0.025,0.005,3.05
14,2023,2,20,0,1.2,8.2,13.48,490.4,1.1,0.92,0.025,0.005,3.05
14,2023,2,20,4,1.2,8.2,13.46,490.6,1.1,0.75,0.025,0.005,3.05
14,2023,2,20,8,1.2,8.2,13.48,490.6,1.1,0.96,0.025,0.005,3.04
14,2023,2,20,12,1.4,8.2,13.5,488.2,1.1,0.96,0.025,0.005,3.04
14,2023,2,20,16,1.5,8.19,13.48,487.8,1.2,0.85,0.025,0.005,3.05
14,2023,2,20,20,1.5,8.19,13.48,488.5,1.1,1.05,0.025,0.005,3.04
14,2023,2,21,0,1.4,8.19,13.48,488.9,1.0,1.09,0.025,0.005,3.03
14,2023,2,21,4,1.4,8.19,13.43,488.8,1.0,1.09,0.025,0.005,3.03
14,2023,2,21,8,1.4,8.2,13.41,488.8,1.0,0.76,0.025,0.005,3.02
14,2023,2,21,12,1.5,8.19,13.42,487.9,1.1,0.95,0.025,0.005,3.02
14,2023,2,21,16,1.6,8.19,13.37,486.6,1.1,0.95,0.025,0.005,3.02
14,2023,2,21,20,1.5,8.19,13.36,487.6,1.1,1.09,0.025,0.005,2.98
14,2023,2,22,0,1.4,8.19,13.36,488.0,1.1,1.07,0.025,0.005,3.03
14,2023,2,22,4,1.4,8.19,13.33,487.8,1.1,0.75,0.025,0.005,3.03
14,2023,2,22,8,1.4,8.18,13.32,488.5,1.2,0.75,0.025,0.005,3.01
14,2023,2,22,12,1.6,8.18,13.31,487.0,1.0,0.8,0.025,0.005,3.02
14,2023,2,22,16,1.7,8.18,13.29,487.1,1.0,1.01,0.025,0.005,3.01
14,2023,2,22,20,1.6,8.18,13.28,486.8,1.0,1.05,0.025,0.005,3.01
14,2023,2,23,0,1.6,8.18,13.32,486.8,1.1,1.05,0.025,0.005,3.03
14,2023,2,23,4,1.6,8.18,13.35,486.2,1.0,1.11,0.025,0.005,3.03
14,2023,2,23,8,1.6,8.19,13.35,486.9,1.0,0.82,0.025,0.005,3.04
14,2023,2,23,12,1.8,8.19,13.32,484.9,1.2,1.16,0.025,0.005,3.03
14,2023,2,23,16,1.9,8.19,13.35,483.1,1.0,0.91,0.025,0.005,3.06
14,2023,2,23,20,1.9,8.19,13.34,483.4,1.3,0.95,0.025,0.005,3.04
14,2023,2,24,0,1.8,8.19,13.38,483.0,1.4,0.95,0.025,0.005,3.02
14,2023,2,24,4,1.8,8.2,13.44,483.5,1.2,1.14,0.025,0.005,3.02
14,2023,2,24,8,1.7,8.2,13.46,482.7,1.2,0.78,0.025,0.005,3.03
14,2023,2,24,12,2.0,8.21,13.51,481.3,1.1,0.97,0.025,0.005,3.03
14,2023,2,24,16,2.1,8.2,13.49,480.7,1.2,0.97,0.025,0.005,3.05
14,2023,2,24,20,2.1,8.21,13.55,480.0,1.2,1.18,0.025,0.005,3.03
14,2023,2,25,0,2.0,8.21,13.49,480.4,1.0,1.18,0.025,0.005,3.05
14,2023,2,25,4,1.9,8.21,13.57,481.0,1.1,1.14,0.025,0.005,3.05
14,2023,2,25,8,1.9,8.22,13.6,480.4,1.3,0.75,0.025,0.005,3.03
14,2023,2,25,12,2.4,8.11,13.28,469.9,1.4,0.72,0.025,0.005,3.07
14,2023,2,25,16,2.3,8.14,13.55,478.6,1.4,0.72,0.025,0.005,3.05
14,2023,2,25,20,2.2,8.14,13.61,478.7,1.4,0.83,0.025,0.005,3.02
14,2023,2,26,0,2.1,8.15,13.7,479.2,1.2,0.88,0.025,0.005,3.05
14,2023,2,26,4,2.0,8.15,13.67,479.2,1.3,1.16,0.025,0.005,3.05
14,2023,2,26,8,2.0,8.15,13.59,479.1,1.3,0.71,0.025,0.005,3.03
14,2023,2,26,12,2.3,8.15,13.59,477.0,1.2,0.71,0.025,0.005,3.03
14,2023,2,26,16,2.4,8.15,13.58,476.4,1.2,0.92,0.025,0.005,3.05
14,2023,2,26,20,2.2,8.15,13.61,476.8,1.4,1.11,0.025,0.005,3.03
14,2023,2,27,0,2.1,8.15,13.51,476.1,1.4,1.11,0.025,0.005,3.01
14,2023,2,27,4,2.1,8.15,13.52,474.1,1.4,1.11,0.025,0.005,3.01
14,2023,2,27,8,2.1,8.15,13.51,473.3,1.5,0.92,0.025,0.005,3.01
14,2023,2,27,12,2.3,8.16,13.48,472.4,1.1,0.86,0.025,0.005,3.0
14,2023,2,27,16,2.4,8.16,13.41,470.6,1.2,0.81,0.025,0.005,2.99
14,2023,2,27,20,2.2,8.16,13.45,469.6,1.2,0.83,0.025,0.005,2.98
14,2023,2,28,0,2.1,8.16,13.44,468.6,1.2,0.83,0.025,0.005,2.98
14,2023,2,28,4,2.1,8.16,13.46,466.2,1.2,0.74,0.025,0.005,2.96
14,2023,2,28,8,2.0,8.16,13.49,466.2,1.2,1.15,0.025,0.005,2.92
14,2023,2,28,12,2.3,8.16,13.52,464.6,1.4,1.07,0.025,0.005,2.98
14,2023,2,28,16,2.4,8.16,13.46,462.9,1.3,1.04,0.025,0.005,2.94
14,2023,2,28,20,2.3,8.16,13.48,463.3,1.3,0.91,0.025,0.005,2.92
14,2023,3,1,0,2.2,8.16,13.56,462.1,1.5,0.91,0.025,0.005,2.92
14,2023,3,1,4,2.1,8.16,13.5,462.3,1.4,1.11,0.025,0.005,2.91
14,2023,3,1,8,2.1,8.16,13.5,462.7,1.4,1.0,0.025,0.005,2.94
14,2023,3,1,12,2.4,8.17,13.58,461.3,1.6,0.97,0.025,0.005,2.88
14,2023,3,1,16,2.5,8.16,13.51,459.7,1.6,1.08,0.025,0.005,2.93
14,2023,3,1,20,2.3,8.16,13.56,459.7,1.5,0.91,0.025,0.005,2.9
14,2023,3,2,0,2.3,8.16,13.5,459.3,1.4,0.91,0.025,0.005,2.9
14,2023,3,2,4,2.3,8.16,13.54,459.4,1.5,1.13,0.025,0.005,2.89
14,2023,3,2,8,2.2,8.16,13.44,459.2,1.5,0.91,0.025,0.005,2.86
14,2023,3,2,12,2.5,8.16,13.46,457.7,1.4,1.15,0.025,0.005,2.86
14,2023,3,2,16,2.6,8.16,13.46,456.2,1.3,0.8,0.025,0.005,2.87
14,2023,3,2,20,2.5,8.16,13.42,455.7,1.4,0.77,0.025,0.005,2.87
14,2023,3,3,0,2.4,8.16,13.39,454.8,1.6,0.77,0.025,0.005,2.87
14,2023,3,3,4,2.4,8.16,13.36,454.0,1.3,0.98,0.025,0.005,2.82
14,2023,3,3,8,2.3,8.16,13.27,452.8,1.4,1.17,0.025,0.005,2.85
14,2023,3,3,12,2.6,8.16,13.3,451.8,1.4,0.76,0.025,0.005,2.82
14,2023,3,3,16,2.7,8.16,13.29,449.0,1.5,0.71,0.025,0.005,2.82
14,2023,3,3,20,2.6,8.17,13.24,447.2,1.4,0.91,0.025,0.005,2.79
14,2023,3,4,0,2.5,8.16,13.23,446.4,1.2,0.91,0.025,0.005,2.79
14,2023,3,4,4,2.5,8.16,13.21,443.8,1.2,0.84,0.025,0.005,2.78
14,2023,3,4,8,2.5,8.17,13.21,444.2,1.4,1.08,0.025,0.005,2.77
14,2023,3,4,12,2.7,8.17,13.17,442.8,1.2,1.09,0.025,0.005,2.76
14,2023,3,4,16,2.8,8.17,13.18,440.2,1.7,0.9,0.025,0.005,2.75
14,2023,3,4,20,2.8,8.17,13.12,439.4,1.2,0.85,0.025,0.005,2.76
14,2023,3,5,0,2.6,8.17,13.16,439.5,1.5,0.85,0.025,0.005,2.76
14,2023,3,5,4,2.6,8.16,13.18,438.8,1.3,1.09,0.025,0.005,2.76
14,2023,3,5,8,2.6,8.17,13.18,438.5,1.5,1.05,0.025,0.005,2.72
14,2023,3,5,12,2.8,8.17,13.15,437.5,1.4,0.88,0.025,0.005,2.74
14,2023,3,5,16,3.0,8.16,13.13,433.3,1.3,1.06,0.025,0.005,2.73
14,2023,3,5,20,2.8,8.16,13.13,436.3,1.5,1.18,0.025,0.005,2.73
14,2023,3,6,0,2.8,8.17,13.1,435.2,1.2,1.18,0.025,0.005,2.73
14,2023,3,6,4,2.7,8.17,13.1,436.1,1.4,0.72,0.025,0.005,2.72
14,2023,3,6,8,2.7,8.17,13.04,435.9,1.3,0.71,0.025,0.005,2.72
14,2023,3,6,12,3.1,8.17,13.06,434.6,1.4,1.03,0.025,0.005,2.68
14,2023,3,6,16,3.3,8.17,13.07,434.5,1.2,1.09,0.025,0.005,2.71
14,2023,3,6,20,3.2,8.17,13.01,434.3,1.3,0.89,0.025,0.005,2.7
14,2023,3,7,0,3.1,8.17,13.09,433.3,1.5,0.89,0.025,0.005,2.7
14,2023,3,7,4,3.0,8.17,13.03,433.3,1.5,0.84,0.025,0.005,2.7
14,2023,3,7,8,3.0,8.17,13.0,433.6,1.4,1.08,0.025,0.005,2.69
14,2023,3,7,12,3.5,8.18,13.07,431.9,1.3,0.89,0.025,0.005,2.73
14,2023,3,7,16,3.6,8.18,13.0,430.9,1.4,0.71,0.025,0.005,2.68
14,2023,3,7,20,3.4,8.18,12.97,431.1,1.2,0.92,0.025,0.005,2.66
14,2023,3,8,0,3.5,8.18,13.06,432.5,1.3,0.92,0.025,0.005,2.66
14,2023,3,8,4,3.4,8.18,12.89,428.9,1.2,0.74,0.025,0.005,2.68
14,2023,3,8,8,3.5,8.18,12.99,429.0,1.2,0.9,0.025,0.005,2.65
14,2023,3,8,12,3.9,8.18,13.07,428.3,1.4,0.98,0.025,0.005,2.62
14,2023,3,8,16,4.0,8.18,13.03,426.8,1.5,0.85,0.025,0.005,2.64
14,2023,3,8,20,4.0,8.18,13.08,426.9,1.4,0.8,0.025,0.005,2.64
14,2023,3,9,0,4.0,8.18,13.11,427.3,1.4,0.8,0.025,0.005,2.64
14,2023,3,9,4,4.0,8.18,13.06,427.6,1.6,0.9,0.025,0.005,2.65
14,2023,3,9,8,3.9,8.18,12.96,427.6,1.2,0.95,0.025,0.005,2.62
14,2023,3,9,12,4.2,8.18,13.03,425.4,1.2,0.78,0.025,0.005,2.62
14,2023,3,9,16,4.5,8.18,13.18,426.8,1.2,1.16,0.025,0.005,2.62
14,2023,3,9,20,4.3,8.18,13.12,427.0,1.7,0.92,0.025,0.005,2.62
14,2023,3,10,0,4.4,8.18,12.98,425.8,1.4,0.92,0.025,0.005,2.62
14,2023,3,10,4,4.5,8.18,13.05,426.8,1.4,0.95,0.025,0.005,2.6
14,2023,3,10,8,4.5,8.18,13.18,428.4,1.6,0.98,0.025,0.005,2.58
14,2023,3,10,12,4.9,8.19,13.22,427.2,1.3,0.91,0.025,0.005,2.61
14,2023,3,10,16,5.1,8.18,13.34,427.3,1.5,0.9,0.025,0.005,2.59
14,2023,3,10,20,5.0,8.19,13.16,427.4,1.4,0.86,0.025,0.005,2.59
14,2023,3,11,0,5.0,8.18,13.25,426.8,1.7,0.86,0.025,0.005,2.59
14,2023,3,11,4,4.8,8.18,12.89,422.7,1.4,0.74,0.025,0.005,2.64
14,2023,3,11,8,4.8,8.18,13.02,422.5,1.2,0.79,0.025,0.005,2.61
14,2023,3,11,12,5.0,8.19,12.91,423.3,1.5,0.87,0.025,0.005,2.6
14,2023,3,11,16,5.3,8.19,13.02,424.6,1.7,0.92,0.025,0.005,2.59
14,2023,3,11,20,5.2,8.19,13.22,425.4,1.8,0.94,0.025,0.005,2.57
14,2023,3,12,0,4.8,8.17,12.63,416.0,1.1,0.94,0.025,0.005,2.57
14,2023,3,12,4,4.8,8.17,12.64,411.8,1.2,0.97,0.025,0.005,2.55
14,2023,3,12,8,5.1,8.18,12.73,416.8,1.4,0.91,0.025,0.005,2.54
14,2023,3,12,12,6.5,8.17,12.79,401.7,2.6,0.81,0.025,0.005,2.53
14,2023,3,12,16,6.8,8.18,12.26,400.1,2.1,0.84,0.025,0.005,2.53
14,2023,3,12,20,6.5,8.19,12.44,403.7,2.2,0.88,0.025,0.005,2.54
14,2023,3,13,0,6.5,8.18,12.57,404.2,2.2,0.88,0.025,0.005,2.54
14,2023,3,13,4,6.5,8.19,12.45,403.9,2.5,0.92,0.025,0.005,2.54
14,2023,3,13,8,6.6,8.19,12.38,402.5,2.3,0.9,0.025,0.005,2.5
14,2023,3,13,12,6.8,8.19,12.49,404.4,2.4,0.94,0.025,0.005,2.53
14,2023,3,13,16,6.9,8.19,12.44,399.0,2.2,0.88,0.025,0.005,2.51
14,2023,3,13,20,6.7,8.2,12.07,397.9,2.0,0.98,0.025,0.005,2.49
14,2023,3,14,0,6.7,8.2,12.04,399.1,2.1,0.98,0.025,0.005,2.49
14,2023,3,14,4,6.7,8.2,11.99,398.0,1.6,0.97,0.025,0.005,2.5
14,2023,3,14,8,6.7,8.2,12.01,398.5,1.9,0.86,0.025,0.005,2.49
14,2023,3,14,12,7.4,8.19,12.32,400.9,2.3,0.86,0.025,0.005,2.49
14,2023,3,14,16,7.4,8.2,12.24,396.7,2.4,0.93,0.025,0.005,2.47
14,2023,3,14,20,7.0,8.2,12.04,390.5,2.4,0.92,0.025,0.005,2.46
14,2023,3,15,0,6.4,8.21,12.24,384.4,1.9,0.92,0.025,0.005,2.46
14,2023,3,15,4,6.4,8.19,12.3,382.8,1.9,0.92,0.025,0.005,2.39
14,2023,3,15,8,6.4,8.22,12.65,393.7,2.1,0.88,0.025,0.005,2.39
14,2023,3,15,12,6.6,8.2,12.33,376.4,2.7,0.91,0.025,0.005,2.31
14,2023,3,15,16,6.8,8.2,12.52,383.8,2.5,0.92,0.025,0.005,2.34
14,2023,3,15,20,6.9,8.22,12.69,391.7,2.4,0.94,0.025,0.005,2.4
14,2023,3,16,0,6.6,8.23,13.22,399.8,2.2,0.94,0.025,0.005,2.4
14,2023,3,16,4,6.9,8.22,12.4,400.4,2.5,0.99,0.025,0.005,2.48
14,2023,3,16,8,6.7,8.21,12.19,398.7,2.2,1.13,0.025,0.005,2.46
14,2023,3,16,12,7.4,8.22,12.51,397.8,2.5,0.94,0.025,0.005,2.43
14,2023,3,16,20,7.2,8.22,12.5,399.2,2.3,0.96,0.025,0.005,2.44
14,2023,3,17,0,6.8,8.21,12.29,391.8,2.6,0.96,0.025,0.005,2.44
14,2023,3,17,4,6.8,8.22,12.41,394.7,2.3,0.91,0.025,0.005,2.41
14,2023,3,17,8,6.8,8.21,12.28,390.5,2.1,0.99,0.025,0.005,2.41
14,2023,3,17,12,7.0,8.22,12.38,388.9,2.2,1.03,0.025,0.005,2.37
14,2023,3,17,16,7.1,8.23,12.36,387.9,2.0,0.97,0.025,0.005,2.37
14,2023,3,17,20,7.0,8.23,12.4,387.5,1.8,0.93,0.025,0.005,2.38
14,2023,3,18,0,6.7,8.23,12.44,384.3,2.2,0.93,0.025,0.005,2.38
14,2023,3,18,4,6.8,8.23,12.5,388.5,2.1,1.02,0.025,0.005,2.39
14,2023,3,18,8,6.9,8.23,12.54,390.6,2.3,0.81,0.025,0.005,2.38
14,2023,3,18,12,7.4,8.25,13.08,397.0,2.7,1.13,0.025,0.005,2.41
14,2023,3,18,16,7.4,8.24,12.91,393.6,2.5,1.12,0.025,0.005,2.38
14,2023,3,18,20,7.2,8.24,12.71,392.0,2.2,1.13,0.025,0.005,2.38
14,2023,3,19,0,7.1,8.24,12.68,389.8,2.1,1.13,0.025,0.005,2.38
14,2023,3,19,4,7.0,8.24,12.7,388.9,2.1,1.05,0.025,0.005,2.37
14,2023,3,19,8,6.9,8.24,12.7,391.6,2.1,0.94,0.025,0.005,2.37
14,2023,3,19,12,7.4,8.25,13.04,395.7,2.5,1.12,0.025,0.005,2.38
14,2023,3,19,16,7.4,8.26,13.15,400.6,2.7,1.24,0.025,0.005,2.37
14,2023,3,19,20,7.4,8.26,13.13,396.2,3.6,1.24,0.025,0.005,2.37
14,2023,3,20,0,7.1,8.24,12.63,380.8,3.5,1.24,0.025,0.005,2.37
14,2023,3,20,4,7.1,8.24,12.88,392.3,2.7,1.08,0.025,0.005,2.33
14,2023,3,20,8,7.2,8.24,12.75,393.7,2.8,1.12,0.025,0.005,2.35
14,2023,3,20,12,7.8,8.25,12.74,386.6,3.1,1.26,0.025,0.005,2.28
14,2023,3,20,16,7.4,8.24,12.47,399.3,3.2,1.31,0.025,0.005,2.3
14,2023,3,20,20,7.5,8.25,12.66,401.3,3.2,1.37,0.025,0.005,2.28
14,2023,3,21,0,7.3,8.25,12.42,394.4,3.4,1.37,0.025,0.005,2.28
14,2023,3,21,4,7.2,8.24,12.1,390.0,3.0,1.21,0.025,0.005,2.31
14,2023,3,21,8,7.2,8.24,12.09,389.6,2.9,1.22,0.025,0.005,2.31
14,2023,3,21,12,7.3,8.26,12.13,389.6,3.1,1.2,0.025,0.005,2.3
14,2023,3,21,16,7.3,8.27,12.18,389.0,3.6,1.23,0.025,0.005,2.31
14,2023,3,21,20,7.2,8.26,12.2,387.5,2.8,1.3,0.025,0.005,2.29
14,2023,3,22,0,7.2,8.26,12.19,386.6,3.4,1.3,0.025,0.005,2.29
14,2023,3,22,4,6.9,8.24,11.96,388.3,5.0,1.19,0.025,0.005,2.29
14,2023,3,22,8,6.4,8.21,11.88,394.3,5.8,1.08,0.025,0.005,2.27
14,2023,3,22,12,6.9,8.22,11.98,399.3,5.1,1.13,0.025,0.005,2.31
14,2023,3,22,16,7.3,8.22,12.2,398.3,5.0,1.11,0.025,0.005,2.3
14,2023,3,22,20,7.2,8.21,12.14,400.1,4.5,0.99,0.025,0.005,2.27
14,2023,3,23,0,7.0,8.2,12.08,401.3,4.2,0.99,0.025,0.005,2.27
14,2023,3,23,4,6.9,8.2,12.05,402.7,4.0,1.0,0.025,0.005,2.28
14,2023,3,23,8,6.9,8.19,12.05,404.1,4.1,1.08,0.025,0.005,2.27
14,2023,3,23,12,7.2,8.21,12.07,399.1,4.4,1.02,0.025,0.005,2.27
14,2023,3,23,16,7.4,8.21,12.38,401.9,3.8,1.15,0.025,0.005,2.25
14,2023,3,23,20,7.0,8.2,12.35,405.8,4.2,1.2,0.025,0.005,2.25
14,2023,3,24,0,7.1,8.19,12.23,405.3,3.7,1.2,0.025,0.005,2.25
14,2023,3,24,4,6.8,8.19,12.21,406.1,3.7,1.1,0.025,0.005,2.25
14,2023,3,24,8,6.6,8.2,12.16,404.5,4.0,0.89,0.025,0.005,2.25
14,2023,3,24,12,7.2,8.21,12.02,397.4,4.1,1.1,0.025,0.005,2.25
14,2023,3,24,16,7.3,8.2,12.35,406.4,3.6,0.95,0.025,0.005,2.22
14,2023,3,24,20,7.0,8.2,12.15,406.8,3.8,1.29,0.025,0.005,2.23
14,2023,3,25,0,7.0,8.19,12.26,408.9,4.2,1.29,0.025,0.005,2.23
14,2023,3,25,4,7.0,8.18,12.15,408.0,3.8,1.24,0.025,0.005,2.23
14,2023,3,25,8,6.9,8.19,12.17,406.6,4.1,1.28,0.025,0.005,2.21
14,2023,3,25,12,7.8,8.19,12.25,406.5,4.4,1.18,0.025,0.005,2.23
14,2023,3,25,16,8.2,8.21,12.06,397.9,4.1,1.06,0.025,0.005,2.22
14,2023,3,25,20,7.9,8.2,12.01,399.0,4.2,1.01,0.025,0.005,2.23
14,2023,3,26,0,7.7,8.19,11.91,400.0,4.1,1.01,0.025,0.005,2.23
14,2023,3,26,4,7.4,8.19,11.99,402.2,4.2,1.03,0.025,0.005,2.21
14,2023,3,26,8,7.3,8.16,11.87,405.4,4.2,0.95,0.025,0.005,2.2
14,2023,3,26,12,7.8,8.17,12.05,406.8,4.4,1.22,0.025,0.005,2.2
14,2023,3,26,16,7.9,8.18,12.19,404.5,4.4,1.35,0.025,0.005,2.19
14,2023,3,26,20,7.7,8.18,12.02,406.0,4.1,1.27,0.025,0.005,2.19
14,2023,3,27,0,7.4,8.17,11.93,405.5,4.6,1.27,0.025,0.005,2.19
14,2023,3,27,4,7.2,8.17,11.82,406.5,4.5,1.14,0.025,0.005,2.2
14,2023,3,27,8,7.3,8.17,11.79,406.1,4.2,1.24,0.025,0.005,2.19
14,2023,3,27,12,8.4,8.19,11.84,404.2,4.8,1.09,0.025,0.005,2.22
14,2023,3,27,16,9.1,8.2,11.89,403.2,4.9,0.97,0.025,0.005,2.23
14,2023,3,27,20,7.6,8.2,11.75,403.8,5.0,1.09,0.025,0.005,2.26
14,2023,3,28,0,7.6,8.2,11.71,404.3,4.4,1.09,0.025,0.005,2.26
14,2023,3,28,4,7.3,8.19,11.65,404.7,4.5,0.94,0.025,0.005,2.24
14,2023,3,28,8,7.2,8.19,11.65,406.1,4.8,0.92,0.025,0.005,2.22
14,2023,3,28,12,8.2,8.21,11.73,406.8,4.7,1.03,0.025,0.005,2.27
14,2023,3,28,16,8.3,8.2,11.82,404.4,6.3,1.52,0.025,0.005,2.25
14,2023,3,28,20,7.8,8.19,11.77,405.5,5.8,1.35,0.025,0.005,2.22
14,2023,3,29,0,7.9,8.19,11.74,405.8,5.1,1.35,0.025,0.005,2.22
14,2023,3,29,4,8.3,8.21,11.68,410.8,5.5,1.34,0.025,0.005,2.26
14,2023,3,29,8,8.6,8.22,11.63,411.2,5.3,0.94,0.025,0.005,2.27
14,2023,3,29,16,9.5,8.21,11.74,406.9,5.3,1.09,0.025,0.005,2.27
14,2023,3,29,20,8.8,8.19,11.7,407.9,5.4,0.88,0.025,0.005,2.24
14,2023,3,29,20,8.8,8.19,11.7,407.9,5.4,1.1,0.025,0.005,2.23
14,2023,3,30,0,8.7,8.2,11.65,407.8,4.9,1.1,0.025,0.005,2.23
14,2023,3,30,8,8.5,8.18,11.53,409.0,6.0,1.09,0.025,0.005,2.23
14,2023,3,30,12,9.9,8.19,11.62,409.1,7.5,1.28,0.025,0.005,2.22
14,2023,3,30,16,9.8,8.19,11.74,405.8,5.9,1.24,0.025,0.005,2.25
14,2023,3,30,20,9.3,8.18,11.63,407.3,6.2,1.29,0.025,0.005,2.19
14,2023,3,31,0,9.2,8.18,11.55,408.6,6.4,1.3,0.025,0.005,2.19
14,2023,3,31,4,9.4,8.18,11.44,408.8,6.8,1.3,0.025,0.005,2.19
14,2023,3,31,8,9.8,8.18,11.42,410.1,6.3,1.19,0.025,0.005,2.23
14,2023,3,31,12,10.9,8.2,11.48,409.3,6.2,1.25,0.025,0.005,2.23
14,2023,3,31,16,10.3,8.18,11.53,407.7,7.2,1.18,0.025,0.005,2.24
14,2023,3,31,20,9.7,8.17,11.51,408.3,6.9,1.31,0.025,0.005,2.21
14,2023,4,1,0,9.6,8.17,11.47,409.8,5.9,1.32,0.025,0.005,2.19
14,2023,4,1,4,9.5,8.15,11.34,409.7,6.5,1.32,0.025,0.005,2.19
14,2023,4,1,8,10.0,8.17,11.34,409.0,6.0,1.3,0.025,0.005,2.22
14,2023,4,1,12,10.6,8.17,11.41,409.7,6.3,1.4,0.025,0.005,2.2
14,2023,4,1,16,10.3,8.17,11.4,403.7,5.4,1.33,0.025,0.005,2.2
14,2023,4,1,20,9.7,8.17,11.43,419.5,5.5,1.5,0.025,0.005,2.18
14,2023,4,2,0,10.2,8.16,11.26,420.2,8.2,1.4,0.025,0.005,2.18
14,2023,4,2,4,10.8,8.16,11.26,421.4,7.2,1.4,0.025,0.005,2.18
14,2023,4,2,8,11.4,8.21,11.25,423.9,6.6,1.24,0.025,0.005,2.22
14,2023,4,2,12,11.1,8.18,11.27,420.6,6.7,1.34,0.025,0.005,2.21
14,2023,4,2,16,10.7,8.16,11.21,421.1,6.7,1.31,0.025,0.005,2.22
14,2023,4,2,20,11.8,8.21,11.21,425.4,9.0,1.35,0.025,0.005,2.21
14,2023,4,3,0,12.1,8.21,11.03,421.9,7.6,1.29,0.025,0.005,2.23
14,2023,4,3,4,12.3,8.19,10.73,427.5,15.1,1.29,0.025,0.005,2.23
14,2023,4,3,8,12.4,8.21,10.78,426.2,8.7,1.4,0.025,0.005,2.28
14,2023,4,3,12,12.3,8.21,10.96,426.6,9.4,1.47,0.025,0.005,2.23
14,2023,4,3,16,11.6,8.21,11.37,422.2,8.2,1.38,0.025,0.005,2.23
14,2023,4,3,20,11.2,8.2,11.42,422.2,6.3,1.4,0.025,0.005,2.19
14,2023,4,4,0,12.4,8.2,10.96,426.9,9.8,1.49,0.025,0.005,2.17
14,2023,4,4,4,11.9,8.18,10.96,424.0,9.1,1.49,0.025,0.005,2.17
14,2023,4,4,8,10.8,8.12,10.87,421.9,9.4,1.44,0.025,0.005,2.19
14,2023,4,4,12,10.2,8.11,10.9,423.7,10.2,1.65,0.025,0.005,2.17
14,2023,4,4,16,10.6,8.12,10.85,423.7,10.5,1.51,0.025,0.005,2.15
14,2023,4,4,20,10.4,8.13,10.85,423.4,9.9,1.51,0.025,0.005,2.18
14,2023,4,5,0,9.8,8.13,11.06,423.4,7.8,1.55,0.025,0.005,2.16
14,2023,4,5,4,9.8,8.13,10.99,423.1,8.7,1.55,0.025,0.005,2.16
14,2023,4,5,8,9.8,8.12,10.96,425.1,10.6,1.71,0.025,0.005,2.13
14,2023,4,5,12,10.4,8.11,10.83,425.6,12.8,1.77,0.025,0.005,2.15
14,2023,4,5,16,11.3,8.11,10.82,429.7,11.8,1.6,0.025,0.005,2.18
14,2023,4,5,20,10.2,8.12,10.96,425.1,10.1,1.59,0.025,0.005,2.15
14,2023,4,6,0,10.4,8.11,10.77,427.3,11.0,1.69,0.025,0.005,2.14
14,2023,4,6,4,10.1,8.11,10.77,427.9,12.0,1.69,0.025,0.005,2.14
14,2023,4,6,8,9.8,8.1,10.83,427.6,8.2,1.56,0.025,0.005,2.13
14,2023,4,6,12,10.3,8.11,10.88,427.6,13.0,1.65,0.025,0.005,2.11
14,2023,4,6,16,10.4,8.11,10.89,428.9,10.8,1.69,0.025,0.005,2.15
14,2023,4,6,20,10.0,8.1,10.82,428.4,13.6,1.65,0.025,0.005,2.13
14,2023,4,7,0,9.1,8.08,10.83,429.1,13.5,1.73,0.025,0.005,2.14
14,2023,4,7,4,8.7,8.09,10.88,429.4,8.1,1.73,0.025,0.005,2.14
14,2023,4,7,8,9.4,8.14,10.79,433.4,7.9,1.73,0.025,0.005,2.05
14,2023,4,7,12,10.4,8.15,10.97,437.4,7.4,1.65,0.025,0.005,2.1
14,2023,4,7,16,10.0,8.12,10.9,430.7,10.3,1.44,0.025,0.005,2.1
14,2023,4,7,20,9.2,8.1,10.87,434.4,12.3,1.65,0.025,0.005,2.11
14,2023,4,8,0,8.4,8.09,10.96,432.1,7.4,1.85,0.025,0.005,2.14
14,2023,4,8,4,8.7,8.12,10.88,437.8,7.2,1.85,0.025,0.005,2.14
14,2023,4,8,8,8.8,8.14,10.81,436.8,7.1,1.7,0.025,0.005,2.11
14,2023,4,8,12,9.0,8.08,11.0,433.9,6.4,1.63,0.025,0.005,2.13
14,2023,4,8,16,9.4,8.1,11.06,430.5,6.6,1.65,0.025,0.005,2.05
14,2023,4,8,20,8.8,8.08,11.01,431.3,7.4,1.84,0.025,0.005,2.02
14,2023,4,9,0,8.6,8.07,10.96,431.4,7.4,1.91,0.025,0.005,2.03
14,2023,4,9,4,8.6,8.07,10.91,432.0,7.7,1.91,0.025,0.005,2.03
14,2023,4,9,8,9.5,8.15,10.86,437.5,6.7,1.91,0.025,0.005,2.03
14,2023,4,9,12,10.2,8.14,10.91,432.9,6.7,1.69,0.025,0.005,2.15
14,2023,4,9,16,10.7,8.15,10.91,431.6,6.8,1.75,0.025,0.005,2.14
14,2023,4,9,20,9.7,8.11,10.91,430.4,7.0,1.69,0.025,0.005,2.11
14,2023,4,10,0,11.0,8.19,10.86,440.3,7.4,1.87,0.025,0.005,2.06
14,2023,4,10,4,12.2,8.27,10.82,451.6,6.8,1.87,0.025,0.005,2.06
14,2023,4,10,8,12.1,8.25,10.82,441.4,7.1,1.43,0.025,0.005,2.53
14,2023,4,10,12,11.4,8.17,10.9,434.9,7.1,1.7,0.025,0.005,2.44
14,2023,4,10,16,11.2,8.16,10.91,433.7,6.6,1.58,0.025,0.005,2.18
14,2023,4,10,20,11.0,8.16,10.88,435.2,11.1,1.72,0.025,0.005,2.14
14,2023,4,11,0,11.6,8.2,10.73,438.3,15.2,1.69,0.025,0.005,2.17
14,2023,4,11,4,11.2,8.2,10.68,440.0,14.7,1.69,0.025,0.005,2.17
14,2023,4,11,8,10.8,8.19,10.7,442.3,17.9,1.74,0.025,0.005,0.4
14,2023,4,11,12,10.8,8.16,10.77,441.8,17.8,1.94,0.025,0.005,0.53
14,2023,4,11,16,10.8,8.18,10.79,441.5,15.4,2.1,0.025,0.005,0.92
14,2023,4,11,20,10.4,8.16,10.73,438.0,17.6,1.8,0.025,0.005,0.42
14,2023,4,12,0,9.9,8.15,10.7,439.0,12.1,1.92,0.025,0.005,0.42
14,2023,4,12,4,9.7,8.15,10.74,438.2,11.2,1.64,0.025,0.005,2.4
14,2023,4,12,8,10.1,8.2,10.67,443.6,10.2,1.84,0.025,0.005,2.34
14,2023,4,12,12,10.5,8.19,10.75,440.6,10.1,1.79,0.025,0.005,2.57
14,2023,4,12,16,10.8,8.18,10.88,439.3,8.8,1.73,0.025,0.005,2.5
14,2023,4,12,20,10.3,8.18,10.89,437.2,7.7,1.8,0.025,0.005,2.36
14,2023,4,13,0,9.9,8.16,10.84,436.2,7.3,1.84,0.025,0.005,2.33
14,2023,4,13,4,10.4,8.16,10.7,437.9,9.1,1.88,0.025,0.005,2.26
14,2023,4,13,8,11.6,8.23,10.53,448.3,9.1,1.65,0.025,0.005,2.8
14,2023,4,13,12,11.5,8.21,10.73,441.0,9.0,1.77,0.025,0.005,2.59
14,2023,4,13,16,11.8,8.23,10.91,440.2,7.9,1.77,0.025,0.005,2.54
14,2023,4,13,20,11.7,8.22,10.9,440.2,8.2,1.62,0.025,0.005,2.51
14,2023,4,14,0,11.9,8.23,10.83,442.3,8.0,1.62,0.025,0.005,2.51
14,2023,4,14,4,13.0,8.27,10.61,449.2,8.9,1.57,0.025,0.005,2.95
14,2023,4,14,8,13.0,8.28,10.6,449.2,8.5,1.6,0.025,0.005,2.94
14,2023,4,14,12,12.2,8.24,10.67,446.7,11.0,1.72,0.025,0.005,2.79
14,2023,4,14,16,12.6,8.25,10.71,444.5,9.8,1.56,0.025,0.005,2.79
14,2023,4,14,20,11.6,8.21,10.62,444.0,12.9,1.68,0.025,0.005,2.74
14,2023,4,15,0,10.8,8.16,10.54,440.4,13.4,1.68,0.025,0.005,2.74
14,2023,4,15,4,10.7,8.18,10.51,444.4,12.0,1.7,0.025,0.005,2.68
14,2023,4,15,8,10.5,8.17,10.47,443.9,14.0,1.86,0.025,0.005,2.64
14,2023,4,15,12,10.9,8.16,10.56,440.6,13.0,1.93,0.025,0.005,2.56
14,2023,4,15,16,11.6,8.17,10.64,442.7,10.6,1.78,0.025,0.005,2.51
14,2023,4,15,20,10.9,8.15,10.52,437.4,15.9,1.86,0.025,0.005,2.55
14,2023,4,16,0,10.6,8.15,10.46,437.7,10.8,1.86,0.025,0.005,2.55
14,2023,4,16,4,10.3,8.13,10.41,438.5,10.7,1.68,0.025,0.005,2.45
14,2023,4,16,8,10.2,8.14,10.41,440.2,10.4,1.84,0.025,0.005,2.49
14,2023,4,16,12,10.7,8.12,10.65,439.4,13.4,1.97,0.025,0.005,2.54
14,2023,4,16,16,11.1,8.15,10.79,436.0,10.4,2.05,0.025,0.005,2.37
14,2023,4,16,20,10.6,8.14,10.76,435.2,11.3,2.05,0.025,0.005,2.35
14,2023,4,17,0,10.4,8.15,10.77,435.0,8.5,2.05,0.025,0.005,2.35
14,2023,4,17,4,10.5,8.15,10.74,435.4,9.0,2.02,0.025,0.005,2.28
14,2023,4,17,8,10.5,8.14,10.67,436.5,9.2,2.09,0.025,0.005,2.29
14,2023,4,17,12,10.9,8.15,10.75,436.9,9.2,2.06,0.025,0.005,2.33
14,2023,4,17,16,11.6,8.18,10.9,436.2,7.8,1.88,0.025,0.005,2.29
14,2023,4,17,20,11.5,8.17,10.78,434.2,8.5,2.01,0.025,0.005,2.29
14,2023,4,18,0,12.1,8.19,10.58,439.7,7.6,2.01,0.025,0.005,2.29
14,2023,4,18,4,12.9,8.23,10.43,450.6,6.7,1.65,0.025,0.005,2.81
14,2023,4,18,8,12.7,8.22,10.58,442.0,6.0,1.88,0.025,0.005,2.61
14,2023,4,18,12,13.7,8.23,10.65,444.2,7.5,1.78,0.025,0.005,2.65
14,2023,4,18,16,13.4,8.23,10.82,439.4,8.7,1.79,0.025,0.005,2.55
14,2023,4,18,20,13.2,8.22,10.62,440.1,8.3,1.92,0.025,0.005,2.51
14,2023,4,19,0,12.8,8.21,10.61,438.4,8.1,1.92,0.025,0.005,2.51
14,2023,4,19,4,12.6,8.2,10.52,438.8,7.9,1.8,0.025,0.005,2.47
14,2023,4,19,8,12.9,8.23,10.6,442.2,6.4,1.86,0.025,0.005,2.53
14,2023,4,19,12,13.4,8.22,10.71,438.6,7.0,1.76,0.025,0.005,2.42
14,2023,4,19,16,13.7,8.22,10.65,437.0,9.0,1.98,0.025,0.005,2.41
14,2023,4,19,20,13.3,8.21,10.58,435.4,8.6,2.02,0.025,0.005,2.33
14,2023,4,20,0,13.9,8.24,10.55,442.1,6.2,2.02,0.025,0.005,2.33
14,2023,4,20,4,14.7,8.27,10.36,444.6,7.8,1.65,0.025,0.005,2.74
14,2023,4,20,8,14.4,8.25,10.28,444.2,8.4,1.8,0.025,0.005,2.71
14,2023,4,20,12,14.2,8.25,10.33,444.3,8.9,1.69,0.025,0.005,2.72
14,2023,4,20,16,14.6,8.26,10.29,445.9,10.5,1.52,0.025,0.005,2.84
14,2023,4,20,20,14.7,8.26,10.19,444.6,10.0,1.83,0.025,0.005,2.84
14,2023,4,21,0,14.6,8.26,10.07,446.1,9.0,1.83,0.025,0.005,2.84
14,2023,4,21,4,13.9,8.22,10.21,440.9,8.0,1.63,0.025,0.005,2.7
14,2023,4,21,8,13.6,8.22,10.34,440.6,7.2,1.57,0.025,0.005,2.58
14,2023,4,21,12,14.0,8.21,10.37,438.8,7.7,1.92,0.025,0.005,2.55
14,2023,4,21,16,14.1,8.24,10.56,438.9,7.7,1.64,0.025,0.005,2.55
14,2023,4,21,20,13.6,8.22,10.47,437.5,7.9,1.97,0.025,0.005,2.48
14,2023,4,22,0,13.3,8.2,10.42,438.6,8.9,1.97,0.025,0.005,2.48
14,2023,4,22,4,13.2,8.19,10.33,439.0,9.6,1.85,0.025,0.005,2.47
14,2023,4,22,8,13.0,8.21,10.44,438.3,8.0,1.77,0.025,0.005,2.42
14,2023,4,22,12,13.1,8.23,10.6,438.2,8.0,1.95,0.025,0.005,2.43
14,2023,4,22,16,13.5,8.24,10.58,437.5,8.8,1.91,0.025,0.005,2.45
14,2023,4,22,20,13.4,8.24,10.57,438.1,9.0,1.84,0.025,0.005,2.47
14,2023,4,23,0,13.3,8.22,10.46,439.8,10.5,1.84,0.025,0.005,2.47
14,2023,4,23,4,13.5,8.24,10.36,440.8,8.5,1.72,0.025,0.005,2.59
14,2023,4,23,8,13.5,8.24,10.35,441.0,9.0,1.79,0.025,0.005,2.61
14,2023,4,23,12,14.1,8.26,10.37,444.4,11.2,1.57,0.025,0.005,2.78
14,2023,4,23,16,13.9,8.25,10.43,440.0,11.2,1.9,0.025,0.005,2.65
14,2023,4,23,20,13.7,8.23,10.36,441.1,11.7,1.86,0.025,0.005,2.63
14,2023,4,24,0,13.4,8.22,10.23,441.9,12.0,1.86,0.025,0.005,2.63
14,2023,4,24,4,13.3,8.23,10.28,442.5,11.4,1.79,0.025,0.005,2.65
14,2023,4,24,8,13.3,8.24,10.4,443.0,11.1,1.95,0.025,0.005,2.61
14,2023,4,24,12,13.9,8.25,10.41,441.2,11.4,1.94,0.025,0.005,2.61
14,2023,4,24,16,14.1,8.25,10.46,441.2,10.9,1.73,0.025,0.005,2.55
14,2023,4,24,20,13.7,8.22,10.23,441.6,12.4,1.8,0.025,0.005,2.59
14,2023,4,25,0,13.6,8.21,10.19,441.2,12.8,1.8,0.025,0.005,2.59
14,2023,4,25,4,13.5,8.21,10.16,441.4,11.9,1.89,0.025,0.005,2.56
14,2023,4,25,8,13.5,8.23,10.25,442.0,10.6,1.81,0.025,0.005,2.54
14,2023,4,25,12,14.1,8.26,10.42,442.6,11.2,2.03,0.025,0.005,2.61
14,2023,4,25,16,14.4,8.3,10.66,446.5,10.4,1.77,0.025,0.005,2.71
14,2023,4,25,20,14.0,8.28,10.55,445.6,11.0,1.63,0.025,0.005,2.67
14,2023,4,26,0,13.6,8.25,10.34,444.6,10.8,1.63,0.025,0.005,2.67
14,2023,4,26,4,13.4,8.23,10.26,443.9,10.6,1.51,0.025,0.005,2.62
14,2023,4,26,8,13.5,8.26,10.4,446.9,10.7,1.5,0.025,0.005,2.69
14,2023,4,26,12,14.1,8.27,10.41,445.2,10.2,1.51,0.025,0.005,2.67
14,2023,4,26,16,13.8,8.29,10.63,443.9,9.6,1.72,0.025,0.005,2.51
14,2023,4,26,20,13.3,8.27,10.56,441.9,9.2,1.69,0.025,0.005,2.45
14,2023,4,27,0,13.4,8.25,10.37,443.6,9.6,1.69,0.025,0.005,2.45
14,2023,4,27,4,13.4,8.23,10.18,444.2,8.8,1.48,0.025,0.005,2.59
14,2023,4,27,8,13.5,8.24,10.23,444.7,7.9,1.42,0.025,0.005,2.57
14,2023,4,27,12,13.8,8.26,10.34,444.2,7.3,1.33,0.025,0.005,2.59
14,2023,4,27,16,14.0,8.3,10.57,444.7,8.0,1.6,0.025,0.005,2.59
14,2023,4,27,20,13.9,8.3,10.62,444.4,7.9,1.58,0.025,0.005,2.59
14,2023,4,28,0,14.2,8.3,10.65,445.1,6.7,1.58,0.025,0.005,2.59
14,2023,4,28,4,14.3,8.31,10.51,446.4,7.1,1.34,0.025,0.005,2.69
14,2023,4,28,8,14.5,8.32,10.59,446.3,6.8,1.14,0.025,0.005,2.67
14,2023,4,28,12,14.3,8.29,10.46,443.9,6.2,1.31,0.025,0.005,2.63
14,2023,4,28,16,14.4,8.3,10.5,444.6,6.9,1.38,0.025,0.005,2.59
14,2023,4,28,20,14.3,8.3,10.37,443.8,7.7,1.5,0.025,0.005,2.63
14,2023,4,29,0,14.0,8.27,10.13,443.4,12.8,1.5,0.025,0.005,2.63
14,2023,4,29,4,13.5,8.23,10.0,444.3,9.0,1.49,0.025,0.005,2.65
14,2023,4,29,8,13.4,8.2,9.91,444.5,8.4,1.39,0.025,0.005,2.57
14,2023,4,29,12,14.2,8.21,9.96,444.6,8.0,1.43,0.025,0.005,2.56
14,2023,4,29,16,14.9,8.24,10.02,443.6,7.3,1.36,0.025,0.005,2.54
14,2023,4,29,20,14.3,8.23,9.95,444.0,8.2,1.44,0.025,0.005,2.57
14,2023,4,30,0,13.9,8.21,9.81,443.5,7.6,1.44,0.025,0.005,2.57
14,2023,4,30,4,13.8,8.22,9.86,443.9,7.6,1.37,0.025,0.005,2.62
14,2023,4,30,8,13.2,8.22,10.06,442.7,6.5,1.4,0.025,0.005,2.46
14,2023,4,30,12,14.4,8.19,9.79,442.8,7.7,1.45,0.025,0.005,2.56
14,2023,4,30,16,13.4,8.18,9.99,438.7,7.8,1.65,0.025,0.005,2.42
14,2023,4,30,20,13.7,8.23,10.27,439.9,5.6,1.64,0.025,0.005,2.35
14,2023,5,1,0,13.4,8.22,10.17,440.0,5.5,1.64,0.025,0.005,2.35
14,2023,5,1,4,13.7,8.22,10.05,441.1,6.3,1.52,0.025,0.005,2.48
14,2023,5,1,8,13.7,8.23,10.09,441.1,6.0,1.33,0.025,0.005,2.48
14,2023,5,1,12,14.8,8.23,10.09,443.7,6.6,1.57,0.025,0.005,2.47
14,2023,5,1,16,15.3,8.25,10.23,438.9,5.4,1.39,0.025,0.005,2.38
14,2023,5,1,20,14.5,8.23,10.2,439.4,5.4,1.54,0.025,0.005,2.33
14,2023,5,2,0,14.2,8.22,10.12,438.1,5.5,1.54,0.025,0.005,2.33
14,2023,5,2,4,14.3,8.21,9.99,440.5,5.8,1.63,0.025,0.005,2.37
14,2023,5,2,8,14.8,8.24,10.03,441.5,5.7,1.37,0.025,0.005,2.46
14,2023,5,2,12,15.1,8.24,10.16,438.7,5.6,1.65,0.025,0.005,2.35
14,2023,5,2,16,15.2,8.29,10.54,436.7,5.5,1.6,0.025,0.005,2.21
14,2023,5,2,20,15.0,8.3,10.5,435.9,5.6,1.7,0.025,0.005,2.19
14,2023,5,3,0,15.3,8.25,10.04,440.3,6.3,1.7,0.025,0.005,2.19
14,2023,5,3,4,15.7,8.25,9.95,439.7,6.1,1.18,0.025,0.005,2.45
14,2023,5,3,8,16.6,8.3,10.05,439.0,6.0,1.32,0.025,0.005,2.59
14,2023,5,3,12,16.8,8.3,10.19,439.8,6.2,1.55,0.025,0.005,2.5
14,2023,5,3,16,17.1,8.31,10.32,435.4,8.5,1.45,0.025,0.005,2.41
14,2023,5,3,20,16.6,8.31,10.27,437.8,6.0,1.62,0.025,0.005,2.41
14,2023,5,4,0,16.6,8.29,10.04,438.2,6.2,1.62,0.025,0.005,2.41
14,2023,5,4,4,16.7,8.28,10.07,438.8,6.0,1.56,0.025,0.005,2.39
14,2023,5,4,8,18.0,8.34,10.04,440.4,6.3,1.15,0.025,0.005,2.6
14,2023,5,4,12,17.7,8.32,10.17,435.5,5.8,1.42,0.025,0.005,2.41
14,2023,5,4,16,18.3,8.35,10.43,441.2,5.6,1.51,0.025,0.005,2.47
14,2023,5,4,20,17.9,8.34,10.4,437.5,5.2,1.45,0.025,0.005,2.43
14,2023,5,5,0,18.0,8.34,10.22,438.4,5.1,1.45,0.025,0.005,2.43
14,2023,5,5,4,18.5,8.34,10.02,435.6,6.3,1.5,0.025,0.005,2.44
14,2023,5,5,8,19.1,8.35,9.96,434.6,5.4,1.38,0.025,0.005,2.5
14,2023,5,5,12,18.1,8.35,10.15,436.0,5.6,1.53,0.025,0.005,2.46
14,2023,5,5,16,18.1,8.37,10.27,435.1,5.8,1.51,0.025,0.005,2.43
14,2023,5,5,20,17.8,8.36,10.18,435.9,5.7,1.33,0.025,0.005,2.45
14,2023,5,6,0,17.4,8.34,10.01,435.2,5.6,1.33,0.025,0.005,2.45
14,2023,5,6,4,17.2,8.33,9.83,435.8,5.7,1.48,0.025,0.005,2.43
14,2023,5,6,8,17.3,8.31,9.64,435.6,7.0,1.43,0.025,0.005,2.43
14,2023,5,6,12,17.5,8.34,10.06,433.5,6.2,1.61,0.025,0.005,2.43
14,2023,5,6,16,18.0,8.35,10.3,432.8,6.5,1.61,0.025,0.005,2.44
14,2023,5,6,20,17.4,8.34,10.23,433.2,6.7,1.67,0.025,0.005,2.39
14,2023,5,7,0,17.4,8.35,10.13,433.0,6.5,1.67,0.025,0.005,2.39
14,2023,5,7,4,17.1,8.34,10.09,433.6,5.7,1.61,0.025,0.005,2.36
14,2023,5,7,8,16.7,8.32,10.1,435.2,6.3,1.65,0.025,0.005,2.35
14,2023,5,7,12,17.3,8.32,10.23,436.4,6.4,1.74,0.025,0.005,2.31
14,2023,5,7,16,18.6,8.29,9.95,435.7,6.6,1.51,0.025,0.005,2.34
14,2023,5,7,20,17.7,8.36,10.37,431.4,5.6,1.63,0.025,0.005,2.29
14,2023,5,8,0,17.4,8.36,10.29,433.7,5.6,1.63,0.025,0.005,2.29
14,2023,5,8,4,16.9,8.35,10.26,434.5,5.1,1.6,0.025,0.005,2.24
14,2023,5,8,8,17.0,8.3,9.93,435.5,7.8,1.59,0.025,0.005,2.3
14,2023,5,8,12,16.8,8.29,10.06,434.7,7.2,1.57,0.025,0.005,2.3
14,2023,5,8,16,17.9,8.33,10.28,436.0,6.2,1.6,0.025,0.005,2.27
14,2023,5,8,20,17.8,8.41,10.49,432.8,5.2,1.68,0.025,0.005,2.2
14,2023,5,9,0,17.7,8.42,10.52,433.3,5.7,1.68,0.025,0.005,2.2
14,2023,5,9,4,17.5,8.41,10.32,433.4,5.7,1.82,0.025,0.005,2.2
14,2023,5,9,8,17.2,8.37,10.21,434.8,6.4,1.73,0.025,0.005,2.19
14,2023,5,9,12,18.0,8.36,10.27,433.6,7.5,1.71,0.025,0.005,2.22
14,2023,5,9,16,18.0,8.38,10.35,431.7,7.1,1.94,0.025,0.005,2.19
14,2023,5,10,16,18.6,8.43,10.45,430.9,9.4,1.87,0.025,0.005,2.27
14,2023,5,10,20,18.2,8.43,10.41,432.0,9.6,1.83,0.025,0.005,2.2
14,2023,5,11,0,18.0,8.42,10.44,431.1,10.3,1.9,0.025,0.005,2.19
14,2023,5,11,4,18.6,8.41,10.01,432.5,11.0,1.9,0.025,0.005,2.19
14,2023,5,11,8,18.9,8.42,10.32,431.3,10.9,1.69,0.025,0.005,2.3
14,2023,5,11,12,19.2,8.46,10.46,431.2,11.3,1.76,0.025,0.005,2.28
14,2023,5,11,16,18.8,8.47,10.52,429.6,11.5,1.9,0.025,0.005,2.24
14,2023,5,11,20,18.7,8.47,10.57,429.4,12.0,1.83,0.025,0.005,2.2
14,2023,5,12,0,18.8,8.46,10.31,430.2,13.4,1.84,0.025,0.005,2.22
14,2023,5,12,4,19.0,8.44,10.14,429.7,13.4,1.84,0.025,0.005,2.22
14,2023,5,12,8,18.7,8.43,9.81,429.8,15.9,1.66,0.025,0.005,2.27
14,2023,5,12,12,18.7,8.38,10.47,431.0,7.6,1.81,0.025,0.005,2.25
14,2023,5,12,16,18.9,8.43,10.74,431.9,5.8,2.03,0.025,0.005,2.27
14,2023,5,12,20,18.7,8.43,10.63,431.0,5.5,2.03,0.025,0.005,2.23
14,2023,5,13,0,18.5,8.41,10.38,431.8,5.9,1.91,0.025,0.005,2.25
14,2023,5,13,4,18.4,8.36,10.16,432.7,7.1,1.91,0.025,0.005,2.25
14,2023,5,13,8,18.4,8.35,10.11,432.7,6.0,1.89,0.025,0.005,2.25
14,2023,5,13,12,19.3,8.45,10.89,431.8,5.4,1.81,0.025,0.005,2.23
14,2023,5,13,16,19.4,8.47,11.38,429.8,5.3,1.88,0.025,0.005,2.22
14,2023,5,13,20,19.1,8.46,11.01,430.3,4.8,2.04,0.025,0.005,2.19
14,2023,5,14,0,19.0,8.43,10.6,431.2,5.9,2.08,0.025,0.005,2.17
14,2023,5,14,4,18.9,8.42,10.52,431.6,4.8,2.08,0.025,0.005,2.17
14,2023,5,14,8,19.2,8.42,10.44,431.5,4.8,1.81,0.025,0.005,2.2
14,2023,5,14,12,19.8,8.46,10.77,430.6,4.9,1.85,0.025,0.005,2.21
14,2023,5,14,16,19.8,8.48,10.99,432.8,5.0,1.98,0.025,0.005,2.15
14,2023,5,14,20,19.7,8.47,10.62,430.2,5.6,2.06,0.025,0.005,2.14
14,2023,5,15,0,19.6,8.45,10.52,430.9,5.5,1.9,0.025,0.005,2.17
14,2023,5,15,4,20.0,8.42,10.16,429.3,5.0,1.9,0.025,0.005,2.17
14,2023,5,15,8,20.3,8.43,10.33,430.1,5.2,1.73,0.025,0.005,2.24
14,2023,5,15,12,20.7,8.48,10.84,429.8,4.8,1.8,0.025,0.005,2.24
14,2023,5,15,16,21.2,8.5,10.78,426.7,5.0,1.98,0.025,0.005,2.2
14,2023,5,15,20,20.7,8.47,10.64,430.0,5.3,1.93,0.025,0.005,2.15
14,2023,5,16,0,21.2,8.46,10.34,430.3,5.0,1.93,0.025,0.005,2.16
14,2023,5,16,4,21.5,8.44,10.14,429.0,4.8,1.93,0.025,0.005,2.16
14,2023,5,16,8,21.9,8.42,9.89,431.2,4.4,1.66,0.025,0.005,2.21
14,2023,5,16,12,22.0,8.48,10.34,430.2,4.9,1.65,0.025,0.005,2.25
14,2023,5,17,12,22.2,8.49,10.7,429.1,5.2,1.88,0.025,0.005,2.22
14,2023,5,17,16,22.0,8.47,10.4,429.0,5.6,2.05,0.025,0.005,2.2
14,2023,5,17,20,21.9,8.51,10.7,427.8,5.2,2.0,0.025,0.005,2.16
14,2023,5,18,0,21.7,8.48,10.54,427.9,5.8,1.81,0.025,0.005,2.16
14,2023,5,18,4,21.6,8.47,10.31,426.3,5.3,1.81,0.025,0.005,2.16
14,2023,5,18,8,21.6,8.46,10.28,428.5,5.6,1.75,0.025,0.005,2.17
14,2023,5,18,8,21.6,8.46,10.28,428.5,5.6,1.75,0.025,0.005,2.17
14,2023,5,18,12,22.3,8.47,10.53,427.9,5.7,1.77,0.025,0.005,2.19
14,2023,5,18,16,22.1,8.47,10.45,427.7,5.6,1.89,0.025,0.005,2.15
14,2023,5,18,20,21.4,8.44,10.03,427.4,7.7,1.92,0.025,0.005,2.18
14,2023,5,19,0,21.0,8.42,9.81,428.3,9.3,1.92,0.025,0.005,2.18
14,2023,5,19,4,21.0,8.41,9.66,428.9,7.2,1.97,0.025,0.005,2.14
14,2023,5,19,8,21.4,8.38,9.44,429.1,5.6,1.89,0.025,0.005,2.19
14,2023,5,19,12,20.9,8.41,9.68,435.7,5.0,1.8,0.025,0.005,2.19
14,2023,5,19,16,20.7,8.4,9.67,434.2,5.3,1.87,0.025,0.005,2.19
14,2023,5,19,20,20.8,8.38,9.48,434.3,6.0,1.85,0.025,0.005,2.2
14,2023,5,20,0,20.9,8.31,8.95,434.3,6.9,1.85,0.025,0.005,2.2
14,2023,5,20,12,18.0,8.02,8.57,440.3,12.2,1.87,0.025,0.005,2.25
14,2023,5,20,16,17.6,8.05,8.78,439.4,12.9,1.96,0.025,0.005,2.22
14,2023,5,20,20,16.7,8.03,8.79,439.8,12.4,2.03,0.025,0.005,2.21
14,2023,5,21,0,16.0,8.0,8.83,440.2,12.8,2.03,0.025,0.005,2.21
14,2023,5,21,4,15.4,7.98,8.77,440.1,11.8,2.02,0.025,0.005,2.13
14,2023,5,21,8,14.7,7.95,8.97,436.8,12.4,2.06,0.025,0.005,2.1
14,2023,5,21,12,16.0,8.0,9.1,439.8,9.5,2.07,0.025,0.005,2.12
14,2023,5,21,16,17.7,8.03,9.01,445.1,7.3,1.76,0.025,0.005,2.22
14,2023,5,21,20,18.3,8.3,9.87,435.6,3.6,1.77,0.025,0.005,2.04
14,2023,5,22,0,18.3,8.33,9.97,436.3,3.3,1.77,0.025,0.005,2.04
14,2023,5,22,4,17.8,8.29,9.77,438.5,4.6,2.1,0.025,0.005,2.0
14,2023,5,22,8,17.6,8.28,9.83,439.1,5.4,2.07,0.025,0.005,2.02
14,2023,5,22,12,18.7,8.29,10.15,437.2,5.2,1.94,0.025,0.005,2.02
14,2023,5,22,16,18.9,8.3,10.13,434.8,4.9,2.06,0.025,0.005,2.03
14,2023,5,22,20,19.4,8.38,10.18,437.0,2.9,2.15,0.025,0.005,1.98
14,2023,5,23,0,19.0,8.36,10.0,436.6,3.2,2.15,0.025,0.005,1.98
14,2023,5,23,4,18.6,8.32,9.88,437.2,4.3,2.11,0.025,0.005,2.0
14,2023,5,23,8,18.4,8.27,9.7,440.1,6.1,1.94,0.025,0.005,2.08
14,2023,5,24,16,20.0,8.43,10.37,434.9,5.0,2.12,0.025,0.005,1.99
14,2023,5,25,12,19.8,8.38,10.06,436.8,6.8,2.03,0.025,0.005,2.05
14,2023,5,25,16,20.0,8.38,10.22,439.3,11.6,2.33,0.025,0.005,2.19
14,2023,5,25,20,19.8,8.38,10.33,439.0,9.1,2.31,0.025,0.005,2.2
14,2023,5,26,0,20.1,8.39,10.45,442.0,4.9,2.31,0.025,0.005,2.2
14,2023,5,26,4,20.0,8.34,9.97,442.3,5.0,1.7,0.025,0.005,2.57
14,2023,5,26,8,20.0,8.35,10.08,441.9,7.4,1.93,0.025,0.005,2.49
14,2023,5,26,12,20.6,8.39,10.54,442.4,5.5,1.9,0.025,0.005,2.42
14,2023,5,26,16,21.5,8.47,11.27,439.0,5.5,2.01,0.025,0.005,2.34
14,2023,5,26,20,20.6,8.45,10.54,436.7,6.0,2.07,0.025,0.005,2.25
14,2023,5,27,0,20.3,8.4,10.19,440.0,8.1,2.01,0.025,0.005,2.27
14,2023,5,27,4,20.5,8.39,9.99,438.7,6.0,1.92,0.025,0.005,2.29
14,2023,5,27,8,20.6,8.38,10.09,441.0,5.8,1.9,0.025,0.005,2.33
14,2023,5,27,12,20.8,8.45,10.69,439.9,5.6,2.09,0.025,0.005,2.32
14,2023,5,27,16,20.9,8.48,10.85,437.6,5.5,2.04,0.025,0.005,2.26
14,2023,5,27,20,20.7,8.43,10.66,438.4,6.9,2.04,0.025,0.005,2.21
14,2023,5,28,0,20.7,8.41,10.45,440.7,5.8,1.77,0.025,0.005,2.3
14,2023,5,28,4,21.1,8.4,10.44,440.0,4.3,1.57,0.025,0.005,2.48
14,2023,5,28,8,21.2,8.4,10.37,439.7,4.8,1.75,0.025,0.005,2.49
14,2023,5,28,12,21.5,8.45,11.04,437.6,5.6,1.75,0.025,0.005,2.39
14,2023,5,28,16,23.0,8.51,12.07,436.4,5.5,1.97,0.025,0.005,2.38
14,2023,5,28,20,22.0,8.49,11.85,434.6,6.1,2.12,0.025,0.005,2.35
14,2023,5,29,0,21.7,8.42,10.93,436.2,6.2,2.0,0.025,0.005,2.33
14,2023,5,29,4,21.8,8.4,10.81,435.6,5.2,1.86,0.025,0.005,2.34
14,2023,5,29,12,23.0,8.44,11.69,435.4,6.6,2.25,0.025,0.005,2.43
14,2023,5,29,16,24.1,8.46,11.71,436.4,5.8,2.25,0.025,0.005,2.4
14,2023,5,30,12,22.9,8.4,10.78,431.6,5.5,1.85,0.025,0.005,2.45
14,2023,5,30,16,23.3,8.44,11.18,431.0,5.4,1.85,0.025,0.005,2.45
14,2023,5,30,16,23.3,8.44,11.18,431.0,5.4,1.97,0.025,0.005,2.48
14,2023,5,30,20,22.9,8.37,10.7,431.8,6.5,1.97,0.025,0.005,2.48
14,2023,5,30,20,22.9,8.37,10.7,431.8,6.5,1.75,0.025,0.005,2.42
14,2023,5,30,20,22.9,8.37,10.7,431.8,6.5,1.75,0.025,0.005,2.42
14,2023,5,31,0,22.5,8.31,10.04,432.3,5.9,1.75,0.025,0.005,2.42
14,2023,5,31,4,22.1,8.27,9.7,433.0,4.8,1.75,0.025,0.005,2.42
14,2023,5,31,4,22.1,8.27,9.7,433.0,4.8,1.66,0.025,0.005,2.28
14,2023,5,31,8,22.0,8.29,9.79,433.2,4.3,1.66,0.025,0.005,2.28
14,2023,5,31,8,22.0,8.29,9.79,433.2,4.3,1.7,0.025,0.005,2.3
14,2023,5,31,12,22.0,8.26,9.56,436.0,5.6,1.7,0.025,0.005,2.3
14,2023,5,31,12,22.0,8.26,9.56,436.0,5.6,1.64,0.025,0.005,2.37
14,2023,5,31,16,22.3,8.35,10.53,432.1,5.1,1.64,0.025,0.005,2.37
14,2023,5,31,16,22.3,8.35,10.53,432.1,5.1,1.78,0.025,0.005,2.32
14,2023,5,31,20,21.8,8.34,10.35,431.4,5.7,1.78,0.025,0.005,2.32
14,2023,5,31,20,21.8,8.34,10.35,431.4,5.7,1.98,0.025,0.005,2.27
14,2023,6,1,0,21.5,8.29,9.68,433.5,6.3,1.98,0.025,0.005,2.27
14,2023,6,1,0,21.5,8.29,9.68,433.5,6.3,1.98,0.025,0.005,2.27
14,2023,6,1,0,21.5,8.29,9.68,433.5,6.3,1.76,0.025,0.005,2.29
14,2023,6,1,4,21.4,8.29,9.58,433.5,6.3,1.79,0.025,0.005,2.29
14,2023,6,1,8,21.4,8.32,9.91,432.9,5.4,1.79,0.025,0.005,2.29
14,2023,6,1,8,21.4,8.32,9.91,432.9,5.4,1.87,0.025,0.005,2.24
14,2023,6,1,12,21.7,8.32,9.85,432.9,6.8,1.87,0.025,0.005,2.24
14,2023,6,1,12,21.7,8.32,9.85,432.9,6.8,1.86,0.025,0.005,2.31
14,2023,6,1,16,22.2,8.3,9.46,435.6,8.9,1.86,0.025,0.005,2.31
14,2023,6,1,16,22.2,8.3,9.46,435.6,8.9,1.69,0.025,0.005,2.37
14,2023,6,2,12,21.6,8.17,8.65,439.0,7.1,1.69,0.025,0.005,2.31
