point_id,year,month,day,hour,水温(℃),pH(无量纲),溶解氧(mg/L),电导率(μS/cm),浊度(NTU),高锰酸盐指数(mg/L),氨氮(mg/L),总磷(mg/L),总氮(mg/L)
16,2021,6,17,12,24.4,9.16,9.68,677.4,12.2,5.45,0.135,0.078,0.8
16,2021,6,17,12,24.4,9.16,9.68,677.4,12.2,5.45,0.135,0.078,0.8
16,2021,6,17,16,24.4,8.92,6.1,680.7,13.9,5.97,0.087,0.071,0.84
16,2021,6,17,16,24.4,8.92,6.1,680.7,13.9,5.68,0.098,0.072,0.81
16,2021,6,17,20,24.2,8.99,6.88,683.6,13.2,5.48,0.084,0.077,0.78
16,2021,6,18,0,23.4,8.92,5.91,688.5,12.6,5.48,0.084,0.077,0.78
16,2021,6,18,4,23.0,8.84,4.94,688.6,13.3,5.4,0.084,0.067,0.74
16,2021,6,18,4,23.0,8.84,4.94,688.6,13.3,5.48,0.106,0.074,0.79
16,2021,6,18,8,22.7,8.78,4.28,690.2,14.7,5.98,0.118,0.07,0.81
16,2021,6,18,12,22.7,8.68,4.05,694.7,16.4,5.95,0.111,0.074,0.82
16,2021,6,18,16,23.1,8.76,5.45,699.3,16.7,5.95,0.099,0.074,0.82
16,2021,6,18,16,23.1,8.76,5.45,699.3,16.7,6.1,0.099,0.072,0.84
16,2021,6,18,20,22.9,8.63,4.44,700.0,17.0,5.89,0.106,0.067,0.76
16,2021,6,19,0,22.7,8.67,4.45,696.9,15.0,5.89,0.106,0.067,0.76
16,2021,6,19,4,22.3,8.61,3.8,698.0,14.7,5.6,0.025,0.071,0.74
16,2021,6,19,4,22.3,8.61,3.8,698.0,14.7,5.55,0.025,0.066,0.69
16,2021,6,19,8,22.2,8.58,3.5,700.9,14.9,5.9,0.025,0.078,0.75
16,2021,6,19,12,22.4,8.54,3.81,700.2,15.0,5.77,0.025,0.051,0.73
16,2021,6,19,16,22.9,8.59,4.61,701.9,15.8,5.86,0.025,0.071,0.73
16,2021,6,19,20,22.8,8.56,4.56,700.7,14.7,5.68,0.025,0.069,0.7
16,2021,6,20,0,22.5,8.49,3.8,703.5,14.4,5.68,0.025,0.069,0.7
16,2021,6,20,0,22.5,8.49,3.8,703.5,14.4,5.68,0.025,0.069,0.7
16,2021,6,20,8,22.1,8.41,2.94,705.1,13.5,5.72,0.025,0.07,0.73
16,2021,6,20,12,22.6,8.66,5.7,702.8,15.2,6.26,0.025,0.077,0.77
16,2021,6,20,16,23.4,8.78,7.81,700.1,15.0,6.26,0.025,0.077,0.77
16,2021,7,2,12,25.2,8.73,6.68,685.9,12.8,5.74,0.082,0.067,0.79
16,2021,7,2,16,26.4,8.96,10.91,679.6,14.1,5.69,0.082,0.067,0.79
16,2021,7,2,16,26.4,8.96,10.91,679.6,14.1,5.93,0.025,0.078,0.77
16,2021,7,2,20,26.1,8.96,10.66,679.4,12.5,5.65,0.025,0.07,0.7
16,2021,7,3,0,25.7,8.89,9.18,683.5,12.1,5.65,0.025,0.07,0.7
16,2021,7,3,4,25.5,8.85,8.28,678.6,12.0,5.65,0.025,0.07,0.7
16,2021,7,3,4,25.5,8.85,8.28,678.6,12.0,5.43,0.025,0.065,0.69
16,2021,7,3,8,25.3,8.81,7.53,679.3,12.2,5.55,0.025,0.066,0.74
16,2021,7,3,12,25.5,8.74,6.74,680.6,15.0,5.55,0.025,0.065,0.76
16,2021,7,3,16,27.4,8.98,11.75,677.9,12.4,5.53,0.025,0.065,0.76
16,2021,7,3,16,27.4,8.98,11.75,677.9,12.4,5.64,0.025,0.066,0.7
16,2021,7,3,20,26.1,8.97,11.33,675.1,13.1,5.56,0.025,0.062,0.71
16,2021,7,4,0,26.0,9.0,11.54,674.7,13.4,5.56,0.025,0.062,0.71
16,2021,7,4,4,25.6,8.9,9.42,677.8,13.0,5.56,0.025,0.062,0.71
16,2021,7,4,4,25.6,8.9,9.42,677.8,13.0,5.36,0.025,0.061,0.7
16,2021,7,4,8,25.5,8.89,9.16,677.1,12.7,5.42,0.025,0.065,0.7
16,2021,7,4,12,25.9,8.85,9.01,679.4,14.1,5.42,0.025,0.061,0.76
16,2021,7,4,16,25.9,8.74,6.71,679.0,12.7,5.49,0.025,0.061,0.76
16,2021,7,4,16,25.9,8.74,6.71,679.0,12.7,5.52,0.025,0.061,0.73
16,2021,7,4,20,25.3,8.58,4.61,685.6,11.9,5.33,0.09,0.058,0.72
16,2021,7,5,0,25.3,8.65,5.48,685.1,11.8,5.33,0.09,0.058,0.72
16,2021,7,5,4,25.5,8.75,6.79,682.8,13.0,5.33,0.09,0.058,0.72
16,2021,7,5,8,25.4,8.8,7.8,677.6,12.6,5.31,0.025,0.054,0.72
16,2021,7,5,8,25.4,8.8,7.8,677.6,12.6,5.36,0.025,0.054,0.72
16,2021,7,5,12,23.9,8.75,7.59,704.6,16.6,5.56,0.025,0.069,0.77
16,2021,7,5,16,26.1,8.93,10.44,671.7,12.5,5.56,0.025,0.071,0.73
16,2021,7,5,20,25.8,8.89,9.58,671.2,13.6,5.95,0.025,0.071,0.73
16,2021,7,5,20,25.8,8.89,9.58,671.2,13.6,5.78,0.025,0.067,0.74
16,2021,7,6,0,25.6,8.88,8.97,671.6,13.5,5.78,0.025,0.067,0.74
16,2021,7,6,4,25.4,8.81,7.87,672.7,13.2,5.78,0.025,0.069,0.71
16,2021,7,6,8,25.2,8.8,7.67,672.2,13.4,5.59,0.025,0.069,0.71
16,2021,7,6,8,25.2,8.8,7.67,672.2,13.4,5.96,0.025,0.079,0.83
16,2021,7,6,12,25.2,8.8,7.67,674.2,13.4,5.91,0.025,0.073,0.82
16,2021,7,6,16,25.7,8.85,8.76,668.6,13.3,6.47,0.025,0.069,0.76
16,2021,7,7,12,25.8,8.59,5.53,679.7,18.8,5.78,0.087,0.074,0.84
16,2021,7,7,12,25.8,8.59,5.53,679.7,18.8,5.76,0.115,0.073,0.88
16,2021,7,26,12,27.1,8.53,10.25,596.6,12.1,4.61,0.025,0.061,1.11
16,2021,7,26,16,26.0,8.58,11.38,612.2,12.7,4.89,0.025,0.097,1.26
16,2021,7,26,20,27.0,8.5,9.56,599.2,10.4,4.89,0.025,0.097,1.26
16,2021,7,27,0,26.8,8.36,7.78,602.2,10.7,4.6,0.025,0.081,1.16
16,2021,7,27,0,26.8,8.36,7.78,602.2,10.7,4.6,0.025,0.081,1.16
16,2021,7,27,4,26.6,8.24,6.74,602.3,11.1,4.46,0.114,0.069,1.19
16,2021,7,27,8,26.5,8.13,5.83,602.4,10.8,4.46,0.128,0.069,1.19
16,2021,7,27,12,26.6,8.2,6.29,601.6,11.7,4.73,0.128,0.08,1.24
16,2021,7,27,12,26.6,8.2,6.29,601.6,11.7,4.73,0.128,0.08,1.24
16,2021,7,27,12,26.6,8.2,6.29,601.6,11.7,4.9,0.12,0.076,1.24
16,2021,7,27,16,26.8,8.22,6.5,602.9,11.9,4.62,0.12,0.072,1.18
16,2021,7,27,20,27.1,8.38,7.98,595.9,10.5,4.62,0.101,0.076,1.21
16,2021,7,28,0,26.7,8.46,9.06,593.3,9.9,4.62,0.101,0.076,1.21
16,2021,7,28,4,26.6,8.23,6.61,597.2,11.0,4.62,0.101,0.076,1.21
16,2021,7,28,4,26.6,8.23,6.61,597.2,11.0,4.44,0.117,0.079,1.18
16,2021,7,28,8,26.6,8.16,5.86,597.4,10.8,4.8,0.126,0.076,1.2
16,2021,7,28,12,26.6,8.2,6.14,596.0,10.2,4.8,0.111,0.076,1.2
16,2021,7,28,16,27.0,8.58,10.83,589.7,11.5,4.68,0.111,0.067,1.2
16,2021,7,28,16,27.0,8.58,10.83,589.7,11.5,5.18,0.025,0.064,1.19
16,2021,7,28,20,26.8,8.36,7.83,590.7,10.1,4.63,0.09,0.056,1.2
16,2021,7,29,0,26.6,8.24,6.72,592.9,10.4,4.63,0.09,0.056,1.2
16,2021,7,29,4,26.4,8.13,5.53,594.8,10.4,4.63,0.09,0.056,1.2
16,2021,7,29,4,26.4,8.13,5.53,594.8,10.4,4.36,0.125,0.072,1.19
16,2021,7,29,8,26.3,8.12,5.42,596.9,9.1,4.54,0.112,0.068,1.18
16,2021,7,29,12,26.4,8.18,5.88,597.2,9.2,4.9,0.112,0.068,1.19
16,2021,7,29,16,26.5,8.35,7.3,592.9,10.1,4.9,0.112,0.068,1.19
16,2021,7,29,16,26.5,8.35,7.3,592.9,10.1,5.11,0.025,0.065,1.18
16,2021,7,29,20,26.2,8.17,5.7,594.9,10.9,4.55,0.137,0.068,1.21
16,2021,7,30,0,26.0,7.84,3.08,600.3,10.3,4.55,0.137,0.068,1.21
16,2021,7,30,4,25.9,7.83,3.29,599.8,9.8,4.55,0.137,0.068,1.21
16,2021,7,30,4,25.9,7.83,3.29,599.8,9.8,4.15,0.302,0.071,1.34
16,2021,7,30,8,25.8,7.77,2.66,600.9,10.2,4.51,0.338,0.067,1.34
16,2021,7,30,12,25.8,7.83,3.36,597.9,10.1,4.51,0.302,0.063,1.34
16,2021,7,30,16,26.1,7.88,3.95,598.6,10.2,4.4,0.302,0.063,1.32
16,2021,8,6,8,26.7,8.02,6.59,576.5,10.4,4.38,0.184,0.069,1.53
16,2021,8,6,8,26.7,8.02,6.59,576.5,10.4,4.48,0.214,0.073,1.54
16,2021,9,23,12,21.5,8.47,12.06,590.0,13.9,4.86,0.172,0.084,1.57
16,2021,9,23,16,21.9,8.56,12.19,585.8,15.0,4.85,0.143,0.083,1.51
16,2021,9,23,20,21.5,8.43,11.61,590.3,14.9,4.73,0.151,0.078,1.53
16,2021,9,24,0,21.5,8.46,10.92,583.3,13.7,4.73,0.151,0.078,1.53
16,2021,9,24,4,21.3,8.21,9.31,589.4,14.3,4.45,0.17,0.076,1.51
16,2021,10,28,12,13.5,8.48,12.12,626.4,15.9,4.33,0.108,0.072,4.22
16,2021,10,28,16,13.8,8.53,12.5,622.8,15.9,4.32,0.101,0.072,4.26
16,2021,10,28,20,14.2,8.58,13.4,617.5,15.5,4.31,0.084,0.079,4.28
16,2021,10,29,0,13.7,8.49,12.49,620.7,13.9,4.31,0.084,0.079,4.28
16,2021,10,29,4,13.4,8.42,11.68,620.7,14.5,3.94,0.025,0.067,4.27
16,2021,10,29,8,13.1,8.33,10.75,627.1,15.1,4.0,0.104,0.067,4.16
16,2021,10,29,12,13.1,8.33,10.75,627.1,15.1,4.08,0.116,0.072,4.2
16,2021,11,5,8,12.8,8.35,10.25,612.1,17.4,3.18,0.025,0.058,4.82
16,2021,11,5,12,13.1,8.43,11.06,548.1,13.1,3.23,0.025,0.059,4.78
16,2021,11,5,16,15.6,8.48,11.04,563.5,11.7,3.31,0.025,0.047,4.81
16,2021,11,5,20,13.5,8.44,11.17,594.3,11.2,3.03,0.025,0.048,4.84
16,2021,11,6,0,13.5,8.41,11.06,595.4,11.0,3.03,0.025,0.048,4.84
16,2021,11,6,4,13.3,8.39,10.86,597.0,10.4,3.08,0.025,0.051,4.76
16,2021,11,6,8,13.3,8.38,10.69,597.2,9.3,3.08,0.025,0.053,4.73
16,2021,11,6,12,13.0,8.39,10.59,599.1,10.5,3.18,0.025,0.055,4.69
16,2021,11,6,16,12.9,8.35,10.3,598.2,12.8,3.23,0.025,0.055,4.73
16,2021,11,6,20,12.5,8.31,9.94,599.7,14.2,3.12,0.086,0.054,4.75
16,2021,11,7,0,12.0,8.28,9.72,599.8,14.7,3.12,0.086,0.054,4.75
16,2021,11,7,4,11.8,8.26,9.52,598.1,15.1,3.05,0.104,0.054,4.73
16,2021,11,7,4,11.8,8.26,9.52,598.1,15.1,3.04,0.104,0.054,4.73
16,2021,11,7,12,11.5,8.28,9.69,598.3,15.9,3.32,0.101,0.054,4.73
16,2021,11,7,16,11.4,8.34,10.0,597.4,14.5,3.16,0.1,0.058,4.86
16,2021,11,7,20,11.1,8.31,9.81,592.6,16.7,3.22,0.112,0.056,4.87
16,2021,11,8,0,10.8,8.31,9.7,592.5,17.2,3.17,0.112,0.056,4.95
16,2021,11,8,4,10.1,8.3,9.65,594.2,20.0,3.17,0.121,0.056,4.95
16,2021,11,8,8,10.0,8.28,9.58,595.3,21.1,3.1,0.119,0.056,4.97
16,2021,11,8,12,9.9,8.33,9.84,593.2,20.1,3.2,0.121,0.062,5.02
16,2021,11,8,16,10.2,8.34,9.9,589.8,19.4,3.17,0.121,0.062,5.02
16,2021,11,8,20,9.7,8.35,9.95,592.7,17.3,3.01,0.124,0.06,5.03
16,2021,11,9,0,9.5,8.35,9.84,592.6,15.9,2.88,0.123,0.055,5.01
16,2021,11,9,4,9.2,8.34,9.81,590.1,16.0,2.86,0.115,0.051,5.06
16,2021,11,9,8,9.2,8.35,9.83,593.2,15.4,2.86,0.115,0.051,5.06
16,2021,11,9,12,9.4,8.38,9.97,591.7,15.2,3.02,0.115,0.05,4.94
16,2021,11,9,16,9.6,8.38,10.05,588.7,16.4,2.88,0.118,0.058,5.06
16,2021,11,9,20,9.4,8.38,10.03,587.3,16.1,2.81,0.121,0.054,5.2
16,2021,11,10,0,9.0,8.37,9.96,589.9,15.1,2.81,0.121,0.054,5.2
16,2021,11,10,0,9.0,8.37,9.96,589.9,15.1,2.78,0.117,0.054,5.06
16,2021,11,10,12,9.9,8.39,10.29,588.4,15.5,2.94,0.115,0.055,5.04
16,2021,11,10,16,10.0,8.39,10.38,588.0,15.7,3.06,0.12,0.054,5.09
16,2021,11,10,20,9.9,8.39,10.37,586.5,15.4,2.86,0.117,0.055,5.06
16,2021,11,11,0,9.5,8.39,10.26,589.8,15.1,2.95,0.117,0.055,5.06
16,2021,11,11,4,9.6,8.37,10.15,586.8,15.6,2.95,0.119,0.055,5.06
16,2021,11,11,8,9.4,8.37,10.1,589.2,14.9,2.79,0.115,0.043,5.07
16,2021,11,11,12,9.6,8.4,10.43,586.8,14.1,2.91,0.109,0.05,5.07
16,2021,11,11,16,9.9,8.42,10.6,585.6,14.4,2.88,0.118,0.051,5.08
16,2021,11,11,20,9.6,8.42,10.52,586.6,14.2,2.9,0.118,0.047,5.05
16,2021,11,12,0,9.5,8.4,10.39,583.3,14.2,2.81,0.118,0.047,5.09
16,2021,11,12,4,9.2,8.39,10.29,585.0,14.6,2.82,0.119,0.05,5.12
16,2021,11,26,12,9.2,8.6,11.97,567.6,7.8,3.04,0.098,0.046,4.9
16,2021,11,26,16,7.8,8.62,12.37,591.3,7.7,3.04,0.097,0.039,4.84
16,2021,11,26,20,8.1,8.6,12.29,590.4,7.9,2.97,0.097,0.039,4.85
16,2021,11,27,0,7.8,8.56,12.28,594.6,8.6,2.97,0.097,0.039,4.85
16,2021,11,27,4,7.8,8.53,11.89,595.4,9.4,3.04,0.117,0.042,4.93
16,2021,11,27,8,7.7,8.56,12.39,599.7,8.2,3.09,0.084,0.042,4.88
16,2021,11,27,12,8.1,8.58,12.52,592.0,8.6,3.06,0.086,0.039,4.93
16,2021,11,27,16,8.2,8.6,12.68,591.0,8.4,3.08,0.089,0.046,4.85
16,2021,11,27,20,8.1,8.58,12.87,595.2,9.0,3.04,0.083,0.045,4.87
16,2021,11,28,0,8.0,8.56,13.07,595.1,9.2,3.04,0.083,0.045,4.87
16,2021,11,28,4,8.0,8.54,13.04,594.9,8.5,3.09,0.025,0.042,4.89
16,2021,11,28,8,8.1,8.51,12.86,597.1,8.7,3.11,0.025,0.04,4.85
16,2021,11,28,12,8.2,8.53,12.97,593.1,9.4,3.22,0.025,0.042,4.9
16,2021,11,28,16,8.6,8.44,12.36,595.6,9.2,3.2,0.126,0.042,4.85
16,2021,11,28,20,8.2,8.44,12.62,601.0,9.2,3.22,0.097,0.042,4.87
16,2021,11,29,0,8.0,8.44,12.77,601.0,9.2,3.22,0.097,0.042,4.87
16,2021,11,29,4,7.9,8.43,13.08,605.2,8.9,3.2,0.025,0.039,4.87
16,2021,11,29,8,8.1,8.47,12.89,597.0,8.4,3.24,0.025,0.043,5.14
16,2021,11,29,12,8.0,8.47,14.66,607.4,9.3,3.18,0.025,0.039,5.08
16,2021,11,30,8,8.0,8.49,14.34,599.2,8.4,3.19,0.025,0.042,4.9
16,2021,11,30,12,8.1,8.48,13.79,601.9,8.7,3.31,0.025,0.039,4.91
16,2021,11,30,16,8.3,8.45,13.82,601.8,9.9,3.47,0.083,0.039,4.92
16,2021,11,30,20,7.7,8.47,14.0,602.0,9.8,3.43,0.025,0.039,4.92
16,2021,11,30,20,7.7,8.47,14.0,602.0,9.8,3.43,0.025,0.039,4.92
16,2021,12,1,4,7.6,8.42,13.24,603.2,9.4,3.37,0.086,0.038,4.91
16,2021,12,1,8,7.7,8.43,13.33,602.8,9.1,3.53,0.025,0.04,4.97
16,2021,12,1,12,7.8,8.46,14.0,606.8,9.7,3.53,0.025,0.039,4.99
16,2021,12,1,16,7.9,8.49,13.52,598.5,8.7,3.43,0.089,0.038,4.9
16,2021,12,1,20,7.9,8.49,13.52,598.5,8.7,3.44,0.086,0.041,4.87
16,2021,12,1,20,7.9,8.49,13.52,598.5,8.7,3.44,0.086,0.041,4.87
16,2021,12,3,16,7.7,8.46,13.95,606.9,9.7,3.73,0.025,0.042,5.03
16,2021,12,7,16,8.1,8.5,16.06,567.7,12.1,2.96,0.025,0.036,5.6
16,2021,12,7,20,7.7,8.46,15.51,569.8,13.1,2.81,0.025,0.036,5.59
16,2021,12,8,12,7.8,8.46,16.28,567.0,10.3,2.76,0.025,0.035,5.62
16,2021,12,8,16,7.7,8.51,16.76,565.8,10.6,3.3,0.025,0.035,5.6
16,2021,12,8,20,7.6,8.47,16.57,566.3,11.2,3.08,0.025,0.031,5.65
16,2021,12,9,0,7.9,8.46,16.66,564.9,10.9,3.08,0.025,0.031,5.65
16,2021,12,9,4,7.8,8.44,16.62,566.0,9.4,3.13,0.025,0.031,5.6
16,2021,12,9,8,7.8,8.42,16.73,566.2,10.1,3.2,0.025,0.035,5.63
16,2021,12,9,16,8.2,8.47,16.04,551.2,12.3,3.17,0.025,0.032,5.65
16,2021,12,10,12,6.9,8.43,15.52,579.7,9.0,2.85,0.025,0.039,6.06
16,2021,12,10,16,7.4,8.51,15.88,570.2,9.3,3.03,0.025,0.035,5.95
16,2021,12,14,12,7.2,8.53,15.47,569.6,10.6,2.97,0.025,0.036,6.1
16,2021,12,14,12,7.2,8.53,15.47,569.6,10.6,2.97,0.025,0.036,6.1
16,2021,12,14,20,7.0,8.55,15.93,567.1,11.7,2.98,0.025,0.035,6.14
16,2021,12,15,0,7.1,8.52,15.65,567.4,12.0,2.98,0.025,0.035,6.14
16,2021,12,15,4,6.8,8.51,16.0,568.8,11.6,2.94,0.025,0.031,6.12
16,2021,12,21,12,7.3,8.62,17.24,576.0,13.0,3.08,0.025,0.032,6.06
16,2021,12,21,16,7.3,8.68,17.81,577.5,12.5,3.32,0.025,0.031,6.12
16,2021,12,22,8,7.4,8.63,18.06,574.3,11.7,3.03,0.025,0.005,6.05
16,2021,12,22,12,7.5,8.68,19.01,570.3,12.4,3.07,0.025,0.005,6.03
16,2021,12,22,16,7.7,8.72,17.17,572.2,13.8,3.35,0.025,0.032,6.03
16,2021,12,22,20,7.4,8.66,18.95,572.9,12.4,3.3,0.025,0.005,6.12
16,2021,12,22,20,7.4,8.66,18.95,572.9,12.4,2.88,0.025,0.005,6.11
16,2021,12,22,20,7.4,8.66,18.95,572.9,12.4,2.88,0.025,0.005,6.11
16,2021,12,23,12,7.3,8.58,18.31,578.2,16.4,3.22,0.025,0.034,6.09
16,2021,12,23,16,7.4,8.58,18.49,576.3,14.1,3.33,0.025,0.035,6.15
16,2021,12,23,20,7.3,8.51,18.1,579.7,12.2,3.33,0.025,0.034,6.11
16,2021,12,24,0,7.5,8.48,18.04,578.1,11.8,3.33,0.025,0.034,6.11
16,2021,12,24,4,7.5,8.46,17.6,578.6,10.5,3.33,0.025,0.034,6.11
16,2021,12,24,8,7.0,8.5,19.02,580.6,10.3,3.13,0.025,0.031,6.11
16,2021,12,24,12,7.3,8.52,18.43,581.0,11.3,3.43,0.025,0.035,6.15
16,2021,12,27,16,7.5,8.31,15.88,589.8,11.7,3.27,0.156,0.032,5.92
16,2021,12,27,20,6.7,8.31,14.42,593.0,10.3,3.29,0.159,0.005,6.02
16,2021,12,27,20,6.7,8.31,14.42,593.0,10.3,3.27,0.159,0.005,5.94
16,2021,12,27,20,6.7,8.31,14.42,593.0,10.3,3.27,0.159,0.005,5.94
16,2021,12,28,12,7.1,8.35,16.33,595.8,11.5,3.2,0.084,0.031,6.25
16,2021,12,28,16,7.2,8.36,17.63,596.8,14.3,3.2,0.091,0.03,6.25
16,2021,12,30,12,6.4,8.33,15.7,594.4,9.4,3.32,0.115,0.005,6.04
16,2022,1,11,8,5.4,8.62,20.08,623.5,11.7,2.98,0.025,0.031,6.31
16,2022,1,11,12,5.6,8.65,20.26,620.7,11.9,3.09,0.025,0.04,6.3
16,2022,1,11,16,5.6,8.56,21.62,615.7,15.7,3.12,0.025,0.035,6.3
16,2022,1,12,8,5.4,8.44,20.82,619.5,12.2,3.0,0.025,0.03,6.32
16,2022,1,12,12,5.5,8.46,21.07,615.7,12.4,3.04,0.025,0.031,6.29
16,2022,1,12,16,5.5,8.51,21.93,615.4,12.0,3.13,0.025,0.031,6.27
16,2022,1,14,12,5.6,8.39,19.36,618.3,12.7,3.06,0.08,0.031,6.28
16,2022,1,14,16,5.6,8.42,19.45,616.8,12.7,3.27,0.088,0.034,6.29
16,2022,1,19,8,5.2,8.31,16.17,626.7,6.8,2.4,0.025,0.005,6.29
16,2022,1,19,12,5.2,8.32,14.97,627.2,6.6,2.4,0.025,0.005,6.29
16,2022,1,19,16,5.4,8.33,16.43,623.7,8.2,2.41,0.025,0.005,6.34
16,2022,1,19,20,5.4,8.32,15.64,624.7,6.6,2.3,0.025,0.005,6.35
16,2022,1,20,0,5.4,8.3,15.69,624.6,6.4,2.3,0.025,0.005,6.35
16,2022,1,20,4,5.3,8.27,15.68,626.0,6.3,2.31,0.025,0.005,6.37
16,2022,1,20,8,5.2,8.24,15.42,627.9,5.8,2.35,0.025,0.005,6.33
16,2022,1,20,12,5.3,8.23,15.54,626.8,6.1,2.23,0.025,0.005,6.36
16,2022,1,20,16,5.3,8.23,15.44,626.6,6.0,2.2,0.025,0.005,6.34
16,2022,1,20,20,5.2,8.25,15.63,626.7,5.8,2.21,0.025,0.005,6.32
16,2022,1,21,0,5.2,8.24,15.32,625.7,5.9,2.21,0.025,0.005,6.32
16,2022,1,21,4,5.1,8.22,15.27,627.7,5.6,2.12,0.025,0.005,6.34
16,2022,1,21,8,5.2,8.19,15.1,627.2,5.9,2.24,0.025,0.005,6.35
16,2022,1,21,12,5.2,8.18,15.18,627.9,5.7,2.13,0.025,0.005,6.31
16,2022,1,24,8,5.1,8.11,14.11,625.1,5.0,1.86,0.025,0.005,6.27
16,2022,1,24,12,5.3,8.12,14.44,621.6,4.6,2.01,0.025,0.005,6.21
16,2022,1,24,16,5.3,8.12,14.48,622.3,4.9,2.01,0.025,0.005,6.24
16,2022,2,10,8,5.2,8.05,13.37,626.2,3.2,1.69,0.025,0.005,6.55
16,2022,2,10,12,5.4,8.06,13.51,625.0,3.3,1.66,0.025,0.005,6.55
16,2022,2,11,8,5.3,8.06,13.75,624.8,3.0,1.77,0.025,0.005,6.56
16,2022,2,11,12,5.5,8.07,13.93,622.1,3.3,1.67,0.025,0.005,6.56
16,2022,2,11,16,5.7,8.09,14.07,619.7,3.1,1.67,0.025,0.005,6.56
16,2022,2,11,20,5.7,8.09,14.04,619.2,3.1,1.67,0.025,0.005,6.5
16,2022,2,11,20,5.7,8.09,14.04,619.2,3.1,1.67,0.025,0.005,6.5
16,2022,2,12,4,5.6,8.09,14.14,620.0,3.4,1.67,0.025,0.005,6.58
16,2022,2,12,8,5.5,8.07,14.12,616.5,3.1,1.74,0.025,0.005,6.51
16,2022,2,12,12,5.6,8.08,14.29,618.7,3.4,1.69,0.025,0.005,6.54
16,2022,2,12,16,5.7,8.09,14.25,616.7,3.5,1.66,0.025,0.005,6.54
16,2022,2,12,20,5.7,8.09,14.32,614.8,3.4,1.56,0.025,0.005,6.55
16,2022,2,13,0,5.5,8.08,14.38,617.4,2.8,1.56,0.025,0.005,6.55
16,2022,2,13,4,5.4,8.08,14.46,618.9,2.9,1.64,0.025,0.005,6.59
16,2022,2,13,8,5.4,8.07,14.26,619.4,3.2,1.71,0.025,0.005,6.51
16,2022,2,13,12,5.4,8.07,14.21,618.6,3.4,1.6,0.025,0.005,6.6
16,2022,2,13,16,5.2,8.07,14.31,620.3,2.9,1.6,0.025,0.005,6.6
16,2022,2,13,20,5.3,8.06,14.25,617.7,2.7,1.6,0.025,0.005,6.56
16,2022,2,14,0,5.2,8.04,14.09,619.8,3.6,1.6,0.025,0.005,6.56
16,2022,2,14,4,5.1,8.04,14.04,620.8,2.6,1.5,0.025,0.005,6.54
16,2022,2,18,8,4.3,8.03,13.36,621.0,2.5,1.43,0.025,0.005,6.71
16,2022,2,18,12,4.6,8.02,13.38,617.4,2.0,1.57,0.025,0.005,6.65
16,2022,2,18,16,4.6,8.03,13.33,616.4,1.9,1.44,0.025,0.005,6.65
16,2022,2,18,20,4.7,7.99,12.91,639.1,2.4,1.49,0.025,0.005,6.62
16,2022,2,19,0,4.6,8.0,12.26,637.9,2.4,1.46,0.025,0.005,6.62
16,2022,2,19,0,4.6,8.0,12.26,637.9,2.4,1.47,0.025,0.005,6.6
16,2022,2,22,12,4.4,8.0,12.05,641.5,2.2,1.67,0.025,0.005,6.75
16,2022,2,22,12,4.4,8.0,12.05,641.5,2.2,1.67,0.025,0.005,6.75
16,2022,2,22,16,4.6,8.0,11.95,642.3,2.3,1.63,0.025,0.005,6.73
16,2022,2,22,16,4.6,8.0,11.95,642.3,2.3,1.63,0.025,0.005,6.73
16,2022,2,22,20,4.4,8.0,11.73,642.8,2.1,1.63,0.025,0.005,6.71
16,2022,2,23,0,4.4,7.99,11.68,643.2,2.2,1.58,0.025,0.005,6.76
16,2022,2,23,4,4.2,7.99,11.61,645.3,2.2,1.58,0.025,0.005,6.76
16,2022,2,23,8,4.2,7.98,11.68,648.4,2.3,1.55,0.025,0.005,6.79
16,2022,2,23,12,4.3,7.99,11.61,644.6,2.0,1.56,0.025,0.005,6.81
16,2022,2,23,16,4.6,7.99,11.79,644.5,2.3,1.59,0.025,0.005,6.76
16,2022,3,1,8,5.6,7.86,11.1,640.7,2.9,1.57,0.025,0.005,6.72
16,2022,3,1,12,5.6,7.86,11.09,645.6,2.9,1.53,0.025,0.005,6.65
16,2022,3,1,16,5.8,7.84,11.32,646.2,2.9,1.47,0.025,0.005,6.65
16,2022,3,2,8,5.5,7.86,11.58,646.7,2.7,1.26,0.025,0.005,6.71
16,2022,3,2,12,5.6,7.87,11.9,644.5,3.4,1.41,0.025,0.005,6.79
16,2022,3,7,8,6.5,7.92,14.11,630.6,3.7,1.37,0.025,0.005,6.94
16,2022,3,7,12,6.7,7.93,14.52,628.1,4.0,1.15,0.025,0.005,6.95
16,2022,3,8,8,6.7,7.93,14.48,626.1,4.3,1.09,0.025,0.005,6.95
16,2022,3,8,12,7.0,7.94,14.73,624.8,4.9,1.36,0.025,0.005,6.92
16,2022,3,8,16,7.2,7.94,14.77,621.2,4.6,1.21,0.025,0.005,6.9
16,2022,3,8,20,7.1,7.95,14.95,622.3,5.1,1.25,0.025,0.005,6.84
16,2022,3,9,0,7.0,7.94,14.88,621.0,4.9,1.21,0.025,0.005,6.91
16,2022,3,9,4,7.0,7.95,14.77,619.7,4.4,1.21,0.025,0.005,6.91
16,2022,3,9,8,7.0,7.94,14.97,621.9,5.8,1.16,0.025,0.005,6.91
16,2022,3,9,12,8.8,7.96,14.61,594.6,6.0,1.37,0.025,0.005,6.87
16,2022,3,9,16,8.8,7.97,12.91,595.3,5.6,1.32,0.025,0.005,6.91
16,2022,3,10,8,8.6,7.96,14.34,594.6,5.5,1.24,0.025,0.005,6.8
16,2022,3,10,12,11.4,7.91,13.57,614.6,15.7,1.4,0.025,0.005,6.84
16,2022,3,10,16,10.4,8.0,14.37,568.4,6.5,1.46,0.025,0.005,6.99
16,2022,3,11,8,8.8,8.0,14.99,588.9,5.7,1.38,0.025,0.005,6.75
16,2022,3,11,12,9.2,8.02,15.14,584.9,6.1,1.42,0.025,0.005,6.72
16,2022,3,11,16,8.9,8.03,15.33,582.9,6.1,1.36,0.025,0.005,6.74
16,2022,3,11,20,9.0,8.02,15.05,582.3,6.1,1.39,0.025,0.005,6.74
16,2022,3,12,16,10.2,8.04,14.48,586.8,12.1,1.48,0.025,0.005,6.67
16,2022,3,12,20,8.9,8.08,15.27,578.2,6.5,1.45,0.025,0.005,6.56
16,2022,3,13,0,8.7,8.06,15.17,582.2,6.3,1.45,0.025,0.005,6.56
16,2022,3,13,4,8.7,8.06,15.11,582.0,7.0,1.4,0.025,0.005,6.55
16,2022,3,13,8,8.7,8.03,15.01,581.6,6.8,1.55,0.025,0.005,6.54
16,2022,3,13,12,10.5,8.04,14.3,587.0,13.9,1.45,0.025,0.005,6.54
16,2022,3,13,16,13.1,7.99,13.89,585.5,12.6,1.47,0.025,0.005,6.61
16,2022,3,13,20,9.5,8.04,14.68,577.1,6.5,1.42,0.025,0.005,6.48
16,2022,3,14,0,9.0,8.03,14.68,579.2,5.9,1.42,0.025,0.005,6.48
16,2022,3,14,4,8.9,8.03,14.61,580.0,6.0,1.39,0.025,0.005,6.46
16,2022,3,14,8,8.9,8.02,14.53,578.6,6.3,1.55,0.025,0.005,6.43
16,2022,3,14,12,10.3,8.02,14.47,562.4,6.1,1.48,0.025,0.005,6.44
16,2022,3,14,16,9.9,8.0,13.98,568.7,6.5,1.44,0.025,0.005,6.15
16,2022,3,15,8,9.3,7.98,13.68,570.2,5.4,1.53,0.025,0.005,6.44
16,2022,3,15,16,12.7,8.08,12.79,526.9,7.9,1.53,0.025,0.005,6.06
16,2022,3,16,0,13.6,7.99,11.61,588.0,15.6,1.53,0.025,0.005,6.11
16,2022,3,16,0,13.6,7.99,11.61,588.0,15.6,1.64,0.025,0.005,6.19
16,2022,3,16,8,9.8,8.11,13.9,563.2,5.3,1.52,0.025,0.005,6.36
16,2022,3,16,12,10.9,8.13,13.55,532.8,4.9,1.64,0.025,0.005,6.48
16,2022,3,16,16,10.4,8.14,13.63,531.0,4.6,1.49,0.025,0.005,6.17
16,2022,3,16,20,10.4,8.16,13.33,514.7,4.9,1.5,0.025,0.005,5.86
16,2022,3,17,0,10.3,8.09,12.64,497.7,5.8,1.51,0.025,0.005,5.74
16,2022,3,17,4,10.3,8.06,12.37,489.6,5.9,1.51,0.025,0.005,5.74
16,2022,3,17,8,8.9,8.06,12.2,509.4,5.5,1.47,0.025,0.005,5.38
16,2022,3,17,12,9.0,8.04,12.43,529.6,5.8,1.66,0.025,0.005,5.43
16,2022,3,17,16,9.3,8.11,12.8,526.7,5.5,1.5,0.025,0.005,5.52
16,2022,3,17,20,9.0,8.12,12.54,530.9,6.2,1.49,0.025,0.005,5.59
16,2022,3,18,8,8.6,8.16,12.96,514.8,4.1,1.64,0.025,0.005,5.73
16,2022,3,18,12,8.5,8.14,12.52,521.8,6.0,1.49,0.025,0.005,5.69
16,2022,3,18,16,11.4,8.08,12.11,523.7,12.2,1.52,0.025,0.005,5.74
16,2022,3,23,12,9.0,8.14,12.68,534.1,7.1,1.71,0.025,0.005,5.66
16,2022,3,24,16,9.3,8.21,12.98,530.3,5.9,1.57,0.025,0.005,5.6
16,2022,3,24,20,9.4,8.2,13.12,528.6,5.6,1.55,0.025,0.005,5.63
16,2022,3,25,0,10.3,8.14,11.81,527.6,7.6,1.55,0.025,0.005,5.63
16,2022,3,25,4,14.1,8.05,10.72,508.7,13.5,1.55,0.025,0.005,5.62
16,2022,3,25,8,9.1,8.13,12.5,530.6,6.1,1.79,0.025,0.005,5.55
16,2022,3,25,20,8.9,8.25,12.87,511.0,5.3,1.57,0.025,0.005,5.62
16,2022,3,26,0,15.0,8.02,10.82,536.6,14.9,1.57,0.025,0.005,5.62
16,2022,3,26,4,12.0,8.16,11.8,467.6,6.3,1.55,0.025,0.005,5.6
16,2022,3,26,16,9.4,8.25,12.87,510.8,4.9,1.75,0.025,0.005,5.66
16,2022,3,26,20,8.3,8.27,12.83,526.2,6.6,1.56,0.025,0.005,5.64
16,2022,3,27,0,8.0,8.27,12.51,527.9,6.5,1.56,0.025,0.005,5.64
16,2022,3,27,4,7.8,8.27,12.54,527.9,7.2,1.53,0.025,0.005,5.69
16,2022,3,27,8,7.7,8.27,12.32,531.3,5.5,1.68,0.025,0.005,5.59
16,2022,3,27,12,8.0,8.29,12.36,530.1,5.8,1.52,0.025,0.005,5.59
16,2022,3,27,16,8.7,8.33,12.44,520.5,5.7,1.61,0.025,0.005,5.55
16,2022,3,27,20,8.5,8.33,12.55,524.1,5.4,1.52,0.025,0.005,5.58
16,2022,3,28,0,8.1,8.32,12.38,523.1,6.8,1.52,0.025,0.005,5.58
16,2022,3,28,4,7.9,8.31,12.38,523.6,6.0,1.45,0.025,0.005,5.57
16,2022,3,28,8,7.8,8.31,12.42,522.9,6.1,1.65,0.025,0.005,5.61
16,2022,3,28,12,8.5,8.34,12.58,523.8,6.0,1.48,0.025,0.005,5.6
16,2022,3,28,16,9.1,8.37,12.65,520.3,6.0,1.49,0.025,0.005,5.58
16,2022,3,28,20,8.8,8.36,12.53,521.7,6.3,1.5,0.025,0.005,5.6
16,2022,3,29,0,8.7,8.36,12.47,524.8,6.8,1.5,0.025,0.005,5.6
16,2022,3,29,4,8.6,8.33,12.25,524.3,6.8,1.53,0.025,0.005,5.6
16,2022,3,29,8,8.6,8.32,12.12,523.6,6.6,1.68,0.025,0.005,5.55
16,2022,3,29,12,8.7,8.34,12.28,522.7,6.2,1.47,0.025,0.005,5.56
16,2022,3,29,16,8.8,8.38,12.68,522.9,5.6,1.49,0.025,0.005,5.53
16,2022,3,29,20,8.7,8.35,12.46,522.7,5.8,1.47,0.025,0.005,5.53
16,2022,3,30,0,8.6,8.34,12.37,522.7,5.7,1.47,0.025,0.005,5.53
16,2022,3,30,4,8.4,8.32,12.14,524.7,5.7,1.48,0.025,0.005,5.56
16,2022,3,30,8,8.4,8.3,11.94,524.4,6.2,1.66,0.025,0.005,5.55
16,2022,3,30,12,8.5,8.28,11.7,523.6,7.2,1.48,0.025,0.005,5.48
16,2022,3,30,16,8.5,8.3,11.8,523.3,6.4,1.52,0.025,0.005,5.48
16,2022,3,30,20,8.5,8.31,11.89,522.4,6.5,1.45,0.025,0.005,5.48
16,2022,3,31,0,8.3,8.3,11.84,525.2,6.5,1.45,0.025,0.005,5.48
16,2022,3,31,4,8.3,8.28,11.69,527.5,7.0,1.55,0.025,0.005,5.57
16,2022,3,31,8,8.2,8.31,11.75,530.2,7.0,1.76,0.025,0.005,5.62
16,2022,3,31,12,8.4,8.36,12.19,536.3,7.1,1.55,0.025,0.005,5.73
16,2022,3,31,16,8.9,8.4,12.52,534.7,5.9,1.52,0.025,0.005,5.73
16,2022,3,31,20,9.1,8.41,12.78,530.1,5.0,1.53,0.025,0.005,5.67
16,2022,4,1,0,9.0,8.4,12.52,530.9,5.4,1.53,0.025,0.005,5.67
16,2022,4,1,4,8.8,8.39,12.31,532.7,5.4,1.47,0.025,0.005,5.71
16,2022,4,1,12,9.3,8.41,12.77,539.7,5.4,1.56,0.025,0.005,5.74
16,2022,4,1,16,9.9,8.46,13.11,547.2,5.9,1.61,0.025,0.005,5.96
16,2022,4,1,20,9.7,8.45,13.0,542.6,5.6,1.59,0.025,0.005,5.88
16,2022,4,2,0,9.3,8.47,12.96,549.6,5.8,1.59,0.025,0.005,5.88
16,2022,4,2,4,9.1,8.44,12.45,543.8,6.3,1.58,0.025,0.005,5.89
16,2022,4,2,8,9.0,8.43,12.61,542.8,5.6,1.78,0.025,0.005,5.86
16,2022,4,2,16,10.6,8.5,13.32,535.1,6.1,1.79,0.025,0.005,5.83
16,2022,4,2,20,10.0,8.53,13.53,538.8,6.6,1.8,0.025,0.005,5.89
16,2022,4,3,0,9.9,8.52,13.57,538.5,5.8,1.8,0.025,0.005,5.89
16,2022,4,3,4,9.9,8.52,13.57,538.5,5.8,1.81,0.025,0.005,5.96
16,2022,4,3,16,12.6,8.56,13.78,546.5,5.9,1.88,0.025,0.005,5.94
16,2022,4,3,20,12.1,8.57,13.9,546.1,6.6,2.39,0.025,0.005,5.98
16,2022,4,4,0,11.2,8.57,14.02,543.8,5.5,2.39,0.025,0.005,5.98
16,2022,4,4,4,11.0,8.54,13.48,546.5,5.8,2.38,0.025,0.005,5.99
16,2022,4,4,8,10.7,8.53,13.4,547.4,5.2,2.54,0.025,0.005,5.95
16,2022,4,4,12,11.4,8.58,14.11,544.2,5.7,2.48,0.025,0.005,5.91
16,2022,4,4,16,12.6,8.6,14.91,544.7,6.8,2.6,0.025,0.005,6.06
16,2022,4,4,20,12.1,8.6,15.0,544.7,6.9,2.65,0.025,0.005,6.05
16,2022,4,5,0,11.8,8.59,15.42,546.3,8.6,2.65,0.025,0.005,6.05
16,2022,4,5,4,11.6,8.56,15.15,546.5,7.5,2.62,0.025,0.005,6.09
16,2022,4,5,8,11.4,8.56,14.91,548.2,6.3,2.78,0.025,0.005,6.06
16,2022,4,5,12,12.0,8.61,15.76,544.8,7.9,2.78,0.025,0.005,6.12
16,2022,4,5,16,13.5,8.6,15.91,542.6,7.6,2.78,0.025,0.005,6.11
16,2022,4,5,20,13.1,8.6,16.05,542.4,8.1,2.78,0.025,0.005,6.11
16,2022,4,6,0,13.1,8.56,15.29,541.2,7.2,2.78,0.025,0.005,6.11
16,2022,4,6,4,12.6,8.57,16.09,543.1,7.7,2.82,0.025,0.005,6.16
16,2022,4,6,8,12.3,8.51,14.72,542.8,6.5,2.99,0.025,0.005,6.1
16,2022,4,6,12,12.5,8.57,15.32,541.6,8.1,2.86,0.025,0.005,6.09
16,2022,4,6,16,13.0,8.62,16.06,539.3,7.7,2.86,0.025,0.005,6.09
16,2022,4,6,20,12.6,8.6,15.81,539.5,8.7,2.94,0.025,0.005,6.05
16,2022,4,7,8,11.7,8.55,15.2,542.5,7.9,2.85,0.025,0.005,6.07
16,2022,4,7,12,12.6,8.59,15.63,541.9,7.4,3.02,0.025,0.005,6.06
16,2022,4,7,16,14.4,8.58,15.56,539.3,7.7,2.6,0.025,0.005,6.03
16,2022,4,7,20,13.8,8.61,15.73,536.3,7.5,2.39,0.025,0.005,6.04
16,2022,4,8,0,13.2,8.62,15.64,534.5,7.8,2.59,0.025,0.005,6.09
16,2022,4,8,4,12.9,8.59,15.25,536.9,7.7,2.59,0.025,0.005,6.09
16,2022,4,8,8,12.9,8.59,15.0,536.6,7.3,2.51,0.025,0.005,6.08
16,2022,4,8,12,13.1,8.63,15.9,535.6,7.7,2.59,0.025,0.005,6.06
16,2022,4,8,16,15.1,8.61,15.06,532.7,7.3,2.63,0.025,0.005,6.09
16,2022,4,8,20,14.4,8.63,15.71,533.5,8.2,2.48,0.025,0.005,6.04
16,2022,4,9,0,14.2,8.61,15.17,534.4,8.9,2.59,0.025,0.005,6.06
16,2022,4,9,4,13.9,8.58,14.71,534.8,8.2,2.59,0.025,0.005,6.06
16,2022,4,9,8,13.8,8.59,14.99,535.0,7.6,2.52,0.025,0.005,6.08
16,2022,4,9,12,14.2,8.61,15.09,533.2,8.2,2.69,0.025,0.005,6.04
16,2022,4,9,20,15.2,8.65,15.7,531.0,8.6,2.76,0.025,0.005,6.06
16,2022,4,10,0,14.9,8.63,14.89,531.8,8.2,2.76,0.025,0.005,6.06
16,2022,4,10,4,14.7,8.6,15.39,533.4,9.1,2.76,0.025,0.005,6.06
16,2022,4,10,8,14.6,8.59,14.94,533.2,7.7,2.67,0.025,0.005,6.09
16,2022,4,10,12,15.1,8.64,15.76,532.1,9.0,2.86,0.025,0.031,6.08
16,2022,4,10,16,16.3,8.65,15.42,540.0,8.4,2.81,0.025,0.005,6.08
16,2022,4,10,20,16.3,8.66,16.04,534.8,8.9,2.73,0.025,0.005,6.02
16,2022,4,11,0,16.2,8.64,15.25,534.9,7.7,2.89,0.025,0.005,6.07
16,2022,4,11,0,16.2,8.64,15.25,534.9,7.7,2.89,0.025,0.005,6.07
16,2022,4,11,12,15.7,8.48,15.96,567.8,7.9,2.9,0.025,0.03,6.0
16,2022,4,11,16,14.9,8.48,15.72,559.9,8.5,3.08,0.025,0.005,6.07
16,2022,4,11,20,14.7,8.48,15.73,560.2,8.5,2.88,0.025,0.005,6.05
16,2022,4,12,0,14.5,8.43,15.3,561.8,7.6,2.88,0.025,0.005,6.04
16,2022,4,12,4,14.3,8.4,14.33,563.4,7.2,2.88,0.025,0.005,6.04
16,2022,4,12,8,14.0,8.42,14.92,563.0,7.1,2.99,0.025,0.005,6.03
16,2022,4,12,12,14.5,8.44,15.37,562.8,7.4,3.04,0.025,0.005,6.0
16,2022,4,12,16,15.4,8.46,15.18,562.1,6.8,2.87,0.025,0.005,6.02
16,2022,4,12,20,15.1,8.47,15.53,556.7,7.2,2.96,0.025,0.005,6.02
16,2022,4,13,0,14.7,8.44,15.27,557.8,7.6,2.88,0.025,0.005,6.0
16,2022,4,13,4,14.4,8.38,14.19,557.9,6.7,2.88,0.025,0.005,6.0
16,2022,4,13,8,14.2,8.42,14.79,558.6,6.0,2.78,0.025,0.005,5.96
16,2022,4,13,12,14.1,8.42,14.56,558.0,6.3,2.89,0.025,0.005,5.96
16,2022,4,13,16,14.2,8.47,14.88,559.6,9.7,2.96,0.025,0.005,5.95
16,2022,4,13,20,14.0,8.46,14.69,556.3,7.2,2.99,0.025,0.005,5.91
16,2022,4,14,0,13.6,8.42,14.53,557.2,6.9,3.03,0.025,0.005,5.88
16,2022,4,14,4,13.4,8.4,13.81,557.7,6.1,3.03,0.025,0.005,5.88
16,2022,4,14,8,13.2,8.41,13.89,559.8,6.8,2.85,0.025,0.005,5.93
16,2022,4,14,12,13.8,8.45,14.34,558.6,7.0,3.03,0.025,0.005,5.89
16,2022,4,14,16,14.0,8.48,15.0,556.8,7.3,2.99,0.025,0.005,5.88
16,2022,4,14,20,13.7,8.47,15.0,555.5,7.3,3.05,0.025,0.005,5.9
16,2022,4,15,8,13.0,8.44,14.64,557.7,6.9,2.9,0.025,0.005,5.89
16,2022,4,15,12,13.8,8.45,14.31,557.8,6.6,3.01,0.025,0.005,5.86
16,2022,4,15,16,14.9,8.47,14.47,552.8,6.7,2.87,0.025,0.005,5.85
16,2022,4,15,20,14.2,8.47,14.98,553.0,6.8,2.89,0.025,0.005,5.82
16,2022,4,16,0,13.8,8.45,14.62,552.9,6.7,2.89,0.025,0.005,5.82
16,2022,4,16,4,13.4,8.41,13.79,554.4,6.4,2.84,0.025,0.005,5.85
16,2022,4,16,8,13.2,8.41,14.19,556.5,6.5,2.95,0.025,0.005,5.78
16,2022,4,16,12,14.2,8.44,13.95,556.3,6.4,2.8,0.025,0.005,5.79
16,2022,4,16,16,15.3,8.46,14.6,551.0,6.7,2.84,0.025,0.005,5.86
16,2022,4,16,20,14.7,8.45,14.49,548.8,6.6,2.94,0.025,0.005,5.82
16,2022,4,17,0,14.3,8.45,14.56,549.1,6.6,2.94,0.025,0.005,5.82
16,2022,4,17,0,14.3,8.45,14.56,549.1,6.6,2.94,0.025,0.005,5.82
16,2022,4,17,12,14.5,8.43,14.19,550.4,6.3,2.83,0.025,0.005,5.76
16,2022,4,17,16,14.9,8.47,14.91,546.2,6.3,2.83,0.025,0.005,5.75
16,2022,4,17,20,14.6,8.47,14.73,547.3,7.0,2.94,0.025,0.005,5.8
16,2022,4,18,0,14.5,8.43,14.92,546.4,6.8,2.94,0.025,0.005,5.8
16,2022,4,18,4,14.3,8.38,14.36,546.7,6.2,2.87,0.025,0.005,5.73
16,2022,4,18,8,14.1,8.39,14.15,548.0,6.5,2.9,0.025,0.005,5.73
16,2022,4,18,12,15.1,8.44,14.77,545.6,6.8,2.77,0.025,0.005,5.73
16,2022,4,18,16,15.9,8.43,14.86,544.7,6.1,2.86,0.025,0.005,5.75
16,2022,4,18,20,15.9,8.43,14.7,544.0,6.9,2.86,0.025,0.005,5.75
16,2022,4,19,0,15.5,8.42,14.77,541.8,6.1,2.86,0.025,0.005,5.75
16,2022,4,19,4,15.0,8.37,14.02,542.6,6.1,2.78,0.025,0.005,5.68
16,2022,4,19,8,14.8,8.36,13.68,544.1,5.9,2.92,0.025,0.005,5.69
16,2022,4,19,12,16.4,8.4,14.62,548.7,6.2,2.7,0.025,0.005,5.7
16,2022,4,19,16,16.7,8.45,13.11,539.2,6.0,2.74,0.025,0.005,5.68
16,2022,4,19,20,15.9,8.43,14.27,539.2,6.7,2.79,0.025,0.005,5.7
16,2022,4,20,0,15.6,8.43,15.2,538.1,7.0,2.79,0.025,0.005,5.7
16,2022,4,20,4,15.2,8.38,14.27,540.0,6.3,2.8,0.025,0.005,5.64
16,2022,4,20,8,15.2,8.39,14.09,540.5,6.9,2.88,0.025,0.005,5.63
16,2022,4,20,12,15.9,8.42,14.95,537.9,6.5,2.96,0.025,0.005,5.65
16,2022,4,20,16,17.6,8.41,13.99,537.6,7.4,2.86,0.025,0.005,5.62
16,2022,4,20,20,17.2,8.44,15.04,539.5,6.3,2.95,0.025,0.005,5.64
16,2022,4,21,0,16.9,8.41,14.68,535.8,7.3,2.95,0.025,0.005,5.64
16,2022,4,21,4,16.6,8.37,14.49,535.6,5.8,2.9,0.025,0.005,5.6
16,2022,4,21,8,16.5,8.34,12.02,536.4,6.0,2.96,0.025,0.005,5.58
16,2022,4,21,12,17.9,8.41,14.12,545.1,6.4,2.84,0.025,0.005,5.58
16,2022,4,21,16,17.4,8.42,15.61,534.3,6.3,2.94,0.025,0.005,5.59
16,2022,4,21,20,17.1,8.45,15.16,532.4,7.0,2.98,0.025,0.005,5.56
16,2022,4,21,20,17.1,8.45,15.16,532.4,7.0,2.98,0.025,0.005,5.56
16,2022,4,22,4,15.9,8.41,14.35,533.1,6.2,2.95,0.025,0.005,5.52
16,2022,4,22,8,15.9,8.4,14.67,534.2,6.1,3.12,0.025,0.005,5.52
16,2022,4,22,12,16.5,8.45,14.27,532.0,6.3,2.95,0.025,0.005,5.52
16,2022,4,22,16,17.0,8.49,14.39,528.1,6.2,2.85,0.025,0.005,5.51
16,2022,4,22,20,17.0,8.5,14.33,528.9,6.3,2.96,0.025,0.005,5.48
16,2022,4,23,0,16.6,8.47,14.01,528.1,6.4,2.96,0.025,0.005,5.48
16,2022,4,23,4,16.3,8.42,13.2,529.7,6.1,2.95,0.025,0.005,5.43
16,2022,4,23,8,16.1,8.42,13.34,530.2,6.2,3.03,0.025,0.005,5.41
16,2022,4,23,12,16.9,8.5,14.97,525.8,5.4,3.03,0.025,0.005,5.41
16,2022,4,23,16,18.3,8.54,15.24,526.8,6.3,3.02,0.025,0.005,5.39
16,2022,4,23,20,17.7,8.53,14.82,523.2,6.0,3.08,0.025,0.005,5.37
16,2022,4,24,0,17.4,8.5,14.22,523.9,6.1,2.92,0.025,0.005,5.45
16,2022,4,24,4,17.1,8.48,13.59,525.1,5.7,2.92,0.025,0.005,5.41
16,2022,4,24,8,17.0,8.48,13.67,525.4,6.4,2.91,0.025,0.005,5.38
16,2022,4,24,12,18.3,8.56,15.44,522.7,5.8,2.99,0.025,0.005,5.28
16,2022,4,24,16,19.0,8.6,16.39,516.7,6.1,2.93,0.025,0.005,5.28
16,2022,4,24,20,18.9,8.65,15.97,509.1,6.1,2.95,0.025,0.005,5.24
16,2022,4,25,8,18.2,8.52,14.44,515.0,5.7,2.91,0.025,0.005,5.29
16,2022,4,25,12,18.8,8.55,13.73,519.4,5.3,3.02,0.025,0.005,5.27
16,2022,4,25,16,20.2,8.65,16.82,508.5,5.6,2.9,0.025,0.005,5.28
16,2022,4,25,20,19.7,8.65,16.06,507.9,5.9,2.99,0.025,0.005,5.12
16,2022,4,26,0,19.4,8.65,15.92,504.3,5.6,2.9,0.025,0.005,5.16
16,2022,4,26,4,18.8,8.58,15.36,505.9,5.5,2.93,0.025,0.005,5.18
16,2022,4,26,12,17.9,8.59,13.52,511.1,6.4,3.07,0.025,0.005,5.16
16,2022,4,26,16,18.3,8.6,13.8,511.7,5.9,2.9,0.025,0.005,5.15
16,2022,4,26,20,17.9,8.62,14.26,508.1,5.9,2.81,0.025,0.005,5.11
16,2022,4,27,0,17.5,8.58,13.93,510.5,5.2,2.96,0.025,0.005,5.11
16,2022,4,27,4,17.2,8.54,13.28,511.9,5.6,2.93,0.025,0.005,5.09
16,2022,4,27,8,17.0,8.52,12.46,513.0,5.6,2.88,0.025,0.005,5.04
16,2022,4,27,12,16.6,8.54,13.32,515.7,6.3,2.95,0.025,0.005,5.06
16,2022,4,27,16,16.4,8.56,13.25,513.2,5.3,2.85,0.025,0.005,5.02
16,2022,4,27,20,16.2,8.58,13.38,512.6,5.6,2.85,0.025,0.005,5.0
16,2022,4,27,20,16.2,8.58,13.38,512.6,5.6,2.85,0.025,0.005,4.96
16,2022,4,28,4,15.8,8.57,12.88,511.5,4.8,2.85,0.025,0.005,4.96
16,2022,4,28,8,15.6,8.57,12.48,510.3,4.3,2.83,0.025,0.005,4.97
16,2022,4,28,12,16.2,8.59,13.17,513.8,4.0,2.97,0.025,0.005,4.93
16,2022,4,28,16,17.0,8.6,13.34,513.0,4.1,2.84,0.025,0.005,4.92
16,2022,4,28,20,16.7,8.66,11.99,508.1,4.0,2.8,0.025,0.005,4.9
16,2022,4,29,0,16.3,8.64,13.06,508.0,3.9,2.86,0.025,0.005,4.94
16,2022,4,29,4,16.0,8.61,13.58,508.1,3.6,2.86,0.025,0.005,4.94
16,2022,4,29,8,15.9,8.6,13.12,508.9,4.1,2.89,0.025,0.005,4.86
16,2022,4,29,12,16.7,8.61,13.15,512.1,3.8,2.97,0.025,0.005,4.88
16,2022,4,29,16,16.7,8.63,13.84,507.2,4.0,2.78,0.025,0.005,4.89
16,2022,4,29,20,16.5,8.67,14.31,505.4,4.1,2.9,0.025,0.005,4.88
16,2022,4,30,0,15.9,8.63,14.29,507.3,4.4,2.91,0.025,0.005,4.91
16,2022,4,30,4,15.5,8.57,13.57,509.7,3.9,2.91,0.025,0.005,4.91
16,2022,4,30,8,15.5,8.58,13.88,512.6,4.2,2.84,0.025,0.005,4.85
16,2022,4,30,12,16.2,8.68,14.42,508.0,3.1,3.0,0.025,0.005,4.82
16,2022,4,30,16,16.5,8.69,14.65,508.5,4.2,2.8,0.025,0.005,4.78
16,2022,4,30,20,16.2,8.68,14.38,508.2,4.7,2.89,0.025,0.005,4.77
16,2022,5,1,0,15.8,8.67,14.06,508.2,4.3,3.03,0.025,0.005,4.73
16,2022,5,1,4,15.3,8.62,12.42,511.7,4.7,3.03,0.025,0.005,4.73
16,2022,5,1,8,14.9,8.58,12.81,516.2,5.6,2.96,0.025,0.005,4.68
16,2022,5,1,12,15.4,8.64,13.41,514.1,4.2,3.09,0.025,0.005,4.66
16,2022,5,1,16,15.5,8.66,13.43,515.1,5.2,2.94,0.025,0.005,4.62
16,2022,5,1,20,15.4,8.7,13.72,509.9,4.8,3.04,0.025,0.005,4.63
16,2022,5,2,0,15.3,8.68,13.61,511.0,4.0,3.05,0.025,0.005,4.66
16,2022,5,2,4,15.1,8.64,13.02,511.1,4.1,3.05,0.025,0.005,4.66
16,2022,5,2,8,15.1,8.65,13.1,511.8,4.8,2.97,0.025,0.005,4.62
16,2022,5,2,12,15.6,8.71,13.88,509.6,4.9,3.2,0.025,0.005,4.6
16,2022,5,2,16,17.2,8.79,14.85,505.8,4.6,3.02,0.025,0.005,4.6
16,2022,5,2,20,16.4,8.78,15.45,508.2,4.1,3.03,0.025,0.005,4.55
16,2022,5,3,0,16.3,8.77,15.52,511.9,4.8,3.12,0.025,0.032,4.59
16,2022,5,3,4,15.9,8.74,13.96,511.2,4.4,3.12,0.025,0.032,4.59
16,2022,5,3,8,15.8,8.74,14.34,511.7,4.5,3.13,0.025,0.032,4.47
16,2022,5,3,12,17.2,8.83,16.21,516.7,4.5,3.3,0.025,0.036,4.51
16,2022,5,3,16,18.3,8.8,14.44,507.5,4.2,3.03,0.025,0.005,4.42
16,2022,5,5,8,18.4,8.82,15.38,499.8,4.8,3.1,0.025,0.005,4.38
16,2022,5,5,12,19.1,8.87,15.88,499.2,4.7,3.13,0.025,0.033,4.42
16,2022,5,5,16,20.0,8.98,17.04,491.9,5.5,3.27,0.025,0.032,4.36
16,2022,5,5,20,19.8,8.97,16.96,491.7,5.4,3.38,0.025,0.033,4.26
16,2022,5,6,0,19.7,8.96,17.02,490.5,5.1,3.4,0.025,0.045,4.31
16,2022,5,6,4,19.3,8.92,14.98,490.9,4.7,3.4,0.025,0.045,4.31
16,2022,5,6,4,19.3,8.92,14.98,490.9,4.7,3.17,0.025,0.033,4.26
16,2022,5,6,8,19.3,8.92,14.98,490.9,4.7,3.29,0.025,0.037,4.29
16,2022,5,6,12,19.3,8.92,14.98,490.9,4.7,3.3,0.025,0.033,4.25
16,2022,5,6,20,18.8,9.08,16.14,486.9,5.1,3.56,0.025,0.033,4.26
16,2022,5,7,0,18.3,9.04,16.12,487.3,4.9,3.48,0.025,0.033,4.21
16,2022,5,7,4,17.7,8.96,14.76,488.7,4.0,3.48,0.025,0.033,4.21
16,2022,5,7,8,17.4,8.99,15.22,487.5,4.8,3.41,0.025,0.036,4.18
16,2022,5,7,12,17.8,9.06,17.21,486.1,5.4,3.47,0.025,0.034,4.18
16,2022,5,7,16,18.6,9.15,17.16,482.2,5.1,3.44,0.025,0.005,4.16
16,2022,5,7,20,18.0,9.17,17.66,483.0,5.1,3.53,0.025,0.033,4.15
16,2022,5,8,0,17.6,9.12,16.59,480.9,4.2,3.57,0.025,0.036,4.08
16,2022,5,8,4,17.3,9.06,15.63,484.2,5.4,3.57,0.025,0.036,4.08
16,2022,5,8,8,17.0,9.05,15.35,487.7,5.0,3.49,0.025,0.036,4.06
16,2022,5,8,12,16.9,9.1,16.94,490.9,5.7,3.61,0.025,0.041,4.04
16,2022,5,8,16,17.2,9.1,17.05,489.0,5.6,3.68,0.025,0.044,4.04
16,2022,5,8,20,17.1,9.1,16.0,486.4,4.9,3.73,0.025,0.041,4.04
16,2022,5,9,0,16.6,9.05,16.28,486.4,5.2,3.56,0.025,0.037,4.01
16,2022,5,9,4,16.3,8.99,15.32,491.1,4.9,3.56,0.025,0.037,4.01
16,2022,5,9,8,16.2,9.0,16.71,495.5,5.4,3.54,0.025,0.037,3.93
16,2022,5,9,12,16.7,9.06,18.49,492.8,6.2,3.71,0.025,0.041,3.92
16,2022,5,9,16,18.1,9.06,17.07,487.0,5.2,3.62,0.025,0.041,3.94
16,2022,5,9,20,17.8,9.14,19.02,486.4,6.0,3.6,0.025,0.037,3.82
16,2022,5,10,0,17.5,9.13,17.83,489.5,5.6,3.66,0.025,0.037,3.87
16,2022,5,10,4,17.0,9.12,14.71,489.9,5.4,3.66,0.025,0.037,3.87
16,2022,5,10,8,16.7,9.1,16.09,490.5,5.7,3.67,0.025,0.039,3.81
16,2022,5,10,12,16.7,9.12,17.12,487.4,6.2,3.8,0.025,0.041,3.8
16,2022,5,10,12,16.7,9.12,17.12,487.4,6.2,3.75,0.025,0.036,3.82
16,2022,5,11,8,15.9,8.96,15.8,497.8,5.5,3.61,0.025,0.038,3.74
16,2022,5,11,12,16.8,9.02,17.77,490.0,5.5,3.92,0.025,0.048,3.74
16,2022,5,11,16,17.1,9.05,16.09,499.9,6.6,3.83,0.025,0.045,3.67
16,2022,5,11,20,16.9,9.01,16.88,501.8,6.3,4.03,0.025,0.049,3.73
16,2022,5,12,0,16.6,9.04,16.31,498.5,5.7,3.84,0.025,0.044,3.7
16,2022,5,12,4,16.2,8.98,16.61,500.3,5.8,3.84,0.025,0.044,3.7
16,2022,5,12,8,16.0,9.0,14.48,502.6,5.5,3.72,0.025,0.042,3.66
16,2022,5,12,12,17.1,9.04,16.48,504.6,5.8,3.99,0.025,0.049,3.65
16,2022,5,12,16,17.6,9.05,15.16,499.9,6.6,3.84,0.025,0.041,3.63
16,2022,5,16,8,16.2,8.98,14.98,505.6,5.9,4.0,0.025,0.041,3.23
16,2022,5,16,16,18.4,9.01,13.18,514.1,6.4,3.95,0.025,0.053,3.43
16,2022,5,16,20,17.2,9.05,17.92,507.6,6.3,3.27,0.025,0.046,3.01
16,2022,5,17,8,17.1,9.01,11.71,502.8,6.2,3.18,0.025,0.04,2.94
16,2022,5,17,12,17.8,8.91,14.72,512.2,8.6,3.22,0.025,0.045,2.96
16,2022,5,17,16,18.4,9.07,18.62,503.3,6.5,3.49,0.025,0.044,2.98
16,2022,5,17,20,18.0,9.06,15.08,508.0,6.2,3.3,0.025,0.043,2.93
16,2022,5,18,0,18.2,9.07,16.94,504.5,6.1,3.25,0.025,0.043,2.93
16,2022,5,18,4,18.0,9.14,17.84,499.7,5.4,3.25,0.025,0.043,2.93
16,2022,5,18,8,17.7,9.09,16.38,500.9,5.7,3.19,0.025,0.041,2.88
16,2022,5,18,12,18.7,9.12,17.63,503.9,5.2,3.35,0.025,0.045,2.87
16,2022,5,18,16,19.7,9.09,18.23,504.0,7.1,3.13,0.025,0.037,2.84
16,2022,5,18,20,18.6,9.01,18.23,510.6,6.5,3.18,0.025,0.038,2.87
16,2022,5,19,0,18.3,9.12,18.86,504.0,5.4,3.14,0.025,0.038,2.83
16,2022,5,19,4,18.2,9.09,17.58,505.7,4.9,3.14,0.025,0.038,2.83
16,2022,5,19,8,18.4,9.07,15.01,503.6,5.9,3.12,0.025,0.037,2.79
16,2022,5,19,12,18.8,8.98,15.39,507.9,5.6,3.26,0.025,0.043,2.8
16,2022,5,19,16,18.7,9.0,17.64,501.9,7.0,3.05,0.025,0.038,2.72
16,2022,5,19,20,19.4,9.14,16.8,501.1,5.3,3.15,0.025,0.041,2.8
16,2022,5,20,0,19.5,9.19,16.65,492.3,5.2,2.99,0.025,0.037,2.76
16,2022,5,20,4,19.0,9.13,15.86,493.4,4.5,2.99,0.025,0.037,2.76
16,2022,5,20,8,18.8,9.0,12.31,495.6,7.4,2.96,0.025,0.037,2.75
16,2022,5,20,12,19.1,9.09,16.77,499.8,5.1,3.31,0.025,0.05,2.73
16,2022,5,20,16,19.5,9.09,18.46,498.9,5.9,2.99,0.025,0.038,2.75
16,2022,5,20,20,19.4,9.1,19.44,502.7,5.9,2.99,0.025,0.037,2.72
16,2022,5,21,0,19.2,9.1,19.42,501.0,5.2,2.97,0.025,0.037,2.73
16,2022,5,21,4,19.0,9.04,17.98,501.7,5.2,2.97,0.025,0.037,2.7
16,2022,5,21,8,19.2,9.08,19.12,499.9,5.5,2.92,0.025,0.038,2.7
16,2022,5,21,12,19.6,9.18,19.48,495.1,6.1,3.13,0.025,0.042,2.7
16,2022,5,21,16,19.8,9.11,20.63,498.9,6.9,2.97,0.025,0.041,2.71
16,2022,5,21,20,19.9,9.17,18.93,496.9,6.2,2.98,0.025,0.042,2.71
16,2022,5,22,0,19.8,9.13,19.13,498.6,6.4,2.94,0.025,0.04,2.7
16,2022,5,22,4,19.6,9.12,20.55,498.7,5.9,2.92,0.025,0.035,2.67
16,2022,5,22,8,19.6,9.15,22.2,494.4,6.5,2.94,0.025,0.035,2.68
16,2022,5,22,12,20.2,9.21,22.65,494.6,7.8,3.18,0.025,0.042,2.69
16,2022,5,22,16,20.4,9.2,23.63,493.1,8.4,3.0,0.025,0.037,2.68
16,2022,5,22,20,20.7,9.28,20.84,486.8,7.1,3.03,0.025,0.041,2.67
16,2022,5,23,0,20.4,9.22,22.89,489.7,6.3,2.93,0.025,0.037,2.74
16,2022,5,23,4,20.3,9.14,18.24,491.4,6.0,2.94,0.025,0.034,2.68
16,2022,5,23,8,20.4,9.17,19.1,488.4,6.6,3.18,0.025,0.045,2.68
16,2022,5,23,12,20.9,9.16,17.8,492.0,6.8,3.06,0.025,0.039,2.62
16,2022,5,23,16,21.8,9.24,22.51,491.0,8.1,3.06,0.025,0.041,2.67
16,2022,5,24,8,21.4,9.06,11.51,479.6,8.0,3.0,0.025,0.039,2.63
16,2022,5,24,12,21.6,9.18,16.0,480.5,7.0,3.34,0.025,0.043,2.55
16,2022,5,24,16,21.5,9.28,22.62,478.9,9.0,3.17,0.025,0.044,2.55
16,2022,5,24,20,22.0,9.31,20.61,475.9,7.8,3.14,0.025,0.044,2.64
16,2022,5,25,0,21.1,9.23,21.11,481.9,9.0,3.12,0.025,0.042,2.58
16,2022,5,25,4,20.9,9.25,16.2,476.7,6.6,3.12,0.025,0.042,2.58
16,2022,5,25,8,20.4,9.2,13.63,479.5,8.1,3.09,0.025,0.041,2.55
16,2022,5,25,12,20.6,9.24,19.13,482.8,9.4,3.33,0.025,0.047,2.55
16,2022,5,25,16,21.3,9.27,22.39,481.5,11.5,3.23,0.025,0.053,2.62
16,2022,5,25,20,21.0,9.26,18.94,481.9,9.8,3.29,0.025,0.048,2.63
16,2022,5,26,0,21.2,9.26,16.3,477.6,8.4,3.16,0.025,0.043,2.6
16,2022,5,26,4,20.3,9.23,17.04,479.6,9.5,3.16,0.025,0.043,2.6
16,2022,5,26,8,20.1,9.22,14.82,481.0,9.5,3.15,0.025,0.043,2.52
16,2022,5,26,12,21.6,9.31,20.18,478.6,8.3,3.35,0.025,0.051,2.54
16,2022,5,26,16,21.2,9.48,23.4,510.3,9.8,3.71,0.025,0.046,2.53
16,2022,5,26,16,21.2,9.48,23.4,510.3,9.8,3.71,0.025,0.051,2.55
16,2022,5,26,16,21.2,9.48,23.4,510.3,9.8,3.71,0.025,0.051,2.55
16,2022,5,26,16,21.2,9.48,23.4,510.3,9.8,3.71,0.025,0.051,2.55
16,2022,5,27,16,22.5,9.5,21.12,510.2,8.3,3.69,0.025,0.042,2.44
16,2022,5,27,20,21.4,9.44,22.92,512.4,8.6,3.77,0.025,0.042,2.41
16,2022,5,28,0,21.3,9.4,18.96,513.8,7.7,3.98,0.025,0.046,2.45
16,2022,5,28,4,21.2,9.4,16.44,511.2,6.4,3.98,0.025,0.046,2.45
16,2022,5,28,8,21.1,9.31,14.17,514.3,8.6,3.81,0.025,0.045,2.41
16,2022,5,28,12,21.6,9.38,17.75,512.9,8.4,4.03,0.025,0.055,2.41
16,2022,5,28,16,23.3,9.44,19.59,511.7,9.8,4.09,0.025,0.051,2.42
16,2022,5,28,20,22.5,9.57,22.37,500.1,7.5,4.51,0.025,0.064,2.5
16,2022,5,28,20,22.5,9.57,22.37,500.1,7.5,4.51,0.025,0.064,2.5
16,2022,5,29,0,22.4,9.54,20.97,500.4,6.6,4.06,0.025,0.046,2.5
16,2022,5,29,0,22.4,9.54,20.97,500.4,6.6,4.06,0.025,0.042,2.5
16,2022,5,29,12,22.0,9.47,17.51,506.1,6.9,4.11,0.025,0.051,2.42
16,2022,5,29,16,22.0,9.39,18.83,510.3,8.3,3.98,0.025,0.043,2.4
16,2022,5,29,20,21.3,9.33,16.95,513.5,8.1,4.33,0.025,0.05,2.45
16,2022,5,30,0,20.8,9.2,13.42,515.4,7.2,3.88,0.025,0.045,2.44
16,2022,5,30,4,20.1,9.19,12.47,516.6,6.4,3.88,0.025,0.045,2.44
16,2022,5,30,8,20.0,9.15,11.13,517.0,7.3,3.81,0.025,0.046,2.46
16,2022,5,30,12,20.8,9.24,13.04,515.7,6.9,3.98,0.025,0.054,2.46
16,2022,5,30,16,21.1,9.26,14.4,517.2,7.2,3.76,0.025,0.043,2.45
16,2022,5,30,16,21.1,9.26,14.4,517.2,7.2,3.81,0.025,0.049,2.48
16,2022,5,30,20,20.8,9.21,12.36,518.1,7.8,3.9,0.025,0.05,2.48
16,2022,5,31,0,20.5,9.14,11.28,517.3,7.5,3.9,0.025,0.05,2.48
16,2022,5,31,12,20.4,9.17,11.1,517.2,8.4,4.03,0.025,0.058,2.5
16,2022,5,31,16,20.5,9.18,11.73,514.9,9.7,4.12,0.025,0.058,2.59
16,2022,5,31,16,20.5,9.18,11.73,514.9,9.7,4.23,0.025,0.058,2.55
16,2022,6,1,0,20.5,9.12,10.78,516.8,8.5,4.13,0.025,0.054,2.46
16,2022,6,1,0,20.5,9.12,10.78,516.8,8.5,4.13,0.025,0.054,2.46
16,2022,6,1,8,19.8,9.08,9.99,519.8,9.4,3.88,0.025,0.049,2.45
16,2022,6,1,12,20.4,9.15,11.3,517.4,11.1,4.07,0.025,0.047,2.46
16,2022,6,1,16,23.0,9.24,12.43,518.1,10.0,4.1,0.025,0.058,2.51
16,2022,6,1,20,21.0,9.21,12.88,514.0,11.2,3.69,0.025,0.046,2.38
16,2022,6,2,0,20.7,9.16,11.66,516.3,9.8,4.14,0.025,0.054,2.44
16,2022,6,2,0,20.7,9.16,11.66,516.3,9.8,4.14,0.025,0.054,2.44
16,2022,6,2,8,20.8,8.94,8.56,524.2,12.4,4.11,0.025,0.051,2.44
16,2022,6,2,12,21.4,9.1,9.78,519.1,11.7,4.08,0.025,0.056,2.32
16,2022,6,2,16,23.9,9.17,12.51,395.4,21.6,4.04,0.025,0.057,2.38
16,2022,6,2,20,22.4,9.26,14.13,386.2,20.7,4.31,0.025,0.055,2.42
16,2022,6,3,0,22.4,9.24,14.24,387.8,20.3,4.38,0.025,0.056,2.48
16,2022,6,3,4,22.2,9.18,12.59,390.0,20.2,4.38,0.025,0.056,2.48
16,2022,6,3,8,22.1,9.13,11.61,389.8,19.7,4.33,0.025,0.059,2.57
16,2022,6,3,12,22.5,9.13,12.39,391.8,21.0,4.43,0.025,0.058,2.55
16,2022,6,3,16,24.3,9.21,14.12,393.2,20.9,4.48,0.025,0.058,2.48
16,2022,6,3,20,23.1,9.23,13.53,388.3,20.6,4.48,0.025,0.059,2.44
16,2022,6,4,0,23.5,9.22,12.37,385.7,20.2,4.54,0.025,0.056,2.53
16,2022,6,4,4,23.1,9.17,10.94,386.8,20.8,4.54,0.025,0.056,2.53
16,2022,6,4,8,22.8,9.18,10.8,386.3,20.4,4.29,0.025,0.052,2.46
16,2022,6,4,12,23.6,9.28,11.25,384.1,19.4,4.43,0.025,0.062,2.44
16,2022,6,4,16,25.0,9.26,12.48,389.1,20.0,4.39,0.025,0.058,2.43
16,2022,6,4,20,23.3,9.26,11.75,385.9,21.1,4.27,0.025,0.055,2.34
16,2022,6,5,0,23.1,9.2,11.88,387.2,20.9,4.44,0.025,0.054,2.41
16,2022,6,5,4,22.5,9.14,11.07,387.5,20.8,4.44,0.025,0.054,2.41
16,2022,6,5,8,22.2,9.07,9.72,390.6,20.8,4.35,0.025,0.051,2.36
16,2022,6,5,12,22.5,9.21,11.65,386.9,20.3,4.46,0.025,0.059,2.31
16,2022,6,5,16,22.6,9.18,12.71,389.2,20.7,4.28,0.025,0.055,2.37
16,2022,6,5,20,22.2,9.04,10.4,391.5,21.4,4.27,0.025,0.057,2.37
16,2022,6,6,0,21.7,9.01,9.7,393.7,21.2,4.49,0.025,0.055,2.4
16,2022,6,6,4,21.4,8.92,8.4,394.5,21.2,4.49,0.025,0.055,2.4
16,2022,6,6,8,21.3,8.92,8.38,395.7,21.8,4.39,0.025,0.054,2.34
16,2022,6,6,8,21.3,8.92,8.38,395.7,21.8,4.39,0.025,0.054,2.34
16,2022,6,6,12,21.9,9.0,9.72,394.1,22.3,4.62,0.025,0.047,2.38
16,2022,6,6,16,22.1,9.07,10.89,392.5,23.2,4.43,0.025,0.062,2.39
16,2022,6,6,20,22.2,9.13,11.63,392.2,23.0,4.82,0.025,0.067,2.36
16,2022,6,7,0,21.7,9.04,10.19,394.4,22.7,4.54,0.025,0.058,2.36
16,2022,6,7,4,21.2,8.96,8.8,395.0,23.0,4.54,0.025,0.058,2.36
16,2022,6,7,12,22.0,9.05,10.01,396.8,23.2,4.64,0.025,0.059,2.33
16,2022,6,7,16,23.6,9.05,10.09,396.2,23.5,4.44,0.025,0.055,2.3
16,2022,6,7,20,23.0,9.01,10.2,397.2,23.3,4.42,0.025,0.054,2.24
16,2022,6,8,0,22.4,8.98,9.66,397.7,22.9,4.61,0.025,0.056,2.25
16,2022,6,8,4,22.0,8.97,9.29,398.6,22.9,4.47,0.025,0.055,2.21
16,2022,6,8,4,22.0,8.97,9.29,398.6,22.9,4.58,0.025,0.055,2.24
16,2022,6,8,8,22.0,8.97,9.29,398.6,22.9,4.64,0.025,0.06,2.26
16,2022,6,8,16,24.2,9.09,11.56,544.8,23.7,4.59,0.025,0.067,2.28
16,2022,6,8,20,23.0,9.11,11.78,542.6,23.5,4.54,0.025,0.063,2.12
16,2022,6,9,0,22.4,9.06,11.15,545.1,23.0,4.54,0.025,0.06,2.15
16,2022,6,9,4,22.1,9.01,10.23,546.7,22.4,4.54,0.025,0.06,2.15
16,2022,6,9,8,21.8,8.96,9.36,548.4,23.0,4.3,0.025,0.056,2.11
16,2022,6,9,12,21.6,8.96,9.02,548.3,22.4,4.35,0.025,0.06,2.12
16,2022,6,9,12,21.6,8.96,9.02,548.3,22.4,4.38,0.025,0.06,2.17
16,2022,6,9,16,21.6,8.98,9.56,548.3,22.7,4.4,0.025,0.06,2.17
16,2022,6,9,20,21.4,8.95,9.14,549.5,22.0,4.22,0.025,0.06,2.12
16,2022,6,10,0,21.3,8.91,8.45,550.4,22.8,4.22,0.025,0.06,2.12
16,2022,6,10,4,21.2,8.88,8.09,549.5,22.9,4.28,0.025,0.059,2.1
16,2022,6,10,8,21.2,8.89,8.4,550.1,21.9,4.26,0.025,0.072,2.11
16,2022,6,10,12,22.1,8.96,10.87,570.8,8.5,4.39,0.025,0.064,2.12
16,2022,6,10,16,23.2,9.0,11.82,551.1,9.2,4.54,0.025,0.064,2.07
16,2022,6,10,20,22.6,8.96,11.41,553.2,8.9,4.43,0.025,0.059,2.07
16,2022,6,11,0,22.4,8.91,10.16,552.2,8.9,4.43,0.025,0.059,2.07
16,2022,6,11,4,22.1,8.87,9.58,555.6,8.3,4.36,0.025,0.056,2.03
16,2022,6,11,8,21.9,8.81,8.99,557.5,8.4,4.37,0.025,0.06,2.04
16,2022,6,11,12,21.8,8.75,8.58,558.8,8.8,4.33,0.025,0.061,2.04
16,2022,6,11,16,21.7,8.76,8.85,557.6,8.4,4.35,0.025,0.06,2.02
16,2022,6,11,20,21.7,8.73,8.2,557.5,8.4,4.36,0.025,0.06,2.03
16,2022,6,12,0,21.5,8.69,7.78,558.0,8.5,4.36,0.025,0.06,2.03
16,2022,6,12,4,21.4,8.66,7.42,558.5,8.2,4.2,0.025,0.06,2.0
16,2022,6,12,8,21.5,8.65,7.27,558.9,8.6,4.46,0.025,0.065,2.03
16,2022,6,12,12,22.5,8.8,9.87,560.7,8.9,4.4,0.025,0.065,1.98
16,2022,6,12,16,23.2,8.82,11.38,562.2,9.4,4.21,0.025,0.059,1.89
16,2022,6,12,20,22.6,8.76,9.97,559.6,8.8,4.19,0.025,0.055,1.9
16,2022,6,13,0,22.4,8.72,9.28,560.9,8.3,4.19,0.025,0.055,1.9
16,2022,6,13,4,22.2,8.64,8.24,563.6,9.3,4.09,0.025,0.052,1.83
16,2022,6,13,8,22.1,8.69,8.7,562.2,8.6,4.17,0.025,0.055,1.82
16,2022,6,13,12,22.8,8.8,10.58,560.9,10.1,4.33,0.025,0.059,1.91
16,2022,6,13,16,23.0,8.79,10.7,561.3,9.9,4.03,0.025,0.052,1.82
16,2022,6,13,20,22.8,8.8,10.35,560.9,9.0,3.96,0.025,0.047,1.78
16,2022,6,14,0,22.3,8.66,8.33,562.7,9.7,3.96,0.025,0.047,1.78
16,2022,6,14,4,22.2,8.65,8.29,564.1,9.4,3.83,0.025,0.046,1.76
16,2022,6,14,8,22.3,8.68,8.5,564.4,8.9,3.96,0.025,0.048,1.79
16,2022,6,14,12,22.7,8.69,8.78,563.5,10.3,3.97,0.025,0.047,1.77
16,2022,6,14,16,22.8,8.8,10.06,564.2,10.7,3.98,0.025,0.047,1.78
16,2022,6,14,20,22.5,8.71,8.66,564.3,10.0,3.97,0.025,0.046,1.74
16,2022,6,15,0,22.4,8.7,8.41,562.1,10.3,3.97,0.025,0.046,1.74
16,2022,6,15,4,21.9,8.55,7.09,566.4,10.5,3.61,0.025,0.042,1.72
16,2022,6,15,8,21.9,8.54,7.09,567.7,10.0,3.61,0.025,0.042,1.72
16,2022,6,15,12,22.4,8.66,8.16,564.5,11.4,3.84,0.082,0.048,1.77
16,2022,6,15,16,24.0,8.76,9.83,563.7,11.4,3.98,0.025,0.05,1.77
16,2022,6,15,20,23.2,8.73,10.01,568.6,11.9,3.58,0.025,0.046,1.68
16,2022,6,16,0,23.1,8.71,9.34,568.6,11.7,3.57,0.025,0.043,1.62
16,2022,6,16,4,23.2,8.62,8.32,568.2,12.2,3.57,0.025,0.043,1.62
16,2022,6,16,8,23.0,8.65,8.48,568.0,12.2,3.52,0.025,0.038,1.63
16,2022,6,16,12,23.6,8.75,10.54,569.8,8.8,3.72,0.025,0.045,1.59
16,2022,6,16,16,23.9,8.77,11.51,571.6,9.3,3.9,0.025,0.055,1.73
16,2022,6,16,20,24.0,8.84,11.82,568.7,8.6,3.88,0.025,0.055,1.69
16,2022,6,17,0,23.7,8.72,10.47,571.2,9.6,3.92,0.025,0.055,1.66
16,2022,6,17,4,23.4,8.69,9.72,571.0,9.4,3.92,0.025,0.055,1.66
16,2022,6,17,8,23.5,8.71,10.11,572.3,8.2,3.77,0.025,0.051,1.67
16,2022,6,17,12,24.1,8.83,12.04,570.8,9.5,3.95,0.025,0.06,1.7
16,2022,6,17,16,25.1,8.97,15.24,567.0,12.9,4.05,0.025,0.064,1.75
16,2022,6,17,20,24.4,8.9,12.86,567.2,10.1,4.22,0.025,0.064,1.75
16,2022,6,18,0,24.1,8.83,11.27,569.3,9.6,3.93,0.025,0.054,1.65
16,2022,6,18,4,24.0,8.78,10.11,570.0,8.7,3.93,0.025,0.054,1.65
16,2022,6,18,8,24.0,8.8,10.44,569.3,8.7,3.75,0.025,0.047,1.61
16,2022,6,18,12,24.4,8.89,12.55,567.2,11.3,3.96,0.025,0.052,1.62
16,2022,6,18,16,26.8,8.95,14.55,566.6,13.0,3.97,0.025,0.055,1.66
16,2022,6,18,20,25.9,8.94,15.54,568.0,12.5,3.8,0.025,0.046,1.6
16,2022,6,19,0,26.0,8.94,14.68,562.6,12.7,3.7,0.025,0.041,1.6
16,2022,6,19,4,25.5,8.82,13.09,563.6,11.7,3.7,0.025,0.041,1.6
16,2022,6,19,8,25.4,8.82,12.08,565.0,11.7,3.56,0.025,0.041,1.58
16,2022,6,19,12,26.8,8.85,13.48,568.9,12.9,3.76,0.025,0.047,1.58
16,2022,6,19,16,27.4,8.93,17.51,560.2,16.7,3.64,0.025,0.044,1.58
16,2022,6,19,20,27.0,8.88,16.62,557.3,19.4,3.67,0.025,0.041,1.62
16,2022,6,20,0,27.2,8.84,14.85,553.5,17.1,3.58,0.025,0.042,1.61
16,2022,6,20,4,26.8,8.69,11.96,555.9,17.0,3.58,0.025,0.042,1.61
16,2022,6,20,8,26.6,8.74,12.6,555.9,15.5,3.53,0.025,0.038,1.52
16,2022,6,20,12,27.1,8.79,14.47,555.5,18.8,3.6,0.025,0.045,1.52
16,2022,6,20,16,28.2,8.95,18.45,549.0,21.3,3.84,0.025,0.046,1.57
16,2022,6,20,20,28.2,8.86,16.08,546.3,19.9,3.83,0.025,0.044,1.52
16,2022,6,21,0,27.9,8.81,14.49,548.1,23.0,3.68,0.025,0.038,1.46
16,2022,6,21,4,27.7,8.74,13.28,548.8,21.2,3.68,0.025,0.038,1.46
16,2022,6,21,8,27.7,8.65,11.26,552.5,23.0,3.52,0.025,0.037,1.43
16,2022,6,21,12,28.3,8.73,12.5,551.5,23.4,3.69,0.025,0.045,1.48
16,2022,6,22,8,27.0,8.59,9.94,550.1,21.9,3.81,0.09,0.042,1.46
16,2022,6,22,12,26.9,8.61,9.76,550.1,18.8,3.87,0.1,0.046,1.48
16,2022,6,22,16,26.8,8.63,9.89,547.6,20.7,3.84,0.107,0.046,1.51
16,2022,6,22,20,26.5,8.58,8.48,547.8,18.6,3.78,0.115,0.05,1.52
16,2022,6,23,0,26.2,8.48,8.16,550.2,16.5,3.8,0.115,0.05,1.54
16,2022,6,23,4,25.9,8.4,7.61,551.0,11.1,3.8,0.156,0.05,1.54
16,2022,6,23,8,25.8,8.4,7.71,554.6,10.0,3.78,0.148,0.046,1.52
16,2022,6,23,12,27.3,8.54,9.07,559.0,10.1,3.91,0.136,0.046,1.52
16,2022,6,23,16,26.4,8.35,7.38,557.5,10.2,3.78,0.179,0.05,1.51
16,2022,7,4,12,27.1,8.46,9.22,556.7,15.1,3.31,0.087,0.045,1.2
16,2022,7,4,16,27.7,8.54,11.19,554.4,17.8,3.31,0.025,0.045,1.2
16,2022,7,11,8,27.9,8.52,12.26,551.5,12.2,3.11,0.025,0.041,1.03
16,2022,7,11,12,28.4,8.57,11.47,547.2,14.3,3.23,0.025,0.042,1.01
16,2022,7,11,16,28.5,8.67,14.56,539.7,20.1,3.78,0.025,0.054,1.02
16,2022,7,13,8,26.6,7.92,6.0,554.9,7.4,3.4,0.18,0.052,1.07
16,2022,7,13,12,27.1,8.11,7.49,552.8,6.8,3.48,0.196,0.05,1.09
16,2022,7,13,16,28.2,8.26,8.88,550.8,6.8,3.43,0.171,0.045,1.03
16,2022,7,18,12,29.4,8.31,9.99,550.4,10.7,3.83,0.089,0.051,1.15
16,2022,7,18,16,31.2,8.52,12.59,546.7,10.8,3.5,0.025,0.041,1.06
16,2022,7,19,20,29.2,8.31,9.09,549.7,9.5,3.63,0.098,0.042,1.1
16,2022,7,20,8,28.0,7.81,4.8,556.6,11.2,3.77,0.195,0.05,1.16
16,2022,7,20,12,29.0,8.12,8.21,554.9,15.1,4.34,0.147,0.063,1.28
16,2022,7,20,16,30.4,8.46,12.16,549.8,9.6,3.89,0.092,0.052,1.18
16,2022,7,21,8,28.7,8.26,9.0,552.8,9.8,3.95,0.092,0.043,1.11
16,2022,7,21,12,29.2,8.45,11.79,551.9,11.6,4.02,0.081,0.047,1.14
16,2022,7,22,8,28.8,8.25,8.82,552.7,12.2,3.75,0.082,0.042,1.04
16,2022,7,22,12,29.1,8.41,10.28,550.9,12.5,3.76,0.088,0.046,1.09
16,2022,7,22,16,29.0,8.43,10.46,551.8,12.9,3.74,0.025,0.043,1.07
16,2022,7,22,20,28.6,8.31,9.04,553.0,14.1,3.87,0.025,0.043,1.06
16,2022,7,23,0,28.3,8.21,7.87,553.3,15.6,3.86,0.095,0.042,1.09
16,2022,7,23,4,28.0,8.11,7.13,552.8,13.8,3.86,0.095,0.042,1.09
16,2022,7,23,8,28.0,8.08,6.76,554.8,13.4,3.62,0.123,0.043,1.08
16,2022,7,23,12,29.1,8.3,8.48,554.9,12.5,3.8,0.127,0.045,1.08
16,2022,7,23,16,29.3,8.38,9.01,551.8,12.4,3.66,0.11,0.044,1.04
16,2022,7,23,20,28.5,8.33,8.68,552.4,12.7,3.61,0.1,0.039,1.01
16,2022,7,24,0,28.2,8.17,7.28,552.8,14.4,3.57,0.114,0.034,1.01
16,2022,7,24,4,27.7,7.95,5.42,556.4,11.8,3.6,0.128,0.038,1.03
16,2022,7,24,8,27.6,7.93,5.61,559.2,12.0,3.53,0.186,0.037,1.1
16,2022,7,24,12,28.1,7.97,6.23,558.7,12.7,3.86,0.19,0.05,1.15
16,2022,7,24,16,29.8,8.48,11.26,551.7,12.8,3.85,0.187,0.046,1.12
16,2022,7,24,20,28.9,8.42,10.28,553.7,13.0,3.82,0.107,0.045,1.07
16,2022,7,25,0,28.8,8.31,8.74,553.6,12.3,3.71,0.1,0.041,1.04
16,2022,7,25,4,28.4,8.19,7.97,553.9,12.6,3.55,0.104,0.038,1.0
16,2022,7,25,12,28.8,8.38,9.54,554.2,12.5,3.77,0.118,0.046,1.03
16,2022,7,25,16,28.6,8.37,9.33,552.3,12.6,3.85,0.098,0.051,1.08
16,2022,7,25,20,28.5,8.34,8.95,552.8,12.5,3.81,0.089,0.041,1.0
16,2022,7,26,0,28.2,8.14,7.1,555.0,13.6,3.59,0.095,0.045,0.99
16,2022,7,26,4,28.0,8.05,6.42,556.6,13.2,3.67,0.121,0.042,1.03
16,2022,7,26,8,28.0,8.08,6.48,556.4,13.0,3.62,0.143,0.045,1.05
16,2022,7,26,12,28.5,8.4,9.41,551.4,12.7,3.81,0.133,0.046,1.06
16,2022,7,26,16,28.7,8.57,11.67,549.7,14.0,3.88,0.096,0.052,1.04
16,2022,7,26,20,28.2,8.43,9.7,550.4,13.7,4.12,0.025,0.055,1.06
16,2022,7,27,0,28.0,8.22,9.33,553.0,12.3,4.12,0.094,0.056,1.12
16,2022,7,27,4,27.9,8.16,8.41,554.0,11.1,4.12,0.101,0.055,1.09
16,2022,7,27,8,27.7,8.08,7.64,552.9,16.0,3.9,0.099,0.051,1.06
16,2022,7,27,12,27.8,8.15,8.28,553.8,12.5,4.08,0.122,0.048,1.15
16,2022,7,27,16,27.7,8.31,9.77,551.4,11.8,4.24,0.107,0.06,1.12
16,2022,7,27,20,27.4,8.07,7.43,555.5,11.7,4.18,0.092,0.067,1.11
16,2022,7,27,20,27.4,8.07,7.43,555.5,11.7,3.92,0.145,0.058,1.08
16,2022,7,28,0,27.2,8.0,6.67,555.7,11.8,3.97,0.151,0.056,1.13
16,2022,7,28,4,27.0,7.94,6.18,556.0,11.8,3.79,0.17,0.054,1.11
16,2022,11,1,12,12.7,8.49,10.66,569.2,17.1,4.32,0.262,0.087,2.47
16,2022,11,1,16,13.2,8.45,10.38,574.4,14.8,4.01,0.258,0.075,2.37
16,2022,11,2,12,14.5,8.41,10.0,572.1,13.2,4.04,0.263,0.077,2.3
16,2022,11,2,20,38.4,8.27,9.73,569.2,12.7,3.79,0.265,0.069,2.24
16,2022,11,7,16,10.8,8.41,9.7,576.7,11.9,3.58,0.273,0.063,2.29
16,2022,11,7,20,10.1,8.31,8.82,589.8,14.7,3.57,0.351,0.068,2.25
16,2022,11,8,0,10.0,8.26,8.51,599.2,13.4,3.63,0.351,0.068,2.39
16,2022,11,8,4,10.0,8.26,8.68,600.1,15.9,3.63,0.357,0.064,2.39
16,2022,11,8,8,9.7,8.24,8.35,599.5,15.7,3.48,0.355,0.054,2.5
16,2022,11,8,12,10.7,8.3,9.13,601.1,11.2,3.63,0.346,0.051,2.47
16,2022,11,8,16,10.9,8.46,10.11,589.4,11.7,3.3,0.339,0.06,2.37
16,2022,11,8,20,9.8,8.31,8.92,601.2,13.0,3.51,0.35,0.063,2.34
16,2022,11,9,0,9.7,8.2,8.06,601.7,14.5,3.47,0.35,0.063,2.45
16,2022,11,9,4,9.5,8.28,8.68,598.4,13.6,3.47,0.359,0.061,2.45
16,2022,11,9,8,9.6,8.25,8.45,596.8,15.4,3.43,0.359,0.063,2.46
16,2022,11,9,12,10.0,8.29,9.08,604.2,11.5,3.58,0.359,0.055,2.45
16,2022,11,9,16,9.8,8.36,9.42,602.1,12.3,3.37,0.333,0.06,2.41
16,2022,11,9,20,9.8,8.37,9.49,604.4,9.2,3.4,0.345,0.049,2.48
16,2022,11,10,0,9.9,8.35,9.29,599.9,9.4,3.18,0.345,0.049,2.2
16,2022,11,10,4,9.8,8.34,9.14,597.5,8.9,3.18,0.327,0.051,2.2
16,2022,11,10,8,9.5,8.23,8.22,603.4,14.7,3.23,0.352,0.06,2.33
16,2022,11,10,12,10.7,8.34,8.96,573.2,11.3,3.47,0.346,0.054,2.45
16,2022,11,10,16,10.0,8.57,10.62,605.1,12.4,3.95,0.325,0.069,2.34
16,2022,11,10,20,10.4,8.5,10.27,599.3,9.2,3.99,0.328,0.055,2.51
16,2022,11,11,0,9.9,8.5,10.5,614.5,9.5,3.6,0.328,0.055,2.3
16,2022,11,11,4,10.0,8.5,10.26,609.6,8.2,3.6,0.305,0.05,2.3
16,2022,11,11,8,9.9,8.5,10.3,611.4,8.0,3.5,0.293,0.054,2.37
16,2022,11,11,12,10.2,8.55,10.75,609.2,7.7,3.64,0.289,0.062,2.39
16,2022,11,11,16,10.0,8.53,10.43,610.2,8.2,3.61,0.29,0.057,2.41
16,2022,11,11,20,10.0,8.49,10.11,606.9,8.5,3.66,0.303,0.057,2.44
16,2022,11,12,0,10.0,8.46,9.84,602.0,8.0,3.57,0.303,0.057,2.36
16,2022,11,12,4,9.9,8.42,9.46,598.8,10.8,3.57,0.322,0.058,2.36
16,2022,11,12,8,9.7,8.28,8.46,607.2,15.4,3.56,0.385,0.06,2.35
16,2022,11,12,12,9.8,8.24,8.17,612.1,14.2,3.8,0.412,0.06,2.46
16,2022,11,12,16,9.9,8.25,8.27,608.8,11.5,3.69,0.434,0.054,2.48
16,2022,11,12,20,9.6,8.22,8.07,612.8,12.8,3.65,0.415,0.062,2.48
16,2022,11,13,0,9.5,8.19,7.83,615.0,14.5,3.66,0.415,0.062,2.5
16,2022,11,13,4,9.5,8.17,7.65,613.4,16.1,3.66,0.45,0.064,2.5
16,2022,11,13,8,9.1,8.16,7.57,617.5,16.8,3.66,0.446,0.064,2.56
16,2022,11,13,12,9.7,8.24,8.56,634.9,13.8,3.78,0.435,0.063,2.59
16,2022,11,13,16,10.2,8.3,9.35,617.7,11.9,3.73,0.435,0.06,2.59
16,2022,11,13,20,9.5,8.22,7.99,609.9,14.7,3.56,0.438,0.06,2.52
16,2022,11,14,0,9.3,8.14,7.55,613.7,16.8,3.59,0.438,0.06,2.5
16,2022,11,14,4,9.0,8.14,7.15,615.8,17.1,3.59,0.482,0.064,2.5
16,2022,11,14,8,8.8,8.13,7.18,615.9,18.4,3.76,0.48,0.065,2.59
16,2022,11,14,12,9.8,8.22,8.18,616.6,11.5,3.34,0.43,0.046,2.45
16,2022,11,14,12,9.8,8.22,8.18,616.6,11.5,3.34,0.43,0.046,2.45
16,2022,11,14,12,9.8,8.22,8.18,616.6,11.5,3.34,0.43,0.046,2.45
16,2022,11,14,12,9.8,8.22,8.18,616.6,11.5,3.34,0.43,0.046,2.45
16,2022,11,14,12,9.8,8.22,8.18,616.6,11.5,3.34,0.43,0.046,2.45
16,2022,11,14,12,9.8,8.22,8.18,616.6,11.5,3.34,0.43,0.046,2.45
16,2022,11,15,8,8.6,8.21,7.93,630.8,17.3,3.59,0.453,0.057,2.6
16,2022,11,15,12,8.8,8.22,8.15,625.4,14.7,3.53,0.464,0.058,2.55
16,2022,11,15,16,9.0,8.25,8.37,632.8,15.5,3.48,0.448,0.052,2.62
16,2022,11,16,4,8.4,8.21,7.98,630.4,14.0,3.37,0.447,0.055,2.57
16,2022,11,16,16,9.6,8.26,8.61,638.0,9.8,3.29,0.462,0.045,2.55
16,2022,11,16,20,8.6,8.25,8.39,631.5,10.0,3.15,0.47,0.041,2.48
16,2022,11,17,0,8.3,8.19,7.75,635.9,11.4,3.3,0.454,0.047,2.5
16,2022,11,17,4,8.1,8.17,7.55,634.1,13.9,3.22,0.453,0.046,2.54
16,2022,11,17,8,8.0,8.18,7.66,634.1,14.1,3.27,0.476,0.051,2.58
16,2022,11,17,8,8.0,8.18,7.66,634.1,14.1,3.38,0.473,0.053,2.56
16,2022,11,17,16,8.6,8.23,8.33,634.3,10.8,3.38,0.473,0.053,2.56
16,2022,11,17,20,8.6,8.25,9.53,630.3,9.1,3.29,0.476,0.058,2.55
16,2022,11,18,0,8.1,8.18,7.73,635.6,11.4,3.32,0.482,0.051,2.51
16,2022,11,18,4,8.0,8.15,7.53,638.0,12.8,3.25,0.485,0.05,2.53
16,2022,11,18,8,8.0,8.13,7.23,636.6,13.2,3.29,0.487,0.05,2.58
16,2022,11,18,12,8.2,8.18,7.83,633.4,12.8,3.35,0.488,0.051,2.56
16,2022,11,18,16,8.2,8.19,7.98,635.8,11.1,3.35,0.497,0.058,2.61
16,2022,11,18,20,8.2,8.17,7.57,637.1,12.1,3.34,0.501,0.05,2.55
16,2022,11,19,0,8.3,8.15,7.72,634.7,12.5,3.29,0.501,0.053,2.59
16,2022,11,19,4,8.1,8.13,7.32,635.2,13.1,3.39,0.519,0.058,2.57
16,2022,11,19,8,8.0,8.11,7.49,635.1,13.4,3.07,0.532,0.057,2.57
16,2022,11,19,12,8.6,8.15,7.71,636.3,11.2,3.36,0.532,0.054,2.55
16,2022,11,19,16,8.8,8.19,8.21,635.2,11.3,3.18,0.545,0.045,2.5
16,2022,11,19,20,8.3,8.14,7.49,642.0,15.6,3.26,0.528,0.046,2.52
16,2022,11,20,0,8.2,8.12,7.42,642.3,12.1,3.29,0.542,0.051,2.61
16,2022,11,20,4,8.1,8.11,7.12,641.3,14.2,3.16,0.539,0.049,2.59
16,2022,11,20,8,8.0,8.11,7.16,644.3,13.1,3.17,0.546,0.046,2.6
16,2022,11,20,12,8.0,8.11,7.18,641.8,12.8,3.34,0.581,0.048,2.61
16,2022,11,20,16,8.0,8.12,7.14,637.9,11.7,3.21,0.617,0.038,2.64
16,2022,11,20,20,8.2,8.08,6.98,637.2,13.3,3.22,0.571,0.05,2.54
16,2022,11,21,0,7.9,8.1,7.53,638.2,10.8,3.16,0.59,0.043,2.52
16,2022,11,21,4,8.0,8.09,8.14,635.0,11.2,3.16,0.59,0.043,2.52
16,2022,11,21,12,8.7,8.1,7.25,643.0,7.4,2.93,0.577,0.033,2.44
16,2022,11,21,16,8.6,8.14,7.62,643.1,7.7,2.95,0.555,0.037,2.45
16,2022,11,21,20,8.3,8.1,7.25,638.3,10.5,3.08,0.574,0.049,2.56
16,2022,11,22,0,8.0,8.08,7.02,641.5,11.4,3.08,0.574,0.049,2.56
16,2022,11,22,4,8.0,8.06,6.77,643.1,11.5,3.15,0.589,0.049,2.55
16,2022,11,22,8,7.9,8.06,6.58,642.4,12.0,3.21,0.66,0.049,2.58
16,2022,11,22,12,8.1,8.11,7.05,648.2,10.6,3.13,0.586,0.04,2.56
16,2022,11,22,16,8.3,8.09,6.77,640.2,10.3,3.13,0.642,0.043,2.6
16,2022,11,22,20,8.2,8.09,7.03,647.1,8.2,3.13,0.666,0.04,2.58
16,2022,11,23,0,8.0,8.08,6.99,646.2,7.7,3.13,0.666,0.04,2.58
16,2022,11,23,4,7.8,8.04,6.29,649.1,9.2,3.05,0.704,0.036,2.54
16,2022,11,23,8,7.6,8.04,6.28,648.9,12.0,3.1,0.65,0.045,2.57
16,2022,11,23,12,8.3,8.07,6.77,649.6,8.8,2.81,0.63,0.033,2.52
16,2022,11,23,16,8.2,8.07,6.59,644.4,10.1,3.01,0.66,0.044,2.6
16,2022,11,23,20,7.8,8.09,6.97,649.6,8.2,3.0,0.656,0.042,2.6
16,2022,11,24,0,7.6,8.06,6.68,648.8,9.7,3.0,0.656,0.042,2.6
16,2022,11,24,4,7.6,8.03,6.28,653.8,12.8,2.97,0.682,0.046,2.64
16,2022,11,24,8,7.5,8.03,6.22,652.4,12.7,3.12,0.692,0.047,2.64
16,2022,11,24,12,7.8,8.06,6.71,647.5,8.9,2.93,0.682,0.04,2.57
16,2022,11,24,16,7.9,8.09,6.94,648.0,7.5,2.91,0.651,0.037,2.54
16,2022,11,24,20,7.6,8.05,6.34,652.5,9.2,2.99,0.66,0.046,2.62
16,2022,11,25,0,7.8,8.06,6.52,653.1,7.5,2.99,0.66,0.046,2.62
16,2022,11,25,4,7.6,8.05,6.48,652.3,8.0,2.91,0.647,0.042,2.63
16,2022,11,25,8,7.5,8.04,6.37,663.3,11.6,2.97,0.641,0.049,2.78
16,2022,11,25,12,7.6,8.1,7.0,673.6,13.2,2.89,0.578,0.042,2.91
16,2022,11,25,12,7.6,8.1,7.0,673.6,13.2,2.89,0.578,0.042,2.91
16,2022,11,25,16,7.6,8.13,7.37,665.9,13.0,2.9,0.613,0.042,2.78
16,2022,11,25,20,7.4,8.15,7.66,653.7,12.4,2.98,0.634,0.042,2.69
16,2022,11,26,0,6.9,8.15,7.9,653.5,11.7,2.98,0.634,0.042,2.69
16,2022,11,26,4,6.6,8.16,7.68,654.6,11.7,2.95,0.65,0.045,2.69
16,2022,11,26,8,6.4,8.15,7.66,654.4,11.4,2.98,0.647,0.039,2.69
16,2022,11,26,12,6.9,8.15,7.79,656.3,7.7,2.85,0.663,0.04,2.62
16,2022,11,26,16,6.8,8.19,8.1,661.5,9.8,2.85,0.663,0.04,2.62
16,2022,11,28,8,6.0,7.95,7.13,663.7,8.0,2.78,0.715,0.036,2.74
16,2022,11,28,12,6.3,7.97,7.48,654.9,7.1,2.9,0.7,0.037,2.73
16,2022,11,28,16,6.2,7.98,7.48,665.7,9.0,2.74,0.695,0.038,2.75
16,2022,11,29,8,4.7,8.06,8.44,668.2,9.4,2.91,0.662,0.038,2.81
16,2022,11,29,12,3.8,8.08,8.63,714.7,9.2,2.91,0.646,0.038,2.81
16,2022,11,29,16,3.8,8.13,9.22,717.1,9.2,2.76,0.646,0.038,2.88
16,2022,11,29,16,3.8,8.13,9.22,717.1,9.2,2.76,0.646,0.038,2.88
16,2022,11,29,16,3.8,8.13,9.22,717.1,9.2,2.76,0.662,0.038,2.88
16,2022,11,29,20,3.2,8.14,9.22,728.6,9.8,2.84,0.613,0.037,2.82
16,2022,11,30,0,2.7,8.15,9.39,722.7,9.0,2.71,0.613,0.037,2.91
16,2022,11,30,4,2.2,8.17,9.63,729.5,9.0,2.71,0.629,0.037,2.91
16,2022,11,30,8,1.7,8.2,10.04,733.9,11.0,2.75,0.606,0.037,2.92
16,2022,11,30,12,1.7,8.22,10.2,729.1,11.1,2.87,0.651,0.039,2.98
16,2022,11,30,16,1.6,8.24,10.33,735.0,9.0,2.85,0.625,0.035,2.92
16,2022,11,30,20,1.5,8.25,10.32,739.3,8.5,2.82,0.578,0.035,2.95
16,2022,12,1,0,1.2,8.25,10.32,744.9,8.6,2.74,0.578,0.035,3.1
16,2022,12,1,4,1.0,8.26,10.38,746.6,8.0,2.74,0.578,0.035,3.1
16,2022,12,1,8,1.1,8.23,10.26,739.3,6.2,2.65,0.658,0.036,3.1
16,2022,12,1,12,1.4,8.24,10.3,738.9,6.4,2.72,0.628,0.005,2.86
16,2022,12,1,16,1.6,8.25,10.46,737.6,6.5,2.76,0.628,0.034,2.93
16,2022,12,1,20,1.5,8.25,10.41,743.1,5.9,2.7,0.644,0.034,2.96
16,2022,12,2,0,1.5,8.26,10.45,742.3,6.8,2.68,0.644,0.03,2.93
16,2022,12,2,4,1.5,8.26,10.46,749.3,6.4,2.68,0.603,0.03,2.93
16,2022,12,2,8,1.5,8.26,10.5,750.7,6.0,2.82,0.599,0.034,3.08
16,2022,12,2,16,1.7,8.28,10.58,727.6,6.6,2.79,0.596,0.035,3.02
16,2022,12,2,20,1.8,8.28,10.58,730.1,5.9,2.7,0.595,0.03,3.03
16,2022,12,3,0,1.7,8.27,10.65,734.0,5.9,2.7,0.595,0.03,3.03
16,2022,12,3,4,1.7,8.28,10.69,734.4,6.0,2.7,0.592,0.005,3.05
16,2022,12,3,8,1.7,8.28,10.7,734.2,6.0,2.86,0.587,0.03,3.06
16,2022,12,3,12,1.9,8.28,10.76,732.9,6.0,2.78,0.584,0.033,3.07
16,2022,12,3,16,2.2,8.29,10.79,726.5,5.6,2.7,0.592,0.034,3.04
16,2022,12,3,20,2.0,8.28,10.76,738.8,5.8,2.67,0.596,0.03,3.06
16,2022,12,4,0,2.1,8.27,10.74,737.3,6.0,2.67,0.596,0.03,3.06
16,2022,12,4,4,2.0,8.28,10.82,737.2,5.8,2.67,0.595,0.03,3.06
16,2022,12,4,8,2.1,8.27,10.76,739.5,5.7,2.84,0.594,0.033,3.06
16,2022,12,4,12,2.3,8.28,10.92,738.2,5.9,2.73,0.566,0.031,3.1
16,2022,12,4,16,2.5,8.29,10.94,734.8,5.7,2.76,0.581,0.031,3.09
16,2022,12,4,20,2.5,8.28,10.85,735.5,5.9,2.65,0.58,0.035,3.13
16,2022,12,5,0,2.4,8.29,10.98,740.6,5.9,2.65,0.58,0.035,3.13
16,2022,12,5,4,2.4,8.28,10.93,744.5,5.7,2.74,0.573,0.033,3.12
16,2022,12,5,8,2.4,8.27,10.88,741.2,5.5,2.87,0.576,0.034,3.11
16,2022,12,5,12,2.7,8.28,10.98,741.4,6.0,2.83,0.562,0.033,3.12
16,2022,12,5,16,2.8,8.28,10.99,740.4,5.8,2.81,0.565,0.034,3.14
16,2022,12,5,20,2.9,8.28,10.94,741.0,5.9,2.8,0.551,0.034,3.19
16,2022,12,6,0,2.8,8.28,10.94,744.5,5.5,2.8,0.551,0.034,3.19
16,2022,12,6,4,2.8,8.27,10.82,742.8,5.6,2.78,0.556,0.034,3.16
16,2022,12,6,8,2.9,8.27,10.88,745.8,5.8,2.86,0.544,0.034,3.19
16,2022,12,6,12,3.3,8.27,10.94,743.3,6.2,2.91,0.541,0.034,3.18
16,2022,12,6,16,3.5,8.28,11.04,743.1,6.1,2.89,0.542,0.035,3.24
16,2022,12,6,20,13.0,8.24,11.07,744.2,6.4,2.91,0.527,0.034,3.23
16,2022,12,7,0,16.8,8.21,11.06,745.1,5.7,2.91,0.527,0.034,3.23
16,2022,12,7,4,38.0,8.12,10.99,747.0,5.8,2.83,0.528,0.033,3.25
16,2022,12,7,8,18.1,8.19,10.96,747.0,6.0,2.97,0.522,0.034,3.24
16,2022,12,7,12,24.2,8.18,11.07,746.6,6.4,2.85,0.515,0.005,3.3
16,2022,12,7,16,22.4,8.18,11.09,746.2,6.9,2.99,0.528,0.034,3.27
16,2022,12,7,20,28.3,8.17,11.17,747.9,6.3,2.93,0.513,0.033,3.25
16,2022,12,8,12,3.4,8.24,11.27,750.3,6.8,2.96,0.497,0.033,3.34
16,2022,12,8,16,3.6,8.29,11.48,752.2,6.8,3.04,0.488,0.037,3.36
16,2022,12,8,20,3.4,8.3,11.52,752.9,5.6,2.87,0.487,0.005,3.33
16,2022,12,9,0,3.4,8.28,11.4,752.8,5.4,2.87,0.487,0.005,3.33
16,2022,12,9,4,3.4,8.28,11.39,755.4,5.3,2.87,0.513,0.005,3.35
16,2022,12,9,8,3.4,8.28,11.38,756.5,5.2,3.02,0.498,0.03,3.31
16,2022,12,9,12,3.7,8.29,11.55,756.9,5.7,2.95,0.485,0.03,3.38
16,2022,12,9,16,3.7,8.3,11.64,758.8,6.7,2.96,0.482,0.03,3.33
16,2022,12,9,20,3.5,8.28,11.45,758.4,5.5,2.86,0.485,0.005,3.31
16,2022,12,10,0,3.4,8.28,11.34,759.7,5.0,2.86,0.485,0.005,3.31
16,2022,12,10,4,3.4,8.28,11.36,758.6,5.4,2.85,0.494,0.005,3.31
16,2022,12,10,8,3.2,8.29,11.53,764.6,4.7,2.89,0.499,0.032,3.35
16,2022,12,10,12,3.5,8.29,11.67,764.2,4.9,2.86,0.494,0.005,3.29
16,2022,12,10,16,3.8,8.3,11.82,763.2,4.5,2.82,0.531,0.005,3.26
16,2022,12,10,20,3.8,8.29,11.71,761.5,4.6,2.81,0.548,0.005,3.2
16,2022,12,11,0,3.5,8.29,11.78,767.6,4.8,2.81,0.548,0.005,3.2
16,2022,12,11,4,3.4,8.28,11.77,771.6,4.4,2.77,0.531,0.005,3.26
16,2022,12,11,8,3.4,8.28,11.68,772.7,4.7,2.97,0.518,0.032,3.27
16,2022,12,11,12,3.9,8.29,11.78,768.0,5.3,2.94,0.496,0.005,3.31
16,2022,12,11,16,3.8,8.3,11.81,770.0,5.3,2.86,0.499,0.005,3.31
16,2022,12,11,20,3.8,8.3,11.78,767.4,4.4,2.75,0.532,0.005,3.23
16,2022,12,12,0,3.8,8.29,11.76,764.4,4.2,2.75,0.532,0.005,3.23
16,2022,12,12,4,3.7,8.29,11.77,763.3,4.3,2.8,0.545,0.005,3.18
16,2022,12,12,8,3.7,8.29,11.72,765.4,4.4,3.01,0.544,0.032,3.19
16,2022,12,12,12,3.8,8.29,11.8,764.2,3.9,2.87,0.552,0.005,3.15
16,2022,12,12,16,4.0,8.3,12.0,764.3,3.9,2.78,0.575,0.005,3.16
16,2022,12,12,20,3.8,8.31,11.91,765.0,4.0,2.79,0.564,0.005,3.16
16,2022,12,13,0,3.8,8.31,11.96,769.0,3.8,2.79,0.564,0.005,3.16
16,2022,12,13,4,3.7,8.31,11.91,773.9,3.4,2.73,0.557,0.005,3.19
16,2022,12,13,8,3.6,8.3,11.89,774.8,3.9,2.92,0.549,0.005,3.2
16,2022,12,13,12,4.1,8.32,12.15,776.5,4.7,2.91,0.501,0.005,3.26
16,2022,12,13,16,4.4,8.34,12.23,772.7,5.3,2.81,0.478,0.005,3.33
16,2022,12,13,20,4.1,8.34,12.24,774.5,4.3,2.73,0.489,0.005,3.25
16,2022,12,14,0,4.0,8.33,12.17,779.1,4.4,2.73,0.489,0.005,3.25
16,2022,12,14,4,3.8,8.33,12.19,780.6,4.2,2.81,0.492,0.005,3.29
16,2022,12,14,8,3.8,8.33,12.14,781.9,4.8,2.98,0.481,0.005,3.29
16,2022,12,14,12,4.3,8.33,12.21,779.0,5.2,2.83,0.446,0.005,3.31
16,2022,12,14,16,4.4,8.36,12.3,773.9,5.0,2.82,0.422,0.005,3.25
16,2022,12,14,20,4.4,8.36,12.26,773.4,6.2,2.76,0.406,0.005,3.37
16,2022,12,15,0,4.4,8.36,12.35,775.7,4.8,2.76,0.406,0.005,3.37
16,2022,12,15,4,4.1,8.35,12.26,778.0,4.4,2.67,0.41,0.005,3.32
16,2022,12,15,8,4.1,8.38,12.51,780.1,5.0,2.95,0.383,0.005,3.4
16,2022,12,15,12,4.4,8.4,12.65,776.2,5.1,2.83,0.372,0.005,3.36
16,2022,12,15,16,4.7,8.37,12.52,777.8,5.0,2.76,0.382,0.005,3.31
16,2022,12,15,20,4.5,8.35,12.14,777.9,5.9,2.87,0.376,0.005,3.3
16,2022,12,16,0,4.4,8.36,12.3,779.4,5.3,2.87,0.376,0.005,3.3
16,2022,12,16,4,4.3,8.34,12.14,782.9,5.5,2.96,0.375,0.005,3.35
16,2022,12,16,8,4.2,8.34,12.14,787.1,6.2,2.86,0.359,0.005,3.37
16,2022,12,16,12,4.4,8.37,12.48,783.0,5.9,2.76,0.355,0.005,3.34
16,2022,12,16,16,4.8,8.33,11.93,780.3,7.3,2.81,0.355,0.005,3.39
16,2022,12,16,20,4.4,8.32,11.85,783.0,6.4,2.8,0.35,0.005,3.38
16,2022,12,17,0,4.4,8.33,11.9,785.6,5.9,2.8,0.35,0.005,3.38
16,2022,12,17,4,4.4,8.35,12.14,785.8,6.2,2.8,0.35,0.005,3.38
16,2022,12,17,8,4.4,8.34,12.02,786.4,6.5,3.04,0.345,0.03,3.38
16,2022,12,17,12,4.6,8.33,11.96,786.8,7.1,2.84,0.353,0.005,3.36
16,2022,12,17,16,4.5,8.34,12.02,785.4,6.7,2.78,0.376,0.005,3.36
16,2022,12,17,20,4.4,8.36,12.21,788.4,6.2,2.75,0.37,0.005,3.34
16,2022,12,18,0,4.2,8.35,12.19,790.3,6.7,2.75,0.37,0.005,3.34
16,2022,12,18,4,4.4,8.31,11.71,788.9,6.7,2.76,0.373,0.005,3.34
16,2022,12,18,8,4.4,8.29,11.31,789.1,7.6,3.01,0.373,0.031,3.39
16,2022,12,18,12,4.6,8.29,11.42,788.5,6.9,2.82,0.365,0.005,3.33
16,2022,12,18,16,4.6,8.3,11.36,786.1,8.0,2.81,0.365,0.03,3.31
16,2022,12,18,20,4.4,8.3,11.36,788.5,7.3,2.79,0.362,0.03,3.27
16,2022,12,19,0,4.4,8.28,11.22,792.1,6.5,2.79,0.362,0.03,3.27
16,2022,12,19,4,4.3,8.3,11.37,791.4,6.9,2.61,0.35,0.005,3.39
16,2022,12,19,8,4.5,8.28,11.3,791.9,6.8,3.05,0.345,0.032,3.33
16,2022,12,19,12,4.8,8.29,11.44,788.6,8.2,2.96,0.348,0.03,3.36
16,2022,12,19,16,4.8,8.29,11.24,788.6,7.1,2.87,0.343,0.03,3.36
16,2022,12,19,20,4.4,8.27,11.29,792.7,7.3,2.78,0.343,0.005,3.3
16,2022,12,20,0,4.3,8.3,11.5,792.0,6.2,2.78,0.343,0.005,3.3
16,2022,12,20,4,4.2,8.28,11.36,792.7,6.6,2.76,0.332,0.005,3.32
16,2022,12,20,8,4.1,8.28,11.28,796.0,5.9,2.97,0.334,0.033,3.31
16,2022,12,20,12,4.7,8.26,11.01,793.5,9.2,2.82,0.332,0.005,3.33
16,2022,12,20,16,4.7,8.27,11.14,791.4,7.9,2.87,0.326,0.033,3.3
16,2022,12,20,20,4.0,8.26,10.82,789.8,6.7,2.69,0.328,0.005,3.27
16,2022,12,21,0,3.8,8.24,10.76,793.0,6.9,2.69,0.328,0.005,3.27
16,2022,12,21,4,3.8,8.24,10.63,796.8,6.7,2.63,0.316,0.005,3.26
16,2022,12,21,8,4.0,8.21,10.5,800.5,6.2,2.82,0.311,0.005,3.22
16,2022,12,21,12,4.6,8.21,10.54,801.6,7.9,2.47,0.317,0.005,3.25
16,2022,12,21,16,4.8,8.2,10.48,795.6,8.1,2.63,0.313,0.005,3.26
16,2022,12,21,20,4.4,8.21,10.58,796.1,7.7,2.7,0.295,0.005,3.27
16,2022,12,22,0,4.3,8.2,10.52,797.3,5.9,2.7,0.295,0.005,3.27
16,2022,12,22,4,4.3,8.2,10.5,799.2,6.5,2.67,0.289,0.005,3.28
16,2022,12,22,8,4.6,8.18,10.18,798.5,6.9,2.93,0.305,0.03,3.31
16,2022,12,22,8,4.6,8.18,10.18,798.5,6.9,2.93,0.305,0.03,3.31
16,2022,12,22,12,4.8,8.19,10.44,799.2,6.9,2.66,0.289,0.005,3.24
16,2022,12,22,12,4.8,8.19,10.44,799.2,6.9,2.66,0.289,0.005,3.24
16,2022,12,22,16,4.8,8.19,10.64,799.5,6.8,2.68,0.28,0.005,3.31
16,2022,12,22,20,4.4,8.2,10.56,800.4,6.2,2.62,0.27,0.005,3.34
16,2022,12,23,0,4.2,8.2,10.62,799.7,6.1,2.62,0.27,0.005,3.34
16,2022,12,23,4,4.4,8.19,10.67,808.2,6.5,2.56,0.257,0.005,3.4
16,2022,12,23,8,4.6,8.19,10.58,807.3,6.5,2.56,0.255,0.03,3.39
16,2022,12,23,12,4.9,8.18,10.55,811.8,8.2,2.54,0.238,0.005,3.46
16,2022,12,23,16,4.8,8.18,10.71,811.2,7.4,2.68,0.247,0.03,3.45
16,2022,12,23,20,4.4,8.19,10.8,803.1,6.5,2.6,0.231,0.005,3.45
16,2022,12,24,0,4.1,8.19,10.83,804.8,5.8,2.6,0.231,0.005,3.45
16,2022,12,24,4,4.1,8.19,10.79,802.6,6.0,2.58,0.23,0.032,3.42
16,2022,12,24,8,4.6,8.18,10.67,804.3,6.3,2.76,0.229,0.005,3.49
16,2022,12,24,12,4.8,8.18,10.76,808.2,6.6,2.57,0.219,0.005,3.51
16,2022,12,24,16,4.8,8.18,10.88,806.0,7.6,2.54,0.214,0.005,3.54
16,2022,12,24,20,4.3,8.18,10.82,801.8,6.2,2.48,0.218,0.005,3.46
16,2022,12,25,0,3.9,8.19,10.96,805.5,5.6,2.48,0.218,0.005,3.46
16,2022,12,25,4,3.8,8.2,10.93,805.5,5.7,2.48,0.21,0.005,3.45
16,2022,12,25,8,4.1,8.15,10.67,808.4,5.8,2.63,0.202,0.032,3.5
16,2022,12,25,12,4.8,8.16,10.75,815.9,7.0,2.53,0.185,0.005,3.52
16,2022,12,25,16,4.5,8.18,10.88,805.0,5.7,2.46,0.204,0.005,3.54
16,2022,12,25,20,4.1,8.18,10.82,806.5,5.2,2.45,0.203,0.005,3.49
16,2022,12,26,0,3.7,8.18,10.93,808.8,5.0,2.45,0.203,0.005,3.49
16,2022,12,26,4,3.7,8.18,10.94,812.5,4.7,2.36,0.182,0.005,3.54
16,2022,12,26,8,4.0,8.17,10.97,814.3,5.3,2.55,0.18,0.005,3.58
16,2022,12,26,12,4.7,8.16,11.01,817.5,6.2,2.39,0.171,0.005,3.61
16,2022,12,26,16,4.5,8.18,11.23,808.2,6.1,2.38,0.166,0.005,3.64
16,2022,12,26,20,4.0,8.19,11.39,807.1,5.9,2.33,0.154,0.005,3.62
16,2022,12,27,0,3.8,8.19,11.43,805.3,5.4,2.33,0.154,0.005,3.62
16,2022,12,27,4,3.8,8.18,11.44,809.5,4.9,2.33,0.148,0.005,3.65
16,2022,12,27,8,4.0,8.17,11.58,814.9,5.7,2.51,0.137,0.032,3.78
16,2022,12,27,12,4.6,8.17,11.63,818.4,5.6,2.3,0.112,0.005,3.75
16,2022,12,27,16,4.6,8.18,11.88,817.7,7.0,2.33,0.122,0.005,3.75
16,2022,12,27,20,4.2,8.19,12.01,807.6,6.5,2.28,0.113,0.005,3.81
16,2022,12,28,0,4.3,8.2,12.2,805.7,6.0,2.28,0.113,0.005,3.81
16,2022,12,28,4,3.9,8.2,12.14,809.2,5.7,2.2,0.109,0.005,3.77
16,2022,12,28,8,4.3,8.18,12.1,815.3,6.3,2.44,0.112,0.005,3.8
16,2022,12,28,12,4.7,8.14,12.09,816.2,5.7,2.36,0.113,0.005,3.75
16,2022,12,28,16,4.5,8.15,12.2,806.9,7.1,2.51,0.118,0.031,3.88
16,2022,12,28,20,4.5,8.16,12.53,806.8,7.0,2.38,0.106,0.005,3.96
16,2022,12,29,0,4.4,8.18,12.88,804.7,6.3,2.38,0.106,0.005,3.96
16,2022,12,29,4,4.3,8.18,12.79,803.4,7.9,2.3,0.096,0.03,3.97
16,2022,12,29,8,4.4,8.16,12.73,807.1,6.3,2.43,0.098,0.03,3.97
16,2022,12,29,12,4.7,8.16,12.68,807.5,5.7,2.36,0.103,0.005,3.97
16,2022,12,29,16,4.7,8.15,12.31,808.6,7.0,2.35,0.099,0.005,3.95
16,2022,12,29,20,4.4,8.16,12.65,804.2,5.5,2.26,0.093,0.005,3.98
16,2022,12,30,0,4.4,8.16,12.87,803.2,7.0,2.26,0.093,0.005,3.98
16,2022,12,30,4,4.3,8.16,12.92,806.7,5.8,2.27,0.086,0.005,3.96
16,2022,12,30,8,4.4,8.14,12.69,809.0,6.3,2.38,0.088,0.03,3.93
16,2022,12,30,12,4.6,8.12,12.32,805.8,6.4,2.3,0.097,0.005,3.9
16,2022,12,30,16,4.8,8.14,12.55,808.3,6.6,2.22,0.09,0.005,3.9
16,2022,12,30,20,4.8,8.12,12.38,808.4,7.0,2.29,0.095,0.005,3.91
16,2022,12,31,0,4.8,8.11,12.41,810.1,5.8,2.29,0.095,0.005,3.91
16,2022,12,31,4,4.7,8.11,12.36,808.9,6.1,2.15,0.088,0.005,3.9
16,2022,12,31,8,4.6,8.1,12.23,809.4,6.8,2.4,0.087,0.005,3.86
16,2022,12,31,12,4.8,8.09,12.17,807.4,5.8,2.22,0.087,0.005,3.86
16,2022,12,31,16,5.0,8.12,12.16,805.9,4.6,2.18,0.092,0.005,3.87
16,2022,12,31,20,4.8,8.1,12.26,807.1,6.3,2.22,0.087,0.005,3.86
16,2023,1,1,0,4.8,8.1,12.07,808.3,6.3,2.22,0.087,0.005,3.86
16,2023,1,1,4,4.7,8.09,11.9,807.8,6.9,2.14,0.086,0.005,3.84
16,2023,1,1,8,4.7,8.08,11.82,797.2,4.6,2.29,0.085,0.005,3.78
16,2023,1,1,12,4.9,8.08,11.8,804.8,5.0,2.21,0.102,0.005,3.78
16,2023,1,1,16,5.0,8.09,11.79,804.6,5.3,2.18,0.089,0.005,3.82
16,2023,1,1,20,4.8,8.08,11.79,795.0,5.1,2.15,0.086,0.005,3.79
16,2023,1,2,0,4.8,8.06,11.75,804.9,5.1,2.15,0.086,0.005,3.79
16,2023,1,2,4,4.8,8.06,11.69,806.7,5.4,2.14,0.086,0.005,3.76
16,2023,1,2,8,4.7,8.06,11.49,808.0,4.8,2.2,0.092,0.005,3.74
16,2023,1,2,12,4.9,8.06,11.42,805.4,5.0,2.15,0.09,0.005,3.75
16,2023,1,2,16,4.8,7.98,11.58,817.3,5.6,2.12,0.088,0.005,3.76
16,2023,1,2,20,4.7,7.99,11.47,813.1,4.6,2.14,0.086,0.005,3.78
16,2023,1,3,0,4.8,7.98,11.6,813.4,5.0,2.14,0.086,0.005,3.78
16,2023,1,3,4,4.7,7.97,11.52,817.2,4.6,2.13,0.025,0.005,3.82
16,2023,1,3,8,4.6,7.96,11.37,806.1,4.6,2.13,0.025,0.005,3.82
16,2023,1,3,12,4.8,7.96,11.23,813.5,3.7,2.1,0.088,0.005,3.73
16,2023,1,3,16,4.8,7.96,11.24,814.1,4.3,2.13,0.09,0.005,3.71
16,2023,1,3,20,4.8,7.96,11.27,813.8,4.7,2.1,0.025,0.005,3.74
16,2023,1,4,0,4.7,7.96,11.29,813.6,3.7,2.1,0.025,0.005,3.74
16,2023,1,4,4,4.7,7.95,11.11,813.7,4.2,2.06,0.025,0.005,3.73
16,2023,1,4,8,4.6,7.94,11.08,815.3,3.8,2.2,0.025,0.005,3.75
16,2023,1,4,12,4.8,7.94,11.08,812.2,4.8,2.05,0.025,0.005,3.72
16,2023,1,4,16,4.8,7.96,11.13,811.6,4.5,2.2,0.025,0.005,3.72
16,2023,1,4,20,4.7,7.93,10.98,819.4,4.7,2.17,0.025,0.005,3.7
16,2023,1,5,0,4.6,7.93,11.09,810.2,4.2,2.17,0.025,0.005,3.7
16,2023,1,5,4,4.7,7.93,11.05,818.9,3.5,2.03,0.025,0.005,3.75
16,2023,1,5,8,4.7,7.93,11.02,810.1,3.4,2.21,0.025,0.005,3.73
16,2023,1,5,12,4.8,7.92,11.09,810.4,2.9,2.07,0.025,0.005,3.68
16,2023,1,5,16,4.8,7.93,11.04,817.7,3.3,2.09,0.025,0.005,3.73
16,2023,1,5,20,4.6,7.92,10.92,808.0,5.2,2.06,0.025,0.005,3.67
16,2023,1,6,0,4.6,7.93,11.23,808.1,4.7,2.0,0.025,0.005,3.91
16,2023,1,6,4,4.7,7.93,11.12,806.8,3.9,2.0,0.025,0.005,3.76
16,2023,1,6,8,4.6,7.92,11.13,807.8,3.9,2.15,0.025,0.005,3.81
16,2023,1,6,12,4.8,7.92,11.18,810.7,4.0,2.08,0.025,0.005,3.77
16,2023,1,6,16,4.8,7.94,11.48,810.3,3.6,2.09,0.025,0.005,3.87
16,2023,1,6,20,4.8,7.94,11.38,809.9,3.8,2.03,0.025,0.005,3.84
16,2023,1,7,0,4.7,7.95,11.67,800.0,4.1,2.03,0.025,0.005,3.97
16,2023,1,7,4,4.7,7.95,11.88,800.0,3.8,1.96,0.025,0.005,4.0
16,2023,1,7,8,4.7,7.94,11.71,800.2,5.0,2.07,0.025,0.005,4.0
16,2023,1,7,12,4.8,7.94,11.79,797.1,4.2,1.98,0.025,0.005,3.99
16,2023,1,7,16,4.9,7.92,11.52,806.0,3.2,1.99,0.025,0.005,3.9
16,2023,1,7,20,4.8,7.94,11.63,799.5,3.5,1.93,0.025,0.005,3.97
16,2023,1,8,0,4.7,7.94,11.81,796.6,3.7,1.95,0.025,0.005,4.04
16,2023,1,8,4,4.7,7.94,11.83,798.5,3.1,2.02,0.025,0.005,4.03
16,2023,1,8,8,4.8,7.93,11.68,796.8,3.3,2.1,0.025,0.005,4.0
16,2023,1,8,12,4.9,7.93,11.58,804.9,3.2,1.93,0.025,0.005,4.0
16,2023,1,8,16,5.0,7.93,11.74,801.0,3.9,1.98,0.025,0.005,4.02
16,2023,1,8,20,4.8,7.93,11.8,794.1,2.5,1.93,0.025,0.005,3.99
16,2023,1,9,0,4.9,7.92,11.84,794.7,3.4,1.9,0.025,0.005,4.03
16,2023,1,9,4,4.8,7.93,11.78,797.5,3.9,1.93,0.025,0.005,4.1
16,2023,1,9,8,4.8,7.91,11.58,793.5,3.0,2.04,0.025,0.005,4.04
16,2023,1,9,12,5.0,7.91,11.62,801.9,3.5,1.88,0.025,0.005,3.99
16,2023,1,9,16,5.0,7.91,11.58,801.8,3.3,1.93,0.025,0.005,3.99
16,2023,1,9,20,5.0,7.91,11.61,791.9,2.7,1.82,0.025,0.005,3.97
16,2023,1,10,4,4.8,7.9,11.4,794.7,2.7,1.83,0.025,0.005,4.05
16,2023,1,10,8,4.9,7.9,11.44,791.9,3.0,1.91,0.025,0.005,3.98
16,2023,1,10,12,5.0,7.9,11.54,791.1,3.1,2.01,0.025,0.005,4.01
16,2023,1,10,16,5.0,7.9,11.56,798.2,3.1,1.84,0.025,0.005,3.99
16,2023,1,10,16,5.0,7.9,11.56,798.2,3.1,1.84,0.025,0.005,3.99
16,2023,1,10,20,5.0,7.9,11.54,791.0,2.6,1.87,0.025,0.005,4.07
16,2023,1,11,0,4.9,7.89,11.45,791.5,2.5,1.83,0.025,0.005,4.03
16,2023,1,11,4,5.0,7.91,11.43,791.5,3.2,1.79,0.025,0.005,4.06
16,2023,1,11,8,4.8,7.89,11.46,790.8,3.1,1.82,0.025,0.005,4.01
16,2023,1,11,12,5.0,7.89,11.53,792.0,2.9,1.91,0.025,0.005,4.02
16,2023,1,11,16,5.0,7.85,11.28,804.5,3.4,1.78,0.025,0.005,4.03
16,2023,1,11,20,5.0,7.86,11.58,796.1,2.8,1.77,0.025,0.005,4.05
16,2023,1,12,0,4.9,7.86,11.49,799.3,3.6,1.82,0.025,0.005,4.05
16,2023,1,12,4,4.9,7.86,11.32,796.4,3.1,1.82,0.025,0.005,4.05
16,2023,1,12,8,4.9,7.87,11.35,795.0,2.9,1.76,0.025,0.005,4.02
16,2023,1,12,12,5.0,7.86,11.26,794.0,3.0,2.05,0.025,0.005,4.01
16,2023,1,12,16,4.8,7.85,11.13,798.4,3.3,1.88,0.025,0.005,4.05
16,2023,1,12,20,4.9,7.85,11.09,797.0,3.1,1.83,0.025,0.005,4.04
16,2023,1,13,0,4.8,7.85,11.09,796.8,3.5,1.83,0.025,0.005,4.04
16,2023,1,13,4,4.9,7.85,11.0,797.1,3.6,1.83,0.025,0.005,4.04
16,2023,1,13,8,4.7,7.85,11.02,799.5,2.7,1.68,0.025,0.005,4.02
16,2023,1,13,12,4.8,7.84,10.98,797.7,3.3,1.91,0.025,0.005,4.04
16,2023,1,13,16,4.8,7.83,10.92,795.6,3.4,1.87,0.025,0.005,4.02
16,2023,1,13,20,4.8,7.85,10.98,796.0,3.1,1.78,0.025,0.005,4.03
16,2023,1,14,0,4.7,7.84,10.99,795.7,3.1,1.73,0.025,0.005,4.02
16,2023,1,14,4,4.7,7.85,10.99,794.1,2.9,1.73,0.025,0.005,4.02
16,2023,1,14,8,4.7,7.83,11.04,795.2,2.8,1.79,0.025,0.005,4.05
16,2023,1,14,12,4.8,7.85,11.03,794.7,2.6,2.01,0.025,0.005,4.05
16,2023,1,14,16,4.7,7.84,11.06,794.1,3.0,1.93,0.025,0.005,4.08
16,2023,1,14,20,4.6,7.85,11.12,793.8,2.7,1.91,0.025,0.005,4.07
16,2023,1,15,0,4.6,7.84,11.17,794.9,2.9,1.87,0.025,0.005,4.05
16,2023,1,15,4,4.6,7.85,11.16,794.2,3.1,1.87,0.025,0.005,4.05
16,2023,1,15,8,4.4,7.86,11.41,795.3,2.2,1.92,0.025,0.005,4.08
16,2023,1,15,12,4.7,7.87,11.59,792.7,2.5,2.0,0.025,0.005,4.1
16,2023,1,15,16,4.8,7.87,11.66,795.3,3.6,2.05,0.025,0.005,4.11
16,2023,1,15,20,4.8,7.87,11.7,792.3,2.7,2.03,0.025,0.005,4.11
16,2023,1,16,0,4.8,7.9,11.81,792.6,2.7,1.99,0.025,0.005,4.13
16,2023,1,16,4,4.6,7.88,11.78,793.0,1.9,1.99,0.025,0.005,4.13
16,2023,1,17,8,4.6,7.87,11.7,786.6,2.8,1.88,0.025,0.005,4.13
16,2023,1,17,12,4.8,7.88,11.97,785.7,2.4,1.91,0.025,0.005,4.13
16,2023,1,17,16,4.8,7.88,12.18,784.6,3.0,1.86,0.025,0.005,4.09
16,2023,1,17,20,4.7,7.89,12.15,787.3,3.0,1.88,0.025,0.005,4.14
16,2023,1,18,0,4.8,7.9,12.16,784.2,2.6,1.9,0.025,0.005,4.12
16,2023,1,18,4,4.7,7.9,12.06,784.2,3.0,1.9,0.025,0.005,4.12
16,2023,1,18,8,4.6,7.89,12.12,786.3,3.0,1.9,0.025,0.005,4.11
16,2023,1,18,12,4.8,7.89,12.1,786.9,2.6,2.0,0.025,0.005,4.16
16,2023,1,18,16,4.8,7.88,11.69,786.4,3.0,1.89,0.025,0.005,4.14
16,2023,1,18,20,4.8,7.86,11.48,784.9,3.0,1.94,0.025,0.005,4.05
16,2023,1,19,0,4.8,7.86,11.26,786.3,2.9,1.85,0.025,0.005,4.02
16,2023,1,19,4,4.7,7.87,11.43,783.8,2.9,1.85,0.025,0.005,4.02
16,2023,1,19,8,4.7,7.85,11.36,786.3,3.0,1.88,0.025,0.005,4.06
16,2023,1,19,12,4.8,7.83,11.18,791.6,3.3,1.94,0.025,0.005,4.08
16,2023,1,28,8,4.4,7.88,11.46,793.3,2.3,1.84,0.025,0.005,3.92
16,2023,1,28,12,4.7,7.89,11.5,791.5,2.9,1.75,0.025,0.005,3.94
16,2023,1,28,16,4.6,7.9,11.46,790.2,2.8,1.75,0.025,0.005,3.93
16,2023,1,28,20,4.7,7.9,11.72,790.7,3.0,1.75,0.025,0.005,3.97
16,2023,1,29,0,4.6,7.91,11.87,788.4,4.3,1.75,0.025,0.005,3.97
16,2023,1,29,4,4.4,7.9,11.8,792.1,3.1,1.76,0.025,0.005,3.91
16,2023,1,29,8,4.4,7.91,11.68,789.1,2.9,1.87,0.025,0.005,3.94
16,2023,1,29,12,4.8,7.91,11.9,785.9,2.7,1.75,0.025,0.005,3.97
16,2023,1,29,16,4.7,7.93,11.99,787.4,2.3,1.92,0.025,0.005,3.96
16,2023,1,29,20,4.8,7.93,12.18,784.5,2.7,1.83,0.025,0.005,3.97
16,2023,1,30,4,4.6,7.92,12.33,788.8,3.4,1.74,0.025,0.005,3.98
16,2023,1,30,8,4.6,7.91,12.08,784.9,2.5,1.83,0.025,0.005,3.93
16,2023,1,30,12,4.8,7.93,12.12,782.3,4.0,1.74,0.025,0.005,3.96
16,2023,1,30,16,5.0,7.92,12.26,781.3,3.2,1.81,0.025,0.005,3.94
16,2023,1,30,20,4.8,7.92,12.16,781.3,3.9,1.76,0.025,0.005,3.91
16,2023,1,31,0,4.8,7.92,12.4,783.4,3.0,1.76,0.025,0.005,3.91
16,2023,1,31,4,4.8,7.92,12.1,782.7,3.5,1.75,0.025,0.005,3.87
16,2023,1,31,8,4.7,7.92,12.19,782.2,3.8,1.85,0.025,0.005,3.91
16,2023,1,31,12,5.0,7.92,12.28,780.8,3.5,1.73,0.025,0.005,3.89
16,2023,1,31,16,4.4,7.96,12.51,770.1,3.4,1.83,0.025,0.005,3.9
16,2023,1,31,20,4.0,7.95,12.31,774.2,3.0,1.75,0.025,0.005,3.89
16,2023,2,1,0,4.7,7.93,12.4,779.6,3.0,1.75,0.025,0.005,3.89
16,2023,2,1,4,5.0,7.92,12.39,777.8,2.7,1.72,0.025,0.005,3.82
16,2023,2,1,8,5.0,7.92,12.38,777.3,3.1,1.85,0.025,0.005,3.81
16,2023,2,1,12,5.0,7.92,12.46,775.6,3.2,1.74,0.025,0.005,3.82
16,2023,2,1,16,5.1,7.93,12.89,773.4,3.2,1.76,0.025,0.005,3.8
16,2023,2,1,20,5.0,7.93,12.71,773.9,3.0,1.81,0.025,0.005,3.85
16,2023,2,2,0,5.0,7.93,12.9,774.4,3.5,1.81,0.025,0.005,3.85
16,2023,2,2,4,5.0,7.92,12.76,774.1,3.8,1.74,0.025,0.005,3.78
16,2023,2,2,8,5.0,7.92,12.72,774.6,3.7,1.86,0.025,0.005,3.77
16,2023,2,2,12,5.0,7.92,12.66,775.9,3.5,1.81,0.025,0.005,3.79
16,2023,2,2,16,5.1,7.93,12.64,773.4,3.7,1.8,0.025,0.005,3.76
16,2023,2,2,20,5.0,7.92,12.69,773.6,3.9,1.78,0.025,0.005,3.75
16,2023,2,3,0,5.0,7.94,12.8,773.2,4.6,1.78,0.025,0.005,3.75
16,2023,2,3,4,5.0,7.93,12.72,772.2,3.6,1.73,0.025,0.005,3.74
16,2023,2,3,8,5.0,7.92,12.67,773.4,3.5,1.83,0.025,0.005,3.73
16,2023,2,3,12,5.0,7.94,12.8,771.7,5.0,1.74,0.025,0.005,3.74
16,2023,2,3,16,5.3,7.9,12.71,770.3,5.2,1.84,0.025,0.005,3.78
16,2023,2,3,20,5.1,7.91,12.93,770.4,5.2,1.8,0.025,0.005,3.78
16,2023,2,4,0,5.1,7.91,12.92,771.1,3.7,1.8,0.025,0.005,3.78
16,2023,2,4,4,5.0,7.9,12.94,772.3,3.7,1.76,0.025,0.005,3.72
16,2023,2,4,8,5.0,7.91,12.81,771.4,5.0,1.83,0.025,0.005,3.72
16,2023,2,4,12,5.2,7.94,12.95,766.5,3.8,1.69,0.025,0.005,4.28
16,2023,2,4,16,5.4,7.93,12.96,767.6,5.0,1.76,0.025,0.005,4.32
16,2023,2,4,20,5.2,7.93,13.19,766.1,3.7,1.62,0.025,0.005,4.3
16,2023,2,5,0,5.3,7.93,13.01,766.3,5.0,1.62,0.025,0.005,4.3
16,2023,2,5,4,5.1,7.94,13.0,767.6,4.3,1.59,0.025,0.005,4.25
16,2023,2,5,8,5.1,7.93,12.85,768.0,4.3,1.59,0.025,0.005,4.25
16,2023,2,5,12,5.3,7.94,12.96,765.5,4.1,1.58,0.025,0.005,4.23
16,2023,2,5,16,5.5,7.94,13.0,762.9,4.8,1.56,0.025,0.005,4.26
16,2023,2,5,20,5.3,7.93,13.25,765.0,4.6,1.58,0.025,0.005,4.26
16,2023,2,6,0,5.3,7.94,13.31,764.1,2.4,1.58,0.025,0.005,4.26
16,2023,2,6,4,5.1,7.93,13.3,764.1,3.6,1.54,0.025,0.005,4.23
16,2023,2,6,8,5.1,7.95,13.34,764.4,4.3,1.71,0.025,0.005,4.22
16,2023,2,6,12,5.3,7.94,13.5,763.1,4.5,1.6,0.025,0.005,4.23
16,2023,2,6,16,5.7,7.95,13.22,760.2,4.5,1.61,0.025,0.005,4.25
16,2023,2,6,20,5.3,7.95,13.45,762.2,4.3,1.59,0.025,0.005,4.23
16,2023,2,7,0,5.3,7.95,13.41,761.1,4.4,1.59,0.025,0.005,4.23
16,2023,2,7,4,5.3,7.95,13.59,760.6,4.3,1.58,0.025,0.005,4.24
16,2023,2,7,8,5.3,7.96,13.46,761.5,4.7,1.66,0.025,0.005,4.26
16,2023,2,7,12,5.5,7.96,13.58,759.5,4.7,1.54,0.025,0.005,4.26
16,2023,2,7,16,5.6,7.96,13.55,763.1,8.2,1.77,0.025,0.005,4.25
16,2023,2,7,20,5.4,7.97,13.95,757.8,5.0,1.77,0.025,0.005,4.25
16,2023,2,8,0,5.4,7.97,13.97,759.5,4.0,1.77,0.025,0.005,4.25
16,2023,2,8,4,5.3,7.97,13.97,759.0,3.6,1.54,0.025,0.005,4.24
16,2023,2,8,8,5.3,7.97,14.04,759.1,3.4,1.68,0.025,0.005,4.23
16,2023,2,8,12,5.6,7.98,14.03,755.9,5.2,1.59,0.025,0.005,4.22
16,2023,2,8,16,5.7,7.98,14.0,756.2,4.2,1.59,0.025,0.005,4.26
16,2023,2,8,20,5.7,8.01,14.33,754.7,5.2,1.57,0.025,0.005,4.27
16,2023,2,9,0,5.6,8.0,14.38,754.4,4.9,1.57,0.025,0.005,4.27
16,2023,2,9,4,5.6,8.0,14.43,753.4,4.3,1.55,0.025,0.005,4.22
16,2023,2,9,8,5.3,7.99,14.34,758.1,3.9,1.72,0.025,0.005,4.22
16,2023,2,9,12,5.4,8.0,14.24,756.8,4.3,1.57,0.025,0.005,4.25
16,2023,2,9,16,5.4,8.0,14.27,755.9,4.8,1.59,0.025,0.005,4.27
16,2023,2,9,20,5.3,8.02,14.44,757.4,3.0,1.58,0.025,0.005,4.28
16,2023,2,10,0,5.3,8.0,14.4,759.1,4.8,1.58,0.025,0.005,4.28
16,2023,2,10,4,5.3,8.0,14.59,758.4,4.4,1.55,0.025,0.005,4.34
16,2023,2,10,8,5.3,8.0,14.59,758.4,4.4,1.75,0.025,0.005,4.39
16,2023,2,10,12,5.3,7.98,14.15,756.4,4.6,1.64,0.025,0.005,4.36
16,2023,2,10,16,5.3,8.0,14.54,757.3,5.1,1.66,0.025,0.005,4.4
16,2023,2,10,20,5.1,8.02,14.58,758.5,4.1,1.67,0.025,0.005,4.48
16,2023,2,11,0,5.2,8.02,14.55,756.9,4.3,1.67,0.025,0.005,4.48
16,2023,2,11,4,5.1,8.02,14.67,760.5,3.8,1.68,0.025,0.005,4.46
16,2023,2,11,8,5.0,8.0,14.6,757.3,4.4,1.79,0.025,0.005,4.48
16,2023,2,11,12,5.0,8.09,15.6,755.7,3.9,1.8,0.025,0.005,4.76
16,2023,2,11,16,5.0,8.13,16.45,750.3,3.4,1.88,0.025,0.005,4.92
16,2023,2,11,20,4.8,8.16,16.17,750.7,3.5,1.78,0.025,0.005,5.0
16,2023,2,12,0,4.8,8.16,16.29,749.0,3.7,1.78,0.025,0.005,5.0
16,2023,2,12,4,4.8,8.15,16.7,748.6,4.2,1.75,0.025,0.005,4.99
16,2023,2,12,8,4.8,8.14,16.6,749.5,3.5,1.92,0.025,0.005,5.01
16,2023,2,12,12,4.8,8.14,16.51,749.5,3.7,1.88,0.025,0.005,4.97
16,2023,2,12,16,4.9,8.13,16.57,748.3,3.7,1.77,0.025,0.005,4.93
16,2023,2,12,20,4.6,8.13,16.28,749.4,3.7,1.92,0.025,0.005,4.95
16,2023,2,13,0,4.5,8.15,16.53,757.2,3.4,1.92,0.025,0.005,4.95
16,2023,2,13,4,4.4,8.11,16.52,760.0,3.1,1.71,0.025,0.005,5.03
16,2023,2,13,8,4.4,8.12,16.68,761.4,3.2,1.96,0.025,0.03,5.05
16,2023,2,13,12,4.4,8.17,17.03,758.1,4.1,2.0,0.025,0.032,5.28
16,2023,2,13,20,4.2,8.17,17.33,760.6,3.2,1.53,0.025,0.005,5.25
16,2023,2,14,0,4.2,8.16,16.92,761.9,2.8,1.53,0.025,0.005,5.25
16,2023,2,14,4,4.2,8.16,16.78,762.3,2.4,1.36,0.025,0.005,5.22
16,2023,2,14,8,4.3,8.15,16.55,761.7,2.9,1.75,0.025,0.005,5.21
16,2023,2,14,12,4.3,8.15,16.73,760.9,2.4,1.5,0.025,0.005,5.24
16,2023,2,14,16,4.2,8.13,16.56,762.1,2.7,1.31,0.025,0.005,5.22
16,2023,2,14,20,4.1,8.14,16.63,763.4,2.0,1.2,0.025,0.005,5.2
16,2023,2,15,0,4.1,8.12,16.48,763.9,2.4,1.2,0.025,0.005,5.2
16,2023,2,15,4,4.1,8.12,16.36,764.2,2.3,0.91,0.025,0.005,5.18
16,2023,2,15,8,4.2,8.12,16.22,765.4,2.1,2.13,0.025,0.005,5.17
16,2023,2,15,12,4.3,8.11,15.99,763.3,1.8,1.16,0.025,0.005,5.2
16,2023,2,15,16,4.4,8.11,16.08,762.5,2.4,0.71,0.025,0.005,5.18
16,2023,2,15,20,4.4,8.1,15.98,762.9,2.0,0.85,0.025,0.005,5.14
16,2023,2,16,0,4.4,8.11,15.74,764.5,2.5,0.85,0.025,0.005,5.14
16,2023,2,16,4,4.4,8.07,15.58,765.0,2.7,0.74,0.025,0.005,5.14
16,2023,2,16,8,4.4,8.07,15.3,765.4,2.0,1.46,0.025,0.005,5.14
16,2023,2,16,12,4.4,8.07,14.86,766.2,2.1,0.84,0.025,0.005,5.1
16,2023,2,16,16,4.4,8.07,14.94,764.7,2.5,0.89,0.025,0.005,5.1
16,2023,2,16,20,4.4,8.05,14.71,767.3,2.1,0.74,0.025,0.005,5.09
16,2023,2,17,0,4.4,8.05,14.4,766.7,2.2,0.74,0.025,0.005,5.09
16,2023,2,17,4,4.4,8.04,14.21,767.4,2.1,0.84,0.025,0.005,5.07
16,2023,2,17,8,4.4,8.02,14.15,766.5,2.4,1.12,0.025,0.005,5.06
16,2023,2,17,16,4.6,7.99,13.78,752.5,2.3,2.09,0.025,0.005,4.97
16,2023,2,17,20,4.5,8.02,13.61,751.7,2.4,1.92,0.025,0.005,4.94
16,2023,2,18,0,4.5,7.99,13.48,754.5,2.3,1.92,0.025,0.005,4.94
16,2023,2,18,4,4.4,8.01,13.56,750.5,2.4,1.82,0.025,0.005,4.86
16,2023,2,18,8,4.4,8.01,13.45,747.7,2.4,1.92,0.025,0.005,4.88
16,2023,2,18,12,4.5,8.0,13.04,748.5,2.3,1.89,0.025,0.005,4.83
16,2023,2,18,16,4.6,8.0,12.87,747.8,2.2,1.81,0.025,0.005,4.86
16,2023,2,18,20,4.4,8.01,12.85,744.5,2.2,1.87,0.025,0.005,4.82
16,2023,2,19,0,4.4,8.0,13.12,745.2,2.0,1.87,0.025,0.005,4.82
16,2023,2,19,4,4.4,8.0,13.07,744.5,2.0,1.85,0.025,0.005,4.77
16,2023,2,19,8,4.1,8.01,13.23,744.2,2.0,2.05,0.025,0.005,4.75
16,2023,2,19,12,4.3,7.99,12.88,745.4,2.1,1.93,0.025,0.005,4.73
16,2023,2,19,16,4.1,7.99,11.64,742.3,2.0,1.92,0.025,0.005,4.76
16,2023,2,19,20,3.9,8.02,11.89,741.1,1.9,1.91,0.025,0.005,4.83
16,2023,2,20,0,4.0,8.03,12.48,741.5,1.8,1.91,0.025,0.005,4.83
16,2023,2,20,4,3.8,8.03,12.11,744.6,1.9,2.0,0.025,0.005,4.99
16,2023,2,20,8,3.8,8.07,11.78,743.0,1.9,2.15,0.025,0.005,5.11
16,2023,2,20,12,3.8,8.08,12.15,743.7,1.9,2.15,0.025,0.005,5.11
16,2023,2,20,16,3.8,8.05,11.89,743.5,1.8,2.09,0.025,0.005,5.1
16,2023,2,20,20,3.4,8.06,11.91,747.6,1.7,1.98,0.025,0.005,5.08
16,2023,2,21,0,3.4,8.08,11.42,746.2,1.7,2.05,0.025,0.005,5.21
16,2023,2,21,4,3.1,8.07,11.38,746.8,1.6,2.05,0.025,0.005,5.21
16,2023,2,21,8,3.2,8.1,11.11,748.5,1.5,2.04,0.025,0.005,5.37
16,2023,2,21,12,3.2,8.11,11.28,748.2,1.5,2.07,0.025,0.005,5.41
16,2023,2,21,16,3.2,8.1,11.3,748.5,1.5,2.07,0.025,0.005,5.41
16,2023,2,21,20,3.3,8.1,11.27,747.5,1.5,2.05,0.025,0.005,5.4
16,2023,2,22,0,3.2,8.1,11.26,750.8,1.4,2.05,0.025,0.005,5.42
16,2023,2,22,4,3.2,8.1,11.13,749.3,1.3,2.05,0.025,0.005,5.42
16,2023,2,22,8,3.2,8.06,11.14,750.5,1.3,2.05,0.025,0.005,5.4
16,2023,2,22,12,3.3,8.1,11.43,748.3,1.4,2.09,0.025,0.005,5.41
16,2023,2,22,16,3.5,8.11,11.6,744.8,1.3,2.04,0.025,0.005,5.34
16,2023,2,22,20,3.4,8.09,11.45,746.0,1.3,2.01,0.025,0.005,5.32
16,2023,2,23,0,3.4,8.08,11.38,748.1,1.3,1.98,0.025,0.005,5.32
16,2023,2,23,4,3.4,8.1,11.33,748.7,1.2,1.98,0.025,0.005,5.32
16,2023,2,23,8,3.5,8.1,11.16,747.7,1.2,1.97,0.025,0.005,5.35
16,2023,2,23,12,3.7,8.08,11.21,743.7,1.2,2.11,0.025,0.005,5.37
16,2023,2,23,16,3.9,8.09,11.09,738.3,1.3,1.98,0.025,0.005,5.34
16,2023,2,23,20,3.9,8.08,11.22,739.9,1.4,2.01,0.025,0.005,5.3
16,2023,2,24,0,3.8,8.06,11.46,741.5,1.4,1.99,0.025,0.005,5.3
16,2023,2,24,4,4.0,8.06,11.48,739.3,1.4,1.99,0.025,0.005,5.3
16,2023,2,24,8,3.9,8.08,11.34,738.5,1.3,1.91,0.025,0.005,5.05
16,2023,2,24,12,4.4,8.06,11.18,741.1,1.2,2.05,0.025,0.005,5.17
16,2023,2,24,16,4.8,8.04,11.07,738.8,1.5,1.96,0.025,0.005,5.2
16,2023,2,24,20,4.6,8.07,11.29,738.8,1.6,1.87,0.025,0.005,5.03
16,2023,2,25,0,4.6,8.05,11.29,739.0,1.5,1.87,0.025,0.005,5.16
16,2023,2,25,4,4.7,8.06,11.24,739.1,1.5,1.87,0.025,0.005,5.16
16,2023,2,25,8,4.7,8.07,11.22,740.6,1.3,1.91,0.025,0.005,5.15
16,2023,2,25,12,4.9,8.07,11.09,729.7,1.4,2.06,0.025,0.005,5.23
16,2023,2,25,16,5.0,8.07,11.72,739.4,1.5,1.94,0.025,0.005,5.2
16,2023,2,25,20,5.0,8.07,11.95,739.8,1.3,1.97,0.025,0.005,5.13
16,2023,2,26,0,4.9,8.09,12.26,739.8,1.4,1.9,0.025,0.005,5.02
16,2023,2,26,4,4.8,8.09,12.24,741.5,1.6,1.9,0.025,0.005,5.02
16,2023,2,26,8,4.9,8.09,11.88,741.8,1.5,1.91,0.025,0.005,5.14
16,2023,2,26,12,5.0,8.08,11.77,737.9,1.6,2.06,0.025,0.005,5.13
16,2023,2,26,16,5.1,8.08,11.69,737.4,1.7,1.92,0.025,0.005,5.12
16,2023,2,26,20,5.0,8.1,11.92,737.4,1.8,1.96,0.025,0.005,5.09
16,2023,2,27,0,5.0,8.1,12.8,738.2,1.8,1.9,0.025,0.005,5.01
16,2023,2,27,4,5.0,8.11,12.7,738.0,1.5,1.9,0.025,0.005,5.01
16,2023,2,27,8,5.0,8.14,13.33,738.8,1.5,1.96,0.025,0.005,5.03
16,2023,2,27,12,5.1,8.11,12.33,734.0,1.8,1.95,0.025,0.005,5.04
16,2023,2,27,16,5.1,8.1,12.56,734.8,2.0,2.0,0.025,0.005,5.03
16,2023,2,27,20,5.3,8.09,12.25,736.2,1.8,1.94,0.025,0.005,5.0
16,2023,2,28,0,5.2,8.1,12.55,735.3,1.8,1.94,0.025,0.005,5.0
16,2023,2,28,4,5.1,8.11,12.48,735.2,2.0,1.95,0.025,0.005,5.0
16,2023,2,28,8,5.0,8.12,13.02,738.7,2.3,2.15,0.025,0.005,4.98
16,2023,2,28,12,5.2,8.1,12.73,732.4,1.8,1.95,0.025,0.005,4.92
16,2023,2,28,16,5.6,8.13,13.21,727.0,2.3,1.51,0.025,0.005,4.89
16,2023,2,28,20,5.6,8.16,13.76,729.0,2.2,1.45,0.025,0.005,4.9
16,2023,3,1,0,5.4,8.1,12.85,728.7,2.3,1.45,0.025,0.005,4.9
16,2023,3,1,4,5.1,8.14,13.68,730.5,2.3,1.27,0.025,0.005,4.87
16,2023,3,1,8,5.1,8.15,13.85,728.4,2.3,1.67,0.025,0.005,4.86
16,2023,3,1,12,5.6,8.16,13.98,727.7,2.5,1.62,0.025,0.005,4.83
16,2023,3,1,16,5.8,8.11,14.31,723.6,2.3,1.62,0.025,0.005,4.84
16,2023,3,1,20,5.6,8.16,15.07,730.2,3.1,2.19,0.025,0.005,4.84
16,2023,3,2,0,5.4,8.18,15.52,726.9,2.9,2.19,0.025,0.005,4.84
16,2023,3,2,4,5.4,8.2,15.25,727.8,3.1,2.19,0.025,0.005,4.84
16,2023,3,2,8,5.3,8.19,15.5,725.9,3.2,2.12,0.025,0.005,4.81
16,2023,3,2,12,5.6,8.22,16.07,726.0,3.2,2.07,0.025,0.005,4.8
16,2023,3,2,16,6.1,8.24,16.26,722.0,4.8,2.6,0.025,0.005,4.83
16,2023,3,2,20,5.9,8.22,16.15,720.2,3.8,2.16,0.025,0.005,4.76
16,2023,3,3,0,5.7,8.28,16.96,720.0,4.3,2.16,0.025,0.005,4.76
16,2023,3,3,4,5.7,8.3,17.39,720.5,5.5,2.1,0.025,0.005,4.71
16,2023,3,3,8,5.7,8.31,17.54,718.4,4.3,2.54,0.025,0.005,4.74
16,2023,3,3,12,6.0,8.33,17.82,717.6,4.2,2.42,0.025,0.005,4.74
16,2023,3,3,16,6.4,8.33,17.84,715.9,5.6,2.94,0.025,0.005,4.84
16,2023,3,3,20,6.3,8.31,17.88,712.2,4.3,2.31,0.025,0.005,4.72
16,2023,3,4,0,6.2,8.34,18.16,712.4,5.4,2.31,0.025,0.005,4.72
16,2023,3,4,4,6.1,8.38,18.54,710.1,5.4,2.36,0.025,0.005,4.72
16,2023,3,4,8,6.0,8.4,19.2,714.1,5.1,2.49,0.025,0.005,4.7
16,2023,3,4,12,6.3,8.42,19.56,712.5,3.9,3.0,0.025,0.005,4.79
16,2023,3,4,16,6.9,8.39,19.3,708.2,6.3,2.78,0.025,0.005,4.77
16,2023,3,4,20,6.8,8.42,19.88,705.4,5.8,2.48,0.025,0.005,4.68
16,2023,3,5,0,6.6,8.42,19.97,706.5,4.9,2.48,0.025,0.005,4.68
16,2023,3,5,4,6.5,8.47,20.65,707.7,5.4,2.38,0.025,0.005,4.72
16,2023,3,5,8,6.3,8.45,20.3,706.0,2.8,2.65,0.025,0.005,4.68
16,2023,3,5,12,6.8,8.44,20.55,704.3,6.7,3.13,0.025,0.03,4.74
16,2023,3,5,16,7.2,8.45,20.61,700.3,5.0,2.56,0.025,0.005,4.7
16,2023,3,5,20,6.9,8.45,20.94,699.9,5.8,2.59,0.025,0.005,4.61
16,2023,3,6,0,6.8,8.45,21.05,697.7,5.4,2.59,0.025,0.005,4.61
16,2023,3,6,4,6.7,8.44,20.78,696.9,5.2,2.29,0.025,0.005,4.59
16,2023,3,6,8,6.6,8.42,20.86,698.2,5.3,2.4,0.025,0.005,4.57
16,2023,3,6,12,7.0,8.43,20.92,696.7,7.0,2.73,0.025,0.005,4.67
16,2023,3,6,16,7.6,8.44,21.23,692.7,5.8,2.79,0.025,0.005,4.64
16,2023,3,6,20,7.5,8.44,21.21,693.2,5.8,2.19,0.025,0.005,4.53
16,2023,3,7,0,7.3,8.43,21.62,695.0,6.5,2.19,0.025,0.005,4.53
16,2023,3,7,4,7.2,8.43,21.72,690.7,5.4,2.08,0.025,0.005,4.51
16,2023,3,7,8,7.1,8.4,21.1,692.1,3.3,2.27,0.025,0.005,4.5
16,2023,3,7,12,7.5,8.41,21.26,689.6,6.1,2.3,0.025,0.005,4.56
16,2023,3,7,16,8.1,8.43,21.82,687.8,4.6,2.33,0.025,0.005,4.55
16,2023,3,7,20,7.9,8.44,22.38,685.9,5.3,2.0,0.025,0.005,4.48
16,2023,3,8,0,7.6,8.45,22.34,681.6,5.5,2.0,0.025,0.005,4.48
16,2023,3,8,4,7.5,8.45,23.07,678.3,5.0,2.02,0.025,0.005,4.42
16,2023,3,8,8,7.5,8.45,22.88,679.0,4.2,2.13,0.025,0.005,4.44
16,2023,3,8,12,8.1,8.41,22.13,679.9,5.4,2.2,0.025,0.005,4.48
16,2023,3,8,16,8.1,8.44,21.98,651.2,5.2,2.19,0.025,0.005,4.3
16,2023,3,8,20,8.1,8.45,22.39,670.6,5.6,2.0,0.025,0.005,4.41
16,2023,3,9,0,8.2,8.45,22.56,670.2,4.2,2.0,0.025,0.005,4.41
16,2023,3,9,4,8.0,8.45,22.81,664.3,3.1,1.91,0.025,0.005,4.37
16,2023,3,9,8,8.0,8.44,22.28,666.6,6.4,2.05,0.025,0.005,4.4
16,2023,3,9,12,7.6,8.37,19.53,640.5,4.1,1.9,0.025,0.005,4.06
16,2023,3,9,16,8.5,8.42,21.07,653.4,5.9,1.99,0.025,0.005,4.2
16,2023,3,9,20,8.1,8.46,20.66,636.1,5.1,1.95,0.025,0.005,4.09
16,2023,3,10,0,8.6,8.44,23.26,662.1,3.1,1.95,0.025,0.005,4.09
16,2023,3,10,4,8.6,8.44,22.49,659.4,4.8,1.84,0.025,0.005,4.28
16,2023,3,10,8,8.4,8.47,23.99,659.3,4.6,2.04,0.025,0.005,4.34
16,2023,3,10,12,9.7,8.54,22.02,598.5,4.6,1.9,0.025,0.005,4.28
16,2023,3,10,16,9.2,8.33,22.03,604.2,5.2,1.97,0.025,0.005,4.14
16,2023,3,10,20,8.9,8.32,22.7,631.9,5.5,2.02,0.025,0.005,4.26
16,2023,3,11,0,8.7,8.37,24.15,604.8,3.9,2.02,0.025,0.005,4.26
16,2023,3,11,4,8.8,8.33,23.47,616.4,4.8,1.87,0.025,0.005,4.19
16,2023,3,11,8,8.7,8.29,22.19,616.6,4.4,1.99,0.025,0.005,4.16
16,2023,3,11,12,8.8,8.38,23.06,621.0,5.4,1.97,0.025,0.005,4.24
16,2023,3,11,16,8.8,8.36,21.84,621.2,6.4,2.03,0.025,0.005,4.21
16,2023,3,11,20,8.6,8.38,22.69,611.0,3.9,2.01,0.025,0.005,4.1
16,2023,3,12,0,7.7,8.29,21.05,595.0,6.0,2.01,0.025,0.005,4.1
16,2023,3,12,4,7.5,8.34,20.74,605.3,4.4,1.92,0.025,0.005,4.02
16,2023,3,12,8,7.2,8.31,20.21,602.0,3.8,2.05,0.025,0.005,3.96
16,2023,3,12,12,7.4,8.22,17.85,616.6,8.3,2.05,0.025,0.005,3.88
16,2023,3,12,16,7.8,8.21,17.09,617.9,8.5,2.01,0.025,0.005,3.86
16,2023,3,12,20,7.8,8.24,17.4,621.0,5.1,1.98,0.025,0.005,3.88
16,2023,3,13,0,7.5,8.23,16.95,620.0,5.0,1.98,0.025,0.005,3.88
16,2023,3,13,4,7.3,8.21,16.57,619.6,4.8,1.92,0.025,0.005,3.85
16,2023,3,13,8,7.2,8.2,16.34,620.6,5.0,2.09,0.025,0.005,3.81
16,2023,3,13,12,7.9,8.21,16.72,622.4,5.5,2.0,0.025,0.005,3.82
16,2023,3,13,16,8.4,8.19,15.85,623.1,6.7,2.0,0.025,0.005,3.77
16,2023,3,13,20,8.4,8.21,16.83,618.9,5.2,1.9,0.025,0.005,3.76
16,2023,3,14,0,8.1,8.16,15.98,622.3,6.8,1.9,0.025,0.005,3.76
16,2023,3,14,4,7.9,8.14,16.13,622.0,6.3,1.86,0.025,0.005,3.69
16,2023,3,14,8,7.9,8.14,15.74,620.4,5.4,2.03,0.025,0.005,3.71
16,2023,3,14,12,8.3,8.17,16.13,620.9,5.6,2.03,0.025,0.005,3.71
16,2023,3,14,16,8.7,8.12,15.02,624.5,9.2,1.95,0.025,0.005,3.68
16,2023,3,14,20,8.6,8.14,15.32,618.6,8.8,1.9,0.025,0.005,3.68
16,2023,3,15,0,8.1,8.17,14.65,616.8,10.3,1.9,0.025,0.005,3.68
16,2023,3,15,4,7.8,8.16,14.35,621.6,7.8,1.87,0.025,0.005,3.62
16,2023,3,15,8,7.5,8.15,13.76,627.4,6.2,1.97,0.025,0.005,3.6
16,2023,3,15,12,7.5,8.19,13.58,618.4,11.5,1.93,0.025,0.005,3.62
16,2023,3,15,16,7.9,8.2,13.55,618.4,11.2,1.96,0.025,0.005,3.64
16,2023,3,15,20,7.6,8.18,13.48,616.2,9.7,1.86,0.025,0.005,3.51
16,2023,3,16,0,7.5,8.18,13.44,617.3,9.0,1.86,0.025,0.005,3.51
16,2023,3,16,4,7.5,8.17,13.11,622.5,8.7,1.87,0.025,0.005,3.56
16,2023,3,16,8,7.3,8.19,13.07,623.5,8.1,2.02,0.025,0.005,3.55
16,2023,3,16,12,8.1,8.16,13.14,620.6,6.1,1.86,0.025,0.005,3.47
16,2023,3,16,20,8.2,8.19,13.32,616.2,7.0,1.88,0.025,0.005,3.52
16,2023,3,17,0,7.9,8.19,12.06,621.3,6.0,1.88,0.025,0.005,3.52
16,2023,3,17,4,7.6,8.18,12.83,620.5,5.9,1.81,0.025,0.005,3.48
16,2023,3,17,8,7.6,8.18,12.97,624.2,5.5,1.97,0.025,0.005,3.5
16,2023,3,17,12,8.1,8.19,13.13,628.2,5.6,1.64,0.025,0.005,3.43
16,2023,3,17,16,8.8,8.22,13.38,625.5,5.4,1.91,0.025,0.005,3.45
16,2023,3,17,20,8.2,8.24,13.54,620.3,5.1,1.7,0.025,0.005,3.41
16,2023,3,18,0,8.1,8.23,13.29,620.7,4.9,1.7,0.025,0.005,3.41
16,2023,3,18,4,8.1,8.23,13.29,620.7,4.9,1.57,0.025,0.005,3.4
16,2023,3,18,12,7.9,8.18,12.84,625.1,5.7,1.6,0.025,0.005,3.41
16,2023,3,18,16,8.5,8.25,13.59,616.5,5.7,1.56,0.025,0.005,3.4
16,2023,3,18,20,8.2,8.3,14.02,611.5,5.2,1.81,0.025,0.005,3.36
16,2023,3,19,0,8.0,8.27,13.43,611.7,5.7,1.81,0.025,0.005,3.36
16,2023,3,19,4,7.7,8.25,13.19,611.4,6.1,1.74,0.025,0.005,3.4
16,2023,3,19,8,7.5,8.24,12.98,612.3,7.2,1.66,0.025,0.005,3.43
16,2023,3,19,12,8.2,8.22,12.83,611.8,5.8,1.8,0.025,0.005,3.34
16,2023,3,19,16,9.3,8.29,13.39,607.4,8.5,1.45,0.025,0.005,3.37
16,2023,3,19,20,8.8,8.25,12.95,609.3,5.9,1.79,0.025,0.005,3.35
16,2023,3,20,0,8.5,8.24,12.86,615.0,5.2,1.79,0.025,0.005,3.35
16,2023,3,20,4,8.5,8.23,12.78,611.5,5.1,1.39,0.025,0.005,3.34
16,2023,3,20,8,8.6,8.23,12.78,614.5,4.8,1.46,0.025,0.005,3.3
16,2023,3,20,12,9.1,8.28,13.03,610.6,5.1,1.61,0.025,0.005,3.35
16,2023,3,20,16,10.2,8.33,13.82,606.5,5.2,1.41,0.025,0.005,3.37
16,2023,3,20,20,9.8,8.34,13.6,603.6,5.2,1.33,0.025,0.005,3.32
16,2023,3,21,0,9.2,8.33,13.67,606.6,4.5,1.33,0.025,0.005,3.32
16,2023,3,21,4,9.1,8.32,13.61,607.8,4.1,1.25,0.025,0.005,3.31
16,2023,3,21,12,10.0,8.35,13.5,607.1,4.4,1.25,0.025,0.005,3.34
16,2023,3,21,16,10.8,8.39,13.73,592.5,5.7,1.66,0.025,0.005,3.22
16,2023,3,21,20,10.5,8.36,13.38,591.6,4.7,1.67,0.025,0.005,3.35
16,2023,3,22,0,10.4,8.45,14.2,580.6,5.0,1.67,0.025,0.005,3.35
16,2023,3,22,4,10.2,8.34,12.9,590.4,5.6,1.59,0.025,0.005,3.33
16,2023,3,22,8,10.0,8.34,12.62,586.7,5.9,1.73,0.025,0.005,3.33
16,2023,3,22,12,9.5,8.36,12.69,591.2,4.2,1.56,0.025,0.005,3.26
16,2023,3,22,16,9.8,8.45,13.4,584.7,5.7,1.61,0.025,0.005,3.3
16,2023,3,22,20,9.7,8.47,13.6,582.3,5.0,1.93,0.025,0.005,3.35
16,2023,3,23,0,9.7,8.42,12.56,585.4,5.8,1.93,0.025,0.005,3.35
16,2023,3,23,4,9.2,8.38,12.55,583.3,6.4,1.63,0.025,0.005,3.25
16,2023,3,23,8,8.8,8.38,12.41,587.3,6.0,1.6,0.025,0.005,3.33
16,2023,3,23,12,9.1,8.37,12.36,589.5,6.0,1.55,0.025,0.005,3.29
16,2023,3,23,16,9.3,8.41,12.78,584.3,5.1,1.54,0.025,0.005,3.26
16,2023,3,23,20,9.2,8.42,12.71,584.3,5.4,1.61,0.025,0.005,3.26
16,2023,3,24,0,9.1,8.41,12.63,584.8,5.5,1.61,0.025,0.005,3.26
16,2023,3,24,4,8.8,8.37,12.37,587.8,7.8,1.57,0.025,0.005,3.28
16,2023,3,24,8,8.8,8.33,12.05,587.3,8.8,1.67,0.025,0.005,3.27
16,2023,3,24,12,9.1,8.36,12.22,587.4,5.7,1.57,0.025,0.005,3.3
16,2023,3,24,16,9.7,8.42,12.98,584.7,5.3,1.55,0.025,0.005,3.24
16,2023,3,24,20,9.2,8.38,12.47,587.2,5.3,1.54,0.025,0.005,3.25
16,2023,3,25,0,9.0,8.37,12.06,587.3,4.9,1.54,0.025,0.005,3.25
16,2023,3,25,4,8.8,8.37,12.13,585.8,4.9,1.55,0.025,0.005,3.21
16,2023,3,25,8,8.8,8.36,12.01,585.8,5.0,1.58,0.025,0.005,3.19
16,2023,3,25,12,9.4,8.41,12.51,584.1,4.5,1.54,0.025,0.005,3.23
16,2023,3,25,16,9.7,8.48,13.15,576.7,5.3,1.66,0.025,0.005,3.22
16,2023,3,25,20,9.6,8.52,13.57,574.9,7.1,1.56,0.025,0.005,3.25
16,2023,3,26,0,9.1,8.46,12.96,579.0,5.4,1.56,0.025,0.005,3.25
16,2023,3,26,4,9.1,8.42,12.46,578.1,5.6,1.61,0.025,0.005,3.18
16,2023,3,26,8,8.8,8.39,12.38,580.0,5.7,1.59,0.025,0.005,3.21
16,2023,3,26,12,9.7,8.42,12.6,578.1,5.1,1.57,0.025,0.005,3.21
16,2023,3,26,16,10.2,8.48,13.19,575.8,4.6,1.57,0.025,0.005,3.21
16,2023,3,26,20,9.9,8.48,13.04,577.2,5.0,1.56,0.025,0.005,3.2
16,2023,3,27,0,9.7,8.47,13.1,577.3,4.7,1.56,0.025,0.005,3.2
16,2023,3,27,4,9.3,8.46,12.67,578.1,4.3,1.54,0.025,0.005,3.18
16,2023,3,27,8,9.1,8.45,12.74,578.0,4.3,1.6,0.025,0.005,3.19
16,2023,3,27,12,10.4,8.47,13.08,578.9,3.9,1.52,0.025,0.005,3.14
16,2023,3,27,16,10.8,8.54,13.66,571.4,3.9,1.57,0.025,0.005,3.17
16,2023,3,27,20,10.6,8.57,13.79,569.3,4.1,1.56,0.025,0.005,2.72
16,2023,3,28,0,10.4,8.55,13.68,571.5,4.3,1.56,0.025,0.005,2.72
16,2023,3,28,4,10.0,8.52,13.2,574.3,4.3,1.56,0.025,0.005,2.69
16,2023,3,28,8,9.7,8.54,13.27,573.0,3.5,1.7,0.025,0.005,2.69
16,2023,3,28,12,11.3,8.58,14.02,573.4,2.9,1.56,0.025,0.005,2.71
16,2023,3,28,16,12.4,8.6,13.86,568.2,4.0,1.42,0.025,0.005,2.67
16,2023,3,28,20,11.7,8.59,13.72,570.7,3.7,1.44,0.025,0.005,2.67
16,2023,3,29,0,11.3,8.58,13.42,570.4,3.8,1.44,0.025,0.005,2.67
16,2023,3,29,8,10.9,8.56,13.05,571.8,3.5,1.56,0.025,0.005,2.68
16,2023,3,29,8,10.9,8.56,13.05,571.8,3.5,1.6,0.025,0.005,2.66
16,2023,3,29,16,12.4,8.66,14.07,568.2,4.2,1.55,0.025,0.005,2.63
16,2023,3,29,20,12.4,8.71,14.6,564.6,4.2,1.6,0.025,0.005,2.66
16,2023,3,29,20,12.4,8.71,14.6,564.6,4.2,1.7,0.025,0.005,2.7
16,2023,3,30,4,11.6,8.7,14.34,560.6,3.4,1.7,0.025,0.005,2.7
16,2023,3,30,8,11.6,8.69,14.19,562.2,3.4,1.61,0.025,0.005,2.67
16,2023,3,30,12,12.4,8.72,14.69,561.1,3.3,1.66,0.025,0.005,2.66
16,2023,3,30,16,14.0,8.75,14.73,561.3,4.3,1.57,0.025,0.005,2.67
16,2023,3,30,20,13.6,8.74,14.13,559.9,3.8,1.63,0.025,0.005,2.71
16,2023,3,31,0,13.0,8.71,14.06,562.0,3.4,1.59,0.025,0.005,2.67
16,2023,3,31,4,12.8,8.71,14.07,561.7,3.3,1.59,0.025,0.005,2.67
16,2023,3,31,8,12.8,8.72,13.93,562.2,3.0,1.59,0.025,0.005,2.67
16,2023,3,31,12,13.7,8.76,14.43,561.7,3.7,1.65,0.025,0.005,2.64
16,2023,3,31,16,13.9,8.8,14.14,555.2,6.3,1.65,0.025,0.005,2.65
16,2023,3,31,20,13.6,8.79,13.66,555.3,6.4,1.69,0.025,0.005,2.67
16,2023,4,1,0,13.3,8.74,13.13,557.3,5.2,1.74,0.025,0.005,2.67
16,2023,4,1,4,13.0,8.7,12.72,560.8,4.7,1.74,0.025,0.005,2.67
16,2023,4,1,8,13.0,8.69,12.44,562.5,4.4,1.63,0.025,0.005,2.64
16,2023,4,1,12,14.0,8.79,13.34,556.0,4.7,1.75,0.025,0.005,2.61
16,2023,4,1,16,14.7,8.86,13.7,550.1,5.8,1.68,0.025,0.005,2.65
16,2023,4,1,20,14.4,8.84,13.29,548.3,5.9,1.73,0.025,0.005,2.61
16,2023,4,2,0,14.0,8.8,12.94,556.1,4.2,1.72,0.025,0.005,2.63
16,2023,4,2,4,13.9,8.78,12.45,554.3,4.1,1.72,0.025,0.005,2.63
16,2023,4,2,8,13.8,8.78,12.48,556.2,3.7,1.6,0.025,0.005,2.58
16,2023,4,2,12,13.7,8.76,12.66,563.4,4.0,1.74,0.025,0.005,2.63
16,2023,4,2,16,13.6,8.77,12.74,564.2,3.7,1.84,0.025,0.005,2.6
16,2023,4,2,20,13.5,8.77,12.67,566.7,3.6,1.86,0.025,0.005,2.59
16,2023,4,3,0,13.4,8.75,12.51,566.9,3.7,1.65,0.025,0.005,2.6
16,2023,4,3,4,13.3,8.74,12.37,567.1,3.5,1.65,0.025,0.005,2.6
16,2023,4,3,8,13.1,8.76,12.32,564.0,3.8,1.67,0.025,0.005,2.6
16,2023,4,3,12,13.0,8.82,12.75,558.1,3.6,1.82,0.025,0.005,2.6
16,2023,4,3,16,13.3,8.84,13.29,556.4,3.4,1.84,0.025,0.005,2.59
16,2023,4,3,20,13.2,8.86,13.59,553.5,3.2,1.68,0.025,0.005,2.6
16,2023,4,4,0,13.0,8.87,13.46,551.3,3.4,1.65,0.025,0.005,2.57
16,2023,4,4,4,12.9,8.83,13.1,555.1,3.2,1.65,0.025,0.005,2.57
16,2023,4,4,8,12.7,8.77,12.63,560.7,3.3,1.8,0.025,0.005,2.59
16,2023,4,4,12,12.8,8.77,13.44,563.5,2.7,1.89,0.025,0.005,2.56
16,2023,4,4,16,12.4,8.81,12.94,563.8,2.8,1.66,0.025,0.005,2.51
16,2023,4,4,20,12.3,8.79,13.02,564.7,3.1,1.77,0.025,0.005,2.5
16,2023,4,5,0,12.0,8.76,12.6,566.1,3.5,1.69,0.025,0.005,2.5
16,2023,4,5,4,11.9,8.73,12.35,567.8,3.5,1.69,0.025,0.005,2.5
16,2023,4,5,8,11.9,8.73,12.37,568.5,3.5,1.64,0.025,0.005,2.51
16,2023,4,5,12,12.4,8.82,13.15,559.6,2.5,1.87,0.025,0.005,2.48
16,2023,4,5,16,12.6,8.87,13.81,553.0,2.7,1.72,0.025,0.005,2.52
16,2023,4,5,20,12.6,8.95,14.11,542.8,3.8,1.72,0.025,0.005,2.55
16,2023,4,6,0,12.4,8.94,14.13,542.9,3.1,1.76,0.025,0.005,2.55
16,2023,4,6,4,12.2,8.92,13.64,544.5,3.2,1.76,0.025,0.005,2.55
16,2023,4,6,8,11.9,8.86,13.21,547.9,4.7,1.89,0.025,0.005,2.52
16,2023,4,6,12,12.4,8.91,13.73,545.7,4.0,2.06,0.025,0.005,2.51
16,2023,4,6,16,12.9,8.96,13.88,541.6,3.8,1.86,0.025,0.005,2.52
16,2023,4,6,20,12.4,8.91,13.2,544.4,4.3,1.83,0.025,0.005,2.52
16,2023,4,7,0,12.1,8.88,13.2,546.2,4.1,1.81,0.025,0.005,2.48
16,2023,4,7,4,11.7,8.8,12.39,550.1,4.1,1.81,0.025,0.005,2.48
16,2023,4,7,8,11.4,8.75,12.13,553.1,4.2,1.65,0.025,0.005,2.39
16,2023,4,7,12,11.8,8.8,12.48,551.7,3.9,2.04,0.025,0.005,2.39
16,2023,4,7,16,12.2,8.84,12.92,550.8,4.5,2.0,0.025,0.005,2.39
16,2023,4,7,20,11.9,8.82,12.72,547.4,4.6,1.95,0.025,0.005,2.35
16,2023,4,8,0,11.5,8.82,12.52,548.9,4.2,1.93,0.025,0.005,2.33
16,2023,4,8,4,11.1,8.77,11.86,550.8,6.2,1.93,0.025,0.005,2.33
16,2023,4,8,8,10.9,8.76,11.6,550.6,6.9,1.94,0.025,0.005,2.35
16,2023,4,8,12,11.3,8.78,11.94,550.7,5.5,2.07,0.025,0.005,2.36
16,2023,4,8,16,12.8,8.85,13.4,556.4,4.8,1.93,0.025,0.005,2.35
16,2023,4,8,20,12.6,8.91,13.35,549.9,4.4,1.96,0.025,0.005,2.2
16,2023,4,9,0,12.0,8.86,12.84,548.7,5.0,1.96,0.025,0.005,2.26
16,2023,4,9,4,11.8,8.82,12.28,550.2,5.2,1.96,0.025,0.005,2.26
16,2023,4,9,8,11.6,8.81,12.23,550.8,5.6,2.05,0.025,0.005,2.29
16,2023,4,9,12,12.4,8.83,12.82,550.8,4.9,2.07,0.025,0.005,2.31
16,2023,4,9,16,14.2,8.88,13.28,546.7,4.5,2.06,0.025,0.005,2.28
16,2023,4,9,20,13.7,8.92,13.77,545.9,4.4,2.02,0.025,0.005,2.26
16,2023,4,10,0,13.3,8.92,13.63,544.6,4.4,1.93,0.025,0.005,2.23
16,2023,4,10,4,12.9,8.91,13.57,543.0,3.7,1.93,0.025,0.005,2.23
16,2023,4,10,8,12.8,8.9,13.19,543.8,3.8,1.93,0.025,0.005,2.2
16,2023,4,10,12,13.0,8.87,12.61,545.0,5.3,2.05,0.025,0.005,2.24
16,2023,4,10,16,13.2,8.9,12.58,541.3,5.6,2.12,0.025,0.005,2.26
16,2023,4,10,20,13.3,8.99,12.66,537.0,10.4,2.09,0.025,0.005,2.22
16,2023,4,11,0,12.9,8.97,12.3,536.2,6.2,2.14,0.025,0.005,2.24
16,2023,4,11,4,12.4,8.87,11.68,539.0,5.8,2.14,0.025,0.005,2.24
16,2023,4,11,8,11.9,8.78,10.92,542.1,6.3,2.02,0.025,0.005,2.2
16,2023,4,11,12,11.9,8.8,11.04,544.3,9.3,2.2,0.025,0.005,2.18
16,2023,4,11,16,12.2,8.84,11.24,542.5,7.7,2.08,0.025,0.005,2.17
16,2023,4,11,20,11.9,8.86,11.14,540.6,8.0,2.11,0.025,0.005,2.15
16,2023,4,12,0,11.6,8.86,11.03,540.7,6.8,2.06,0.025,0.005,2.09
16,2023,4,12,4,11.3,8.84,10.82,541.9,7.1,2.11,0.025,0.005,2.1
16,2023,4,12,8,11.3,8.83,10.71,543.1,9.0,2.05,0.025,0.005,2.13
16,2023,4,12,12,12.0,8.84,10.82,544.5,5.9,2.17,0.025,0.005,2.13
16,2023,4,12,16,13.4,8.9,11.52,537.0,5.9,2.05,0.025,0.005,2.1
16,2023,4,12,20,13.0,8.92,11.62,537.8,5.8,2.16,0.025,0.005,2.07
16,2023,4,13,0,12.8,8.92,11.59,537.7,5.5,2.04,0.025,0.005,2.08
16,2023,4,13,4,12.4,8.89,11.28,537.3,5.0,2.01,0.025,0.005,2.07
16,2023,4,13,8,12.3,8.92,11.55,535.7,5.0,2.12,0.025,0.005,2.07
16,2023,4,13,12,13.0,9.11,13.37,534.1,4.1,2.16,0.025,0.005,2.05
16,2023,4,13,16,14.5,9.16,14.34,531.2,4.5,2.11,0.025,0.005,2.06
16,2023,4,13,20,14.3,9.2,14.81,526.7,4.4,2.13,0.025,0.005,2.04
16,2023,4,14,0,13.8,9.18,14.22,527.4,4.1,2.13,0.025,0.005,2.04
16,2023,4,14,4,13.5,9.16,13.68,527.1,4.1,2.1,0.025,0.005,2.02
16,2023,4,14,8,12.4,9.07,12.6,530.1,4.1,2.23,0.025,0.005,2.02
16,2023,4,14,12,12.9,9.13,13.0,531.0,4.4,2.14,0.025,0.005,2.01
16,2023,4,14,16,13.6,9.2,13.9,527.2,4.6,2.11,0.025,0.005,2.01
16,2023,4,14,20,13.2,9.21,13.79,522.9,3.9,2.13,0.025,0.005,1.98
16,2023,4,15,0,12.9,9.19,13.45,522.1,3.0,2.13,0.025,0.005,1.98
16,2023,4,15,4,12.4,9.17,13.19,522.9,3.0,2.06,0.025,0.005,1.97
16,2023,4,15,8,12.3,9.16,12.99,523.0,3.1,2.23,0.025,0.005,1.98
16,2023,4,15,12,13.0,9.18,13.22,523.1,2.7,2.15,0.025,0.005,1.94
16,2023,4,15,16,13.3,9.23,13.79,523.0,2.8,2.11,0.025,0.005,1.93
16,2023,4,15,20,13.0,9.27,14.42,518.8,3.5,2.13,0.025,0.005,1.91
16,2023,4,16,0,12.7,9.23,13.57,519.1,3.3,2.13,0.025,0.005,1.91
16,2023,4,16,4,12.3,9.19,13.4,521.9,3.2,2.07,0.025,0.005,1.93
16,2023,4,16,8,12.1,9.15,12.88,524.4,3.1,2.24,0.025,0.005,1.91
16,2023,4,16,12,12.9,9.2,13.6,521.7,2.7,2.09,0.025,0.005,1.88
16,2023,4,16,16,14.4,9.28,14.6,517.3,2.9,2.17,0.025,0.005,1.85
16,2023,4,16,20,14.1,9.32,14.6,511.7,2.6,2.04,0.025,0.005,1.83
16,2023,4,17,0,13.5,9.24,13.74,518.8,2.8,2.04,0.025,0.005,1.83
16,2023,4,17,4,13.1,9.19,13.05,521.8,2.5,2.14,0.025,0.005,1.86
16,2023,4,17,8,12.9,9.16,12.83,522.8,2.6,2.22,0.025,0.005,1.85
16,2023,4,17,12,14.0,9.25,13.8,518.5,2.6,2.11,0.025,0.005,1.84
16,2023,4,17,16,15.3,9.43,15.84,504.4,2.8,2.11,0.025,0.005,1.78
16,2023,4,17,20,15.2,9.45,15.55,501.7,2.6,2.11,0.025,0.005,1.8
16,2023,4,18,0,14.7,9.34,14.52,510.7,2.6,2.11,0.025,0.005,1.8
16,2023,4,18,4,14.3,9.31,13.96,511.4,2.5,2.11,0.025,0.005,1.77
16,2023,4,18,8,14.0,9.29,13.68,514.9,2.6,2.22,0.025,0.005,1.78
16,2023,4,18,12,15.4,9.32,14.37,515.5,2.2,2.1,0.025,0.005,1.78
16,2023,4,18,16,17.3,9.32,14.67,519.1,3.3,2.09,0.025,0.005,1.75
16,2023,4,18,20,16.8,9.45,15.87,501.5,2.4,2.03,0.025,0.005,1.74
16,2023,4,19,0,16.1,9.42,15.31,504.7,2.6,2.03,0.025,0.005,1.74
16,2023,4,19,4,15.6,9.36,14.08,508.7,2.8,2.08,0.025,0.005,1.77
16,2023,4,19,8,15.3,9.31,13.69,512.4,2.9,2.19,0.025,0.005,1.75
16,2023,4,19,12,16.4,9.37,14.37,510.9,2.9,2.14,0.025,0.005,1.72
16,2023,4,19,16,17.6,9.53,15.7,497.5,2.9,2.16,0.025,0.005,1.73
16,2023,4,19,20,17.7,9.57,16.46,493.4,3.0,2.18,0.025,0.005,1.69
16,2023,4,20,0,17.3,9.53,15.13,496.1,3.1,2.18,0.025,0.005,1.69
16,2023,4,20,4,16.8,9.46,14.35,499.2,3.3,2.15,0.025,0.005,1.7
16,2023,4,20,8,16.4,9.46,13.69,499.5,3.4,2.27,0.025,0.005,1.71
16,2023,4,20,12,16.4,9.45,12.86,502.2,3.4,2.21,0.025,0.005,1.7
16,2023,4,20,16,16.4,9.46,14.28,500.9,3.4,2.19,0.025,0.005,1.68
16,2023,4,20,20,15.8,9.45,14.48,502.8,2.4,2.28,0.025,0.005,1.69
16,2023,4,21,0,15.4,9.43,13.89,503.2,4.5,2.28,0.025,0.005,1.69
16,2023,4,21,4,15.0,9.41,13.3,504.2,2.4,2.2,0.025,0.005,1.66
16,2023,4,21,8,14.7,9.42,13.56,503.3,2.0,2.29,0.025,0.005,1.66
16,2023,4,21,12,15.4,9.43,14.02,505.7,1.8,2.19,0.025,0.005,1.64
16,2023,4,21,16,16.2,9.45,14.7,502.2,2.0,2.19,0.025,0.005,1.66
16,2023,4,21,20,15.8,9.54,15.25,494.4,1.7,2.26,0.025,0.005,1.67
16,2023,4,22,0,15.3,9.47,13.94,498.9,2.2,2.26,0.025,0.005,1.67
16,2023,4,22,4,15.0,9.45,13.12,499.5,2.0,2.25,0.025,0.005,1.65
16,2023,4,22,8,14.8,9.44,13.09,499.3,2.2,2.33,0.025,0.03,1.66
16,2023,4,22,12,15.0,9.5,14.44,497.7,2.1,2.21,0.025,0.005,1.64
16,2023,4,22,16,15.9,9.65,15.57,488.4,1.9,2.25,0.025,0.005,1.62
16,2023,4,22,20,15.7,9.67,15.76,487.0,1.7,2.29,0.025,0.005,1.6
16,2023,4,23,0,15.2,9.58,14.73,492.0,1.8,2.29,0.025,0.005,1.6
16,2023,4,23,4,14.9,9.54,13.74,494.8,1.9,2.29,0.025,0.005,1.63
16,2023,4,23,8,14.8,9.54,13.78,494.2,2.0,2.32,0.025,0.033,1.62
16,2023,4,23,12,15.0,9.58,14.82,490.8,2.0,2.27,0.025,0.005,1.59
16,2023,4,23,16,15.3,9.66,15.38,487.6,2.0,2.36,0.025,0.005,1.6
16,2023,4,23,20,15.0,9.69,15.48,485.3,2.2,2.25,0.025,0.005,1.58
16,2023,4,24,0,14.8,9.64,14.68,488.4,2.1,2.25,0.025,0.005,1.58
16,2023,4,24,4,14.4,9.6,13.7,490.4,2.3,2.26,0.025,0.005,1.58
16,2023,4,24,8,14.2,9.6,14.39,491.6,2.1,2.32,0.025,0.03,1.56
16,2023,4,24,12,15.1,9.62,15.01,489.5,2.0,2.22,0.025,0.005,1.56
16,2023,4,24,16,15.9,9.79,16.38,481.5,1.9,2.36,0.025,0.005,1.54
16,2023,4,24,20,15.8,9.82,13.9,510.3,1.9,2.34,0.025,0.005,1.54
16,2023,4,25,0,15.4,9.77,15.57,512.0,1.9,2.34,0.025,0.005,1.54
16,2023,4,25,4,15.0,9.74,15.0,513.2,1.8,2.38,0.025,0.03,1.54
16,2023,4,25,8,15.0,9.7,14.26,515.4,1.8,2.42,0.025,0.005,1.57
16,2023,4,25,12,15.3,9.64,14.35,519.0,2.6,2.26,0.025,0.03,1.55
16,2023,4,25,16,15.8,9.68,14.63,516.4,2.2,2.25,0.025,0.03,1.54
16,2023,4,25,20,15.8,9.72,15.23,515.4,2.0,2.14,0.025,0.03,1.53
16,2023,4,26,0,15.1,9.71,15.01,513.5,4.5,2.14,0.025,0.03,1.53
16,2023,4,26,4,14.6,9.64,14.22,516.7,3.0,2.27,0.025,0.005,1.53
16,2023,4,26,8,14.4,9.65,14.45,516.9,2.2,2.47,0.025,0.034,1.51
16,2023,4,26,12,15.0,9.73,15.82,513.4,2.2,2.33,0.025,0.005,1.51
16,2023,4,26,16,16.0,9.96,17.89,504.4,1.6,2.5,0.025,0.005,1.48
16,2023,4,26,20,15.8,10.03,17.8,502.7,1.6,2.49,0.025,0.03,1.53
16,2023,4,27,0,15.3,9.88,16.04,506.3,1.8,2.49,0.025,0.03,1.53
16,2023,4,27,4,14.9,9.79,14.64,508.4,2.1,2.47,0.025,0.005,1.53
16,2023,4,27,8,14.9,9.8,14.81,509.2,2.2,2.56,0.025,0.031,1.54
16,2023,4,27,12,15.3,9.79,15.65,510.9,2.3,2.4,0.025,0.005,1.54
16,2023,4,27,16,15.4,9.82,16.05,508.0,2.5,2.4,0.025,0.03,1.54
16,2023,4,27,20,15.3,9.82,15.65,508.1,2.3,2.45,0.025,0.03,1.54
16,2023,4,28,0,15.0,9.81,14.94,508.4,2.3,2.45,0.025,0.03,1.54
16,2023,4,28,4,14.9,9.78,14.06,508.0,2.4,2.48,0.025,0.005,1.51
16,2023,4,28,8,14.8,9.75,13.47,508.4,2.5,2.66,0.025,0.035,1.51
16,2023,4,28,12,15.4,9.82,15.14,507.4,2.0,2.52,0.025,0.005,1.5
16,2023,4,28,16,15.6,9.83,14.58,505.6,4.7,2.6,0.025,0.035,1.53
16,2023,4,28,20,15.0,9.78,13.35,508.3,5.3,2.61,0.025,0.038,1.55
16,2023,4,29,0,14.7,9.76,12.57,508.1,3.8,2.61,0.025,0.038,1.55
16,2023,4,29,4,14.0,9.68,11.41,511.3,4.5,2.54,0.025,0.033,1.51
16,2023,4,29,8,13.8,9.65,11.15,511.4,3.9,2.49,0.025,0.035,1.5
16,2023,4,29,12,14.1,9.7,11.98,511.3,4.3,2.5,0.025,0.034,1.53
16,2023,4,29,16,14.5,9.71,12.24,512.5,5.5,2.64,0.025,0.034,1.53
16,2023,4,29,20,14.3,9.75,12.24,507.8,4.8,2.52,0.025,0.005,1.51
16,2023,4,30,0,14.0,9.74,12.02,507.4,4.6,2.52,0.025,0.005,1.51
16,2023,4,30,4,13.8,9.73,11.47,507.0,4.4,2.5,0.025,0.033,1.5
16,2023,4,30,8,13.8,9.73,11.69,507.3,5.4,2.67,0.025,0.037,1.52
16,2023,4,30,12,14.4,9.79,12.98,506.2,4.8,2.63,0.025,0.031,1.49
16,2023,4,30,16,16.7,9.69,12.86,511.5,5.0,2.54,0.025,0.033,1.48
16,2023,4,30,20,16.0,9.74,13.4,506.8,5.3,2.6,0.025,0.034,1.49
16,2023,5,1,0,14.8,9.77,12.97,504.7,5.0,2.6,0.025,0.034,1.49
16,2023,5,1,4,14.9,9.74,12.38,504.0,4.5,2.59,0.025,0.034,1.46
16,2023,5,1,8,14.8,9.74,12.03,505.2,4.4,2.68,0.025,0.037,1.42
16,2023,5,1,12,15.9,9.89,14.58,502.8,4.2,2.59,0.025,0.031,1.4
16,2023,5,1,16,17.6,10.06,15.74,498.5,4.1,2.72,0.025,0.005,1.35
16,2023,5,1,20,17.4,10.12,14.64,496.4,4.7,2.86,0.025,0.035,1.35
16,2023,5,2,0,17.1,10.09,13.46,496.3,4.2,2.86,0.025,0.035,1.35
16,2023,5,2,4,16.7,9.96,13.33,497.1,4.3,2.74,0.025,0.035,1.37
16,2023,5,2,8,16.4,9.92,11.87,498.4,4.7,3.04,0.025,0.043,1.34
16,2023,5,2,12,17.2,9.98,8.77,504.6,3.6,4.01,0.025,0.042,1.37
16,2023,5,2,16,19.1,10.17,17.15,498.2,3.4,2.93,0.025,0.042,1.34
16,2023,5,2,20,19.3,10.2,15.69,497.1,3.0,2.95,0.025,0.038,1.3
16,2023,5,3,0,18.3,10.01,13.29,497.4,3.4,2.95,0.025,0.038,1.3
16,2023,5,3,4,18.0,9.99,13.93,498.3,3.0,2.82,0.025,0.036,1.33
16,2023,5,3,8,17.8,9.91,11.46,499.0,3.2,3.28,0.025,0.046,1.31
16,2023,5,3,12,19.1,10.11,14.24,497.2,2.8,2.89,0.025,0.037,1.27
16,2023,5,3,16,20.8,10.3,19.8,498.2,2.8,2.97,0.025,0.037,1.28
16,2023,5,3,20,20.7,10.25,18.76,496.0,3.0,3.06,0.025,0.005,1.27
16,2023,5,4,0,20.3,10.19,11.57,496.4,2.6,3.06,0.025,0.005,1.27
16,2023,5,4,4,19.7,10.13,12.66,495.6,3.5,3.15,0.025,0.03,1.25
16,2023,5,4,8,19.3,10.04,10.41,497.1,3.2,3.4,0.025,0.032,1.24
16,2023,5,4,12,19.6,10.12,11.29,495.0,3.0,3.12,0.025,0.036,1.25
16,2023,5,4,16,19.7,10.12,14.26,494.3,3.4,3.08,0.025,0.042,1.26
16,2023,5,4,20,19.8,10.14,16.21,493.4,3.3,3.17,0.025,0.042,1.22
16,2023,5,5,0,19.5,10.04,13.0,493.2,4.4,3.17,0.025,0.042,1.22
16,2023,5,5,4,19.5,10.04,13.0,493.2,4.4,3.19,0.025,0.042,1.2
16,2023,5,5,16,18.8,10.11,14.71,489.0,3.6,3.24,0.025,0.046,1.26
16,2023,5,5,20,18.7,10.08,13.69,487.9,3.9,3.17,0.025,0.046,1.24
16,2023,5,6,0,18.3,10.04,13.24,487.4,3.4,3.17,0.025,0.046,1.24
16,2023,5,6,4,17.8,10.04,13.33,487.9,2.9,2.98,0.025,0.038,1.19
16,2023,5,6,8,17.7,10.05,13.65,487.5,3.3,3.15,0.025,0.039,1.2
16,2023,5,6,12,18.1,10.09,14.98,487.9,3.4,2.92,0.025,0.039,1.2
16,2023,5,6,16,18.4,10.11,16.93,487.6,4.2,2.97,0.025,0.042,1.2
16,2023,5,6,20,18.1,10.12,16.43,486.8,3.9,2.86,0.025,0.045,1.2
16,2023,5,7,0,17.8,10.12,15.8,485.5,4.1,2.86,0.025,0.045,1.2
16,2023,5,7,4,17.3,10.09,14.94,486.4,3.8,2.86,0.025,0.045,1.2
16,2023,5,7,8,17.0,10.08,14.72,486.0,4.4,3.32,0.025,0.054,1.22
16,2023,5,7,12,17.8,10.11,16.95,486.4,4.5,3.13,0.025,0.05,1.22
16,2023,5,7,16,18.8,10.1,17.84,488.6,4.8,2.95,0.025,0.042,1.15
16,2023,5,7,20,18.1,10.07,16.68,487.7,5.6,3.16,0.025,0.043,1.19
16,2023,5,8,0,17.8,10.04,16.02,489.1,6.6,3.16,0.025,0.043,1.19
16,2023,5,8,4,17.8,9.96,12.55,488.4,6.2,3.15,0.025,0.048,1.18
16,2023,5,8,8,17.6,10.02,13.85,488.0,6.2,3.53,0.025,0.059,1.22
16,2023,5,8,12,18.1,10.08,16.84,488.9,6.0,3.22,0.025,0.046,1.13
16,2023,5,8,16,18.4,10.09,19.25,488.3,7.7,3.43,0.025,0.047,1.13
16,2023,5,8,20,18.3,10.08,19.1,488.4,8.3,3.25,0.025,0.047,1.16
16,2023,5,9,0,18.2,9.99,17.24,488.7,8.0,3.25,0.025,0.047,1.16
16,2023,5,9,4,18.1,9.96,16.11,488.5,7.9,3.28,0.025,0.046,1.14
16,2023,5,9,8,18.3,9.9,10.92,491.9,9.3,3.79,0.025,0.061,1.16
16,2023,5,9,12,19.5,10.13,17.31,493.1,10.0,4.01,0.025,0.073,1.27
16,2023,5,9,16,20.9,10.28,20.23,494.7,9.6,3.57,0.025,0.056,1.15
16,2023,5,10,16,20.4,10.38,24.56,491.9,4.8,4.42,0.025,0.077,1.22
16,2023,5,10,20,20.4,10.33,22.66,489.3,6.0,3.75,0.025,0.056,1.08
16,2023,5,11,0,20.0,10.26,22.66,488.7,5.1,4.16,0.025,0.064,1.17
16,2023,5,11,4,19.8,10.13,15.68,488.2,5.2,4.16,0.025,0.064,1.17
16,2023,5,11,8,19.6,10.21,12.26,488.4,4.2,4.27,0.025,0.08,1.21
16,2023,5,11,12,20.0,10.4,23.93,488.9,5.7,4.53,0.025,0.081,1.16
16,2023,5,11,16,20.6,10.44,22.57,492.6,4.8,4.07,0.025,0.064,1.09
16,2023,5,11,20,20.3,10.26,26.57,489.6,4.6,3.53,0.025,0.055,0.94
16,2023,5,12,0,19.8,10.08,17.02,487.0,4.1,3.68,0.025,0.061,0.94
16,2023,5,12,4,19.3,10.09,15.51,486.3,2.8,3.68,0.025,0.061,0.94
16,2023,5,12,8,19.0,10.15,17.85,486.8,3.0,3.36,0.025,0.052,0.84
16,2023,5,12,12,19.5,10.24,22.62,489.3,3.7,3.75,0.025,0.06,0.86
16,2023,5,12,16,20.4,10.22,24.19,490.9,3.9,3.87,0.025,0.057,0.9
16,2023,5,12,20,19.8,10.17,22.36,487.4,3.0,3.37,0.025,0.051,0.93
16,2023,5,13,0,19.1,10.11,18.95,484.8,2.7,3.27,0.025,0.043,0.85
16,2023,5,13,4,18.6,10.02,13.56,484.2,2.9,3.27,0.025,0.043,0.85
16,2023,5,13,8,18.4,10.01,13.74,472.8,3.1,3.36,0.025,0.047,0.83
16,2023,5,13,12,20.1,10.17,18.52,487.8,2.1,3.6,0.025,0.057,0.83
16,2023,5,13,16,21.2,10.18,17.75,487.7,2.5,3.09,0.025,0.047,0.8
16,2023,5,13,20,20.4,10.14,16.27,485.0,2.8,3.21,0.025,0.051,0.83
16,2023,5,14,0,19.8,10.03,14.35,484.0,2.5,3.08,0.025,0.052,0.85
16,2023,5,14,4,19.1,9.97,13.71,473.3,2.6,3.08,0.025,0.052,0.85
16,2023,5,14,8,19.0,9.94,11.7,484.3,3.4,3.19,0.025,0.051,0.88
16,2023,5,14,12,19.1,10.09,18.56,484.2,4.6,3.63,0.025,0.065,0.91
16,2023,5,14,16,19.3,10.1,21.12,483.6,3.6,3.85,0.025,0.07,1.06
16,2023,5,14,20,19.2,10.06,20.01,484.3,4.7,3.45,0.025,0.056,0.89
16,2023,5,15,0,19.1,10.04,18.28,483.4,3.7,3.63,0.025,0.062,0.98
16,2023,5,15,4,19.2,10.04,17.2,481.3,3.4,3.63,0.025,0.062,0.98
16,2023,5,15,8,19.4,10.01,13.64,467.2,4.9,3.46,0.025,0.064,0.91
16,2023,5,15,12,19.6,10.16,21.73,482.8,7.1,4.0,0.025,0.087,1.0
16,2023,5,15,16,21.6,10.32,22.48,486.1,6.8,4.26,0.025,0.087,1.07
16,2023,5,15,20,19.7,10.13,14.25,482.1,8.7,4.62,0.025,0.073,0.83
16,2023,5,16,0,19.7,10.12,21.58,482.5,6.3,4.05,0.025,0.069,0.78
16,2023,5,16,4,19.6,10.06,21.36,482.2,5.1,4.05,0.025,0.069,0.78
16,2023,5,16,8,19.6,10.07,16.51,482.1,4.5,3.93,0.025,0.066,0.78
16,2023,5,16,12,20.1,10.15,22.85,484.1,5.8,4.12,0.025,0.07,0.78
16,2023,5,17,12,21.2,10.17,12.48,484.2,8.5,3.89,0.025,0.068,0.67
16,2023,5,17,16,22.1,10.18,22.07,480.3,7.6,4.41,0.025,0.08,0.83
16,2023,5,17,20,22.3,10.22,19.46,491.2,8.7,4.1,0.025,0.066,0.74
16,2023,5,18,0,21.1,10.1,19.39,482.4,8.2,4.46,0.025,0.079,0.79
16,2023,5,18,4,21.0,9.97,12.15,486.3,11.3,4.46,0.025,0.079,0.79
16,2023,5,18,8,21.1,10.02,9.53,489.8,9.9,4.43,0.025,0.078,0.86
16,2023,5,18,8,21.1,10.02,9.53,489.8,9.9,4.43,0.025,0.087,0.86
16,2023,5,18,12,20.9,10.07,13.98,487.0,9.6,4.35,0.025,0.07,0.73
16,2023,5,18,16,23.3,10.28,13.7,499.6,10.9,4.95,0.025,0.098,0.82
16,2023,5,18,20,22.7,10.31,13.69,501.9,10.2,4.9,0.025,0.088,0.82
16,2023,5,19,0,22.0,10.18,11.69,494.5,12.3,4.9,0.025,0.088,0.82
16,2023,5,19,4,21.3,9.96,8.04,489.2,16.3,4.9,0.112,0.092,0.87
16,2023,5,19,8,21.0,9.94,7.83,488.9,13.9,5.03,0.096,0.096,0.84
16,2023,5,19,12,21.2,10.01,9.87,491.1,13.8,4.79,0.025,0.088,0.84
16,2023,5,19,16,21.2,10.07,13.66,487.9,16.0,4.26,0.025,0.075,0.76
16,2023,5,19,20,21.0,10.04,14.76,487.0,15.3,4.09,0.025,0.075,0.79
16,2023,5,20,0,21.0,10.02,12.87,488.2,13.2,4.09,0.025,0.075,0.79
16,2023,5,20,4,20.3,9.98,10.78,488.7,16.5,4.27,0.083,0.075,0.77
16,2023,5,20,8,19.6,9.98,10.71,489.0,14.6,4.24,0.025,0.069,0.76
16,2023,5,20,12,20.1,9.97,11.99,490.2,19.6,3.79,0.025,0.065,0.8
16,2023,5,20,16,20.1,9.97,11.83,491.0,15.4,3.92,0.025,0.061,0.79
16,2023,5,20,20,19.2,9.88,10.38,489.3,13.5,3.91,0.025,0.064,0.75
16,2023,5,21,0,18.3,9.8,8.96,490.2,16.1,3.91,0.025,0.064,0.75
16,2023,5,21,4,17.7,9.68,8.11,492.5,14.5,3.84,0.025,0.064,0.79
16,2023,5,21,8,17.5,9.81,9.11,489.5,11.7,3.89,0.025,0.056,0.74
16,2023,5,21,12,18.0,9.84,10.39,490.2,15.1,3.61,0.025,0.06,0.77
16,2023,5,21,16,18.8,9.93,11.54,490.4,13.4,3.6,0.025,0.064,0.8
16,2023,5,21,20,18.4,9.85,10.0,488.5,10.9,3.59,0.025,0.065,0.79
16,2023,5,22,0,18.3,9.88,10.7,490.6,9.9,3.59,0.025,0.065,0.79
16,2023,5,22,4,17.8,9.86,9.79,491.0,12.3,3.95,0.025,0.069,0.76
16,2023,5,22,8,17.7,9.83,9.26,492.6,13.4,4.0,0.025,0.074,0.79
16,2023,5,22,12,18.9,9.88,11.14,493.7,9.8,3.72,0.025,0.066,0.76
16,2023,5,22,16,19.7,9.87,11.44,493.0,7.8,3.63,0.025,0.061,0.75
16,2023,5,22,20,18.5,9.86,10.2,494.3,8.2,4.0,0.025,0.069,0.71
16,2023,5,23,0,18.2,9.82,8.77,496.4,9.0,4.0,0.025,0.069,0.71
16,2023,5,23,4,17.9,9.81,8.46,497.0,7.1,4.07,0.025,0.082,0.79
16,2023,5,23,8,17.8,9.7,8.12,500.0,8.1,4.21,0.025,0.079,0.74
16,2023,5,24,16,20.4,10.0,11.36,504.5,5.8,4.71,0.025,0.088,0.72
16,2023,5,25,12,20.0,9.93,10.69,513.5,5.0,4.88,0.025,0.096,0.83
16,2023,5,25,16,20.6,10.05,10.97,508.8,4.6,4.84,0.025,0.088,0.77
16,2023,5,25,20,19.7,9.84,10.17,508.2,5.1,4.93,0.025,0.079,0.8
16,2023,5,26,0,19.2,9.86,8.84,510.4,4.5,4.93,0.025,0.079,0.8
16,2023,5,26,4,19.1,9.86,8.56,510.7,5.3,4.98,0.025,0.1,0.86
16,2023,5,26,8,19.1,9.79,8.2,510.5,7.6,5.3,0.025,0.101,0.85
16,2023,5,26,12,19.2,9.8,8.71,511.2,5.9,5.23,0.025,0.106,0.86
16,2023,5,26,16,21.2,9.91,11.35,514.3,5.6,5.48,0.025,0.106,0.85
16,2023,5,26,20,20.0,9.85,10.18,508.3,5.2,5.2,0.025,0.097,0.79
16,2023,5,27,0,19.7,9.85,10.26,510.8,5.4,5.1,0.025,0.091,0.77
16,2023,5,27,4,19.5,9.83,8.72,512.3,4.6,5.21,0.025,0.1,0.81
16,2023,5,27,8,19.6,9.88,8.67,514.1,4.1,5.43,0.025,0.088,0.84
16,2023,5,27,12,20.2,9.83,8.42,523.6,4.8,5.77,0.025,0.119,0.94
16,2023,5,27,16,20.3,9.84,8.65,524.8,4.2,5.93,0.025,0.11,0.91
16,2023,5,27,20,20.0,9.8,7.97,522.1,4.5,5.75,0.025,0.119,0.91
16,2023,5,28,0,19.9,9.81,7.89,521.4,4.1,5.64,0.025,0.114,0.88
16,2023,5,28,4,19.6,9.72,6.7,523.4,5.6,5.84,0.025,0.119,0.9
16,2023,5,28,8,19.3,9.63,5.86,524.9,5.5,6.09,0.081,0.124,0.91
16,2023,5,28,12,19.6,9.75,8.09,523.8,5.1,6.39,0.025,0.116,0.92
16,2023,5,28,16,20.0,9.8,9.5,523.4,4.6,6.55,0.025,0.093,0.78
16,2023,5,28,20,19.9,9.7,8.18,523.4,4.9,6.11,0.025,0.11,0.81
16,2023,5,29,0,19.8,9.7,7.88,523.6,5.1,5.93,0.025,0.105,0.79
16,2023,5,29,4,19.7,9.72,7.31,525.9,5.1,6.0,0.025,0.106,0.8
16,2023,5,29,12,20.1,9.72,7.71,527.8,5.0,5.8,0.025,0.105,0.82
16,2023,5,29,16,21.8,9.7,8.28,533.4,5.4,6.03,0.025,0.108,0.81
16,2023,5,29,20,21.9,9.67,7.94,547.2,5.2,6.25,0.025,0.112,0.88
16,2023,5,30,0,21.4,9.66,7.47,543.5,4.9,6.01,0.025,0.102,0.81
16,2023,5,30,4,21.1,9.66,7.14,538.0,5.2,6.36,0.025,0.106,0.84
16,2023,5,30,8,21.0,9.61,6.02,542.9,4.4,6.01,0.025,0.106,0.83
16,2023,5,30,12,20.9,9.57,5.21,550.8,5.0,6.01,0.025,0.106,0.83
16,2023,5,30,12,20.9,9.57,5.21,550.8,5.0,6.05,0.025,0.103,0.86
16,2023,5,30,16,20.8,9.56,5.65,540.8,5.3,6.05,0.025,0.103,0.86
16,2023,5,30,16,20.8,9.56,5.65,540.8,5.3,5.97,0.025,0.102,0.85
16,2023,5,30,20,20.8,9.48,4.71,558.9,5.4,5.97,0.025,0.102,0.85
16,2023,5,30,20,20.8,9.48,4.71,558.9,5.4,5.85,0.082,0.112,0.88
16,2023,5,31,0,20.8,9.48,5.14,556.9,5.1,5.85,0.082,0.112,0.88
16,2023,5,31,0,20.8,9.48,5.14,556.9,5.1,5.85,0.082,0.112,0.88
16,2023,5,31,4,20.7,9.44,4.77,557.1,5.4,5.85,0.082,0.112,0.88
16,2023,5,31,4,20.7,9.44,4.77,557.1,5.4,6.18,0.095,0.121,0.89
16,2023,5,31,8,20.5,9.27,3.71,550.8,5.6,6.18,0.095,0.121,0.89
16,2023,5,31,8,20.5,9.27,3.71,550.8,5.6,6.39,0.114,0.12,0.88
16,2023,5,31,12,20.5,9.4,4.7,549.7,6.7,6.39,0.114,0.12,0.88
16,2023,5,31,12,20.5,9.4,4.7,549.7,6.7,6.17,0.096,0.129,0.91
16,2023,5,31,16,20.7,9.37,3.99,564.6,6.2,6.17,0.096,0.129,0.91
16,2023,5,31,16,20.7,9.37,3.99,564.6,6.2,6.42,0.094,0.13,0.89
16,2023,5,31,20,20.9,9.59,6.84,536.4,6.3,6.42,0.094,0.13,0.89
16,2023,5,31,20,20.9,9.59,6.84,536.4,6.3,5.88,0.025,0.116,0.84
16,2023,6,1,0,20.4,9.36,4.4,564.9,6.1,5.88,0.025,0.116,0.84
16,2023,6,1,0,20.4,9.36,4.4,564.9,6.1,5.88,0.025,0.116,0.84
16,2023,6,1,4,20.1,9.45,5.3,546.2,5.7,5.88,0.025,0.116,0.84
16,2023,6,1,4,20.1,9.45,5.3,546.2,5.7,6.07,0.025,0.107,0.85
16,2023,6,1,8,19.9,9.38,5.03,549.9,8.3,6.07,0.025,0.107,0.85
16,2023,6,1,8,19.9,9.38,5.03,549.9,8.3,6.15,0.025,0.119,0.9
16,2023,6,1,12,20.3,9.42,5.1,549.4,6.4,6.15,0.025,0.119,0.9
16,2023,6,1,12,20.3,9.42,5.1,549.4,6.4,6.11,0.025,0.116,0.87
16,2023,6,1,16,20.4,9.44,5.46,547.1,6.3,6.11,0.025,0.116,0.87
16,2023,6,1,16,20.4,9.44,5.46,547.1,6.3,5.73,0.083,0.106,0.91
16,2023,6,2,12,21.0,9.43,8.08,566.9,3.7,6.06,0.025,0.102,0.89
